seed,fold,model,arm,condition,client,n,accuracy,f1,auroc
0,0,MLP-FedProx-mu0.01,arm3,100,global,184,0.7989,0.8195,0.8654
0,0,MLP-FedProx-mu0.01,arm3,100,0,35,0.7714,0.7895,0.8355
0,0,MLP-FedProx-mu0.01,arm3,100,1,47,0.8085,0.8235,0.8225
0,0,MLP-FedProx-mu0.01,arm3,100,2,50,0.86,0.8727,0.9058
0,0,MLP-FedProx-mu0.01,arm3,100,3,52,0.75,0.7869,0.8803
0,0,MLP-FedProx-mu0.01,arm3,1.0,global,184,0.7935,0.8137,0.8663
0,0,MLP-FedProx-mu0.01,arm3,1.0,0,32,0.8125,0.8235,0.8984
0,0,MLP-FedProx-mu0.01,arm3,1.0,1,72,0.8056,0.8409,0.8436
0,0,MLP-FedProx-mu0.01,arm3,1.0,2,48,0.8125,0.8235,0.8677
0,0,MLP-FedProx-mu0.01,arm3,1.0,3,32,0.7188,0.7097,0.8988
0,0,MLP-FedProx-mu0.01,arm3,0.5,global,184,0.788,0.8152,0.8483
0,0,MLP-FedProx-mu0.01,arm3,0.5,0,62,0.7419,0.6364,0.8005
0,0,MLP-FedProx-mu0.01,arm3,0.5,1,69,0.8841,0.9355,0.9343
0,0,MLP-FedProx-mu0.01,arm3,0.5,2,33,0.697,0.6429,0.876
0,0,MLP-FedProx-mu0.01,arm3,0.5,3,20,0.75,0.6667,0.8571
0,0,MLP-FedProx-mu0.01,arm3,0.1,global,184,0.7065,0.7769,0.8502
0,0,MLP-FedProx-mu0.01,arm3,0.1,0,61,0.4262,0.0,nan
0,0,MLP-FedProx-mu0.01,arm3,0.1,1,100,0.93,0.9637,nan
0,0,MLP-FedProx-mu0.01,arm3,0.1,2,14,0.3571,0.0,nan
0,0,MLP-FedProx-mu0.01,arm3,0.1,3,9,0.6667,0.4,0.75
0,0,MLP-FedProx-mu0.01,arm3,natural,global,184,0.7772,0.796,0.8526
0,0,MLP-FedProx-mu0.01,arm3,natural,0,66,0.7879,0.75,0.8636
0,0,MLP-FedProx-mu0.01,arm3,natural,1,60,0.8333,0.8148,0.9365
0,0,MLP-FedProx-mu0.01,arm3,natural,2,22,0.7727,0.8649,0.625
0,0,MLP-FedProx-mu0.01,arm3,natural,3,36,0.6667,0.7778,0.6214
0,1,MLP-FedProx-mu0.01,arm3,100,global,184,0.7935,0.8304,0.8739
0,1,MLP-FedProx-mu0.01,arm3,100,0,37,0.6216,0.65,0.8274
0,1,MLP-FedProx-mu0.01,arm3,100,1,41,0.8293,0.8627,0.8995
0,1,MLP-FedProx-mu0.01,arm3,100,2,49,0.8571,0.8889,0.8897
0,1,MLP-FedProx-mu0.01,arm3,100,3,57,0.8246,0.8571,0.8951
0,1,MLP-FedProx-mu0.01,arm3,1.0,global,184,0.7989,0.8341,0.8745
0,1,MLP-FedProx-mu0.01,arm3,1.0,0,38,0.7368,0.7826,0.9417
0,1,MLP-FedProx-mu0.01,arm3,1.0,1,62,0.7581,0.8052,0.8294
0,1,MLP-FedProx-mu0.01,arm3,1.0,2,48,0.8958,0.9091,0.9441
0,1,MLP-FedProx-mu0.01,arm3,1.0,3,36,0.8056,0.8444,0.8514
0,1,MLP-FedProx-mu0.01,arm3,0.5,global,184,0.7772,0.821,0.8665
0,1,MLP-FedProx-mu0.01,arm3,0.5,0,57,0.6316,0.4878,0.7902
0,1,MLP-FedProx-mu0.01,arm3,0.5,1,75,0.92,0.9559,0.8971
0,1,MLP-FedProx-mu0.01,arm3,0.5,2,33,0.8485,0.8571,0.9741
0,1,MLP-FedProx-mu0.01,arm3,0.5,3,19,0.5263,0.4706,0.9
0,1,MLP-FedProx-mu0.01,arm3,0.1,global,184,0.7065,0.7857,0.8763
0,1,MLP-FedProx-mu0.01,arm3,0.1,0,59,0.3898,0.0,nan
0,1,MLP-FedProx-mu0.01,arm3,0.1,1,102,0.9706,0.9851,nan
0,1,MLP-FedProx-mu0.01,arm3,0.1,2,16,0.375,0.0,nan
0,1,MLP-FedProx-mu0.01,arm3,0.1,3,7,0.2857,0.0,nan
0,1,MLP-FedProx-mu0.01,arm3,natural,global,184,0.7717,0.8158,0.8695
0,1,MLP-FedProx-mu0.01,arm3,natural,0,64,0.7656,0.7619,0.8889
0,1,MLP-FedProx-mu0.01,arm3,natural,1,51,0.7059,0.6512,0.813
0,1,MLP-FedProx-mu0.01,arm3,natural,2,28,0.9286,0.963,0.8519
0,1,MLP-FedProx-mu0.01,arm3,natural,3,41,0.7561,0.8529,0.8194
0,2,MLP-FedProx-mu0.01,arm3,100,global,184,0.7174,0.732,0.8265
0,2,MLP-FedProx-mu0.01,arm3,100,0,37,0.7297,0.7059,0.8509
0,2,MLP-FedProx-mu0.01,arm3,100,1,53,0.7736,0.8125,0.872
0,2,MLP-FedProx-mu0.01,arm3,100,2,46,0.6087,0.5909,0.7562
0,2,MLP-FedProx-mu0.01,arm3,100,3,48,0.75,0.7692,0.8166
0,2,MLP-FedProx-mu0.01,arm3,1.0,global,184,0.7228,0.7385,0.8303
0,2,MLP-FedProx-mu0.01,arm3,1.0,0,42,0.7619,0.7917,0.8729
0,2,MLP-FedProx-mu0.01,arm3,1.0,1,72,0.7083,0.747,0.8228
0,2,MLP-FedProx-mu0.01,arm3,1.0,2,46,0.6522,0.619,0.7576
0,2,MLP-FedProx-mu0.01,arm3,1.0,3,24,0.8333,0.8182,0.9643
0,2,MLP-FedProx-mu0.01,arm3,0.5,global,184,0.75,0.785,0.8308
0,2,MLP-FedProx-mu0.01,arm3,0.5,0,60,0.7,0.5263,0.7807
0,2,MLP-FedProx-mu0.01,arm3,0.5,1,74,0.8108,0.8923,0.9375
0,2,MLP-FedProx-mu0.01,arm3,0.5,2,34,0.7353,0.7273,0.8755
0,2,MLP-FedProx-mu0.01,arm3,0.5,3,16,0.6875,0.6154,0.9792
0,2,MLP-FedProx-mu0.01,arm3,0.1,global,184,0.7283,0.7984,0.841
0,2,MLP-FedProx-mu0.01,arm3,0.1,0,64,0.4688,0.0,nan
0,2,MLP-FedProx-mu0.01,arm3,0.1,1,102,0.9706,0.9851,nan
0,2,MLP-FedProx-mu0.01,arm3,0.1,2,10,0.3,0.0,nan
0,2,MLP-FedProx-mu0.01,arm3,0.1,3,8,0.25,0.0,nan
0,2,MLP-FedProx-mu0.01,arm3,natural,global,184,0.7391,0.7624,0.83
0,2,MLP-FedProx-mu0.01,arm3,natural,0,54,0.7222,0.6939,0.831
0,2,MLP-FedProx-mu0.01,arm3,natural,1,67,0.7761,0.717,0.8612
0,2,MLP-FedProx-mu0.01,arm3,natural,2,21,0.9048,0.95,nan
0,2,MLP-FedProx-mu0.01,arm3,natural,3,42,0.619,0.7333,0.6321
0,3,MLP-FedProx-mu0.01,arm3,100,global,184,0.7663,0.7772,0.8505
0,3,MLP-FedProx-mu0.01,arm3,100,0,41,0.8049,0.8,0.8923
0,3,MLP-FedProx-mu0.01,arm3,100,1,49,0.7347,0.7234,0.7983
0,3,MLP-FedProx-mu0.01,arm3,100,2,44,0.75,0.8136,0.843
0,3,MLP-FedProx-mu0.01,arm3,100,3,50,0.78,0.766,0.8744
0,3,MLP-FedProx-mu0.01,arm3,1.0,global,184,0.7772,0.7919,0.85
0,3,MLP-FedProx-mu0.01,arm3,1.0,0,42,0.881,0.8936,0.9097
0,3,MLP-FedProx-mu0.01,arm3,1.0,1,76,0.75,0.7816,0.8258
0,3,MLP-FedProx-mu0.01,arm3,1.0,2,38,0.6842,0.7,0.8089
0,3,MLP-FedProx-mu0.01,arm3,1.0,3,28,0.8214,0.7826,0.9062
0,3,MLP-FedProx-mu0.01,arm3,0.5,global,184,0.788,0.8116,0.8446
0,3,MLP-FedProx-mu0.01,arm3,0.5,0,65,0.7692,0.6341,0.8627
0,3,MLP-FedProx-mu0.01,arm3,0.5,1,76,0.8158,0.8971,0.92
0,3,MLP-FedProx-mu0.01,arm3,0.5,2,28,0.7143,0.6667,0.8056
0,3,MLP-FedProx-mu0.01,arm3,0.5,3,15,0.8667,0.6667,1.0
0,3,MLP-FedProx-mu0.01,arm3,0.1,global,184,0.7337,0.795,0.848
0,3,MLP-FedProx-mu0.01,arm3,0.1,0,57,0.5263,0.0,nan
0,3,MLP-FedProx-mu0.01,arm3,0.1,1,103,0.932,0.9645,0.951
0,3,MLP-FedProx-mu0.01,arm3,0.1,2,16,0.3125,0.0,nan
0,3,MLP-FedProx-mu0.01,arm3,0.1,3,8,0.5,0.0,nan
0,3,MLP-FedProx-mu0.01,arm3,natural,global,184,0.7772,0.794,0.8499
0,3,MLP-FedProx-mu0.01,arm3,natural,0,56,0.7321,0.7059,0.8084
0,3,MLP-FedProx-mu0.01,arm3,natural,1,66,0.8182,0.7391,0.8772
0,3,MLP-FedProx-mu0.01,arm3,natural,2,24,0.875,0.9302,0.8409
0,3,MLP-FedProx-mu0.01,arm3,natural,3,38,0.7105,0.8136,0.6687
0,4,MLP-FedProx-mu0.01,arm3,100,global,184,0.7772,0.7853,0.8343
0,4,MLP-FedProx-mu0.01,arm3,100,0,36,0.8611,0.8649,0.8889
0,4,MLP-FedProx-mu0.01,arm3,100,1,44,0.7727,0.8,0.8462
0,4,MLP-FedProx-mu0.01,arm3,100,2,55,0.7455,0.7308,0.8369
0,4,MLP-FedProx-mu0.01,arm3,100,3,49,0.7551,0.7692,0.796
0,4,MLP-FedProx-mu0.01,arm3,1.0,global,184,0.7554,0.7716,0.8325
0,4,MLP-FedProx-mu0.01,arm3,1.0,0,39,0.8718,0.8936,0.9778
0,4,MLP-FedProx-mu0.01,arm3,1.0,1,65,0.7385,0.7848,0.7927
0,4,MLP-FedProx-mu0.01,arm3,1.0,2,54,0.7037,0.6522,0.7747
0,4,MLP-FedProx-mu0.01,arm3,1.0,3,26,0.7308,0.72,0.8485
0,4,MLP-FedProx-mu0.01,arm3,0.5,global,184,0.7663,0.7839,0.8209
0,4,MLP-FedProx-mu0.01,arm3,0.5,0,59,0.7966,0.6667,0.8394
0,4,MLP-FedProx-mu0.01,arm3,0.5,1,74,0.7432,0.8455,0.939
0,4,MLP-FedProx-mu0.01,arm3,0.5,2,34,0.8235,0.8,0.8429
0,4,MLP-FedProx-mu0.01,arm3,0.5,3,17,0.6471,0.4,0.7667
0,4,MLP-FedProx-mu0.01,arm3,0.1,global,184,0.7391,0.7818,0.8195
0,4,MLP-FedProx-mu0.01,arm3,0.1,0,60,0.65,0.0,nan
0,4,MLP-FedProx-mu0.01,arm3,0.1,1,102,0.8431,0.9149,nan
0,4,MLP-FedProx-mu0.01,arm3,0.1,2,13,0.5385,0.0,nan
0,4,MLP-FedProx-mu0.01,arm3,0.1,3,9,0.4444,0.0,nan
0,4,MLP-FedProx-mu0.01,arm3,natural,global,184,0.7609,0.7982,0.8262
0,4,MLP-FedProx-mu0.01,arm3,natural,0,63,0.7778,0.7083,0.8359
0,4,MLP-FedProx-mu0.01,arm3,natural,1,50,0.62,0.6415,0.8144
0,4,MLP-FedProx-mu0.01,arm3,natural,2,28,0.7857,0.875,0.7467
0,4,MLP-FedProx-mu0.01,arm3,natural,3,43,0.8837,0.9275,0.8121
1,0,MLP-FedProx-mu0.01,arm3,100,global,184,0.7609,0.78,0.8329
1,0,MLP-FedProx-mu0.01,arm3,100,0,45,0.7111,0.7234,0.753
1,0,MLP-FedProx-mu0.01,arm3,100,1,48,0.8333,0.8462,0.9214
1,0,MLP-FedProx-mu0.01,arm3,100,2,42,0.7143,0.7391,0.8182
1,0,MLP-FedProx-mu0.01,arm3,100,3,49,0.7755,0.8,0.8302
1,0,MLP-FedProx-mu0.01,arm3,1.0,global,184,0.7554,0.7926,0.837
1,0,MLP-FedProx-mu0.01,arm3,1.0,0,67,0.7463,0.7018,0.8498
1,0,MLP-FedProx-mu0.01,arm3,1.0,1,52,0.8269,0.9011,0.99
1,0,MLP-FedProx-mu0.01,arm3,1.0,2,25,0.72,0.8108,0.7857
1,0,MLP-FedProx-mu0.01,arm3,1.0,3,40,0.7,0.625,0.9267
1,0,MLP-FedProx-mu0.01,arm3,0.5,global,184,0.7663,0.8,0.837
1,0,MLP-FedProx-mu0.01,arm3,0.5,0,40,0.65,0.6667,0.7877
1,0,MLP-FedProx-mu0.01,arm3,0.5,1,53,0.8491,0.871,0.9077
1,0,MLP-FedProx-mu0.01,arm3,0.5,2,51,0.7059,0.5946,0.8291
1,0,MLP-FedProx-mu0.01,arm3,0.5,3,40,0.85,0.9189,nan
1,0,MLP-FedProx-mu0.01,arm3,0.1,global,184,0.5489,0.7088,0.7921
1,0,MLP-FedProx-mu0.01,arm3,0.1,0,19,0.2105,0.3478,0.8833
1,0,MLP-FedProx-mu0.01,arm3,0.1,1,34,0.5294,0.6923,0.8507
1,0,MLP-FedProx-mu0.01,arm3,0.1,2,55,0.0545,0.1034,0.6667
1,0,MLP-FedProx-mu0.01,arm3,0.1,3,76,1.0,1.0,nan
1,0,MLP-FedProx-mu0.01,arm3,natural,global,184,0.7609,0.8018,0.8314
1,0,MLP-FedProx-mu0.01,arm3,natural,0,55,0.7818,0.75,0.8824
1,0,MLP-FedProx-mu0.01,arm3,natural,1,58,0.7586,0.75,0.8571
1,0,MLP-FedProx-mu0.01,arm3,natural,2,25,0.84,0.9091,0.7879
1,0,MLP-FedProx-mu0.01,arm3,natural,3,46,0.6957,0.8108,0.5915
1,1,MLP-FedProx-mu0.01,arm3,100,global,184,0.7609,0.78,0.8231
1,1,MLP-FedProx-mu0.01,arm3,100,0,30,0.8333,0.8148,0.914
1,1,MLP-FedProx-mu0.01,arm3,100,1,53,0.7736,0.7857,0.8079
1,1,MLP-FedProx-mu0.01,arm3,100,2,52,0.7115,0.7368,0.7751
1,1,MLP-FedProx-mu0.01,arm3,100,3,49,0.7551,0.8,0.831
1,1,MLP-FedProx-mu0.01,arm3,1.0,global,184,0.7228,0.7773,0.8324
1,1,MLP-FedProx-mu0.01,arm3,1.0,0,55,0.6727,0.6087,0.8702
1,1,MLP-FedProx-mu0.01,arm3,1.0,1,60,0.8167,0.8972,0.6784
1,1,MLP-FedProx-mu0.01,arm3,1.0,2,25,0.8,0.8718,0.9127
1,1,MLP-FedProx-mu0.01,arm3,1.0,3,44,0.6136,0.5405,0.865
1,1,MLP-FedProx-mu0.01,arm3,0.5,global,184,0.7717,0.8056,0.8269
1,1,MLP-FedProx-mu0.01,arm3,0.5,0,25,0.8,0.8,0.9091
1,1,MLP-FedProx-mu0.01,arm3,0.5,1,55,0.7818,0.7857,0.787
1,1,MLP-FedProx-mu0.01,arm3,0.5,2,55,0.6545,0.5581,0.8153
1,1,MLP-FedProx-mu0.01,arm3,0.5,3,49,0.8776,0.9348,nan
1,1,MLP-FedProx-mu0.01,arm3,0.1,global,184,0.5543,0.7133,0.8094
1,1,MLP-FedProx-mu0.01,arm3,0.1,0,12,0.25,0.4,0.8889
1,1,MLP-FedProx-mu0.01,arm3,0.1,1,31,0.3226,0.4878,0.8571
1,1,MLP-FedProx-mu0.01,arm3,0.1,2,53,0.0189,0.037,0.5962
1,1,MLP-FedProx-mu0.01,arm3,0.1,3,88,1.0,1.0,nan
1,1,MLP-FedProx-mu0.01,arm3,natural,global,184,0.7228,0.7773,0.8358
1,1,MLP-FedProx-mu0.01,arm3,natural,0,61,0.7377,0.75,0.8312
1,1,MLP-FedProx-mu0.01,arm3,natural,1,63,0.6825,0.6774,0.85
1,1,MLP-FedProx-mu0.01,arm3,natural,2,26,0.8077,0.8936,0.8
1,1,MLP-FedProx-mu0.01,arm3,natural,3,34,0.7059,0.8214,0.6899
1,2,MLP-FedProx-mu0.01,arm3,100,global,184,0.8098,0.8276,0.8731
1,2,MLP-FedProx-mu0.01,arm3,100,0,44,0.8182,0.8095,0.8492
1,2,MLP-FedProx-mu0.01,arm3,100,1,38,0.8947,0.9091,0.944
1,2,MLP-FedProx-mu0.01,arm3,100,2,49,0.8367,0.8519,0.931
1,2,MLP-FedProx-mu0.01,arm3,100,3,53,0.717,0.7619,0.8014
1,2,MLP-FedProx-mu0.01,arm3,1.0,global,184,0.7989,0.8295,0.8736
1,2,MLP-FedProx-mu0.01,arm3,1.0,0,63,0.7619,0.6939,0.8209
1,2,MLP-FedProx-mu0.01,arm3,1.0,1,56,0.875,0.9333,0.6182
1,2,MLP-FedProx-mu0.01,arm3,1.0,2,22,0.8636,0.8966,0.9429
1,2,MLP-FedProx-mu0.01,arm3,1.0,3,43,0.7209,0.6471,0.9119
1,2,MLP-FedProx-mu0.01,arm3,0.5,global,184,0.8261,0.8476,0.8692
1,2,MLP-FedProx-mu0.01,arm3,0.5,0,39,0.8205,0.8108,0.8316
1,2,MLP-FedProx-mu0.01,arm3,0.5,1,42,0.8333,0.8372,0.9474
1,2,MLP-FedProx-mu0.01,arm3,0.5,2,55,0.7818,0.7,0.8817
1,2,MLP-FedProx-mu0.01,arm3,0.5,3,48,0.875,0.9333,nan
1,2,MLP-FedProx-mu0.01,arm3,0.1,global,184,0.5543,0.7133,0.7983
1,2,MLP-FedProx-mu0.01,arm3,0.1,0,18,0.2222,0.3636,0.7857
1,2,MLP-FedProx-mu0.01,arm3,0.1,1,36,0.4722,0.6415,0.6811
1,2,MLP-FedProx-mu0.01,arm3,0.1,2,50,0.02,0.0392,0.5306
1,2,MLP-FedProx-mu0.01,arm3,0.1,3,80,1.0,1.0,nan
1,2,MLP-FedProx-mu0.01,arm3,natural,global,184,0.8152,0.8426,0.8651
1,2,MLP-FedProx-mu0.01,arm3,natural,0,61,0.8197,0.8197,0.8591
1,2,MLP-FedProx-mu0.01,arm3,natural,1,61,0.7377,0.68,0.8559
1,2,MLP-FedProx-mu0.01,arm3,natural,2,30,0.9,0.9455,0.9464
1,2,MLP-FedProx-mu0.01,arm3,natural,3,32,0.875,0.92,0.8229
1,3,MLP-FedProx-mu0.01,arm3,100,global,184,0.7663,0.8037,0.8344
1,3,MLP-FedProx-mu0.01,arm3,100,0,41,0.8293,0.8372,0.8548
1,3,MLP-FedProx-mu0.01,arm3,100,1,40,0.775,0.8085,0.8133
1,3,MLP-FedProx-mu0.01,arm3,100,2,59,0.7627,0.8158,0.8635
1,3,MLP-FedProx-mu0.01,arm3,100,3,44,0.7045,0.7547,0.7937
1,3,MLP-FedProx-mu0.01,arm3,1.0,global,184,0.7663,0.8018,0.8271
1,3,MLP-FedProx-mu0.01,arm3,1.0,0,60,0.8,0.76,0.8876
1,3,MLP-FedProx-mu0.01,arm3,1.0,1,60,0.8333,0.9091,0.6949
1,3,MLP-FedProx-mu0.01,arm3,1.0,2,18,0.7222,0.8148,0.8154
1,3,MLP-FedProx-mu0.01,arm3,1.0,3,46,0.6522,0.4667,0.8388
1,3,MLP-FedProx-mu0.01,arm3,0.5,global,184,0.7391,0.7692,0.8246
1,3,MLP-FedProx-mu0.01,arm3,0.5,0,39,0.8462,0.8421,0.8974
1,3,MLP-FedProx-mu0.01,arm3,0.5,1,40,0.675,0.6667,0.7419
1,3,MLP-FedProx-mu0.01,arm3,0.5,2,58,0.6207,0.5,0.8166
1,3,MLP-FedProx-mu0.01,arm3,0.5,3,47,0.8511,0.9195,nan
1,3,MLP-FedProx-mu0.01,arm3,0.1,global,184,0.5543,0.7133,0.8122
1,3,MLP-FedProx-mu0.01,arm3,0.1,0,13,0.2308,0.375,0.7667
1,3,MLP-FedProx-mu0.01,arm3,0.1,1,35,0.5143,0.6792,0.7908
1,3,MLP-FedProx-mu0.01,arm3,0.1,2,58,0.0517,0.0984,0.8727
1,3,MLP-FedProx-mu0.01,arm3,0.1,3,78,1.0,1.0,nan
1,3,MLP-FedProx-mu0.01,arm3,natural,global,184,0.7554,0.7926,0.8271
1,3,MLP-FedProx-mu0.01,arm3,natural,0,64,0.7031,0.6885,0.7901
1,3,MLP-FedProx-mu0.01,arm3,natural,1,53,0.7358,0.6818,0.8065
1,3,MLP-FedProx-mu0.01,arm3,natural,2,18,0.8889,0.9412,0.8235
1,3,MLP-FedProx-mu0.01,arm3,natural,3,49,0.7959,0.8718,0.7252
1,4,MLP-FedProx-mu0.01,arm3,100,global,184,0.75,0.7653,0.87
1,4,MLP-FedProx-mu0.01,arm3,100,0,37,0.6486,0.6977,0.7647
1,4,MLP-FedProx-mu0.01,arm3,100,1,39,0.7692,0.7568,0.8895
1,4,MLP-FedProx-mu0.01,arm3,100,2,47,0.766,0.7755,0.8828
1,4,MLP-FedProx-mu0.01,arm3,100,3,61,0.7869,0.806,0.893
1,4,MLP-FedProx-mu0.01,arm3,1.0,global,184,0.7772,0.8178,0.8675
1,4,MLP-FedProx-mu0.01,arm3,1.0,0,60,0.6833,0.6667,0.8457
1,4,MLP-FedProx-mu0.01,arm3,1.0,1,50,0.88,0.9362,0.8776
1,4,MLP-FedProx-mu0.01,arm3,1.0,2,25,0.88,0.9143,0.9286
1,4,MLP-FedProx-mu0.01,arm3,1.0,3,49,0.7347,0.6667,0.9209
1,4,MLP-FedProx-mu0.01,arm3,0.5,global,184,0.7717,0.8073,0.8682
1,4,MLP-FedProx-mu0.01,arm3,0.5,0,31,0.6129,0.6667,0.7185
1,4,MLP-FedProx-mu0.01,arm3,0.5,1,46,0.8261,0.8462,0.9034
1,4,MLP-FedProx-mu0.01,arm3,0.5,2,55,0.7273,0.5714,0.8681
1,4,MLP-FedProx-mu0.01,arm3,0.5,3,52,0.8654,0.9263,0.9804
1,4,MLP-FedProx-mu0.01,arm3,0.1,global,184,0.5543,0.7133,0.7787
1,4,MLP-FedProx-mu0.01,arm3,0.1,0,14,0.2857,0.4444,0.5
1,4,MLP-FedProx-mu0.01,arm3,0.1,1,33,0.4848,0.6531,0.7868
1,4,MLP-FedProx-mu0.01,arm3,0.1,2,55,0.0,0.0,nan
1,4,MLP-FedProx-mu0.01,arm3,0.1,3,82,1.0,1.0,nan
1,4,MLP-FedProx-mu0.01,arm3,natural,global,184,0.7935,0.8288,0.8742
1,4,MLP-FedProx-mu0.01,arm3,natural,0,62,0.8065,0.8,0.8942
1,4,MLP-FedProx-mu0.01,arm3,natural,1,59,0.7797,0.7547,0.9103
1,4,MLP-FedProx-mu0.01,arm3,natural,2,24,0.7917,0.8837,0.5217
1,4,MLP-FedProx-mu0.01,arm3,natural,3,39,0.7949,0.8788,0.7889
2,0,MLP-FedProx-mu0.01,arm3,100,global,184,0.7826,0.8095,0.8575
2,0,MLP-FedProx-mu0.01,arm3,100,0,44,0.7273,0.7,0.8063
2,0,MLP-FedProx-mu0.01,arm3,100,1,59,0.7966,0.8286,0.8694
2,0,MLP-FedProx-mu0.01,arm3,100,2,36,0.8056,0.8205,0.8483
2,0,MLP-FedProx-mu0.01,arm3,100,3,45,0.8,0.8525,0.8739
2,0,MLP-FedProx-mu0.01,arm3,1.0,global,184,0.7826,0.8077,0.8564
2,0,MLP-FedProx-mu0.01,arm3,1.0,0,16,0.6875,0.2857,0.75
2,0,MLP-FedProx-mu0.01,arm3,1.0,1,28,0.8214,0.7059,0.932
2,0,MLP-FedProx-mu0.01,arm3,1.0,2,117,0.7778,0.8267,0.8253
2,0,MLP-FedProx-mu0.01,arm3,1.0,3,23,0.8261,0.8824,0.875
2,0,MLP-FedProx-mu0.01,arm3,0.5,global,184,0.7663,0.7882,0.8414
2,0,MLP-FedProx-mu0.01,arm3,0.5,0,33,0.7879,0.0,nan
2,0,MLP-FedProx-mu0.01,arm3,0.5,1,65,0.7077,0.6122,0.741
2,0,MLP-FedProx-mu0.01,arm3,0.5,2,46,0.8043,0.8916,nan
2,0,MLP-FedProx-mu0.01,arm3,0.5,3,40,0.8,0.875,0.8355
2,0,MLP-FedProx-mu0.01,arm3,0.1,global,184,0.7391,0.7838,0.8295
2,0,MLP-FedProx-mu0.01,arm3,0.1,0,32,0.6875,0.0,nan
2,0,MLP-FedProx-mu0.01,arm3,0.1,1,67,0.5672,0.4314,0.6936
2,0,MLP-FedProx-mu0.01,arm3,0.1,2,55,0.8545,0.9216,nan
2,0,MLP-FedProx-mu0.01,arm3,0.1,3,30,0.9667,0.9831,nan
2,0,MLP-FedProx-mu0.01,arm3,natural,global,184,0.75,0.7946,0.8498
2,0,MLP-FedProx-mu0.01,arm3,natural,0,60,0.7667,0.7586,0.8721
2,0,MLP-FedProx-mu0.01,arm3,natural,1,64,0.75,0.7576,0.8749
2,0,MLP-FedProx-mu0.01,arm3,natural,2,23,0.913,0.9545,0.5455
2,0,MLP-FedProx-mu0.01,arm3,natural,3,37,0.6216,0.75,0.6817
2,1,MLP-FedProx-mu0.01,arm3,100,global,184,0.7826,0.802,0.8644
2,1,MLP-FedProx-mu0.01,arm3,100,0,34,0.7941,0.8293,0.8902
2,1,MLP-FedProx-mu0.01,arm3,100,1,55,0.7455,0.75,0.8687
2,1,MLP-FedProx-mu0.01,arm3,100,2,46,0.7826,0.8148,0.8495
2,1,MLP-FedProx-mu0.01,arm3,100,3,49,0.8163,0.8235,0.8779
2,1,MLP-FedProx-mu0.01,arm3,1.0,global,184,0.7826,0.8077,0.8691
2,1,MLP-FedProx-mu0.01,arm3,1.0,0,9,0.7778,0.6667,0.9286
2,1,MLP-FedProx-mu0.01,arm3,1.0,1,29,0.8621,0.7143,0.9667
2,1,MLP-FedProx-mu0.01,arm3,1.0,2,119,0.7395,0.8,0.808
2,1,MLP-FedProx-mu0.01,arm3,1.0,3,27,0.8889,0.9091,0.9647
2,1,MLP-FedProx-mu0.01,arm3,0.5,global,184,0.7609,0.7843,0.8656
2,1,MLP-FedProx-mu0.01,arm3,0.5,0,30,0.7667,0.0,nan
2,1,MLP-FedProx-mu0.01,arm3,0.5,1,67,0.7164,0.6545,0.8379
2,1,MLP-FedProx-mu0.01,arm3,0.5,2,47,0.7872,0.8718,0.9545
2,1,MLP-FedProx-mu0.01,arm3,0.5,3,40,0.8,0.875,0.9371
2,1,MLP-FedProx-mu0.01,arm3,0.1,global,184,0.7283,0.6914,0.8387
2,1,MLP-FedProx-mu0.01,arm3,0.1,0,18,0.9444,0.0,nan
2,1,MLP-FedProx-mu0.01,arm3,0.1,1,77,0.8701,0.5833,0.8685
2,1,MLP-FedProx-mu0.01,arm3,0.1,2,59,0.5424,0.7033,nan
2,1,MLP-FedProx-mu0.01,arm3,0.1,3,30,0.6,0.7391,0.9655
2,1,MLP-FedProx-mu0.01,arm3,natural,global,184,0.7717,0.8073,0.8712
2,1,MLP-FedProx-mu0.01,arm3,natural,0,57,0.7544,0.7812,0.8639
2,1,MLP-FedProx-mu0.01,arm3,natural,1,59,0.7797,0.6829,0.9106
2,1,MLP-FedProx-mu0.01,arm3,natural,2,26,0.8077,0.8889,1.0
2,1,MLP-FedProx-mu0.01,arm3,natural,3,42,0.7619,0.8529,0.6936
2,2,MLP-FedProx-mu0.01,arm3,100,global,184,0.7554,0.7716,0.841
2,2,MLP-FedProx-mu0.01,arm3,100,0,40,0.8,0.84,0.9011
2,2,MLP-FedProx-mu0.01,arm3,100,1,53,0.7547,0.7797,0.8416
2,2,MLP-FedProx-mu0.01,arm3,100,2,44,0.7273,0.7273,0.8385
2,2,MLP-FedProx-mu0.01,arm3,100,3,47,0.7447,0.7273,0.8018
2,2,MLP-FedProx-mu0.01,arm3,1.0,global,184,0.7609,0.7822,0.8447
2,2,MLP-FedProx-mu0.01,arm3,1.0,0,13,0.6923,0.6,0.75
2,2,MLP-FedProx-mu0.01,arm3,1.0,1,33,0.7879,0.72,0.8651
2,2,MLP-FedProx-mu0.01,arm3,1.0,2,106,0.7358,0.7778,0.8341
2,2,MLP-FedProx-mu0.01,arm3,1.0,3,32,0.8438,0.878,0.8615
2,2,MLP-FedProx-mu0.01,arm3,0.5,global,184,0.7609,0.7684,0.8338
2,2,MLP-FedProx-mu0.01,arm3,0.5,0,29,0.8276,0.0,nan
2,2,MLP-FedProx-mu0.01,arm3,0.5,1,72,0.7361,0.678,0.8183
2,2,MLP-FedProx-mu0.01,arm3,0.5,2,42,0.7619,0.8649,nan
2,2,MLP-FedProx-mu0.01,arm3,0.5,3,41,0.7561,0.8077,0.7818
2,2,MLP-FedProx-mu0.01,arm3,0.1,global,184,0.7283,0.7525,0.8179
2,2,MLP-FedProx-mu0.01,arm3,0.1,0,22,0.8182,0.0,nan
2,2,MLP-FedProx-mu0.01,arm3,0.1,1,80,0.6875,0.5455,0.7808
2,2,MLP-FedProx-mu0.01,arm3,0.1,2,59,0.7458,0.8544,nan
2,2,MLP-FedProx-mu0.01,arm3,0.1,3,23,0.7391,0.85,nan
2,2,MLP-FedProx-mu0.01,arm3,natural,global,184,0.75,0.7653,0.8413
2,2,MLP-FedProx-mu0.01,arm3,natural,0,71,0.6901,0.56,0.7924
2,2,MLP-FedProx-mu0.01,arm3,natural,1,47,0.7872,0.7368,0.8421
2,2,MLP-FedProx-mu0.01,arm3,natural,2,22,0.8636,0.9231,0.825
2,2,MLP-FedProx-mu0.01,arm3,natural,3,44,0.75,0.8406,0.7175
2,3,MLP-FedProx-mu0.01,arm3,100,global,184,0.788,0.8079,0.865
2,3,MLP-FedProx-mu0.01,arm3,100,0,47,0.8298,0.8333,0.9004
2,3,MLP-FedProx-mu0.01,arm3,100,1,51,0.7451,0.7869,0.8405
2,3,MLP-FedProx-mu0.01,arm3,100,2,46,0.7609,0.7925,0.7924
2,3,MLP-FedProx-mu0.01,arm3,100,3,40,0.825,0.8293,0.9123
2,3,MLP-FedProx-mu0.01,arm3,1.0,global,184,0.7989,0.8195,0.8625
2,3,MLP-FedProx-mu0.01,arm3,1.0,0,20,0.75,0.6154,0.8095
2,3,MLP-FedProx-mu0.01,arm3,1.0,1,26,0.8462,0.75,0.9333
2,3,MLP-FedProx-mu0.01,arm3,1.0,2,111,0.7928,0.8345,0.8247
2,3,MLP-FedProx-mu0.01,arm3,1.0,3,27,0.8148,0.8649,0.9429
2,3,MLP-FedProx-mu0.01,arm3,0.5,global,184,0.7717,0.79,0.857
2,3,MLP-FedProx-mu0.01,arm3,0.5,0,32,0.7812,0.0,0.7097
2,3,MLP-FedProx-mu0.01,arm3,0.5,1,75,0.72,0.6866,0.8105
2,3,MLP-FedProx-mu0.01,arm3,0.5,2,43,0.814,0.8947,1.0
2,3,MLP-FedProx-mu0.01,arm3,0.5,3,34,0.8235,0.88,0.9524
2,3,MLP-FedProx-mu0.01,arm3,0.1,global,184,0.7935,0.8273,0.8497
2,3,MLP-FedProx-mu0.01,arm3,0.1,0,29,0.7241,0.0,nan
2,3,MLP-FedProx-mu0.01,arm3,0.1,1,70,0.6857,0.56,0.7697
2,3,MLP-FedProx-mu0.01,arm3,0.1,2,62,0.8871,0.9402,nan
2,3,MLP-FedProx-mu0.01,arm3,0.1,3,23,0.9565,0.9778,nan
2,3,MLP-FedProx-mu0.01,arm3,natural,global,184,0.8098,0.8485,0.8674
2,3,MLP-FedProx-mu0.01,arm3,natural,0,55,0.8364,0.8421,0.9
2,3,MLP-FedProx-mu0.01,arm3,natural,1,56,0.7679,0.7347,0.8905
2,3,MLP-FedProx-mu0.01,arm3,natural,2,32,0.875,0.931,0.7946
2,3,MLP-FedProx-mu0.01,arm3,natural,3,41,0.7805,0.8657,0.6909
2,4,MLP-FedProx-mu0.01,arm3,100,global,184,0.7663,0.7839,0.8455
2,4,MLP-FedProx-mu0.01,arm3,100,0,48,0.6875,0.6667,0.8455
2,4,MLP-FedProx-mu0.01,arm3,100,1,55,0.8,0.8308,0.8609
2,4,MLP-FedProx-mu0.01,arm3,100,2,36,0.8611,0.878,0.935
2,4,MLP-FedProx-mu0.01,arm3,100,3,45,0.7333,0.75,0.7348
2,4,MLP-FedProx-mu0.01,arm3,1.0,global,184,0.7989,0.8195,0.8468
2,4,MLP-FedProx-mu0.01,arm3,1.0,0,15,0.7333,0.6,0.8636
2,4,MLP-FedProx-mu0.01,arm3,1.0,1,34,0.7647,0.5556,0.9048
2,4,MLP-FedProx-mu0.01,arm3,1.0,2,103,0.8252,0.8657,0.8534
2,4,MLP-FedProx-mu0.01,arm3,1.0,3,32,0.7812,0.8372,0.7246
2,4,MLP-FedProx-mu0.01,arm3,0.5,global,184,0.7609,0.7755,0.8264
2,4,MLP-FedProx-mu0.01,arm3,0.5,0,37,0.8108,0.0,0.8333
2,4,MLP-FedProx-mu0.01,arm3,0.5,1,66,0.7273,0.6786,0.8405
2,4,MLP-FedProx-mu0.01,arm3,0.5,2,43,0.814,0.8974,nan
2,4,MLP-FedProx-mu0.01,arm3,0.5,3,38,0.7105,0.8,0.7327
2,4,MLP-FedProx-mu0.01,arm3,0.1,global,184,0.7717,0.8091,0.833
2,4,MLP-FedProx-mu0.01,arm3,0.1,0,32,0.6562,0.0,nan
2,4,MLP-FedProx-mu0.01,arm3,0.1,1,68,0.7059,0.6154,0.8278
2,4,MLP-FedProx-mu0.01,arm3,0.1,2,54,0.8704,0.9307,nan
2,4,MLP-FedProx-mu0.01,arm3,0.1,3,30,0.8667,0.9286,nan
2,4,MLP-FedProx-mu0.01,arm3,natural,global,184,0.7772,0.7919,0.8459
2,4,MLP-FedProx-mu0.01,arm3,natural,0,60,0.8,0.7391,0.8538
2,4,MLP-FedProx-mu0.01,arm3,natural,1,68,0.7647,0.7241,0.8425
2,4,MLP-FedProx-mu0.01,arm3,natural,2,20,0.8,0.8889,nan
2,4,MLP-FedProx-mu0.01,arm3,natural,3,36,0.75,0.8421,0.7946
3,0,MLP-FedProx-mu0.01,arm3,100,global,184,0.7663,0.7981,0.8304
3,0,MLP-FedProx-mu0.01,arm3,100,0,49,0.6531,0.6909,0.7357
3,0,MLP-FedProx-mu0.01,arm3,100,1,44,0.9091,0.92,0.9375
3,0,MLP-FedProx-mu0.01,arm3,100,2,42,0.7619,0.7727,0.8023
3,0,MLP-FedProx-mu0.01,arm3,100,3,49,0.7551,0.8125,0.8246
3,0,MLP-FedProx-mu0.01,arm3,1.0,global,184,0.7283,0.7449,0.8294
3,0,MLP-FedProx-mu0.01,arm3,1.0,0,14,0.7143,0.75,0.9333
3,0,MLP-FedProx-mu0.01,arm3,1.0,1,54,0.6667,0.7353,0.7735
3,0,MLP-FedProx-mu0.01,arm3,1.0,2,68,0.7941,0.8,0.8754
3,0,MLP-FedProx-mu0.01,arm3,1.0,3,48,0.7083,0.6667,0.7964
3,0,MLP-FedProx-mu0.01,arm3,0.5,global,184,0.7283,0.7423,0.8337
3,0,MLP-FedProx-mu0.01,arm3,0.5,0,40,0.7,0.8235,nan
3,0,MLP-FedProx-mu0.01,arm3,0.5,1,33,0.7273,0.5714,0.9198
3,0,MLP-FedProx-mu0.01,arm3,0.5,2,53,0.7736,0.7391,0.8814
3,0,MLP-FedProx-mu0.01,arm3,0.5,3,58,0.7069,0.7119,0.8167
3,0,MLP-FedProx-mu0.01,arm3,0.1,global,184,0.7283,0.7312,0.8245
3,0,MLP-FedProx-mu0.01,arm3,0.1,0,36,0.5833,0.7368,nan
3,0,MLP-FedProx-mu0.01,arm3,0.1,1,50,0.82,0.1818,0.9592
3,0,MLP-FedProx-mu0.01,arm3,0.1,2,87,0.7356,0.8,0.8696
3,0,MLP-FedProx-mu0.01,arm3,0.1,3,11,0.7273,0.0,nan
3,0,MLP-FedProx-mu0.01,arm3,natural,global,184,0.7337,0.738,0.8319
3,0,MLP-FedProx-mu0.01,arm3,natural,0,73,0.7808,0.7333,0.8568
3,0,MLP-FedProx-mu0.01,arm3,natural,1,54,0.7778,0.7143,0.8442
3,0,MLP-FedProx-mu0.01,arm3,natural,2,19,0.6842,0.8125,0.6667
3,0,MLP-FedProx-mu0.01,arm3,natural,3,38,0.6053,0.717,0.6207
3,1,MLP-FedProx-mu0.01,arm3,100,global,184,0.7609,0.8053,0.8411
3,1,MLP-FedProx-mu0.01,arm3,100,0,46,0.7826,0.8214,0.84
3,1,MLP-FedProx-mu0.01,arm3,100,1,33,0.6061,0.5517,0.787
3,1,MLP-FedProx-mu0.01,arm3,100,2,55,0.7818,0.8333,0.8571
3,1,MLP-FedProx-mu0.01,arm3,100,3,50,0.82,0.8696,0.8806
3,1,MLP-FedProx-mu0.01,arm3,1.0,global,184,0.7609,0.7885,0.8417
3,1,MLP-FedProx-mu0.01,arm3,1.0,0,18,0.8333,0.88,0.9231
3,1,MLP-FedProx-mu0.01,arm3,1.0,1,53,0.7547,0.7719,0.84
3,1,MLP-FedProx-mu0.01,arm3,1.0,2,65,0.6923,0.7436,0.7919
3,1,MLP-FedProx-mu0.01,arm3,1.0,3,48,0.8333,0.8333,0.8794
3,1,MLP-FedProx-mu0.01,arm3,0.5,global,184,0.7663,0.7962,0.8341
3,1,MLP-FedProx-mu0.01,arm3,0.5,0,36,0.8056,0.8923,nan
3,1,MLP-FedProx-mu0.01,arm3,0.5,1,38,0.7368,0.2857,0.8667
3,1,MLP-FedProx-mu0.01,arm3,0.5,2,46,0.6739,0.717,0.7771
3,1,MLP-FedProx-mu0.01,arm3,0.5,3,64,0.8281,0.8608,0.8897
3,1,MLP-FedProx-mu0.01,arm3,0.1,global,184,0.7554,0.7826,0.8277
3,1,MLP-FedProx-mu0.01,arm3,0.1,0,30,0.7667,0.8679,nan
3,1,MLP-FedProx-mu0.01,arm3,0.1,1,50,0.64,0.0,0.102
3,1,MLP-FedProx-mu0.01,arm3,0.1,2,90,0.8222,0.8769,0.9043
3,1,MLP-FedProx-mu0.01,arm3,0.1,3,14,0.7143,0.3333,1.0
3,1,MLP-FedProx-mu0.01,arm3,natural,global,184,0.7663,0.8106,0.8345
3,1,MLP-FedProx-mu0.01,arm3,natural,0,66,0.7879,0.7941,0.8396
3,1,MLP-FedProx-mu0.01,arm3,natural,1,53,0.717,0.7059,0.8079
3,1,MLP-FedProx-mu0.01,arm3,natural,2,24,0.8333,0.9048,0.6825
3,1,MLP-FedProx-mu0.01,arm3,natural,3,41,0.7561,0.8485,0.7665
3,2,MLP-FedProx-mu0.01,arm3,100,global,184,0.7935,0.819,0.8485
3,2,MLP-FedProx-mu0.01,arm3,100,0,40,0.75,0.7727,0.8471
3,2,MLP-FedProx-mu0.01,arm3,100,1,43,0.7674,0.7727,0.855
3,2,MLP-FedProx-mu0.01,arm3,100,2,50,0.76,0.7692,0.8229
3,2,MLP-FedProx-mu0.01,arm3,100,3,51,0.8824,0.9143,0.9189
3,2,MLP-FedProx-mu0.01,arm3,1.0,global,184,0.7989,0.8213,0.8484
3,2,MLP-FedProx-mu0.01,arm3,1.0,0,15,0.6667,0.7619,0.74
3,2,MLP-FedProx-mu0.01,arm3,1.0,1,50,0.78,0.807,0.8785
3,2,MLP-FedProx-mu0.01,arm3,1.0,2,69,0.7681,0.8095,0.8164
3,2,MLP-FedProx-mu0.01,arm3,1.0,3,50,0.9,0.8889,0.8744
3,2,MLP-FedProx-mu0.01,arm3,0.5,global,184,0.788,0.8152,0.8517
3,2,MLP-FedProx-mu0.01,arm3,0.5,0,39,0.8974,0.9459,nan
3,2,MLP-FedProx-mu0.01,arm3,0.5,1,32,0.6562,0.1538,0.5402
3,2,MLP-FedProx-mu0.01,arm3,0.5,2,46,0.6739,0.6939,0.8485
3,2,MLP-FedProx-mu0.01,arm3,0.5,3,67,0.8657,0.88,0.8893
3,2,MLP-FedProx-mu0.01,arm3,0.1,global,184,0.7935,0.8081,0.8576
3,2,MLP-FedProx-mu0.01,arm3,0.1,0,30,0.8,0.8889,nan
3,2,MLP-FedProx-mu0.01,arm3,0.1,1,46,0.7391,0.0,nan
3,2,MLP-FedProx-mu0.01,arm3,0.1,2,96,0.7917,0.8485,0.8258
3,2,MLP-FedProx-mu0.01,arm3,0.1,3,12,1.0,0.0,nan
3,2,MLP-FedProx-mu0.01,arm3,natural,global,184,0.7989,0.823,0.8501
3,2,MLP-FedProx-mu0.01,arm3,natural,0,49,0.7755,0.7843,0.8417
3,2,MLP-FedProx-mu0.01,arm3,natural,1,71,0.8451,0.7925,0.8835
3,2,MLP-FedProx-mu0.01,arm3,natural,2,24,0.875,0.9268,0.9318
3,2,MLP-FedProx-mu0.01,arm3,natural,3,40,0.7,0.8125,0.6272
3,3,MLP-FedProx-mu0.01,arm3,100,global,184,0.7554,0.7761,0.8365
3,3,MLP-FedProx-mu0.01,arm3,100,0,39,0.7436,0.7368,0.8545
3,3,MLP-FedProx-mu0.01,arm3,100,1,42,0.7381,0.7556,0.8212
3,3,MLP-FedProx-mu0.01,arm3,100,2,40,0.75,0.7917,0.8568
3,3,MLP-FedProx-mu0.01,arm3,100,3,63,0.7778,0.8,0.8235
3,3,MLP-FedProx-mu0.01,arm3,1.0,global,184,0.75,0.7723,0.8351
3,3,MLP-FedProx-mu0.01,arm3,1.0,0,19,0.7368,0.7826,0.75
3,3,MLP-FedProx-mu0.01,arm3,1.0,1,53,0.8113,0.8529,0.9363
3,3,MLP-FedProx-mu0.01,arm3,1.0,2,59,0.7119,0.7606,0.8059
3,3,MLP-FedProx-mu0.01,arm3,1.0,3,53,0.7358,0.65,0.8032
3,3,MLP-FedProx-mu0.01,arm3,0.5,global,184,0.75,0.77,0.8355
3,3,MLP-FedProx-mu0.01,arm3,0.5,0,40,0.725,0.8406,nan
3,3,MLP-FedProx-mu0.01,arm3,0.5,1,31,0.8387,0.6667,0.9462
3,3,MLP-FedProx-mu0.01,arm3,0.5,2,42,0.7143,0.7391,0.825
3,3,MLP-FedProx-mu0.01,arm3,0.5,3,71,0.7465,0.7429,0.819
3,3,MLP-FedProx-mu0.01,arm3,0.1,global,184,0.7391,0.7551,0.8267
3,3,MLP-FedProx-mu0.01,arm3,0.1,0,36,0.6944,0.8197,nan
3,3,MLP-FedProx-mu0.01,arm3,0.1,1,42,0.7857,0.1818,0.9512
3,3,MLP-FedProx-mu0.01,arm3,0.1,2,85,0.7176,0.8,0.7915
3,3,MLP-FedProx-mu0.01,arm3,0.1,3,21,0.8095,0.0,nan
3,3,MLP-FedProx-mu0.01,arm3,natural,global,184,0.7554,0.7805,0.8327
3,3,MLP-FedProx-mu0.01,arm3,natural,0,58,0.7241,0.6522,0.7921
3,3,MLP-FedProx-mu0.01,arm3,natural,1,60,0.75,0.6809,0.8845
3,3,MLP-FedProx-mu0.01,arm3,natural,2,32,0.875,0.9333,nan
3,3,MLP-FedProx-mu0.01,arm3,natural,3,34,0.7059,0.8077,0.65
3,4,MLP-FedProx-mu0.01,arm3,100,global,184,0.7935,0.8257,0.8718
3,4,MLP-FedProx-mu0.01,arm3,100,0,30,0.8333,0.878,0.9474
3,4,MLP-FedProx-mu0.01,arm3,100,1,53,0.7736,0.7857,0.8362
3,4,MLP-FedProx-mu0.01,arm3,100,2,43,0.7442,0.7556,0.8333
3,4,MLP-FedProx-mu0.01,arm3,100,3,58,0.8276,0.8684,0.9044
3,4,MLP-FedProx-mu0.01,arm3,1.0,global,184,0.788,0.8186,0.8729
3,4,MLP-FedProx-mu0.01,arm3,1.0,0,6,0.8333,0.8571,1.0
3,4,MLP-FedProx-mu0.01,arm3,1.0,1,51,0.7255,0.8,0.7661
3,4,MLP-FedProx-mu0.01,arm3,1.0,2,68,0.8235,0.8333,0.9212
3,4,MLP-FedProx-mu0.01,arm3,1.0,3,59,0.7966,0.8182,0.8975
3,4,MLP-FedProx-mu0.01,arm3,0.5,global,184,0.7772,0.8038,0.8629
3,4,MLP-FedProx-mu0.01,arm3,0.5,0,37,0.8378,0.9118,nan
3,4,MLP-FedProx-mu0.01,arm3,0.5,1,32,0.7188,0.4706,0.8514
3,4,MLP-FedProx-mu0.01,arm3,0.5,2,53,0.7925,0.8,0.8632
3,4,MLP-FedProx-mu0.01,arm3,0.5,3,62,0.7581,0.7826,0.8876
3,4,MLP-FedProx-mu0.01,arm3,0.1,global,184,0.7826,0.8,0.8582
3,4,MLP-FedProx-mu0.01,arm3,0.1,0,30,0.8333,0.9091,nan
3,4,MLP-FedProx-mu0.01,arm3,0.1,1,41,0.8049,0.0,nan
3,4,MLP-FedProx-mu0.01,arm3,0.1,2,95,0.7684,0.8333,0.8249
3,4,MLP-FedProx-mu0.01,arm3,0.1,3,18,0.7222,0.0,nan
3,4,MLP-FedProx-mu0.01,arm3,natural,global,184,0.7826,0.8214,0.8666
3,4,MLP-FedProx-mu0.01,arm3,natural,0,57,0.7895,0.75,0.8472
3,4,MLP-FedProx-mu0.01,arm3,natural,1,56,0.6607,0.6545,0.8748
3,4,MLP-FedProx-mu0.01,arm3,natural,2,24,0.7917,0.8837,0.8636
3,4,MLP-FedProx-mu0.01,arm3,natural,3,47,0.9149,0.9487,0.8459
4,0,MLP-FedProx-mu0.01,arm3,100,global,184,0.788,0.8203,0.8674
4,0,MLP-FedProx-mu0.01,arm3,100,0,55,0.7818,0.8182,0.8804
4,0,MLP-FedProx-mu0.01,arm3,100,1,40,0.825,0.8627,0.901
4,0,MLP-FedProx-mu0.01,arm3,100,2,39,0.6923,0.7273,0.7921
4,0,MLP-FedProx-mu0.01,arm3,100,3,50,0.84,0.8571,0.8889
4,0,MLP-FedProx-mu0.01,arm3,1.0,global,184,0.7772,0.8057,0.8591
4,0,MLP-FedProx-mu0.01,arm3,1.0,0,22,0.7273,0.4,0.6806
4,0,MLP-FedProx-mu0.01,arm3,1.0,1,72,0.875,0.9268,0.8945
4,0,MLP-FedProx-mu0.01,arm3,1.0,2,64,0.6562,0.6562,0.7917
4,0,MLP-FedProx-mu0.01,arm3,1.0,3,26,0.8462,0.7143,0.9238
4,0,MLP-FedProx-mu0.01,arm3,0.5,global,184,0.7772,0.798,0.8604
4,0,MLP-FedProx-mu0.01,arm3,0.5,0,14,0.7143,0.0,nan
4,0,MLP-FedProx-mu0.01,arm3,0.5,1,105,0.7619,0.8227,0.8467
4,0,MLP-FedProx-mu0.01,arm3,0.5,2,54,0.7778,0.75,0.831
4,0,MLP-FedProx-mu0.01,arm3,0.5,3,11,1.0,1.0,1.0
4,0,MLP-FedProx-mu0.01,arm3,0.1,global,184,0.7011,0.7791,0.8699
4,0,MLP-FedProx-mu0.01,arm3,0.1,0,27,1.0,1.0,nan
4,0,MLP-FedProx-mu0.01,arm3,0.1,1,50,0.92,0.9583,nan
4,0,MLP-FedProx-mu0.01,arm3,0.1,2,84,0.4048,0.0741,0.9146
4,0,MLP-FedProx-mu0.01,arm3,0.1,3,23,0.9565,0.9778,0.9545
4,0,MLP-FedProx-mu0.01,arm3,natural,global,184,0.7772,0.8178,0.8662
4,0,MLP-FedProx-mu0.01,arm3,natural,0,55,0.7091,0.7143,0.8013
4,0,MLP-FedProx-mu0.01,arm3,natural,1,59,0.7458,0.6809,0.8198
4,0,MLP-FedProx-mu0.01,arm3,natural,2,25,0.92,0.9583,0.9583
4,0,MLP-FedProx-mu0.01,arm3,natural,3,45,0.8222,0.8919,0.869
4,1,MLP-FedProx-mu0.01,arm3,100,global,184,0.7717,0.7835,0.847
4,1,MLP-FedProx-mu0.01,arm3,100,0,60,0.8167,0.8451,0.8766
4,1,MLP-FedProx-mu0.01,arm3,100,1,39,0.7436,0.7368,0.8079
4,1,MLP-FedProx-mu0.01,arm3,100,2,46,0.8261,0.8333,0.885
4,1,MLP-FedProx-mu0.01,arm3,100,3,39,0.6667,0.6486,0.7842
4,1,MLP-FedProx-mu0.01,arm3,1.0,global,184,0.788,0.806,0.8404
4,1,MLP-FedProx-mu0.01,arm3,1.0,0,25,0.76,0.4,0.7976
4,1,MLP-FedProx-mu0.01,arm3,1.0,1,75,0.8267,0.8992,0.855
4,1,MLP-FedProx-mu0.01,arm3,1.0,2,58,0.7414,0.6341,0.7882
4,1,MLP-FedProx-mu0.01,arm3,1.0,3,26,0.8077,0.7619,0.8125
4,1,MLP-FedProx-mu0.01,arm3,0.5,global,184,0.7935,0.8119,0.8479
4,1,MLP-FedProx-mu0.01,arm3,0.5,0,17,0.8824,0.6667,1.0
4,1,MLP-FedProx-mu0.01,arm3,0.5,1,111,0.7748,0.8276,0.8181
4,1,MLP-FedProx-mu0.01,arm3,0.5,2,47,0.8298,0.8095,0.8663
4,1,MLP-FedProx-mu0.01,arm3,0.5,3,9,0.6667,0.6667,0.8
4,1,MLP-FedProx-mu0.01,arm3,0.1,global,184,0.6739,0.625,0.8042
4,1,MLP-FedProx-mu0.01,arm3,0.1,0,20,0.4,0.5714,nan
4,1,MLP-FedProx-mu0.01,arm3,0.1,1,57,0.5439,0.7045,nan
4,1,MLP-FedProx-mu0.01,arm3,0.1,2,84,0.881,0.0,0.7561
4,1,MLP-FedProx-mu0.01,arm3,0.1,3,23,0.4783,0.6471,nan
4,1,MLP-FedProx-mu0.01,arm3,natural,global,184,0.7446,0.7854,0.8442
4,1,MLP-FedProx-mu0.01,arm3,natural,0,64,0.7188,0.6667,0.8178
4,1,MLP-FedProx-mu0.01,arm3,natural,1,54,0.7407,0.7407,0.8612
4,1,MLP-FedProx-mu0.01,arm3,natural,2,22,0.8636,0.9231,0.775
4,1,MLP-FedProx-mu0.01,arm3,natural,3,44,0.7273,0.8333,0.7031
4,2,MLP-FedProx-mu0.01,arm3,100,global,184,0.7772,0.796,0.8549
4,2,MLP-FedProx-mu0.01,arm3,100,0,40,0.725,0.7755,0.8073
4,2,MLP-FedProx-mu0.01,arm3,100,1,50,0.74,0.7636,0.8663
4,2,MLP-FedProx-mu0.01,arm3,100,2,47,0.8085,0.8163,0.9019
4,2,MLP-FedProx-mu0.01,arm3,100,3,47,0.8298,0.8333,0.8514
4,2,MLP-FedProx-mu0.01,arm3,1.0,global,184,0.7609,0.7885,0.8491
4,2,MLP-FedProx-mu0.01,arm3,1.0,0,16,0.4375,0.1818,0.4615
4,2,MLP-FedProx-mu0.01,arm3,1.0,1,70,0.8,0.8852,0.9303
4,2,MLP-FedProx-mu0.01,arm3,1.0,2,74,0.7703,0.7463,0.8333
4,2,MLP-FedProx-mu0.01,arm3,1.0,3,24,0.8333,0.5,0.9545
4,2,MLP-FedProx-mu0.01,arm3,0.5,global,184,0.7717,0.7941,0.8472
4,2,MLP-FedProx-mu0.01,arm3,0.5,0,11,0.4545,0.25,0.9
4,2,MLP-FedProx-mu0.01,arm3,0.5,1,114,0.7544,0.8108,0.8486
4,2,MLP-FedProx-mu0.01,arm3,0.5,2,51,0.8627,0.8372,0.8778
4,2,MLP-FedProx-mu0.01,arm3,0.5,3,8,0.875,0.8,0.9167
4,2,MLP-FedProx-mu0.01,arm3,0.1,global,184,0.7717,0.8142,0.8437
4,2,MLP-FedProx-mu0.01,arm3,0.1,0,26,0.9231,0.96,nan
4,2,MLP-FedProx-mu0.01,arm3,0.1,1,56,0.875,0.9333,nan
4,2,MLP-FedProx-mu0.01,arm3,0.1,2,83,0.6145,0.0588,0.878
4,2,MLP-FedProx-mu0.01,arm3,0.1,3,19,0.9474,0.973,nan
4,2,MLP-FedProx-mu0.01,arm3,natural,global,184,0.7772,0.794,0.8429
4,2,MLP-FedProx-mu0.01,arm3,natural,0,59,0.8305,0.8214,0.8759
4,2,MLP-FedProx-mu0.01,arm3,natural,1,58,0.7759,0.6977,0.8596
4,2,MLP-FedProx-mu0.01,arm3,natural,2,28,0.75,0.8444,0.7083
4,2,MLP-FedProx-mu0.01,arm3,natural,3,39,0.7179,0.8,0.6897
4,3,MLP-FedProx-mu0.01,arm3,100,global,184,0.75,0.7653,0.8488
4,3,MLP-FedProx-mu0.01,arm3,100,0,57,0.7544,0.7879,0.863
4,3,MLP-FedProx-mu0.01,arm3,100,1,43,0.7442,0.7317,0.8095
4,3,MLP-FedProx-mu0.01,arm3,100,2,49,0.8163,0.8302,0.9065
4,3,MLP-FedProx-mu0.01,arm3,100,3,35,0.6571,0.6667,0.7763
4,3,MLP-FedProx-mu0.01,arm3,1.0,global,184,0.75,0.7653,0.8496
4,3,MLP-FedProx-mu0.01,arm3,1.0,0,23,0.7826,0.4444,0.9286
4,3,MLP-FedProx-mu0.01,arm3,1.0,1,91,0.7363,0.8356,0.7832
4,3,MLP-FedProx-mu0.01,arm3,1.0,2,56,0.7679,0.6061,0.8594
4,3,MLP-FedProx-mu0.01,arm3,1.0,3,14,0.7143,0.5,0.7917
4,3,MLP-FedProx-mu0.01,arm3,0.5,global,184,0.75,0.7629,0.8486
4,3,MLP-FedProx-mu0.01,arm3,0.5,0,19,0.7895,0.6,0.9583
4,3,MLP-FedProx-mu0.01,arm3,0.5,1,121,0.7521,0.7945,0.8487
4,3,MLP-FedProx-mu0.01,arm3,0.5,2,36,0.7778,0.75,0.8642
4,3,MLP-FedProx-mu0.01,arm3,0.5,3,8,0.5,0.3333,0.5333
4,3,MLP-FedProx-mu0.01,arm3,0.1,global,184,0.6522,0.5789,0.793
4,3,MLP-FedProx-mu0.01,arm3,0.1,0,25,0.48,0.6486,nan
4,3,MLP-FedProx-mu0.01,arm3,0.1,1,46,0.3913,0.5625,nan
4,3,MLP-FedProx-mu0.01,arm3,0.1,2,84,0.9167,0.2222,0.75
4,3,MLP-FedProx-mu0.01,arm3,0.1,3,29,0.4483,0.619,nan
4,3,MLP-FedProx-mu0.01,arm3,natural,global,184,0.7663,0.8072,0.8515
4,3,MLP-FedProx-mu0.01,arm3,natural,0,63,0.7302,0.7302,0.8673
4,3,MLP-FedProx-mu0.01,arm3,natural,1,61,0.7705,0.7407,0.8858
4,3,MLP-FedProx-mu0.01,arm3,natural,2,24,0.875,0.9333,nan
4,3,MLP-FedProx-mu0.01,arm3,natural,3,36,0.75,0.8525,0.5982
4,4,MLP-FedProx-mu0.01,arm3,100,global,184,0.7283,0.7423,0.8396
4,4,MLP-FedProx-mu0.01,arm3,100,0,46,0.6304,0.6222,0.7633
4,4,MLP-FedProx-mu0.01,arm3,100,1,51,0.7647,0.7778,0.8668
4,4,MLP-FedProx-mu0.01,arm3,100,2,38,0.7895,0.8095,0.9478
4,4,MLP-FedProx-mu0.01,arm3,100,3,49,0.7347,0.7547,0.7943
4,4,MLP-FedProx-mu0.01,arm3,1.0,global,184,0.75,0.7767,0.8275
4,4,MLP-FedProx-mu0.01,arm3,1.0,0,19,0.6316,0.0,0.3333
4,4,MLP-FedProx-mu0.01,arm3,1.0,1,76,0.7368,0.8438,0.7155
4,4,MLP-FedProx-mu0.01,arm3,1.0,2,66,0.8333,0.8136,0.8985
4,4,MLP-FedProx-mu0.01,arm3,1.0,3,23,0.6522,0.3333,0.8571
4,4,MLP-FedProx-mu0.01,arm3,0.5,global,184,0.7772,0.8075,0.8315
4,4,MLP-FedProx-mu0.01,arm3,0.5,0,11,0.7273,0.0,nan
4,4,MLP-FedProx-mu0.01,arm3,0.5,1,111,0.7838,0.8378,0.8104
4,4,MLP-FedProx-mu0.01,arm3,0.5,2,46,0.7391,0.7143,0.8274
4,4,MLP-FedProx-mu0.01,arm3,0.5,3,16,0.875,0.9,0.9048
4,4,MLP-FedProx-mu0.01,arm3,0.1,global,184,0.7772,0.8111,0.8258
4,4,MLP-FedProx-mu0.01,arm3,0.1,0,27,0.8519,0.92,nan
4,4,MLP-FedProx-mu0.01,arm3,0.1,1,51,0.8824,0.9375,nan
4,4,MLP-FedProx-mu0.01,arm3,0.1,2,84,0.6786,0.129,0.8232
4,4,MLP-FedProx-mu0.01,arm3,0.1,3,22,0.8182,0.9,nan
4,4,MLP-FedProx-mu0.01,arm3,natural,global,184,0.7609,0.7944,0.8185
4,4,MLP-FedProx-mu0.01,arm3,natural,0,62,0.7581,0.7368,0.8213
4,4,MLP-FedProx-mu0.01,arm3,natural,1,62,0.7258,0.7119,0.8673
4,4,MLP-FedProx-mu0.01,arm3,natural,2,24,0.8333,0.9048,0.913
4,4,MLP-FedProx-mu0.01,arm3,natural,3,36,0.7778,0.8571,0.6115
5,0,MLP-FedProx-mu0.01,arm3,100,global,184,0.7228,0.756,0.8186
5,0,MLP-FedProx-mu0.01,arm3,100,0,36,0.6389,0.6829,0.7523
5,0,MLP-FedProx-mu0.01,arm3,100,1,42,0.7619,0.7826,0.875
5,0,MLP-FedProx-mu0.01,arm3,100,2,57,0.7368,0.7458,0.8111
5,0,MLP-FedProx-mu0.01,arm3,100,3,49,0.7347,0.7937,0.7898
5,0,MLP-FedProx-mu0.01,arm3,1.0,global,184,0.7337,0.7586,0.8091
5,0,MLP-FedProx-mu0.01,arm3,1.0,0,31,0.8387,0.9091,0.8333
5,0,MLP-FedProx-mu0.01,arm3,1.0,1,77,0.7273,0.5116,0.856
5,0,MLP-FedProx-mu0.01,arm3,1.0,2,60,0.7,0.7692,0.7484
5,0,MLP-FedProx-mu0.01,arm3,1.0,3,16,0.6875,0.8148,nan
5,0,MLP-FedProx-mu0.01,arm3,0.5,global,184,0.712,0.7464,0.7994
5,0,MLP-FedProx-mu0.01,arm3,0.5,0,8,0.625,0.0,nan
5,0,MLP-FedProx-mu0.01,arm3,0.5,1,75,0.64,0.0,nan
5,0,MLP-FedProx-mu0.01,arm3,0.5,2,64,0.7812,0.8772,nan
5,0,MLP-FedProx-mu0.01,arm3,0.5,3,37,0.7568,0.8615,nan
5,0,MLP-FedProx-mu0.01,arm3,0.1,global,184,0.7337,0.7513,0.7943
5,0,MLP-FedProx-mu0.01,arm3,0.1,0,101,0.7228,0.8372,0.6364
5,0,MLP-FedProx-mu0.01,arm3,0.1,1,20,0.65,0.2222,0.7368
5,0,MLP-FedProx-mu0.01,arm3,0.1,2,1,1.0,1.0,nan
5,0,MLP-FedProx-mu0.01,arm3,0.1,3,62,0.7742,0.0,nan
5,0,MLP-FedProx-mu0.01,arm3,natural,global,184,0.7446,0.7751,0.8126
5,0,MLP-FedProx-mu0.01,arm3,natural,0,57,0.7895,0.7143,0.8376
5,0,MLP-FedProx-mu0.01,arm3,natural,1,57,0.6667,0.6415,0.7551
5,0,MLP-FedProx-mu0.01,arm3,natural,2,24,0.75,0.85,0.913
5,0,MLP-FedProx-mu0.01,arm3,natural,3,46,0.7826,0.8649,0.7972
5,1,MLP-FedProx-mu0.01,arm3,100,global,184,0.75,0.7745,0.8655
5,1,MLP-FedProx-mu0.01,arm3,100,0,36,0.6944,0.7442,0.8476
5,1,MLP-FedProx-mu0.01,arm3,100,1,49,0.7959,0.8214,0.914
5,1,MLP-FedProx-mu0.01,arm3,100,2,44,0.7045,0.7451,0.8563
5,1,MLP-FedProx-mu0.01,arm3,100,3,55,0.7818,0.7778,0.8545
5,1,MLP-FedProx-mu0.01,arm3,1.0,global,184,0.8043,0.8364,0.8755
5,1,MLP-FedProx-mu0.01,arm3,1.0,0,35,0.8571,0.9231,nan
5,1,MLP-FedProx-mu0.01,arm3,1.0,1,70,0.7571,0.6792,0.8772
5,1,MLP-FedProx-mu0.01,arm3,1.0,2,63,0.7937,0.8267,0.901
5,1,MLP-FedProx-mu0.01,arm3,1.0,3,16,0.9375,0.963,0.7949
5,1,MLP-FedProx-mu0.01,arm3,0.5,global,184,0.7772,0.8057,0.8679
5,1,MLP-FedProx-mu0.01,arm3,0.5,0,8,0.375,0.2857,0.5714
5,1,MLP-FedProx-mu0.01,arm3,0.5,1,72,0.75,0.0,nan
5,1,MLP-FedProx-mu0.01,arm3,0.5,2,74,0.8243,0.9008,1.0
5,1,MLP-FedProx-mu0.01,arm3,0.5,3,30,0.8333,0.9091,0.4483
5,1,MLP-FedProx-mu0.01,arm3,0.1,global,184,0.7989,0.8141,0.868
5,1,MLP-FedProx-mu0.01,arm3,0.1,0,101,0.8119,0.8876,0.9742
5,1,MLP-FedProx-mu0.01,arm3,0.1,1,15,0.7333,0.3333,0.7692
5,1,MLP-FedProx-mu0.01,arm3,0.1,2,7,0.8571,0.9091,1.0
5,1,MLP-FedProx-mu0.01,arm3,0.1,3,61,0.7869,0.0,nan
5,1,MLP-FedProx-mu0.01,arm3,natural,global,184,0.788,0.8079,0.8704
5,1,MLP-FedProx-mu0.01,arm3,natural,0,50,0.8,0.7222,0.8733
5,1,MLP-FedProx-mu0.01,arm3,natural,1,65,0.8154,0.8065,0.8914
5,1,MLP-FedProx-mu0.01,arm3,natural,2,26,0.8462,0.913,0.875
5,1,MLP-FedProx-mu0.01,arm3,natural,3,43,0.6977,0.7797,0.7214
5,2,MLP-FedProx-mu0.01,arm3,100,global,184,0.7717,0.8019,0.8515
5,2,MLP-FedProx-mu0.01,arm3,100,0,56,0.8393,0.8525,0.8893
5,2,MLP-FedProx-mu0.01,arm3,100,1,39,0.7179,0.7843,0.836
5,2,MLP-FedProx-mu0.01,arm3,100,2,43,0.7442,0.7843,0.8495
5,2,MLP-FedProx-mu0.01,arm3,100,3,46,0.7609,0.7755,0.8533
5,2,MLP-FedProx-mu0.01,arm3,1.0,global,184,0.7554,0.7907,0.8465
5,2,MLP-FedProx-mu0.01,arm3,1.0,0,38,0.7632,0.8657,0.7568
5,2,MLP-FedProx-mu0.01,arm3,1.0,1,83,0.7711,0.7397,0.8921
5,2,MLP-FedProx-mu0.01,arm3,1.0,2,49,0.7143,0.7308,0.82
5,2,MLP-FedProx-mu0.01,arm3,1.0,3,14,0.7857,0.8696,0.9167
5,2,MLP-FedProx-mu0.01,arm3,0.5,global,184,0.7065,0.7874,0.8672
5,2,MLP-FedProx-mu0.01,arm3,0.5,0,7,0.7143,0.5,1.0
5,2,MLP-FedProx-mu0.01,arm3,0.5,1,74,0.3378,0.0,nan
5,2,MLP-FedProx-mu0.01,arm3,0.5,2,77,0.974,0.9868,nan
5,2,MLP-FedProx-mu0.01,arm3,0.5,3,26,0.9615,0.9796,0.8958
5,2,MLP-FedProx-mu0.01,arm3,0.1,global,184,0.7446,0.7638,0.8451
5,2,MLP-FedProx-mu0.01,arm3,0.1,0,98,0.7245,0.8323,0.8822
5,2,MLP-FedProx-mu0.01,arm3,0.1,1,17,0.7059,0.4444,1.0
5,2,MLP-FedProx-mu0.01,arm3,0.1,2,8,0.875,0.9333,nan
5,2,MLP-FedProx-mu0.01,arm3,0.1,3,61,0.7705,0.0,nan
5,2,MLP-FedProx-mu0.01,arm3,natural,global,184,0.7663,0.8037,0.8488
5,2,MLP-FedProx-mu0.01,arm3,natural,0,57,0.7544,0.7812,0.8005
5,2,MLP-FedProx-mu0.01,arm3,natural,1,67,0.791,0.75,0.9333
5,2,MLP-FedProx-mu0.01,arm3,natural,2,23,0.8261,0.9048,0.8095
5,2,MLP-FedProx-mu0.01,arm3,natural,3,37,0.7027,0.807,0.7622
5,3,MLP-FedProx-mu0.01,arm3,100,global,184,0.7935,0.81,0.8476
5,3,MLP-FedProx-mu0.01,arm3,100,0,47,0.8085,0.7907,0.8949
5,3,MLP-FedProx-mu0.01,arm3,100,1,55,0.7273,0.7541,0.8024
5,3,MLP-FedProx-mu0.01,arm3,100,2,51,0.7843,0.8197,0.821
5,3,MLP-FedProx-mu0.01,arm3,100,3,31,0.9032,0.9143,0.9316
5,3,MLP-FedProx-mu0.01,arm3,1.0,global,184,0.7989,0.8279,0.8411
5,3,MLP-FedProx-mu0.01,arm3,1.0,0,42,0.8333,0.9067,0.5625
5,3,MLP-FedProx-mu0.01,arm3,1.0,1,83,0.7108,0.5556,0.835
5,3,MLP-FedProx-mu0.01,arm3,1.0,2,49,0.8776,0.9118,0.8837
5,3,MLP-FedProx-mu0.01,arm3,1.0,3,10,1.0,1.0,1.0
5,3,MLP-FedProx-mu0.01,arm3,0.5,global,184,0.75,0.8034,0.8266
5,3,MLP-FedProx-mu0.01,arm3,0.5,0,8,0.625,0.0,nan
5,3,MLP-FedProx-mu0.01,arm3,0.5,1,74,0.527,0.0,nan
5,3,MLP-FedProx-mu0.01,arm3,0.5,2,81,0.9136,0.9548,nan
5,3,MLP-FedProx-mu0.01,arm3,0.5,3,21,0.9524,0.9756,nan
5,3,MLP-FedProx-mu0.01,arm3,0.1,global,184,0.7826,0.8,0.8447
5,3,MLP-FedProx-mu0.01,arm3,0.1,0,101,0.7822,0.8736,0.9456
5,3,MLP-FedProx-mu0.01,arm3,0.1,1,26,0.8846,0.0,nan
5,3,MLP-FedProx-mu0.01,arm3,0.1,2,3,1.0,1.0,nan
5,3,MLP-FedProx-mu0.01,arm3,0.1,3,54,0.7222,0.1176,0.9811
5,3,MLP-FedProx-mu0.01,arm3,natural,global,184,0.7826,0.802,0.8312
5,3,MLP-FedProx-mu0.01,arm3,natural,0,67,0.7463,0.7018,0.8432
5,3,MLP-FedProx-mu0.01,arm3,natural,1,49,0.8163,0.7273,0.9103
5,3,MLP-FedProx-mu0.01,arm3,natural,2,27,0.7778,0.8696,0.66
5,3,MLP-FedProx-mu0.01,arm3,natural,3,41,0.8049,0.8788,0.6402
5,4,MLP-FedProx-mu0.01,arm3,100,global,184,0.7772,0.8128,0.836
5,4,MLP-FedProx-mu0.01,arm3,100,0,40,0.75,0.7619,0.8108
5,4,MLP-FedProx-mu0.01,arm3,100,1,40,0.75,0.8,0.872
5,4,MLP-FedProx-mu0.01,arm3,100,2,58,0.8103,0.8406,0.8674
5,4,MLP-FedProx-mu0.01,arm3,100,3,46,0.7826,0.8276,0.8148
5,4,MLP-FedProx-mu0.01,arm3,1.0,global,184,0.7772,0.8019,0.8424
5,4,MLP-FedProx-mu0.01,arm3,1.0,0,29,0.7931,0.8846,0.75
5,4,MLP-FedProx-mu0.01,arm3,1.0,1,75,0.7067,0.4762,0.7436
5,4,MLP-FedProx-mu0.01,arm3,1.0,2,68,0.8382,0.8866,0.8656
5,4,MLP-FedProx-mu0.01,arm3,1.0,3,12,0.8333,0.875,0.875
5,4,MLP-FedProx-mu0.01,arm3,0.5,global,184,0.7663,0.7923,0.8458
5,4,MLP-FedProx-mu0.01,arm3,0.5,0,11,0.7273,0.0,nan
5,4,MLP-FedProx-mu0.01,arm3,0.5,1,69,0.7101,0.0,nan
5,4,MLP-FedProx-mu0.01,arm3,0.5,2,73,0.7808,0.8769,nan
5,4,MLP-FedProx-mu0.01,arm3,0.5,3,31,0.871,0.9259,0.9655
5,4,MLP-FedProx-mu0.01,arm3,0.1,global,184,0.7609,0.7905,0.8235
5,4,MLP-FedProx-mu0.01,arm3,0.1,0,102,0.8137,0.8902,0.8969
5,4,MLP-FedProx-mu0.01,arm3,0.1,1,22,0.7727,0.5455,0.8333
5,4,MLP-FedProx-mu0.01,arm3,0.1,2,4,0.75,0.8571,nan
5,4,MLP-FedProx-mu0.01,arm3,0.1,3,56,0.6607,0.0,nan
5,4,MLP-FedProx-mu0.01,arm3,natural,global,184,0.7446,0.7614,0.8312
5,4,MLP-FedProx-mu0.01,arm3,natural,0,72,0.7778,0.75,0.8556
5,4,MLP-FedProx-mu0.01,arm3,natural,1,56,0.6964,0.5641,0.8084
5,4,MLP-FedProx-mu0.01,arm3,natural,2,23,0.8696,0.9268,0.8636
5,4,MLP-FedProx-mu0.01,arm3,natural,3,33,0.6667,0.7925,0.4505
6,0,MLP-FedProx-mu0.01,arm3,100,global,184,0.7663,0.7861,0.8287
6,0,MLP-FedProx-mu0.01,arm3,100,0,49,0.8367,0.75,0.8996
6,0,MLP-FedProx-mu0.01,arm3,100,1,55,0.7273,0.7887,0.7975
6,0,MLP-FedProx-mu0.01,arm3,100,2,34,0.7353,0.7805,0.7652
6,0,MLP-FedProx-mu0.01,arm3,100,3,46,0.7609,0.807,0.8095
6,0,MLP-FedProx-mu0.01,arm3,1.0,global,184,0.7609,0.7755,0.8256
6,0,MLP-FedProx-mu0.01,arm3,1.0,0,6,1.0,1.0,1.0
6,0,MLP-FedProx-mu0.01,arm3,1.0,1,76,0.7763,0.4516,0.8375
6,0,MLP-FedProx-mu0.01,arm3,1.0,2,66,0.697,0.8,0.7817
6,0,MLP-FedProx-mu0.01,arm3,1.0,3,36,0.8056,0.8852,0.899
6,0,MLP-FedProx-mu0.01,arm3,0.5,global,184,0.788,0.8186,0.8281
6,0,MLP-FedProx-mu0.01,arm3,0.5,0,61,0.8197,0.8,0.8982
6,0,MLP-FedProx-mu0.01,arm3,0.5,1,82,0.8415,0.9008,0.8507
6,0,MLP-FedProx-mu0.01,arm3,0.5,2,32,0.625,0.1429,0.4483
6,0,MLP-FedProx-mu0.01,arm3,0.5,3,9,0.6667,0.8,0.75
6,0,MLP-FedProx-mu0.01,arm3,0.1,global,184,0.7663,0.7861,0.8294
6,0,MLP-FedProx-mu0.01,arm3,0.1,0,22,0.8182,0.0,nan
6,0,MLP-FedProx-mu0.01,arm3,0.1,1,129,0.7442,0.7591,0.8138
6,0,MLP-FedProx-mu0.01,arm3,0.1,2,3,0.6667,0.8,0.5
6,0,MLP-FedProx-mu0.01,arm3,0.1,3,30,0.8333,0.9091,nan
6,0,MLP-FedProx-mu0.01,arm3,natural,global,184,0.7826,0.8198,0.8229
6,0,MLP-FedProx-mu0.01,arm3,natural,0,59,0.7288,0.7333,0.7977
6,0,MLP-FedProx-mu0.01,arm3,natural,1,57,0.807,0.7442,0.8504
6,0,MLP-FedProx-mu0.01,arm3,natural,2,28,0.8929,0.9388,0.8438
6,0,MLP-FedProx-mu0.01,arm3,natural,3,40,0.75,0.8571,0.4833
6,1,MLP-FedProx-mu0.01,arm3,100,global,184,0.7663,0.7701,0.8385
6,1,MLP-FedProx-mu0.01,arm3,100,0,48,0.6875,0.6939,0.7205
6,1,MLP-FedProx-mu0.01,arm3,100,1,46,0.6739,0.6667,0.8269
6,1,MLP-FedProx-mu0.01,arm3,100,2,44,0.9091,0.9091,0.9854
6,1,MLP-FedProx-mu0.01,arm3,100,3,46,0.8043,0.8163,0.8611
6,1,MLP-FedProx-mu0.01,arm3,1.0,global,184,0.75,0.7928,0.8391
6,1,MLP-FedProx-mu0.01,arm3,1.0,0,6,0.6667,0.6667,0.7778
6,1,MLP-FedProx-mu0.01,arm3,1.0,1,75,0.6667,0.359,0.7308
6,1,MLP-FedProx-mu0.01,arm3,1.0,2,62,0.8065,0.8868,0.8727
6,1,MLP-FedProx-mu0.01,arm3,1.0,3,41,0.8293,0.9014,0.9
6,1,MLP-FedProx-mu0.01,arm3,0.5,global,184,0.7446,0.7565,0.8349
6,1,MLP-FedProx-mu0.01,arm3,0.5,0,49,0.6531,0.6047,0.6995
6,1,MLP-FedProx-mu0.01,arm3,0.5,1,84,0.7619,0.8413,0.8609
6,1,MLP-FedProx-mu0.01,arm3,0.5,2,46,0.8261,0.5556,0.9121
6,1,MLP-FedProx-mu0.01,arm3,0.5,3,5,0.6,0.6667,1.0
6,1,MLP-FedProx-mu0.01,arm3,0.1,global,184,0.7554,0.7541,0.8346
6,1,MLP-FedProx-mu0.01,arm3,0.1,0,13,0.8462,0.0,nan
6,1,MLP-FedProx-mu0.01,arm3,0.1,1,140,0.75,0.7244,0.824
6,1,MLP-FedProx-mu0.01,arm3,0.1,2,4,0.5,0.6667,nan
6,1,MLP-FedProx-mu0.01,arm3,0.1,3,27,0.7778,0.875,nan
6,1,MLP-FedProx-mu0.01,arm3,natural,global,184,0.7772,0.8111,0.8414
6,1,MLP-FedProx-mu0.01,arm3,natural,0,55,0.7273,0.6512,0.7957
6,1,MLP-FedProx-mu0.01,arm3,natural,1,63,0.7778,0.7879,0.8424
6,1,MLP-FedProx-mu0.01,arm3,natural,2,19,0.8421,0.9143,0.7059
6,1,MLP-FedProx-mu0.01,arm3,natural,3,47,0.8085,0.8767,0.7964
6,2,MLP-FedProx-mu0.01,arm3,100,global,184,0.7717,0.8174,0.8783
6,2,MLP-FedProx-mu0.01,arm3,100,0,42,0.7143,0.75,0.7914
6,2,MLP-FedProx-mu0.01,arm3,100,1,44,0.7273,0.8,0.8547
6,2,MLP-FedProx-mu0.01,arm3,100,2,46,0.8261,0.8571,0.9811
6,2,MLP-FedProx-mu0.01,arm3,100,3,52,0.8077,0.8485,0.8694
6,2,MLP-FedProx-mu0.01,arm3,1.0,global,184,0.7391,0.7447,0.8587
6,2,MLP-FedProx-mu0.01,arm3,1.0,0,4,0.5,0.0,0.6667
6,2,MLP-FedProx-mu0.01,arm3,1.0,1,84,0.7738,0.5366,0.862
6,2,MLP-FedProx-mu0.01,arm3,1.0,2,58,0.7414,0.8387,0.8796
6,2,MLP-FedProx-mu0.01,arm3,1.0,3,38,0.6842,0.7692,0.8646
6,2,MLP-FedProx-mu0.01,arm3,0.5,global,184,0.7663,0.7981,0.8661
6,2,MLP-FedProx-mu0.01,arm3,0.5,0,50,0.82,0.8085,0.8815
6,2,MLP-FedProx-mu0.01,arm3,0.5,1,78,0.7821,0.8682,0.7815
6,2,MLP-FedProx-mu0.01,arm3,0.5,2,49,0.6939,0.4,0.8299
6,2,MLP-FedProx-mu0.01,arm3,0.5,3,7,0.7143,0.8333,0.8333
6,2,MLP-FedProx-mu0.01,arm3,0.1,global,184,0.7772,0.796,0.8734
6,2,MLP-FedProx-mu0.01,arm3,0.1,0,13,0.6923,0.0,nan
6,2,MLP-FedProx-mu0.01,arm3,0.1,1,133,0.782,0.7752,0.8676
6,2,MLP-FedProx-mu0.01,arm3,0.1,2,8,0.875,0.9333,nan
6,2,MLP-FedProx-mu0.01,arm3,0.1,3,30,0.7667,0.8679,0.7586
6,2,MLP-FedProx-mu0.01,arm3,natural,global,184,0.7772,0.798,0.8691
6,2,MLP-FedProx-mu0.01,arm3,natural,0,64,0.7344,0.6667,0.8378
6,2,MLP-FedProx-mu0.01,arm3,natural,1,52,0.7692,0.6667,0.8316
6,2,MLP-FedProx-mu0.01,arm3,natural,2,26,0.8077,0.8936,nan
6,2,MLP-FedProx-mu0.01,arm3,natural,3,42,0.8333,0.8986,0.8788
6,3,MLP-FedProx-mu0.01,arm3,100,global,184,0.7663,0.7839,0.8595
6,3,MLP-FedProx-mu0.01,arm3,100,0,51,0.7843,0.7925,0.9123
6,3,MLP-FedProx-mu0.01,arm3,100,1,44,0.75,0.8,0.793
6,3,MLP-FedProx-mu0.01,arm3,100,2,48,0.75,0.76,0.8924
6,3,MLP-FedProx-mu0.01,arm3,100,3,41,0.7805,0.7805,0.8062
6,3,MLP-FedProx-mu0.01,arm3,1.0,global,184,0.7554,0.7805,0.8523
6,3,MLP-FedProx-mu0.01,arm3,1.0,0,5,0.4,0.4,0.6667
6,3,MLP-FedProx-mu0.01,arm3,1.0,1,75,0.76,0.5,0.8385
6,3,MLP-FedProx-mu0.01,arm3,1.0,2,69,0.7971,0.8772,0.8537
6,3,MLP-FedProx-mu0.01,arm3,1.0,3,35,0.7143,0.8,0.8218
6,3,MLP-FedProx-mu0.01,arm3,0.5,global,184,0.7391,0.7778,0.8527
6,3,MLP-FedProx-mu0.01,arm3,0.5,0,57,0.7719,0.7937,0.8926
6,3,MLP-FedProx-mu0.01,arm3,0.5,1,75,0.7467,0.8403,0.8095
6,3,MLP-FedProx-mu0.01,arm3,0.5,2,41,0.6829,0.3158,0.8716
6,3,MLP-FedProx-mu0.01,arm3,0.5,3,11,0.7273,0.8,0.7917
6,3,MLP-FedProx-mu0.01,arm3,0.1,global,184,0.7554,0.8085,0.8637
6,3,MLP-FedProx-mu0.01,arm3,0.1,0,19,0.5263,0.0,nan
6,3,MLP-FedProx-mu0.01,arm3,0.1,1,128,0.7344,0.7792,0.8635
6,3,MLP-FedProx-mu0.01,arm3,0.1,2,2,1.0,1.0,nan
6,3,MLP-FedProx-mu0.01,arm3,0.1,3,35,0.9429,0.9706,nan
6,3,MLP-FedProx-mu0.01,arm3,natural,global,184,0.7772,0.8194,0.8564
6,3,MLP-FedProx-mu0.01,arm3,natural,0,63,0.8413,0.8438,0.8939
6,3,MLP-FedProx-mu0.01,arm3,natural,1,55,0.6727,0.64,0.8604
6,3,MLP-FedProx-mu0.01,arm3,natural,2,29,0.8276,0.9057,0.6786
6,3,MLP-FedProx-mu0.01,arm3,natural,3,37,0.7838,0.8667,0.7413
6,4,MLP-FedProx-mu0.01,arm3,100,global,184,0.7446,0.759,0.8248
6,4,MLP-FedProx-mu0.01,arm3,100,0,46,0.7174,0.7111,0.8173
6,4,MLP-FedProx-mu0.01,arm3,100,1,46,0.6739,0.7059,0.7877
6,4,MLP-FedProx-mu0.01,arm3,100,2,41,0.7561,0.7917,0.8228
6,4,MLP-FedProx-mu0.01,arm3,100,3,51,0.8235,0.8235,0.8951
6,4,MLP-FedProx-mu0.01,arm3,1.0,global,184,0.7554,0.7761,0.8294
6,4,MLP-FedProx-mu0.01,arm3,1.0,0,6,0.6667,0.6667,0.75
6,4,MLP-FedProx-mu0.01,arm3,1.0,1,71,0.7606,0.4848,0.9484
6,4,MLP-FedProx-mu0.01,arm3,1.0,2,67,0.7313,0.8235,0.8326
6,4,MLP-FedProx-mu0.01,arm3,1.0,3,40,0.8,0.8667,0.9221
6,4,MLP-FedProx-mu0.01,arm3,0.5,global,184,0.7772,0.8057,0.8333
6,4,MLP-FedProx-mu0.01,arm3,0.5,0,61,0.7541,0.7761,0.7996
6,4,MLP-FedProx-mu0.01,arm3,0.5,1,69,0.7971,0.8679,0.8129
6,4,MLP-FedProx-mu0.01,arm3,0.5,2,40,0.75,0.5,0.9167
6,4,MLP-FedProx-mu0.01,arm3,0.5,3,14,0.8571,0.8889,0.95
6,4,MLP-FedProx-mu0.01,arm3,0.1,global,184,0.7554,0.7644,0.8244
6,4,MLP-FedProx-mu0.01,arm3,0.1,0,20,0.85,0.0,nan
6,4,MLP-FedProx-mu0.01,arm3,0.1,1,116,0.7155,0.6796,0.7872
6,4,MLP-FedProx-mu0.01,arm3,0.1,2,9,0.6667,0.7692,0.625
6,4,MLP-FedProx-mu0.01,arm3,0.1,3,39,0.8462,0.9167,nan
6,4,MLP-FedProx-mu0.01,arm3,natural,global,184,0.7663,0.8,0.8295
6,4,MLP-FedProx-mu0.01,arm3,natural,0,62,0.8387,0.8387,0.8683
6,4,MLP-FedProx-mu0.01,arm3,natural,1,67,0.7313,0.7188,0.9157
6,4,MLP-FedProx-mu0.01,arm3,natural,2,21,0.8095,0.8947,0.75
6,4,MLP-FedProx-mu0.01,arm3,natural,3,34,0.6765,0.7843,0.5867
7,0,MLP-FedProx-mu0.01,arm3,100,global,184,0.75,0.7604,0.8211
7,0,MLP-FedProx-mu0.01,arm3,100,0,57,0.7193,0.75,0.8056
7,0,MLP-FedProx-mu0.01,arm3,100,1,51,0.7451,0.7719,0.8222
7,0,MLP-FedProx-mu0.01,arm3,100,2,33,0.7879,0.8,0.8296
7,0,MLP-FedProx-mu0.01,arm3,100,3,43,0.7674,0.7222,0.8333
7,0,MLP-FedProx-mu0.01,arm3,1.0,global,184,0.7283,0.7685,0.8254
7,0,MLP-FedProx-mu0.01,arm3,1.0,0,21,0.5238,0.375,0.7778
7,0,MLP-FedProx-mu0.01,arm3,1.0,1,38,0.7632,0.8302,0.8506
7,0,MLP-FedProx-mu0.01,arm3,1.0,2,105,0.7619,0.7934,0.8513
7,0,MLP-FedProx-mu0.01,arm3,1.0,3,20,0.7,0.7692,0.7582
7,0,MLP-FedProx-mu0.01,arm3,0.5,global,184,0.7391,0.7624,0.8245
7,0,MLP-FedProx-mu0.01,arm3,0.5,0,37,0.6757,0.75,0.76
7,0,MLP-FedProx-mu0.01,arm3,0.5,1,99,0.7475,0.8,0.8281
7,0,MLP-FedProx-mu0.01,arm3,0.5,2,31,0.8065,0.0,nan
7,0,MLP-FedProx-mu0.01,arm3,0.5,3,17,0.7059,0.7826,0.7167
7,0,MLP-FedProx-mu0.01,arm3,0.1,global,184,0.75,0.7629,0.815
7,0,MLP-FedProx-mu0.01,arm3,0.1,0,24,0.7917,0.0,nan
7,0,MLP-FedProx-mu0.01,arm3,0.1,1,9,0.5556,0.7143,nan
7,0,MLP-FedProx-mu0.01,arm3,0.1,2,8,0.875,0.9333,nan
7,0,MLP-FedProx-mu0.01,arm3,0.1,3,143,0.7483,0.775,0.8432
7,0,MLP-FedProx-mu0.01,arm3,natural,global,184,0.7337,0.7763,0.822
7,0,MLP-FedProx-mu0.01,arm3,natural,0,57,0.7544,0.7407,0.8638
7,0,MLP-FedProx-mu0.01,arm3,natural,1,60,0.7167,0.6909,0.8732
7,0,MLP-FedProx-mu0.01,arm3,natural,2,26,0.8077,0.8936,0.68
7,0,MLP-FedProx-mu0.01,arm3,natural,3,41,0.6829,0.7937,0.6006
7,1,MLP-FedProx-mu0.01,arm3,100,global,184,0.8098,0.8205,0.8906
7,1,MLP-FedProx-mu0.01,arm3,100,0,55,0.8909,0.9143,0.9474
7,1,MLP-FedProx-mu0.01,arm3,100,1,36,0.7222,0.6667,0.7969
7,1,MLP-FedProx-mu0.01,arm3,100,2,46,0.8043,0.8163,0.8967
7,1,MLP-FedProx-mu0.01,arm3,100,3,47,0.7872,0.7826,0.8967
7,1,MLP-FedProx-mu0.01,arm3,1.0,global,184,0.8098,0.8241,0.8916
7,1,MLP-FedProx-mu0.01,arm3,1.0,0,29,0.7931,0.7,0.8947
7,1,MLP-FedProx-mu0.01,arm3,1.0,1,28,0.8929,0.9333,0.9391
7,1,MLP-FedProx-mu0.01,arm3,1.0,2,105,0.7714,0.7818,0.8586
7,1,MLP-FedProx-mu0.01,arm3,1.0,3,22,0.9091,0.9167,0.9316
7,1,MLP-FedProx-mu0.01,arm3,0.5,global,184,0.8098,0.8205,0.8887
7,1,MLP-FedProx-mu0.01,arm3,0.5,0,44,0.9318,0.9508,0.9531
7,1,MLP-FedProx-mu0.01,arm3,0.5,1,93,0.7634,0.7963,0.844
7,1,MLP-FedProx-mu0.01,arm3,0.5,2,30,0.7667,0.0,nan
7,1,MLP-FedProx-mu0.01,arm3,0.5,3,17,0.8235,0.8421,0.9697
7,1,MLP-FedProx-mu0.01,arm3,0.1,global,184,0.8098,0.8205,0.8879
7,1,MLP-FedProx-mu0.01,arm3,0.1,0,20,0.8,0.3333,0.8611
7,1,MLP-FedProx-mu0.01,arm3,0.1,1,9,0.8889,0.9412,nan
7,1,MLP-FedProx-mu0.01,arm3,0.1,2,8,0.75,0.8571,nan
7,1,MLP-FedProx-mu0.01,arm3,0.1,3,147,0.8095,0.8228,0.8797
7,1,MLP-FedProx-mu0.01,arm3,natural,global,184,0.8043,0.8163,0.8835
7,1,MLP-FedProx-mu0.01,arm3,natural,0,69,0.7826,0.717,0.8684
7,1,MLP-FedProx-mu0.01,arm3,natural,1,58,0.8103,0.7556,0.8649
7,1,MLP-FedProx-mu0.01,arm3,natural,2,21,0.8571,0.9189,0.85
7,1,MLP-FedProx-mu0.01,arm3,natural,3,36,0.8056,0.8852,0.671
7,2,MLP-FedProx-mu0.01,arm3,100,global,184,0.7826,0.802,0.8485
7,2,MLP-FedProx-mu0.01,arm3,100,0,40,0.75,0.7727,0.8271
7,2,MLP-FedProx-mu0.01,arm3,100,1,40,0.875,0.8718,0.8914
7,2,MLP-FedProx-mu0.01,arm3,100,2,53,0.7736,0.8065,0.8333
7,2,MLP-FedProx-mu0.01,arm3,100,3,51,0.7451,0.7719,0.8349
7,2,MLP-FedProx-mu0.01,arm3,1.0,global,184,0.7826,0.798,0.8476
7,2,MLP-FedProx-mu0.01,arm3,1.0,0,21,0.619,0.3333,0.75
7,2,MLP-FedProx-mu0.01,arm3,1.0,1,24,0.8333,0.8667,0.9832
7,2,MLP-FedProx-mu0.01,arm3,1.0,2,118,0.8051,0.816,0.8678
7,2,MLP-FedProx-mu0.01,arm3,1.0,3,21,0.7619,0.8387,0.7941
7,2,MLP-FedProx-mu0.01,arm3,0.5,global,184,0.7717,0.7835,0.851
7,2,MLP-FedProx-mu0.01,arm3,0.5,0,33,0.7273,0.7429,0.761
7,2,MLP-FedProx-mu0.01,arm3,0.5,1,95,0.7579,0.813,0.8747
7,2,MLP-FedProx-mu0.01,arm3,0.5,2,37,0.8649,0.2857,0.9167
7,2,MLP-FedProx-mu0.01,arm3,0.5,3,19,0.7368,0.8276,0.7708
7,2,MLP-FedProx-mu0.01,arm3,0.1,global,184,0.7663,0.7772,0.8398
7,2,MLP-FedProx-mu0.01,arm3,0.1,0,25,0.92,0.6667,0.9348
7,2,MLP-FedProx-mu0.01,arm3,0.1,1,17,0.7059,0.8276,nan
7,2,MLP-FedProx-mu0.01,arm3,0.1,2,5,0.8,0.8889,nan
7,2,MLP-FedProx-mu0.01,arm3,0.1,3,137,0.7445,0.7651,0.8262
7,2,MLP-FedProx-mu0.01,arm3,natural,global,184,0.8098,0.8387,0.8562
7,2,MLP-FedProx-mu0.01,arm3,natural,0,60,0.8167,0.8,0.8519
7,2,MLP-FedProx-mu0.01,arm3,natural,1,56,0.75,0.7083,0.8583
7,2,MLP-FedProx-mu0.01,arm3,natural,2,30,0.9333,0.9655,0.6207
7,2,MLP-FedProx-mu0.01,arm3,natural,3,38,0.7895,0.8571,0.7388
7,3,MLP-FedProx-mu0.01,arm3,100,global,184,0.7554,0.7805,0.8572
7,3,MLP-FedProx-mu0.01,arm3,100,0,39,0.7436,0.7222,0.828
7,3,MLP-FedProx-mu0.01,arm3,100,1,48,0.6667,0.6667,0.8663
7,3,MLP-FedProx-mu0.01,arm3,100,2,39,0.7436,0.7826,0.8371
7,3,MLP-FedProx-mu0.01,arm3,100,3,58,0.8448,0.88,0.9009
7,3,MLP-FedProx-mu0.01,arm3,1.0,global,184,0.788,0.8203,0.8561
7,3,MLP-FedProx-mu0.01,arm3,1.0,0,20,0.7,0.5,0.7333
7,3,MLP-FedProx-mu0.01,arm3,1.0,1,30,0.8,0.8421,0.89
7,3,MLP-FedProx-mu0.01,arm3,1.0,2,107,0.7664,0.8031,0.8556
7,3,MLP-FedProx-mu0.01,arm3,1.0,3,27,0.9259,0.95,0.9429
7,3,MLP-FedProx-mu0.01,arm3,0.5,global,184,0.7609,0.7778,0.8529
7,3,MLP-FedProx-mu0.01,arm3,0.5,0,27,0.8148,0.8276,0.8444
7,3,MLP-FedProx-mu0.01,arm3,0.5,1,108,0.75,0.8,0.8498
7,3,MLP-FedProx-mu0.01,arm3,0.5,2,27,0.7778,0.0,nan
7,3,MLP-FedProx-mu0.01,arm3,0.5,3,22,0.7273,0.7857,0.8958
7,3,MLP-FedProx-mu0.01,arm3,0.1,global,184,0.7609,0.7885,0.863
7,3,MLP-FedProx-mu0.01,arm3,0.1,0,24,0.6667,0.0,nan
7,3,MLP-FedProx-mu0.01,arm3,0.1,1,16,0.8125,0.8966,nan
7,3,MLP-FedProx-mu0.01,arm3,0.1,2,8,0.875,0.9333,nan
7,3,MLP-FedProx-mu0.01,arm3,0.1,3,136,0.7647,0.7949,0.8677
7,3,MLP-FedProx-mu0.01,arm3,natural,global,184,0.7717,0.8125,0.8524
7,3,MLP-FedProx-mu0.01,arm3,natural,0,51,0.7647,0.75,0.8587
7,3,MLP-FedProx-mu0.01,arm3,natural,1,61,0.7541,0.717,0.8274
7,3,MLP-FedProx-mu0.01,arm3,natural,2,27,0.8519,0.913,0.7935
7,3,MLP-FedProx-mu0.01,arm3,natural,3,45,0.7556,0.8571,0.7029
7,4,MLP-FedProx-mu0.01,arm3,100,global,184,0.7337,0.7803,0.8189
7,4,MLP-FedProx-mu0.01,arm3,100,0,39,0.7179,0.807,0.8117
7,4,MLP-FedProx-mu0.01,arm3,100,1,48,0.8125,0.8571,0.9148
7,4,MLP-FedProx-mu0.01,arm3,100,2,38,0.6579,0.6829,0.6947
7,4,MLP-FedProx-mu0.01,arm3,100,3,59,0.7288,0.7419,0.8472
7,4,MLP-FedProx-mu0.01,arm3,1.0,global,184,0.7446,0.7793,0.8217
7,4,MLP-FedProx-mu0.01,arm3,1.0,0,18,0.6667,0.6667,0.775
7,4,MLP-FedProx-mu0.01,arm3,1.0,1,34,0.8824,0.9286,0.975
7,4,MLP-FedProx-mu0.01,arm3,1.0,2,104,0.7212,0.7184,0.8171
7,4,MLP-FedProx-mu0.01,arm3,1.0,3,28,0.7143,0.7778,0.8021
7,4,MLP-FedProx-mu0.01,arm3,0.5,global,184,0.7663,0.7962,0.8175
7,4,MLP-FedProx-mu0.01,arm3,0.5,0,30,0.7667,0.8293,0.7778
7,4,MLP-FedProx-mu0.01,arm3,0.5,1,94,0.7979,0.8527,0.8759
7,4,MLP-FedProx-mu0.01,arm3,0.5,2,36,0.7222,0.0,nan
7,4,MLP-FedProx-mu0.01,arm3,0.5,3,24,0.7083,0.7742,0.7857
7,4,MLP-FedProx-mu0.01,arm3,0.1,global,184,0.7283,0.7788,0.8247
7,4,MLP-FedProx-mu0.01,arm3,0.1,0,22,0.5,0.1538,0.9048
7,4,MLP-FedProx-mu0.01,arm3,0.1,1,16,0.9375,0.9677,nan
7,4,MLP-FedProx-mu0.01,arm3,0.1,2,9,0.5556,0.7143,nan
7,4,MLP-FedProx-mu0.01,arm3,0.1,3,137,0.7518,0.7976,0.8316
7,4,MLP-FedProx-mu0.01,arm3,natural,global,184,0.7391,0.7647,0.8145
7,4,MLP-FedProx-mu0.01,arm3,natural,0,66,0.7121,0.678,0.7978
7,4,MLP-FedProx-mu0.01,arm3,natural,1,59,0.7627,0.7308,0.8673
7,4,MLP-FedProx-mu0.01,arm3,natural,2,19,0.8421,0.9091,0.8889
7,4,MLP-FedProx-mu0.01,arm3,natural,3,40,0.7,0.8,0.7054
8,0,MLP-FedProx-mu0.01,arm3,100,global,184,0.7609,0.7944,0.8221
8,0,MLP-FedProx-mu0.01,arm3,100,0,35,0.6,0.65,0.6928
8,0,MLP-FedProx-mu0.01,arm3,100,1,52,0.8462,0.8857,0.8594
8,0,MLP-FedProx-mu0.01,arm3,100,2,49,0.7755,0.807,0.7967
8,0,MLP-FedProx-mu0.01,arm3,100,3,48,0.7708,0.766,0.8504
8,0,MLP-FedProx-mu0.01,arm3,1.0,global,184,0.7717,0.7812,0.8176
8,0,MLP-FedProx-mu0.01,arm3,1.0,0,41,0.7805,0.7429,0.7729
8,0,MLP-FedProx-mu0.01,arm3,1.0,1,9,0.7778,0.8333,0.7857
8,0,MLP-FedProx-mu0.01,arm3,1.0,2,94,0.734,0.7253,0.8093
8,0,MLP-FedProx-mu0.01,arm3,1.0,3,40,0.85,0.8889,0.9133
8,0,MLP-FedProx-mu0.01,arm3,0.5,global,184,0.7609,0.7778,0.8141
8,0,MLP-FedProx-mu0.01,arm3,0.5,0,22,0.7727,0.7826,0.8417
8,0,MLP-FedProx-mu0.01,arm3,0.5,1,3,0.6667,0.8,nan
8,0,MLP-FedProx-mu0.01,arm3,0.5,2,115,0.7652,0.8163,0.8079
8,0,MLP-FedProx-mu0.01,arm3,0.5,3,44,0.75,0.5217,0.8764
8,0,MLP-FedProx-mu0.01,arm3,0.1,global,184,0.6793,0.659,0.8073
8,0,MLP-FedProx-mu0.01,arm3,0.1,0,69,0.5797,0.7339,nan
8,0,MLP-FedProx-mu0.01,arm3,0.1,1,83,0.8193,0.0,nan
8,0,MLP-FedProx-mu0.01,arm3,0.1,2,23,0.6087,0.7568,nan
8,0,MLP-FedProx-mu0.01,arm3,0.1,3,9,0.3333,0.5,nan
8,0,MLP-FedProx-mu0.01,arm3,natural,global,184,0.7554,0.7867,0.8157
8,0,MLP-FedProx-mu0.01,arm3,natural,0,60,0.75,0.717,0.7969
8,0,MLP-FedProx-mu0.01,arm3,natural,1,58,0.7586,0.72,0.8472
8,0,MLP-FedProx-mu0.01,arm3,natural,2,25,0.8,0.8889,0.6522
8,0,MLP-FedProx-mu0.01,arm3,natural,3,41,0.7317,0.8254,0.6207
8,1,MLP-FedProx-mu0.01,arm3,100,global,184,0.7826,0.8214,0.8788
8,1,MLP-FedProx-mu0.01,arm3,100,0,48,0.6875,0.717,0.7722
8,1,MLP-FedProx-mu0.01,arm3,100,1,49,0.8367,0.8889,0.9347
8,1,MLP-FedProx-mu0.01,arm3,100,2,41,0.7317,0.7556,0.8589
8,1,MLP-FedProx-mu0.01,arm3,100,3,46,0.8696,0.8889,0.9524
8,1,MLP-FedProx-mu0.01,arm3,1.0,global,184,0.75,0.7788,0.8741
8,1,MLP-FedProx-mu0.01,arm3,1.0,0,51,0.6471,0.5909,0.7746
8,1,MLP-FedProx-mu0.01,arm3,1.0,1,13,0.8462,0.9167,nan
8,1,MLP-FedProx-mu0.01,arm3,1.0,2,84,0.7381,0.7442,0.8923
8,1,MLP-FedProx-mu0.01,arm3,1.0,3,36,0.8889,0.9259,1.0
8,1,MLP-FedProx-mu0.01,arm3,0.5,global,184,0.788,0.8219,0.8721
8,1,MLP-FedProx-mu0.01,arm3,0.5,0,28,0.7143,0.6667,0.8187
8,1,MLP-FedProx-mu0.01,arm3,0.5,1,9,0.7778,0.875,0.125
8,1,MLP-FedProx-mu0.01,arm3,0.5,2,103,0.8252,0.8784,0.9049
8,1,MLP-FedProx-mu0.01,arm3,0.5,3,44,0.75,0.6452,0.9146
8,1,MLP-FedProx-mu0.01,arm3,0.1,global,184,0.7772,0.827,0.8656
8,1,MLP-FedProx-mu0.01,arm3,0.1,0,67,0.9851,0.9925,nan
8,1,MLP-FedProx-mu0.01,arm3,0.1,1,82,0.5488,0.0,nan
8,1,MLP-FedProx-mu0.01,arm3,0.1,2,26,0.8846,0.9388,nan
8,1,MLP-FedProx-mu0.01,arm3,0.1,3,9,1.0,1.0,nan
8,1,MLP-FedProx-mu0.01,arm3,natural,global,184,0.7717,0.7941,0.8682
8,1,MLP-FedProx-mu0.01,arm3,natural,0,57,0.807,0.8136,0.9132
8,1,MLP-FedProx-mu0.01,arm3,natural,1,64,0.7656,0.6809,0.8398
8,1,MLP-FedProx-mu0.01,arm3,natural,2,24,0.8333,0.9,0.9318
8,1,MLP-FedProx-mu0.01,arm3,natural,3,39,0.6923,0.7931,0.7481
8,2,MLP-FedProx-mu0.01,arm3,100,global,184,0.7772,0.796,0.8517
8,2,MLP-FedProx-mu0.01,arm3,100,0,46,0.7826,0.7917,0.8431
8,2,MLP-FedProx-mu0.01,arm3,100,1,45,0.8,0.8421,0.8807
8,2,MLP-FedProx-mu0.01,arm3,100,2,51,0.7255,0.6818,0.8477
8,2,MLP-FedProx-mu0.01,arm3,100,3,42,0.8095,0.8462,0.8534
8,2,MLP-FedProx-mu0.01,arm3,1.0,global,184,0.7554,0.7982,0.8521
8,2,MLP-FedProx-mu0.01,arm3,1.0,0,43,0.6047,0.5854,0.8103
8,2,MLP-FedProx-mu0.01,arm3,1.0,1,10,0.9,0.9474,0.4444
8,2,MLP-FedProx-mu0.01,arm3,1.0,2,94,0.7979,0.819,0.8798
8,2,MLP-FedProx-mu0.01,arm3,1.0,3,37,0.7838,0.8621,0.8429
8,2,MLP-FedProx-mu0.01,arm3,0.5,global,184,0.7826,0.8148,0.8523
8,2,MLP-FedProx-mu0.01,arm3,0.5,0,30,0.6667,0.7222,0.8393
8,2,MLP-FedProx-mu0.01,arm3,0.5,1,10,0.9,0.9091,1.0
8,2,MLP-FedProx-mu0.01,arm3,0.5,2,108,0.8056,0.8531,0.8409
8,2,MLP-FedProx-mu0.01,arm3,0.5,3,36,0.7778,0.6923,0.9136
8,2,MLP-FedProx-mu0.01,arm3,0.1,global,184,0.7391,0.7391,0.838
8,2,MLP-FedProx-mu0.01,arm3,0.1,0,60,0.65,0.7879,nan
8,2,MLP-FedProx-mu0.01,arm3,0.1,1,82,0.8293,0.0,nan
8,2,MLP-FedProx-mu0.01,arm3,0.1,2,27,0.7778,0.875,nan
8,2,MLP-FedProx-mu0.01,arm3,0.1,3,15,0.5333,0.6957,nan
8,2,MLP-FedProx-mu0.01,arm3,natural,global,184,0.7826,0.8039,0.8523
8,2,MLP-FedProx-mu0.01,arm3,natural,0,69,0.7681,0.7037,0.8258
8,2,MLP-FedProx-mu0.01,arm3,natural,1,58,0.8276,0.8214,0.9236
8,2,MLP-FedProx-mu0.01,arm3,natural,2,21,0.7143,0.8235,0.5789
8,2,MLP-FedProx-mu0.01,arm3,natural,3,36,0.7778,0.8667,0.6611
8,3,MLP-FedProx-mu0.01,arm3,100,global,184,0.7446,0.7892,0.8098
8,3,MLP-FedProx-mu0.01,arm3,100,0,46,0.7609,0.8,0.84
8,3,MLP-FedProx-mu0.01,arm3,100,1,44,0.6818,0.72,0.764
8,3,MLP-FedProx-mu0.01,arm3,100,2,47,0.7447,0.8065,0.7782
8,3,MLP-FedProx-mu0.01,arm3,100,3,47,0.7872,0.8214,0.8333
8,3,MLP-FedProx-mu0.01,arm3,1.0,global,184,0.7391,0.7474,0.8024
8,3,MLP-FedProx-mu0.01,arm3,1.0,0,44,0.8636,0.8235,0.8482
8,3,MLP-FedProx-mu0.01,arm3,1.0,1,10,0.4,0.5714,nan
8,3,MLP-FedProx-mu0.01,arm3,1.0,2,76,0.7368,0.7222,0.8326
8,3,MLP-FedProx-mu0.01,arm3,1.0,3,54,0.7037,0.7714,0.8018
8,3,MLP-FedProx-mu0.01,arm3,0.5,global,184,0.7446,0.7662,0.8045
8,3,MLP-FedProx-mu0.01,arm3,0.5,0,26,0.5385,0.4,0.5758
8,3,MLP-FedProx-mu0.01,arm3,0.5,1,7,1.0,1.0,1.0
8,3,MLP-FedProx-mu0.01,arm3,0.5,2,108,0.7685,0.8227,0.8128
8,3,MLP-FedProx-mu0.01,arm3,0.5,3,43,0.7674,0.6875,0.8641
8,3,MLP-FedProx-mu0.01,arm3,0.1,global,184,0.5924,0.7191,0.8054
8,3,MLP-FedProx-mu0.01,arm3,0.1,0,65,0.9385,0.9683,nan
8,3,MLP-FedProx-mu0.01,arm3,0.1,1,81,0.1605,0.0,nan
8,3,MLP-FedProx-mu0.01,arm3,0.1,2,20,0.9,0.9474,nan
8,3,MLP-FedProx-mu0.01,arm3,0.1,3,18,0.9444,0.9714,0.9412
8,3,MLP-FedProx-mu0.01,arm3,natural,global,184,0.7228,0.7358,0.79
8,3,MLP-FedProx-mu0.01,arm3,natural,0,59,0.678,0.5778,0.7331
8,3,MLP-FedProx-mu0.01,arm3,natural,1,61,0.8033,0.75,0.8535
8,3,MLP-FedProx-mu0.01,arm3,natural,2,22,0.6818,0.8,0.9048
8,3,MLP-FedProx-mu0.01,arm3,natural,3,42,0.6905,0.8,0.5938
8,4,MLP-FedProx-mu0.01,arm3,100,global,184,0.8098,0.8416,0.8849
8,4,MLP-FedProx-mu0.01,arm3,100,0,39,0.8462,0.8889,0.9029
8,4,MLP-FedProx-mu0.01,arm3,100,1,46,0.8043,0.8421,0.8596
8,4,MLP-FedProx-mu0.01,arm3,100,2,54,0.8333,0.8475,0.9245
8,4,MLP-FedProx-mu0.01,arm3,100,3,45,0.7556,0.7843,0.8281
8,4,MLP-FedProx-mu0.01,arm3,1.0,global,184,0.7989,0.8279,0.8801
8,4,MLP-FedProx-mu0.01,arm3,1.0,0,35,0.8286,0.8333,0.9267
8,4,MLP-FedProx-mu0.01,arm3,1.0,1,11,0.9091,0.9412,0.9444
8,4,MLP-FedProx-mu0.01,arm3,1.0,2,101,0.7525,0.7525,0.8649
8,4,MLP-FedProx-mu0.01,arm3,1.0,3,37,0.8649,0.918,0.8656
8,4,MLP-FedProx-mu0.01,arm3,0.5,global,184,0.8043,0.8269,0.8835
8,4,MLP-FedProx-mu0.01,arm3,0.5,0,16,0.875,0.8333,1.0
8,4,MLP-FedProx-mu0.01,arm3,0.5,1,10,0.8,0.875,0.8889
8,4,MLP-FedProx-mu0.01,arm3,0.5,2,115,0.7913,0.8442,0.8748
8,4,MLP-FedProx-mu0.01,arm3,0.5,3,43,0.814,0.6923,0.915
8,4,MLP-FedProx-mu0.01,arm3,0.1,global,184,0.7609,0.7684,0.861
8,4,MLP-FedProx-mu0.01,arm3,0.1,0,63,0.746,0.8545,nan
8,4,MLP-FedProx-mu0.01,arm3,0.1,1,82,0.8171,0.0,nan
8,4,MLP-FedProx-mu0.01,arm3,0.1,2,23,0.5652,0.7222,nan
8,4,MLP-FedProx-mu0.01,arm3,0.1,3,16,0.8125,0.8966,nan
8,4,MLP-FedProx-mu0.01,arm3,natural,global,184,0.788,0.8134,0.8835
8,4,MLP-FedProx-mu0.01,arm3,natural,0,58,0.8103,0.7843,0.9128
8,4,MLP-FedProx-mu0.01,arm3,natural,1,53,0.717,0.6341,0.8578
8,4,MLP-FedProx-mu0.01,arm3,natural,2,31,0.9677,0.9831,0.9667
8,4,MLP-FedProx-mu0.01,arm3,natural,3,42,0.7143,0.7931,0.773
9,0,MLP-FedProx-mu0.01,arm3,100,global,184,0.7772,0.794,0.8712
9,0,MLP-FedProx-mu0.01,arm3,100,0,58,0.8276,0.8485,0.8958
9,0,MLP-FedProx-mu0.01,arm3,100,1,29,0.7241,0.7143,0.8838
9,0,MLP-FedProx-mu0.01,arm3,100,2,43,0.7674,0.7917,0.8289
9,0,MLP-FedProx-mu0.01,arm3,100,3,54,0.7593,0.7719,0.8878
9,0,MLP-FedProx-mu0.01,arm3,1.0,global,184,0.7717,0.7857,0.8676
9,0,MLP-FedProx-mu0.01,arm3,1.0,0,41,0.7805,0.1818,1.0
9,0,MLP-FedProx-mu0.01,arm3,1.0,1,23,0.7391,0.6667,0.7679
9,0,MLP-FedProx-mu0.01,arm3,1.0,2,52,0.7885,0.8817,nan
9,0,MLP-FedProx-mu0.01,arm3,1.0,3,68,0.7647,0.7838,0.9079
9,0,MLP-FedProx-mu0.01,arm3,0.5,global,184,0.7935,0.7979,0.8607
9,0,MLP-FedProx-mu0.01,arm3,0.5,0,6,0.8333,0.9091,nan
9,0,MLP-FedProx-mu0.01,arm3,0.5,1,33,0.7879,0.8372,0.885
9,0,MLP-FedProx-mu0.01,arm3,0.5,2,65,0.8769,0.0,nan
9,0,MLP-FedProx-mu0.01,arm3,0.5,3,80,0.725,0.8254,0.7657
9,0,MLP-FedProx-mu0.01,arm3,0.1,global,184,0.7717,0.7857,0.8596
9,0,MLP-FedProx-mu0.01,arm3,0.1,0,76,0.7368,0.6,0.8771
9,0,MLP-FedProx-mu0.01,arm3,0.1,1,6,1.0,1.0,nan
9,0,MLP-FedProx-mu0.01,arm3,0.1,2,88,0.7841,0.855,0.8668
9,0,MLP-FedProx-mu0.01,arm3,0.1,3,14,0.7857,0.0,nan
9,0,MLP-FedProx-mu0.01,arm3,natural,global,184,0.7772,0.794,0.8604
9,0,MLP-FedProx-mu0.01,arm3,natural,0,64,0.7969,0.7547,0.8659
9,0,MLP-FedProx-mu0.01,arm3,natural,1,53,0.8113,0.7619,0.9149
9,0,MLP-FedProx-mu0.01,arm3,natural,2,25,0.72,0.8205,0.6667
9,0,MLP-FedProx-mu0.01,arm3,natural,3,42,0.7381,0.8308,0.7172
9,1,MLP-FedProx-mu0.01,arm3,100,global,184,0.8043,0.8286,0.8758
9,1,MLP-FedProx-mu0.01,arm3,100,0,48,0.75,0.7931,0.8969
9,1,MLP-FedProx-mu0.01,arm3,100,1,55,0.8727,0.8511,0.9022
9,1,MLP-FedProx-mu0.01,arm3,100,2,42,0.6667,0.7407,0.75
9,1,MLP-FedProx-mu0.01,arm3,100,3,39,0.9231,0.9412,0.9229
9,1,MLP-FedProx-mu0.01,arm3,1.0,global,184,0.7826,0.8261,0.8714
9,1,MLP-FedProx-mu0.01,arm3,1.0,0,44,0.5909,0.1,0.8372
9,1,MLP-FedProx-mu0.01,arm3,1.0,1,27,0.6296,0.5455,0.8968
9,1,MLP-FedProx-mu0.01,arm3,1.0,2,63,0.9048,0.9492,0.9355
9,1,MLP-FedProx-mu0.01,arm3,1.0,3,50,0.88,0.9143,0.902
9,1,MLP-FedProx-mu0.01,arm3,0.5,global,184,0.8043,0.82,0.8623
9,1,MLP-FedProx-mu0.01,arm3,0.5,0,8,0.75,0.8571,nan
9,1,MLP-FedProx-mu0.01,arm3,0.5,1,38,0.7895,0.8571,0.875
9,1,MLP-FedProx-mu0.01,arm3,0.5,2,66,0.803,0.0,nan
9,1,MLP-FedProx-mu0.01,arm3,0.5,3,72,0.8194,0.8889,0.9258
9,1,MLP-FedProx-mu0.01,arm3,0.1,global,184,0.8043,0.8269,0.8668
9,1,MLP-FedProx-mu0.01,arm3,0.1,0,68,0.7794,0.6341,0.8582
9,1,MLP-FedProx-mu0.01,arm3,0.1,1,7,0.7143,0.8333,nan
9,1,MLP-FedProx-mu0.01,arm3,0.1,2,103,0.8252,0.8831,0.846
9,1,MLP-FedProx-mu0.01,arm3,0.1,3,6,0.8333,0.0,nan
9,1,MLP-FedProx-mu0.01,arm3,natural,global,184,0.8098,0.8276,0.8694
9,1,MLP-FedProx-mu0.01,arm3,natural,0,55,0.8364,0.8,0.884
9,1,MLP-FedProx-mu0.01,arm3,natural,1,64,0.7656,0.6939,0.8409
9,1,MLP-FedProx-mu0.01,arm3,natural,2,26,0.8846,0.9388,0.8
9,1,MLP-FedProx-mu0.01,arm3,natural,3,39,0.7949,0.8667,0.7852
9,2,MLP-FedProx-mu0.01,arm3,100,global,184,0.7446,0.7614,0.8417
9,2,MLP-FedProx-mu0.01,arm3,100,0,53,0.6981,0.7037,0.82
9,2,MLP-FedProx-mu0.01,arm3,100,1,42,0.7619,0.7826,0.8146
9,2,MLP-FedProx-mu0.01,arm3,100,2,47,0.766,0.7755,0.8626
9,2,MLP-FedProx-mu0.01,arm3,100,3,42,0.7619,0.7917,0.8612
9,2,MLP-FedProx-mu0.01,arm3,1.0,global,184,0.7283,0.7368,0.8276
9,2,MLP-FedProx-mu0.01,arm3,1.0,0,38,0.7632,0.0,nan
9,2,MLP-FedProx-mu0.01,arm3,1.0,1,31,0.7419,0.6667,0.8333
9,2,MLP-FedProx-mu0.01,arm3,1.0,2,54,0.6852,0.809,0.9245
9,2,MLP-FedProx-mu0.01,arm3,1.0,3,61,0.7377,0.7647,0.8765
9,2,MLP-FedProx-mu0.01,arm3,0.5,global,184,0.7283,0.7423,0.8278
9,2,MLP-FedProx-mu0.01,arm3,0.5,0,12,0.8333,0.9091,nan
9,2,MLP-FedProx-mu0.01,arm3,0.5,1,38,0.6842,0.7391,0.7594
9,2,MLP-FedProx-mu0.01,arm3,0.5,2,54,0.7778,0.0,nan
9,2,MLP-FedProx-mu0.01,arm3,0.5,3,80,0.7,0.7895,0.8289
9,2,MLP-FedProx-mu0.01,arm3,0.1,global,184,0.7609,0.7925,0.8306
9,2,MLP-FedProx-mu0.01,arm3,0.1,0,72,0.6667,0.6,0.7365
9,2,MLP-FedProx-mu0.01,arm3,0.1,1,7,0.7143,0.8333,nan
9,2,MLP-FedProx-mu0.01,arm3,0.1,2,88,0.8295,0.8905,0.9036
9,2,MLP-FedProx-mu0.01,arm3,0.1,3,17,0.8235,0.0,nan
9,2,MLP-FedProx-mu0.01,arm3,natural,global,184,0.7935,0.8304,0.8294
9,2,MLP-FedProx-mu0.01,arm3,natural,0,57,0.8421,0.8525,0.884
9,2,MLP-FedProx-mu0.01,arm3,natural,1,66,0.7576,0.7419,0.8195
9,2,MLP-FedProx-mu0.01,arm3,natural,2,21,0.8095,0.8947,0.8
9,2,MLP-FedProx-mu0.01,arm3,natural,3,40,0.775,0.8571,0.6966
9,3,MLP-FedProx-mu0.01,arm3,100,global,184,0.7391,0.7624,0.8005
9,3,MLP-FedProx-mu0.01,arm3,100,0,47,0.8298,0.8182,0.8569
9,3,MLP-FedProx-mu0.01,arm3,100,1,43,0.7209,0.7857,0.7262
9,3,MLP-FedProx-mu0.01,arm3,100,2,46,0.7391,0.7778,0.8135
9,3,MLP-FedProx-mu0.01,arm3,100,3,48,0.6667,0.6667,0.7426
9,3,MLP-FedProx-mu0.01,arm3,1.0,global,184,0.7283,0.7642,0.809
9,3,MLP-FedProx-mu0.01,arm3,1.0,0,33,0.7273,0.0,0.5938
9,3,MLP-FedProx-mu0.01,arm3,1.0,1,28,0.6786,0.6667,0.7667
9,3,MLP-FedProx-mu0.01,arm3,1.0,2,59,0.7797,0.8762,nan
9,3,MLP-FedProx-mu0.01,arm3,1.0,3,64,0.7031,0.7324,0.7803
9,3,MLP-FedProx-mu0.01,arm3,0.5,global,184,0.7174,0.7263,0.7962
9,3,MLP-FedProx-mu0.01,arm3,0.5,0,7,0.2857,0.4444,nan
9,3,MLP-FedProx-mu0.01,arm3,0.5,1,26,0.7308,0.7879,0.9323
9,3,MLP-FedProx-mu0.01,arm3,0.5,2,64,0.7344,0.0,nan
9,3,MLP-FedProx-mu0.01,arm3,0.5,3,87,0.7356,0.8244,0.8266
9,3,MLP-FedProx-mu0.01,arm3,0.1,global,184,0.7283,0.7525,0.8133
9,3,MLP-FedProx-mu0.01,arm3,0.1,0,63,0.6825,0.375,0.7531
9,3,MLP-FedProx-mu0.01,arm3,0.1,1,6,0.8333,0.9091,0.6
9,3,MLP-FedProx-mu0.01,arm3,0.1,2,105,0.7429,0.828,0.8225
9,3,MLP-FedProx-mu0.01,arm3,0.1,3,10,0.8,0.0,nan
9,3,MLP-FedProx-mu0.01,arm3,natural,global,184,0.7337,0.7841,0.8113
9,3,MLP-FedProx-mu0.01,arm3,natural,0,68,0.6912,0.6957,0.7504
9,3,MLP-FedProx-mu0.01,arm3,natural,1,52,0.7692,0.76,0.9171
9,3,MLP-FedProx-mu0.01,arm3,natural,2,26,0.8462,0.913,0.8261
9,3,MLP-FedProx-mu0.01,arm3,natural,3,38,0.6842,0.8065,0.6857
9,4,MLP-FedProx-mu0.01,arm3,100,global,184,0.7717,0.8019,0.8724
9,4,MLP-FedProx-mu0.01,arm3,100,0,49,0.7551,0.8125,0.8327
9,4,MLP-FedProx-mu0.01,arm3,100,1,51,0.7451,0.7636,0.8565
9,4,MLP-FedProx-mu0.01,arm3,100,2,42,0.7857,0.8,0.9229
9,4,MLP-FedProx-mu0.01,arm3,100,3,42,0.8095,0.8333,0.9365
9,4,MLP-FedProx-mu0.01,arm3,1.0,global,184,0.7663,0.7861,0.8625
9,4,MLP-FedProx-mu0.01,arm3,1.0,0,38,0.6842,0.25,0.9028
9,4,MLP-FedProx-mu0.01,arm3,1.0,1,33,0.8182,0.7273,0.935
9,4,MLP-FedProx-mu0.01,arm3,1.0,2,63,0.7778,0.875,nan
9,4,MLP-FedProx-mu0.01,arm3,1.0,3,50,0.78,0.7843,0.9113
9,4,MLP-FedProx-mu0.01,arm3,0.5,global,184,0.7554,0.7541,0.8624
9,4,MLP-FedProx-mu0.01,arm3,0.5,0,13,0.6154,0.7619,0.0833
9,4,MLP-FedProx-mu0.01,arm3,0.5,1,27,0.6296,0.7059,0.746
9,4,MLP-FedProx-mu0.01,arm3,0.5,2,62,0.8871,0.0,nan
9,4,MLP-FedProx-mu0.01,arm3,0.5,3,82,0.7195,0.8099,0.845
9,4,MLP-FedProx-mu0.01,arm3,0.1,global,184,0.7826,0.802,0.8595
9,4,MLP-FedProx-mu0.01,arm3,0.1,0,75,0.7867,0.6923,0.9055
9,4,MLP-FedProx-mu0.01,arm3,0.1,1,7,0.7143,0.8333,nan
9,4,MLP-FedProx-mu0.01,arm3,0.1,2,87,0.7586,0.8444,0.7817
9,4,MLP-FedProx-mu0.01,arm3,0.1,3,15,0.9333,0.6667,1.0
9,4,MLP-FedProx-mu0.01,arm3,natural,global,184,0.7772,0.794,0.8657
9,4,MLP-FedProx-mu0.01,arm3,natural,0,59,0.7458,0.6809,0.8779
9,4,MLP-FedProx-mu0.01,arm3,natural,1,59,0.7797,0.6829,0.8699
9,4,MLP-FedProx-mu0.01,arm3,natural,2,25,0.84,0.913,nan
9,4,MLP-FedProx-mu0.01,arm3,natural,3,41,0.7805,0.8615,0.6806
0,0,MLP-FedProx-mu0.05,arm3,100,global,184,0.7935,0.8137,0.8654
0,0,MLP-FedProx-mu0.05,arm3,100,0,35,0.7714,0.7895,0.8322
0,0,MLP-FedProx-mu0.05,arm3,100,1,47,0.8085,0.8235,0.8243
0,0,MLP-FedProx-mu0.05,arm3,100,2,50,0.84,0.8519,0.9058
0,0,MLP-FedProx-mu0.05,arm3,100,3,52,0.75,0.7869,0.8818
0,0,MLP-FedProx-mu0.05,arm3,1.0,global,184,0.7935,0.8137,0.8665
0,0,MLP-FedProx-mu0.05,arm3,1.0,0,32,0.8125,0.8235,0.8984
0,0,MLP-FedProx-mu0.05,arm3,1.0,1,72,0.8056,0.8409,0.8453
0,0,MLP-FedProx-mu0.05,arm3,1.0,2,48,0.8125,0.8235,0.8677
0,0,MLP-FedProx-mu0.05,arm3,1.0,3,32,0.7188,0.7097,0.8988
0,0,MLP-FedProx-mu0.05,arm3,0.5,global,184,0.788,0.8152,0.8481
0,0,MLP-FedProx-mu0.05,arm3,0.5,0,62,0.7419,0.6364,0.798
0,0,MLP-FedProx-mu0.05,arm3,0.5,1,69,0.8841,0.9355,0.9343
0,0,MLP-FedProx-mu0.05,arm3,0.5,2,33,0.697,0.6429,0.876
0,0,MLP-FedProx-mu0.05,arm3,0.5,3,20,0.75,0.6667,0.8571
0,0,MLP-FedProx-mu0.05,arm3,0.1,global,184,0.7391,0.7303,0.8435
0,0,MLP-FedProx-mu0.05,arm3,0.1,0,61,0.8689,0.0,nan
0,0,MLP-FedProx-mu0.05,arm3,0.1,1,100,0.65,0.7879,nan
0,0,MLP-FedProx-mu0.05,arm3,0.1,2,14,0.7857,0.0,nan
0,0,MLP-FedProx-mu0.05,arm3,0.1,3,9,0.7778,0.0,0.75
0,0,MLP-FedProx-mu0.05,arm3,natural,global,184,0.7826,0.8,0.8524
0,0,MLP-FedProx-mu0.05,arm3,natural,0,66,0.7879,0.75,0.8636
0,0,MLP-FedProx-mu0.05,arm3,natural,1,60,0.85,0.8302,0.9365
0,0,MLP-FedProx-mu0.05,arm3,natural,2,22,0.7727,0.8649,0.625
0,0,MLP-FedProx-mu0.05,arm3,natural,3,36,0.6667,0.7778,0.6214
0,1,MLP-FedProx-mu0.05,arm3,100,global,184,0.7935,0.8304,0.8736
0,1,MLP-FedProx-mu0.05,arm3,100,0,37,0.6216,0.65,0.8274
0,1,MLP-FedProx-mu0.05,arm3,100,1,41,0.8293,0.8627,0.8995
0,1,MLP-FedProx-mu0.05,arm3,100,2,49,0.8571,0.8889,0.8897
0,1,MLP-FedProx-mu0.05,arm3,100,3,57,0.8246,0.8571,0.8951
0,1,MLP-FedProx-mu0.05,arm3,1.0,global,184,0.7935,0.8288,0.8739
0,1,MLP-FedProx-mu0.05,arm3,1.0,0,38,0.7368,0.7826,0.9417
0,1,MLP-FedProx-mu0.05,arm3,1.0,1,62,0.7581,0.8052,0.8294
0,1,MLP-FedProx-mu0.05,arm3,1.0,2,48,0.8958,0.9091,0.9441
0,1,MLP-FedProx-mu0.05,arm3,1.0,3,36,0.7778,0.8182,0.8483
0,1,MLP-FedProx-mu0.05,arm3,0.5,global,184,0.7826,0.8246,0.8669
0,1,MLP-FedProx-mu0.05,arm3,0.5,0,57,0.6316,0.4878,0.7885
0,1,MLP-FedProx-mu0.05,arm3,0.5,1,75,0.92,0.9559,0.8943
0,1,MLP-FedProx-mu0.05,arm3,0.5,2,33,0.8485,0.8571,0.9741
0,1,MLP-FedProx-mu0.05,arm3,0.5,3,19,0.5789,0.5,0.9
0,1,MLP-FedProx-mu0.05,arm3,0.1,global,184,0.6848,0.7752,0.8774
0,1,MLP-FedProx-mu0.05,arm3,0.1,0,59,0.339,0.0,nan
0,1,MLP-FedProx-mu0.05,arm3,0.1,1,102,0.9804,0.9901,nan
0,1,MLP-FedProx-mu0.05,arm3,0.1,2,16,0.25,0.0,nan
0,1,MLP-FedProx-mu0.05,arm3,0.1,3,7,0.2857,0.0,nan
0,1,MLP-FedProx-mu0.05,arm3,natural,global,184,0.7772,0.8194,0.8694
0,1,MLP-FedProx-mu0.05,arm3,natural,0,64,0.7812,0.7742,0.8889
0,1,MLP-FedProx-mu0.05,arm3,natural,1,51,0.7059,0.6512,0.8148
0,1,MLP-FedProx-mu0.05,arm3,natural,2,28,0.9286,0.963,0.8519
0,1,MLP-FedProx-mu0.05,arm3,natural,3,41,0.7561,0.8529,0.8194
0,2,MLP-FedProx-mu0.05,arm3,100,global,184,0.7174,0.732,0.8266
0,2,MLP-FedProx-mu0.05,arm3,100,0,37,0.7297,0.7059,0.8509
0,2,MLP-FedProx-mu0.05,arm3,100,1,53,0.7736,0.8125,0.872
0,2,MLP-FedProx-mu0.05,arm3,100,2,46,0.6087,0.5909,0.7562
0,2,MLP-FedProx-mu0.05,arm3,100,3,48,0.75,0.7692,0.8183
0,2,MLP-FedProx-mu0.05,arm3,1.0,global,184,0.7337,0.7513,0.8305
0,2,MLP-FedProx-mu0.05,arm3,1.0,0,42,0.7857,0.8163,0.8729
0,2,MLP-FedProx-mu0.05,arm3,1.0,1,72,0.7083,0.747,0.822
0,2,MLP-FedProx-mu0.05,arm3,1.0,2,46,0.6522,0.619,0.7614
0,2,MLP-FedProx-mu0.05,arm3,1.0,3,24,0.875,0.8696,0.9643
0,2,MLP-FedProx-mu0.05,arm3,0.5,global,184,0.7337,0.7678,0.8311
0,2,MLP-FedProx-mu0.05,arm3,0.5,0,60,0.7,0.5263,0.7807
0,2,MLP-FedProx-mu0.05,arm3,0.5,1,74,0.7838,0.875,0.9306
0,2,MLP-FedProx-mu0.05,arm3,0.5,2,34,0.7059,0.6875,0.8755
0,2,MLP-FedProx-mu0.05,arm3,0.5,3,16,0.6875,0.6154,0.9792
0,2,MLP-FedProx-mu0.05,arm3,0.1,global,184,0.7663,0.8122,0.8369
0,2,MLP-FedProx-mu0.05,arm3,0.1,0,64,0.6094,0.0,nan
0,2,MLP-FedProx-mu0.05,arm3,0.1,1,102,0.9118,0.9538,nan
0,2,MLP-FedProx-mu0.05,arm3,0.1,2,10,0.6,0.0,nan
0,2,MLP-FedProx-mu0.05,arm3,0.1,3,8,0.375,0.0,nan
0,2,MLP-FedProx-mu0.05,arm3,natural,global,184,0.7391,0.76,0.8295
0,2,MLP-FedProx-mu0.05,arm3,natural,0,54,0.7222,0.6809,0.8283
0,2,MLP-FedProx-mu0.05,arm3,natural,1,67,0.7761,0.717,0.8602
0,2,MLP-FedProx-mu0.05,arm3,natural,2,21,0.9048,0.95,nan
0,2,MLP-FedProx-mu0.05,arm3,natural,3,42,0.619,0.7333,0.6296
0,3,MLP-FedProx-mu0.05,arm3,100,global,184,0.7717,0.7835,0.8505
0,3,MLP-FedProx-mu0.05,arm3,100,0,41,0.8293,0.8293,0.8923
0,3,MLP-FedProx-mu0.05,arm3,100,1,49,0.7347,0.7234,0.7967
0,3,MLP-FedProx-mu0.05,arm3,100,2,44,0.75,0.8136,0.8457
0,3,MLP-FedProx-mu0.05,arm3,100,3,50,0.78,0.766,0.8744
0,3,MLP-FedProx-mu0.05,arm3,1.0,global,184,0.7772,0.7919,0.8499
0,3,MLP-FedProx-mu0.05,arm3,1.0,0,42,0.881,0.8936,0.9097
0,3,MLP-FedProx-mu0.05,arm3,1.0,1,76,0.75,0.7816,0.825
0,3,MLP-FedProx-mu0.05,arm3,1.0,2,38,0.6842,0.7,0.8089
0,3,MLP-FedProx-mu0.05,arm3,1.0,3,28,0.8214,0.7826,0.9062
0,3,MLP-FedProx-mu0.05,arm3,0.5,global,184,0.788,0.8116,0.8449
0,3,MLP-FedProx-mu0.05,arm3,0.5,0,65,0.7692,0.6341,0.8613
0,3,MLP-FedProx-mu0.05,arm3,0.5,1,76,0.8158,0.8971,0.9067
0,3,MLP-FedProx-mu0.05,arm3,0.5,2,28,0.7143,0.6667,0.8111
0,3,MLP-FedProx-mu0.05,arm3,0.5,3,15,0.8667,0.6667,1.0
0,3,MLP-FedProx-mu0.05,arm3,0.1,global,184,0.7663,0.7839,0.8316
0,3,MLP-FedProx-mu0.05,arm3,0.1,0,57,0.7544,0.0,nan
0,3,MLP-FedProx-mu0.05,arm3,0.1,1,103,0.767,0.8667,0.9412
0,3,MLP-FedProx-mu0.05,arm3,0.1,2,16,0.75,0.0,nan
0,3,MLP-FedProx-mu0.05,arm3,0.1,3,8,0.875,0.0,nan
0,3,MLP-FedProx-mu0.05,arm3,natural,global,184,0.7772,0.794,0.85
0,3,MLP-FedProx-mu0.05,arm3,natural,0,56,0.7321,0.7059,0.811
0,3,MLP-FedProx-mu0.05,arm3,natural,1,66,0.8182,0.7391,0.8762
0,3,MLP-FedProx-mu0.05,arm3,natural,2,24,0.875,0.9302,0.8409
0,3,MLP-FedProx-mu0.05,arm3,natural,3,38,0.7105,0.8136,0.6687
0,4,MLP-FedProx-mu0.05,arm3,100,global,184,0.7717,0.7812,0.8338
0,4,MLP-FedProx-mu0.05,arm3,100,0,36,0.8611,0.8649,0.8889
0,4,MLP-FedProx-mu0.05,arm3,100,1,44,0.75,0.7843,0.8462
0,4,MLP-FedProx-mu0.05,arm3,100,2,55,0.7455,0.7308,0.8355
0,4,MLP-FedProx-mu0.05,arm3,100,3,49,0.7551,0.7692,0.7943
0,4,MLP-FedProx-mu0.05,arm3,1.0,global,184,0.7554,0.7716,0.8318
0,4,MLP-FedProx-mu0.05,arm3,1.0,0,39,0.8718,0.8936,0.9778
0,4,MLP-FedProx-mu0.05,arm3,1.0,1,65,0.7385,0.7848,0.7917
0,4,MLP-FedProx-mu0.05,arm3,1.0,2,54,0.7037,0.6522,0.772
0,4,MLP-FedProx-mu0.05,arm3,1.0,3,26,0.7308,0.72,0.8485
0,4,MLP-FedProx-mu0.05,arm3,0.5,global,184,0.7609,0.78,0.8198
0,4,MLP-FedProx-mu0.05,arm3,0.5,0,59,0.7966,0.6667,0.8394
0,4,MLP-FedProx-mu0.05,arm3,0.5,1,74,0.7432,0.8455,0.9437
0,4,MLP-FedProx-mu0.05,arm3,0.5,2,34,0.7941,0.7742,0.8429
0,4,MLP-FedProx-mu0.05,arm3,0.5,3,17,0.6471,0.4,0.7667
0,4,MLP-FedProx-mu0.05,arm3,0.1,global,184,0.7391,0.7624,0.8118
0,4,MLP-FedProx-mu0.05,arm3,0.1,0,60,0.75,0.0,nan
0,4,MLP-FedProx-mu0.05,arm3,0.1,1,102,0.7549,0.8603,nan
0,4,MLP-FedProx-mu0.05,arm3,0.1,2,13,0.6923,0.0,nan
0,4,MLP-FedProx-mu0.05,arm3,0.1,3,9,0.5556,0.0,nan
0,4,MLP-FedProx-mu0.05,arm3,natural,global,184,0.7609,0.7982,0.8259
0,4,MLP-FedProx-mu0.05,arm3,natural,0,63,0.7778,0.7083,0.8348
0,4,MLP-FedProx-mu0.05,arm3,natural,1,50,0.62,0.6415,0.8144
0,4,MLP-FedProx-mu0.05,arm3,natural,2,28,0.7857,0.875,0.7467
0,4,MLP-FedProx-mu0.05,arm3,natural,3,43,0.8837,0.9275,0.8121
1,0,MLP-FedProx-mu0.05,arm3,100,global,184,0.7609,0.78,0.8323
1,0,MLP-FedProx-mu0.05,arm3,100,0,45,0.7111,0.7234,0.7431
1,0,MLP-FedProx-mu0.05,arm3,100,1,48,0.8333,0.8462,0.9214
1,0,MLP-FedProx-mu0.05,arm3,100,2,42,0.7143,0.7391,0.8205
1,0,MLP-FedProx-mu0.05,arm3,100,3,49,0.7755,0.8,0.8284
1,0,MLP-FedProx-mu0.05,arm3,1.0,global,184,0.7554,0.7926,0.8365
1,0,MLP-FedProx-mu0.05,arm3,1.0,0,67,0.7463,0.7018,0.8498
1,0,MLP-FedProx-mu0.05,arm3,1.0,1,52,0.8269,0.9011,0.99
1,0,MLP-FedProx-mu0.05,arm3,1.0,2,25,0.72,0.8108,0.7778
1,0,MLP-FedProx-mu0.05,arm3,1.0,3,40,0.7,0.625,0.9267
1,0,MLP-FedProx-mu0.05,arm3,0.5,global,184,0.7663,0.7962,0.8371
1,0,MLP-FedProx-mu0.05,arm3,0.5,0,40,0.675,0.6829,0.7877
1,0,MLP-FedProx-mu0.05,arm3,0.5,1,53,0.8491,0.8667,0.9077
1,0,MLP-FedProx-mu0.05,arm3,0.5,2,51,0.7059,0.5946,0.8269
1,0,MLP-FedProx-mu0.05,arm3,0.5,3,40,0.825,0.9041,nan
1,0,MLP-FedProx-mu0.05,arm3,0.1,global,184,0.5489,0.7088,0.792
1,0,MLP-FedProx-mu0.05,arm3,0.1,0,19,0.2105,0.3478,0.8833
1,0,MLP-FedProx-mu0.05,arm3,0.1,1,34,0.5294,0.6923,0.8507
1,0,MLP-FedProx-mu0.05,arm3,0.1,2,55,0.0545,0.1034,0.6667
1,0,MLP-FedProx-mu0.05,arm3,0.1,3,76,1.0,1.0,nan
1,0,MLP-FedProx-mu0.05,arm3,natural,global,184,0.7609,0.8018,0.8307
1,0,MLP-FedProx-mu0.05,arm3,natural,0,55,0.7818,0.75,0.8824
1,0,MLP-FedProx-mu0.05,arm3,natural,1,58,0.7586,0.75,0.8571
1,0,MLP-FedProx-mu0.05,arm3,natural,2,25,0.84,0.9091,0.7879
1,0,MLP-FedProx-mu0.05,arm3,natural,3,46,0.6957,0.8108,0.5915
1,1,MLP-FedProx-mu0.05,arm3,100,global,184,0.7337,0.7841,0.8267
1,1,MLP-FedProx-mu0.05,arm3,100,0,30,0.7333,0.75,0.9095
1,1,MLP-FedProx-mu0.05,arm3,100,1,53,0.7736,0.8125,0.805
1,1,MLP-FedProx-mu0.05,arm3,100,2,52,0.6731,0.7385,0.7781
1,1,MLP-FedProx-mu0.05,arm3,100,3,49,0.7551,0.8182,0.8379
1,1,MLP-FedProx-mu0.05,arm3,1.0,global,184,0.7283,0.7807,0.8324
1,1,MLP-FedProx-mu0.05,arm3,1.0,0,55,0.6727,0.6087,0.8718
1,1,MLP-FedProx-mu0.05,arm3,1.0,1,60,0.8167,0.8972,0.6784
1,1,MLP-FedProx-mu0.05,arm3,1.0,2,25,0.84,0.8947,0.9127
1,1,MLP-FedProx-mu0.05,arm3,1.0,3,44,0.6136,0.5405,0.8623
1,1,MLP-FedProx-mu0.05,arm3,0.5,global,184,0.7717,0.8056,0.8273
1,1,MLP-FedProx-mu0.05,arm3,0.5,0,25,0.8,0.8,0.9091
1,1,MLP-FedProx-mu0.05,arm3,0.5,1,55,0.7818,0.7857,0.7884
1,1,MLP-FedProx-mu0.05,arm3,0.5,2,55,0.6545,0.5581,0.8153
1,1,MLP-FedProx-mu0.05,arm3,0.5,3,49,0.8776,0.9348,nan
1,1,MLP-FedProx-mu0.05,arm3,0.1,global,184,0.5543,0.7133,0.8092
1,1,MLP-FedProx-mu0.05,arm3,0.1,0,12,0.25,0.4,0.8519
1,1,MLP-FedProx-mu0.05,arm3,0.1,1,31,0.3226,0.4878,0.8571
1,1,MLP-FedProx-mu0.05,arm3,0.1,2,53,0.0189,0.037,0.5962
1,1,MLP-FedProx-mu0.05,arm3,0.1,3,88,1.0,1.0,nan
1,1,MLP-FedProx-mu0.05,arm3,natural,global,184,0.7283,0.7807,0.8349
1,1,MLP-FedProx-mu0.05,arm3,natural,0,61,0.7541,0.7619,0.8312
1,1,MLP-FedProx-mu0.05,arm3,natural,1,63,0.6825,0.6774,0.8522
1,1,MLP-FedProx-mu0.05,arm3,natural,2,26,0.8077,0.8936,0.8
1,1,MLP-FedProx-mu0.05,arm3,natural,3,34,0.7059,0.8214,0.6947
1,2,MLP-FedProx-mu0.05,arm3,100,global,184,0.8043,0.8218,0.8733
1,2,MLP-FedProx-mu0.05,arm3,100,0,44,0.7955,0.7805,0.8471
1,2,MLP-FedProx-mu0.05,arm3,100,1,38,0.8947,0.9091,0.9468
1,2,MLP-FedProx-mu0.05,arm3,100,2,49,0.8367,0.8519,0.931
1,2,MLP-FedProx-mu0.05,arm3,100,3,53,0.717,0.7619,0.8029
1,2,MLP-FedProx-mu0.05,arm3,1.0,global,184,0.7989,0.8295,0.8735
1,2,MLP-FedProx-mu0.05,arm3,1.0,0,63,0.7619,0.6939,0.8209
1,2,MLP-FedProx-mu0.05,arm3,1.0,1,56,0.875,0.9333,0.6364
1,2,MLP-FedProx-mu0.05,arm3,1.0,2,22,0.8636,0.8966,0.9429
1,2,MLP-FedProx-mu0.05,arm3,1.0,3,43,0.7209,0.6471,0.9119
1,2,MLP-FedProx-mu0.05,arm3,0.5,global,184,0.8098,0.8309,0.8693
1,2,MLP-FedProx-mu0.05,arm3,0.5,0,39,0.8205,0.8108,0.8342
1,2,MLP-FedProx-mu0.05,arm3,0.5,1,42,0.8333,0.8372,0.9497
1,2,MLP-FedProx-mu0.05,arm3,0.5,2,55,0.7636,0.6667,0.88
1,2,MLP-FedProx-mu0.05,arm3,0.5,3,48,0.8333,0.9091,nan
1,2,MLP-FedProx-mu0.05,arm3,0.1,global,184,0.5543,0.7133,0.7985
1,2,MLP-FedProx-mu0.05,arm3,0.1,0,18,0.2222,0.3636,0.7857
1,2,MLP-FedProx-mu0.05,arm3,0.1,1,36,0.4722,0.6415,0.678
1,2,MLP-FedProx-mu0.05,arm3,0.1,2,50,0.02,0.0392,0.5306
1,2,MLP-FedProx-mu0.05,arm3,0.1,3,80,1.0,1.0,nan
1,2,MLP-FedProx-mu0.05,arm3,natural,global,184,0.8152,0.8426,0.8669
1,2,MLP-FedProx-mu0.05,arm3,natural,0,61,0.8197,0.8197,0.8581
1,2,MLP-FedProx-mu0.05,arm3,natural,1,61,0.7377,0.68,0.8584
1,2,MLP-FedProx-mu0.05,arm3,natural,2,30,0.9,0.9455,0.9464
1,2,MLP-FedProx-mu0.05,arm3,natural,3,32,0.875,0.92,0.8229
1,3,MLP-FedProx-mu0.05,arm3,100,global,184,0.7663,0.8037,0.8345
1,3,MLP-FedProx-mu0.05,arm3,100,0,41,0.8293,0.8372,0.8571
1,3,MLP-FedProx-mu0.05,arm3,100,1,40,0.775,0.8085,0.8159
1,3,MLP-FedProx-mu0.05,arm3,100,2,59,0.7627,0.8158,0.8635
1,3,MLP-FedProx-mu0.05,arm3,100,3,44,0.7045,0.7547,0.7937
1,3,MLP-FedProx-mu0.05,arm3,1.0,global,184,0.7609,0.7963,0.827
1,3,MLP-FedProx-mu0.05,arm3,1.0,0,60,0.8,0.76,0.8876
1,3,MLP-FedProx-mu0.05,arm3,1.0,1,60,0.8167,0.8991,0.6949
1,3,MLP-FedProx-mu0.05,arm3,1.0,2,18,0.7222,0.8148,0.8308
1,3,MLP-FedProx-mu0.05,arm3,1.0,3,46,0.6522,0.4667,0.8388
1,3,MLP-FedProx-mu0.05,arm3,0.5,global,184,0.7391,0.7692,0.8245
1,3,MLP-FedProx-mu0.05,arm3,0.5,0,39,0.8462,0.8421,0.8974
1,3,MLP-FedProx-mu0.05,arm3,0.5,1,40,0.675,0.6667,0.7368
1,3,MLP-FedProx-mu0.05,arm3,0.5,2,58,0.6207,0.5,0.8149
1,3,MLP-FedProx-mu0.05,arm3,0.5,3,47,0.8511,0.9195,nan
1,3,MLP-FedProx-mu0.05,arm3,0.1,global,184,0.5543,0.7133,0.8101
1,3,MLP-FedProx-mu0.05,arm3,0.1,0,13,0.2308,0.375,0.7667
1,3,MLP-FedProx-mu0.05,arm3,0.1,1,35,0.5143,0.6792,0.7908
1,3,MLP-FedProx-mu0.05,arm3,0.1,2,58,0.0517,0.0984,0.8606
1,3,MLP-FedProx-mu0.05,arm3,0.1,3,78,1.0,1.0,nan
1,3,MLP-FedProx-mu0.05,arm3,natural,global,184,0.75,0.787,0.8263
1,3,MLP-FedProx-mu0.05,arm3,natural,0,64,0.6875,0.6667,0.7901
1,3,MLP-FedProx-mu0.05,arm3,natural,1,53,0.7358,0.6818,0.805
1,3,MLP-FedProx-mu0.05,arm3,natural,2,18,0.8889,0.9412,0.8235
1,3,MLP-FedProx-mu0.05,arm3,natural,3,49,0.7959,0.8718,0.723
1,4,MLP-FedProx-mu0.05,arm3,100,global,184,0.7446,0.759,0.8696
1,4,MLP-FedProx-mu0.05,arm3,100,0,37,0.6486,0.6977,0.7618
1,4,MLP-FedProx-mu0.05,arm3,100,1,39,0.7692,0.7568,0.8895
1,4,MLP-FedProx-mu0.05,arm3,100,2,47,0.7447,0.75,0.881
1,4,MLP-FedProx-mu0.05,arm3,100,3,61,0.7869,0.806,0.893
1,4,MLP-FedProx-mu0.05,arm3,1.0,global,184,0.7772,0.8178,0.867
1,4,MLP-FedProx-mu0.05,arm3,1.0,0,60,0.6833,0.6667,0.8445
1,4,MLP-FedProx-mu0.05,arm3,1.0,1,50,0.88,0.9362,0.8776
1,4,MLP-FedProx-mu0.05,arm3,1.0,2,25,0.88,0.9143,0.9286
1,4,MLP-FedProx-mu0.05,arm3,1.0,3,49,0.7347,0.6667,0.9209
1,4,MLP-FedProx-mu0.05,arm3,0.5,global,184,0.7663,0.8018,0.8682
1,4,MLP-FedProx-mu0.05,arm3,0.5,0,31,0.6129,0.6667,0.7185
1,4,MLP-FedProx-mu0.05,arm3,0.5,1,46,0.8261,0.8462,0.9034
1,4,MLP-FedProx-mu0.05,arm3,0.5,2,55,0.7273,0.5714,0.8663
1,4,MLP-FedProx-mu0.05,arm3,0.5,3,52,0.8462,0.9149,0.9804
1,4,MLP-FedProx-mu0.05,arm3,0.1,global,184,0.5543,0.7133,0.7785
1,4,MLP-FedProx-mu0.05,arm3,0.1,0,14,0.2857,0.4444,0.5
1,4,MLP-FedProx-mu0.05,arm3,0.1,1,33,0.4848,0.6531,0.7868
1,4,MLP-FedProx-mu0.05,arm3,0.1,2,55,0.0,0.0,nan
1,4,MLP-FedProx-mu0.05,arm3,0.1,3,82,1.0,1.0,nan
1,4,MLP-FedProx-mu0.05,arm3,natural,global,184,0.7826,0.8182,0.8739
1,4,MLP-FedProx-mu0.05,arm3,natural,0,62,0.7903,0.7797,0.891
1,4,MLP-FedProx-mu0.05,arm3,natural,1,59,0.7797,0.7547,0.9103
1,4,MLP-FedProx-mu0.05,arm3,natural,2,24,0.7917,0.8837,0.5217
1,4,MLP-FedProx-mu0.05,arm3,natural,3,39,0.7692,0.8615,0.7889
2,0,MLP-FedProx-mu0.05,arm3,100,global,184,0.7826,0.8095,0.8576
2,0,MLP-FedProx-mu0.05,arm3,100,0,44,0.7273,0.7,0.8063
2,0,MLP-FedProx-mu0.05,arm3,100,1,59,0.7966,0.8286,0.8694
2,0,MLP-FedProx-mu0.05,arm3,100,2,36,0.8056,0.8205,0.8483
2,0,MLP-FedProx-mu0.05,arm3,100,3,45,0.8,0.8525,0.8761
2,0,MLP-FedProx-mu0.05,arm3,1.0,global,184,0.7772,0.8038,0.8567
2,0,MLP-FedProx-mu0.05,arm3,1.0,0,16,0.6875,0.2857,0.75
2,0,MLP-FedProx-mu0.05,arm3,1.0,1,28,0.8214,0.7059,0.932
2,0,MLP-FedProx-mu0.05,arm3,1.0,2,117,0.7692,0.8212,0.8262
2,0,MLP-FedProx-mu0.05,arm3,1.0,3,23,0.8261,0.8824,0.875
2,0,MLP-FedProx-mu0.05,arm3,0.5,global,184,0.7772,0.796,0.8421
2,0,MLP-FedProx-mu0.05,arm3,0.5,0,33,0.8182,0.0,nan
2,0,MLP-FedProx-mu0.05,arm3,0.5,1,65,0.7231,0.625,0.7421
2,0,MLP-FedProx-mu0.05,arm3,0.5,2,46,0.8043,0.8916,nan
2,0,MLP-FedProx-mu0.05,arm3,0.5,3,40,0.8,0.875,0.8355
2,0,MLP-FedProx-mu0.05,arm3,0.1,global,184,0.7337,0.7803,0.8302
2,0,MLP-FedProx-mu0.05,arm3,0.1,0,32,0.6875,0.0,nan
2,0,MLP-FedProx-mu0.05,arm3,0.1,1,67,0.5522,0.4231,0.6961
2,0,MLP-FedProx-mu0.05,arm3,0.1,2,55,0.8545,0.9216,nan
2,0,MLP-FedProx-mu0.05,arm3,0.1,3,30,0.9667,0.9831,nan
2,0,MLP-FedProx-mu0.05,arm3,natural,global,184,0.7446,0.7911,0.8499
2,0,MLP-FedProx-mu0.05,arm3,natural,0,60,0.75,0.7458,0.8721
2,0,MLP-FedProx-mu0.05,arm3,natural,1,64,0.75,0.7576,0.8749
2,0,MLP-FedProx-mu0.05,arm3,natural,2,23,0.913,0.9545,0.5455
2,0,MLP-FedProx-mu0.05,arm3,natural,3,37,0.6216,0.75,0.6817
2,1,MLP-FedProx-mu0.05,arm3,100,global,184,0.7772,0.794,0.8638
2,1,MLP-FedProx-mu0.05,arm3,100,0,34,0.7941,0.8293,0.8902
2,1,MLP-FedProx-mu0.05,arm3,100,1,55,0.7455,0.75,0.87
2,1,MLP-FedProx-mu0.05,arm3,100,2,46,0.7826,0.8077,0.8476
2,1,MLP-FedProx-mu0.05,arm3,100,3,49,0.7959,0.8,0.8796
2,1,MLP-FedProx-mu0.05,arm3,1.0,global,184,0.7826,0.8077,0.8693
2,1,MLP-FedProx-mu0.05,arm3,1.0,0,9,0.7778,0.6667,0.9286
2,1,MLP-FedProx-mu0.05,arm3,1.0,1,29,0.8621,0.7143,0.9667
2,1,MLP-FedProx-mu0.05,arm3,1.0,2,119,0.7395,0.8,0.8093
2,1,MLP-FedProx-mu0.05,arm3,1.0,3,27,0.8889,0.9091,0.9588
2,1,MLP-FedProx-mu0.05,arm3,0.5,global,184,0.7717,0.7921,0.8646
2,1,MLP-FedProx-mu0.05,arm3,0.5,0,30,0.8,0.0,nan
2,1,MLP-FedProx-mu0.05,arm3,0.5,1,67,0.7313,0.6667,0.835
2,1,MLP-FedProx-mu0.05,arm3,0.5,2,47,0.7872,0.8718,0.9621
2,1,MLP-FedProx-mu0.05,arm3,0.5,3,40,0.8,0.875,0.9371
2,1,MLP-FedProx-mu0.05,arm3,0.1,global,184,0.7554,0.7964,0.8602
2,1,MLP-FedProx-mu0.05,arm3,0.1,0,18,0.7778,0.0,nan
2,1,MLP-FedProx-mu0.05,arm3,0.1,1,77,0.6364,0.4815,0.8696
2,1,MLP-FedProx-mu0.05,arm3,0.1,2,59,0.8644,0.9273,nan
2,1,MLP-FedProx-mu0.05,arm3,0.1,3,30,0.8333,0.9057,0.8621
2,1,MLP-FedProx-mu0.05,arm3,natural,global,184,0.7717,0.8073,0.8717
2,1,MLP-FedProx-mu0.05,arm3,natural,0,57,0.7544,0.7812,0.8651
2,1,MLP-FedProx-mu0.05,arm3,natural,1,59,0.7797,0.6829,0.9106
2,1,MLP-FedProx-mu0.05,arm3,natural,2,26,0.8077,0.8889,1.0
2,1,MLP-FedProx-mu0.05,arm3,natural,3,42,0.7619,0.8529,0.6936
2,2,MLP-FedProx-mu0.05,arm3,100,global,184,0.7609,0.7755,0.8409
2,2,MLP-FedProx-mu0.05,arm3,100,0,40,0.8,0.84,0.9011
2,2,MLP-FedProx-mu0.05,arm3,100,1,53,0.7547,0.7797,0.8416
2,2,MLP-FedProx-mu0.05,arm3,100,2,44,0.75,0.7442,0.8406
2,2,MLP-FedProx-mu0.05,arm3,100,3,47,0.7447,0.7273,0.8018
2,2,MLP-FedProx-mu0.05,arm3,1.0,global,184,0.7609,0.7822,0.8442
2,2,MLP-FedProx-mu0.05,arm3,1.0,0,13,0.6923,0.6,0.75
2,2,MLP-FedProx-mu0.05,arm3,1.0,1,33,0.7879,0.72,0.8651
2,2,MLP-FedProx-mu0.05,arm3,1.0,2,106,0.7358,0.7778,0.8337
2,2,MLP-FedProx-mu0.05,arm3,1.0,3,32,0.8438,0.878,0.8615
2,2,MLP-FedProx-mu0.05,arm3,0.5,global,184,0.75,0.7527,0.832
2,2,MLP-FedProx-mu0.05,arm3,0.5,0,29,0.8276,0.0,nan
2,2,MLP-FedProx-mu0.05,arm3,0.5,1,72,0.7222,0.6429,0.8159
2,2,MLP-FedProx-mu0.05,arm3,0.5,2,42,0.7381,0.8493,nan
2,2,MLP-FedProx-mu0.05,arm3,0.5,3,41,0.7561,0.8077,0.7818
2,2,MLP-FedProx-mu0.05,arm3,0.1,global,184,0.7446,0.7729,0.8184
2,2,MLP-FedProx-mu0.05,arm3,0.1,0,22,0.8182,0.0,nan
2,2,MLP-FedProx-mu0.05,arm3,0.1,1,80,0.675,0.5357,0.7808
2,2,MLP-FedProx-mu0.05,arm3,0.1,2,59,0.7966,0.8868,nan
2,2,MLP-FedProx-mu0.05,arm3,0.1,3,23,0.7826,0.878,nan
2,2,MLP-FedProx-mu0.05,arm3,natural,global,184,0.7663,0.7962,0.8381
2,2,MLP-FedProx-mu0.05,arm3,natural,0,71,0.7324,0.6667,0.7849
2,2,MLP-FedProx-mu0.05,arm3,natural,1,47,0.7447,0.7143,0.8402
2,2,MLP-FedProx-mu0.05,arm3,natural,2,22,0.8636,0.9231,0.825
2,2,MLP-FedProx-mu0.05,arm3,natural,3,44,0.7955,0.8767,0.7302
2,3,MLP-FedProx-mu0.05,arm3,100,global,184,0.788,0.8079,0.8648
2,3,MLP-FedProx-mu0.05,arm3,100,0,47,0.8298,0.8333,0.9004
2,3,MLP-FedProx-mu0.05,arm3,100,1,51,0.7451,0.7869,0.8421
2,3,MLP-FedProx-mu0.05,arm3,100,2,46,0.7609,0.7925,0.7924
2,3,MLP-FedProx-mu0.05,arm3,100,3,40,0.825,0.8293,0.9123
2,3,MLP-FedProx-mu0.05,arm3,1.0,global,184,0.7989,0.8213,0.8626
2,3,MLP-FedProx-mu0.05,arm3,1.0,0,20,0.75,0.6154,0.8095
2,3,MLP-FedProx-mu0.05,arm3,1.0,1,26,0.8462,0.75,0.9333
2,3,MLP-FedProx-mu0.05,arm3,1.0,2,111,0.7928,0.8369,0.8244
2,3,MLP-FedProx-mu0.05,arm3,1.0,3,27,0.8148,0.8649,0.95
2,3,MLP-FedProx-mu0.05,arm3,0.5,global,184,0.7772,0.7919,0.8571
2,3,MLP-FedProx-mu0.05,arm3,0.5,0,32,0.7812,0.0,0.7097
2,3,MLP-FedProx-mu0.05,arm3,0.5,1,75,0.7333,0.6875,0.8105
2,3,MLP-FedProx-mu0.05,arm3,0.5,2,43,0.814,0.8947,1.0
2,3,MLP-FedProx-mu0.05,arm3,0.5,3,34,0.8235,0.88,0.9524
2,3,MLP-FedProx-mu0.05,arm3,0.1,global,184,0.7935,0.8333,0.8504
2,3,MLP-FedProx-mu0.05,arm3,0.1,0,29,0.6552,0.0,nan
2,3,MLP-FedProx-mu0.05,arm3,0.1,1,70,0.6571,0.5385,0.7719
2,3,MLP-FedProx-mu0.05,arm3,0.1,2,62,0.9516,0.9752,nan
2,3,MLP-FedProx-mu0.05,arm3,0.1,3,23,0.9565,0.9778,nan
2,3,MLP-FedProx-mu0.05,arm3,natural,global,184,0.8098,0.8472,0.8669
2,3,MLP-FedProx-mu0.05,arm3,natural,0,55,0.8364,0.8421,0.8987
2,3,MLP-FedProx-mu0.05,arm3,natural,1,56,0.7857,0.75,0.8905
2,3,MLP-FedProx-mu0.05,arm3,natural,2,32,0.8438,0.9123,0.7857
2,3,MLP-FedProx-mu0.05,arm3,natural,3,41,0.7805,0.8657,0.6909
2,4,MLP-FedProx-mu0.05,arm3,100,global,184,0.7663,0.7839,0.8455
2,4,MLP-FedProx-mu0.05,arm3,100,0,48,0.6875,0.6667,0.8455
2,4,MLP-FedProx-mu0.05,arm3,100,1,55,0.8,0.8308,0.8609
2,4,MLP-FedProx-mu0.05,arm3,100,2,36,0.8611,0.878,0.935
2,4,MLP-FedProx-mu0.05,arm3,100,3,45,0.7333,0.75,0.7348
2,4,MLP-FedProx-mu0.05,arm3,1.0,global,184,0.7989,0.8195,0.8468
2,4,MLP-FedProx-mu0.05,arm3,1.0,0,15,0.7333,0.6,0.8636
2,4,MLP-FedProx-mu0.05,arm3,1.0,1,34,0.7647,0.5556,0.9048
2,4,MLP-FedProx-mu0.05,arm3,1.0,2,103,0.8252,0.8657,0.8521
2,4,MLP-FedProx-mu0.05,arm3,1.0,3,32,0.7812,0.8372,0.7246
2,4,MLP-FedProx-mu0.05,arm3,0.5,global,184,0.7609,0.7732,0.8263
2,4,MLP-FedProx-mu0.05,arm3,0.5,0,37,0.8108,0.0,0.8333
2,4,MLP-FedProx-mu0.05,arm3,0.5,1,66,0.7424,0.6909,0.8414
2,4,MLP-FedProx-mu0.05,arm3,0.5,2,43,0.814,0.8974,nan
2,4,MLP-FedProx-mu0.05,arm3,0.5,3,38,0.6842,0.7778,0.7327
2,4,MLP-FedProx-mu0.05,arm3,0.1,global,184,0.7228,0.7773,0.8338
2,4,MLP-FedProx-mu0.05,arm3,0.1,0,32,0.5938,0.0,nan
2,4,MLP-FedProx-mu0.05,arm3,0.1,1,68,0.6029,0.5424,0.8278
2,4,MLP-FedProx-mu0.05,arm3,0.1,2,54,0.8704,0.9307,nan
2,4,MLP-FedProx-mu0.05,arm3,0.1,3,30,0.8667,0.9286,nan
2,4,MLP-FedProx-mu0.05,arm3,natural,global,184,0.7717,0.7879,0.8458
2,4,MLP-FedProx-mu0.05,arm3,natural,0,60,0.8167,0.766,0.8538
2,4,MLP-FedProx-mu0.05,arm3,natural,1,68,0.7353,0.6897,0.8425
2,4,MLP-FedProx-mu0.05,arm3,natural,2,20,0.8,0.8889,nan
2,4,MLP-FedProx-mu0.05,arm3,natural,3,36,0.75,0.8421,0.7946
3,0,MLP-FedProx-mu0.05,arm3,100,global,184,0.7609,0.7944,0.8305
3,0,MLP-FedProx-mu0.05,arm3,100,0,49,0.6531,0.6909,0.7374
3,0,MLP-FedProx-mu0.05,arm3,100,1,44,0.8864,0.902,0.9375
3,0,MLP-FedProx-mu0.05,arm3,100,2,42,0.7619,0.7727,0.8045
3,0,MLP-FedProx-mu0.05,arm3,100,3,49,0.7551,0.8125,0.8263
3,0,MLP-FedProx-mu0.05,arm3,1.0,global,184,0.7283,0.7449,0.8291
3,0,MLP-FedProx-mu0.05,arm3,1.0,0,14,0.7143,0.75,0.9333
3,0,MLP-FedProx-mu0.05,arm3,1.0,1,54,0.6667,0.7353,0.7721
3,0,MLP-FedProx-mu0.05,arm3,1.0,2,68,0.7941,0.8,0.8737
3,0,MLP-FedProx-mu0.05,arm3,1.0,3,48,0.7083,0.6667,0.7964
3,0,MLP-FedProx-mu0.05,arm3,0.5,global,184,0.7283,0.7423,0.8344
3,0,MLP-FedProx-mu0.05,arm3,0.5,0,40,0.7,0.8235,nan
3,0,MLP-FedProx-mu0.05,arm3,0.5,1,33,0.7273,0.5714,0.9198
3,0,MLP-FedProx-mu0.05,arm3,0.5,2,53,0.7736,0.7391,0.8814
3,0,MLP-FedProx-mu0.05,arm3,0.5,3,58,0.7069,0.7119,0.8167
3,0,MLP-FedProx-mu0.05,arm3,0.1,global,184,0.7283,0.7312,0.8246
3,0,MLP-FedProx-mu0.05,arm3,0.1,0,36,0.5833,0.7368,nan
3,0,MLP-FedProx-mu0.05,arm3,0.1,1,50,0.82,0.1818,0.9592
3,0,MLP-FedProx-mu0.05,arm3,0.1,2,87,0.7356,0.8,0.8696
3,0,MLP-FedProx-mu0.05,arm3,0.1,3,11,0.7273,0.0,nan
3,0,MLP-FedProx-mu0.05,arm3,natural,global,184,0.7446,0.7459,0.8318
3,0,MLP-FedProx-mu0.05,arm3,natural,0,73,0.7945,0.7458,0.8583
3,0,MLP-FedProx-mu0.05,arm3,natural,1,54,0.7963,0.7317,0.8442
3,0,MLP-FedProx-mu0.05,arm3,natural,2,19,0.6842,0.8125,0.6667
3,0,MLP-FedProx-mu0.05,arm3,natural,3,38,0.6053,0.717,0.613
3,1,MLP-FedProx-mu0.05,arm3,100,global,184,0.7554,0.7761,0.839
3,1,MLP-FedProx-mu0.05,arm3,100,0,46,0.7174,0.7234,0.8362
3,1,MLP-FedProx-mu0.05,arm3,100,1,33,0.7273,0.64,0.7826
3,1,MLP-FedProx-mu0.05,arm3,100,2,55,0.7273,0.7619,0.8613
3,1,MLP-FedProx-mu0.05,arm3,100,3,50,0.84,0.8788,0.877
3,1,MLP-FedProx-mu0.05,arm3,1.0,global,184,0.7609,0.7885,0.8416
3,1,MLP-FedProx-mu0.05,arm3,1.0,0,18,0.8333,0.88,0.9231
3,1,MLP-FedProx-mu0.05,arm3,1.0,1,53,0.7547,0.7719,0.84
3,1,MLP-FedProx-mu0.05,arm3,1.0,2,65,0.6923,0.7436,0.7929
3,1,MLP-FedProx-mu0.05,arm3,1.0,3,48,0.8333,0.8333,0.8794
3,1,MLP-FedProx-mu0.05,arm3,0.5,global,184,0.7663,0.7943,0.8345
3,1,MLP-FedProx-mu0.05,arm3,0.5,0,36,0.8056,0.8923,nan
3,1,MLP-FedProx-mu0.05,arm3,0.5,1,38,0.7368,0.2857,0.8667
3,1,MLP-FedProx-mu0.05,arm3,0.5,2,46,0.6522,0.6923,0.7771
3,1,MLP-FedProx-mu0.05,arm3,0.5,3,64,0.8438,0.8718,0.8897
3,1,MLP-FedProx-mu0.05,arm3,0.1,global,184,0.7554,0.7826,0.828
3,1,MLP-FedProx-mu0.05,arm3,0.1,0,30,0.7667,0.8679,nan
3,1,MLP-FedProx-mu0.05,arm3,0.1,1,50,0.64,0.0,0.102
3,1,MLP-FedProx-mu0.05,arm3,0.1,2,90,0.8222,0.8769,0.9043
3,1,MLP-FedProx-mu0.05,arm3,0.1,3,14,0.7143,0.3333,1.0
3,1,MLP-FedProx-mu0.05,arm3,natural,global,184,0.7663,0.8106,0.8349
3,1,MLP-FedProx-mu0.05,arm3,natural,0,66,0.7879,0.7941,0.8406
3,1,MLP-FedProx-mu0.05,arm3,natural,1,53,0.717,0.7059,0.8079
3,1,MLP-FedProx-mu0.05,arm3,natural,2,24,0.8333,0.9048,0.6825
3,1,MLP-FedProx-mu0.05,arm3,natural,3,41,0.7561,0.8485,0.772
3,2,MLP-FedProx-mu0.05,arm3,100,global,184,0.788,0.8134,0.8483
3,2,MLP-FedProx-mu0.05,arm3,100,0,40,0.75,0.7727,0.8496
3,2,MLP-FedProx-mu0.05,arm3,100,1,43,0.7674,0.7727,0.8528
3,2,MLP-FedProx-mu0.05,arm3,100,2,50,0.74,0.7451,0.8213
3,2,MLP-FedProx-mu0.05,arm3,100,3,51,0.8824,0.9143,0.9189
3,2,MLP-FedProx-mu0.05,arm3,1.0,global,184,0.7989,0.8213,0.8479
3,2,MLP-FedProx-mu0.05,arm3,1.0,0,15,0.6667,0.7619,0.74
3,2,MLP-FedProx-mu0.05,arm3,1.0,1,50,0.78,0.807,0.8785
3,2,MLP-FedProx-mu0.05,arm3,1.0,2,69,0.7681,0.8095,0.8164
3,2,MLP-FedProx-mu0.05,arm3,1.0,3,50,0.9,0.8889,0.876
3,2,MLP-FedProx-mu0.05,arm3,0.5,global,184,0.788,0.8134,0.8516
3,2,MLP-FedProx-mu0.05,arm3,0.5,0,39,0.8974,0.9459,nan
3,2,MLP-FedProx-mu0.05,arm3,0.5,1,32,0.6562,0.1538,0.5402
3,2,MLP-FedProx-mu0.05,arm3,0.5,2,46,0.6957,0.7083,0.8466
3,2,MLP-FedProx-mu0.05,arm3,0.5,3,67,0.8507,0.8649,0.8893
3,2,MLP-FedProx-mu0.05,arm3,0.1,global,184,0.788,0.804,0.8578
3,2,MLP-FedProx-mu0.05,arm3,0.1,0,30,0.8,0.8889,nan
3,2,MLP-FedProx-mu0.05,arm3,0.1,1,46,0.7391,0.0,nan
3,2,MLP-FedProx-mu0.05,arm3,0.1,2,96,0.7917,0.8485,0.8247
3,2,MLP-FedProx-mu0.05,arm3,0.1,3,12,0.9167,0.0,nan
3,2,MLP-FedProx-mu0.05,arm3,natural,global,184,0.788,0.8152,0.8508
3,2,MLP-FedProx-mu0.05,arm3,natural,0,49,0.7755,0.7843,0.8417
3,2,MLP-FedProx-mu0.05,arm3,natural,1,71,0.831,0.7778,0.8835
3,2,MLP-FedProx-mu0.05,arm3,natural,2,24,0.875,0.9268,0.9318
3,2,MLP-FedProx-mu0.05,arm3,natural,3,40,0.675,0.8,0.6237
3,3,MLP-FedProx-mu0.05,arm3,100,global,184,0.75,0.77,0.8354
3,3,MLP-FedProx-mu0.05,arm3,100,0,39,0.7436,0.7368,0.8545
3,3,MLP-FedProx-mu0.05,arm3,100,1,42,0.7381,0.7556,0.8212
3,3,MLP-FedProx-mu0.05,arm3,100,2,40,0.75,0.7917,0.8568
3,3,MLP-FedProx-mu0.05,arm3,100,3,63,0.7619,0.7826,0.8224
3,3,MLP-FedProx-mu0.05,arm3,1.0,global,184,0.75,0.7723,0.8347
3,3,MLP-FedProx-mu0.05,arm3,1.0,0,19,0.7368,0.7826,0.75
3,3,MLP-FedProx-mu0.05,arm3,1.0,1,53,0.8113,0.8529,0.9363
3,3,MLP-FedProx-mu0.05,arm3,1.0,2,59,0.7119,0.7606,0.8059
3,3,MLP-FedProx-mu0.05,arm3,1.0,3,53,0.7358,0.65,0.8016
3,3,MLP-FedProx-mu0.05,arm3,0.5,global,184,0.75,0.77,0.8351
3,3,MLP-FedProx-mu0.05,arm3,0.5,0,40,0.725,0.8406,nan
3,3,MLP-FedProx-mu0.05,arm3,0.5,1,31,0.8387,0.6667,0.9462
3,3,MLP-FedProx-mu0.05,arm3,0.5,2,42,0.7143,0.7391,0.8182
3,3,MLP-FedProx-mu0.05,arm3,0.5,3,71,0.7465,0.7429,0.8206
3,3,MLP-FedProx-mu0.05,arm3,0.1,global,184,0.7391,0.7551,0.8267
3,3,MLP-FedProx-mu0.05,arm3,0.1,0,36,0.6944,0.8197,nan
3,3,MLP-FedProx-mu0.05,arm3,0.1,1,42,0.7857,0.1818,0.9512
3,3,MLP-FedProx-mu0.05,arm3,0.1,2,85,0.7176,0.8,0.7923
3,3,MLP-FedProx-mu0.05,arm3,0.1,3,21,0.8095,0.0,nan
3,3,MLP-FedProx-mu0.05,arm3,natural,global,184,0.7554,0.7805,0.8328
3,3,MLP-FedProx-mu0.05,arm3,natural,0,58,0.7241,0.6522,0.7945
3,3,MLP-FedProx-mu0.05,arm3,natural,1,60,0.75,0.6809,0.8832
3,3,MLP-FedProx-mu0.05,arm3,natural,2,32,0.875,0.9333,nan
3,3,MLP-FedProx-mu0.05,arm3,natural,3,34,0.7059,0.8077,0.65
3,4,MLP-FedProx-mu0.05,arm3,100,global,184,0.7935,0.8257,0.8716
3,4,MLP-FedProx-mu0.05,arm3,100,0,30,0.8333,0.878,0.9474
3,4,MLP-FedProx-mu0.05,arm3,100,1,53,0.7736,0.7857,0.8362
3,4,MLP-FedProx-mu0.05,arm3,100,2,43,0.7442,0.7556,0.8333
3,4,MLP-FedProx-mu0.05,arm3,100,3,58,0.8276,0.8684,0.9044
3,4,MLP-FedProx-mu0.05,arm3,1.0,global,184,0.788,0.8186,0.873
3,4,MLP-FedProx-mu0.05,arm3,1.0,0,6,0.8333,0.8571,1.0
3,4,MLP-FedProx-mu0.05,arm3,1.0,1,51,0.7255,0.8,0.7679
3,4,MLP-FedProx-mu0.05,arm3,1.0,2,68,0.8235,0.8333,0.9212
3,4,MLP-FedProx-mu0.05,arm3,1.0,3,59,0.7966,0.8182,0.8975
3,4,MLP-FedProx-mu0.05,arm3,0.5,global,184,0.7772,0.8038,0.8629
3,4,MLP-FedProx-mu0.05,arm3,0.5,0,37,0.8378,0.9118,nan
3,4,MLP-FedProx-mu0.05,arm3,0.5,1,32,0.7188,0.4706,0.8514
3,4,MLP-FedProx-mu0.05,arm3,0.5,2,53,0.7925,0.8,0.8632
3,4,MLP-FedProx-mu0.05,arm3,0.5,3,62,0.7581,0.7826,0.8866
3,4,MLP-FedProx-mu0.05,arm3,0.1,global,184,0.7826,0.8,0.8574
3,4,MLP-FedProx-mu0.05,arm3,0.1,0,30,0.8333,0.9091,nan
3,4,MLP-FedProx-mu0.05,arm3,0.1,1,41,0.8049,0.0,nan
3,4,MLP-FedProx-mu0.05,arm3,0.1,2,95,0.7684,0.8333,0.8243
3,4,MLP-FedProx-mu0.05,arm3,0.1,3,18,0.7222,0.0,nan
3,4,MLP-FedProx-mu0.05,arm3,natural,global,184,0.7717,0.8142,0.8676
3,4,MLP-FedProx-mu0.05,arm3,natural,0,57,0.7719,0.7347,0.8472
3,4,MLP-FedProx-mu0.05,arm3,natural,1,56,0.6429,0.6429,0.8748
3,4,MLP-FedProx-mu0.05,arm3,natural,2,24,0.7917,0.8837,0.8636
3,4,MLP-FedProx-mu0.05,arm3,natural,3,47,0.9149,0.9487,0.8459
4,0,MLP-FedProx-mu0.05,arm3,100,global,184,0.788,0.8203,0.8678
4,0,MLP-FedProx-mu0.05,arm3,100,0,55,0.7818,0.8182,0.8817
4,0,MLP-FedProx-mu0.05,arm3,100,1,40,0.825,0.8627,0.9036
4,0,MLP-FedProx-mu0.05,arm3,100,2,39,0.6923,0.7273,0.7947
4,0,MLP-FedProx-mu0.05,arm3,100,3,50,0.84,0.8571,0.8889
4,0,MLP-FedProx-mu0.05,arm3,1.0,global,184,0.788,0.8116,0.8584
4,0,MLP-FedProx-mu0.05,arm3,1.0,0,22,0.7273,0.4,0.6944
4,0,MLP-FedProx-mu0.05,arm3,1.0,1,72,0.8611,0.918,0.8926
4,0,MLP-FedProx-mu0.05,arm3,1.0,2,64,0.6875,0.6774,0.7897
4,0,MLP-FedProx-mu0.05,arm3,1.0,3,26,0.8846,0.7692,0.9238
4,0,MLP-FedProx-mu0.05,arm3,0.5,global,184,0.7772,0.8057,0.86
4,0,MLP-FedProx-mu0.05,arm3,0.5,0,14,0.7143,0.0,nan
4,0,MLP-FedProx-mu0.05,arm3,0.5,1,105,0.7905,0.8472,0.8416
4,0,MLP-FedProx-mu0.05,arm3,0.5,2,54,0.7222,0.717,0.8324
4,0,MLP-FedProx-mu0.05,arm3,0.5,3,11,1.0,1.0,1.0
4,0,MLP-FedProx-mu0.05,arm3,0.1,global,184,0.7228,0.6982,0.8227
4,0,MLP-FedProx-mu0.05,arm3,0.1,0,27,0.6296,0.7727,nan
4,0,MLP-FedProx-mu0.05,arm3,0.1,1,50,0.54,0.7013,nan
4,0,MLP-FedProx-mu0.05,arm3,0.1,2,84,0.881,0.1667,0.8537
4,0,MLP-FedProx-mu0.05,arm3,0.1,3,23,0.6522,0.7778,0.8636
4,0,MLP-FedProx-mu0.05,arm3,natural,global,184,0.7772,0.8019,0.858
4,0,MLP-FedProx-mu0.05,arm3,natural,0,55,0.7091,0.6522,0.792
4,0,MLP-FedProx-mu0.05,arm3,natural,1,59,0.7288,0.619,0.8117
4,0,MLP-FedProx-mu0.05,arm3,natural,2,25,0.92,0.9565,0.9583
4,0,MLP-FedProx-mu0.05,arm3,natural,3,45,0.8444,0.9041,0.861
4,1,MLP-FedProx-mu0.05,arm3,100,global,184,0.7717,0.7835,0.8467
4,1,MLP-FedProx-mu0.05,arm3,100,0,60,0.8167,0.8451,0.8777
4,1,MLP-FedProx-mu0.05,arm3,100,1,39,0.7436,0.7368,0.8079
4,1,MLP-FedProx-mu0.05,arm3,100,2,46,0.8261,0.8333,0.885
4,1,MLP-FedProx-mu0.05,arm3,100,3,39,0.6667,0.6486,0.7842
4,1,MLP-FedProx-mu0.05,arm3,1.0,global,184,0.7772,0.7919,0.8405
4,1,MLP-FedProx-mu0.05,arm3,1.0,0,25,0.76,0.4,0.7976
4,1,MLP-FedProx-mu0.05,arm3,1.0,1,75,0.8133,0.8889,0.8571
4,1,MLP-FedProx-mu0.05,arm3,1.0,2,58,0.7414,0.6341,0.7882
4,1,MLP-FedProx-mu0.05,arm3,1.0,3,26,0.7692,0.7,0.8125
4,1,MLP-FedProx-mu0.05,arm3,0.5,global,184,0.7935,0.8155,0.8479
4,1,MLP-FedProx-mu0.05,arm3,0.5,0,17,0.8824,0.6667,1.0
4,1,MLP-FedProx-mu0.05,arm3,0.5,1,111,0.7838,0.8378,0.8185
4,1,MLP-FedProx-mu0.05,arm3,0.5,2,47,0.8085,0.7907,0.8663
4,1,MLP-FedProx-mu0.05,arm3,0.5,3,9,0.6667,0.6667,0.8
4,1,MLP-FedProx-mu0.05,arm3,0.1,global,184,0.6685,0.755,0.8368
4,1,MLP-FedProx-mu0.05,arm3,0.1,0,20,0.9,0.9474,nan
4,1,MLP-FedProx-mu0.05,arm3,0.1,1,57,0.9123,0.9541,nan
4,1,MLP-FedProx-mu0.05,arm3,0.1,2,84,0.369,0.0702,0.8415
4,1,MLP-FedProx-mu0.05,arm3,0.1,3,23,0.9565,0.9778,nan
4,1,MLP-FedProx-mu0.05,arm3,natural,global,184,0.7554,0.7926,0.8439
4,1,MLP-FedProx-mu0.05,arm3,natural,0,64,0.7344,0.6792,0.8168
4,1,MLP-FedProx-mu0.05,arm3,natural,1,54,0.7407,0.7407,0.8612
4,1,MLP-FedProx-mu0.05,arm3,natural,2,22,0.8636,0.9231,0.775
4,1,MLP-FedProx-mu0.05,arm3,natural,3,44,0.75,0.8451,0.7031
4,2,MLP-FedProx-mu0.05,arm3,100,global,184,0.788,0.8186,0.8565
4,2,MLP-FedProx-mu0.05,arm3,100,0,40,0.75,0.8077,0.8203
4,2,MLP-FedProx-mu0.05,arm3,100,1,50,0.74,0.7797,0.8663
4,2,MLP-FedProx-mu0.05,arm3,100,2,47,0.8298,0.8519,0.8963
4,2,MLP-FedProx-mu0.05,arm3,100,3,47,0.8298,0.84,0.8587
4,2,MLP-FedProx-mu0.05,arm3,1.0,global,184,0.7663,0.7923,0.8479
4,2,MLP-FedProx-mu0.05,arm3,1.0,0,16,0.4375,0.1818,0.4615
4,2,MLP-FedProx-mu0.05,arm3,1.0,1,70,0.8143,0.8926,0.9303
4,2,MLP-FedProx-mu0.05,arm3,1.0,2,74,0.7703,0.7463,0.8318
4,2,MLP-FedProx-mu0.05,arm3,1.0,3,24,0.8333,0.5,0.9545
4,2,MLP-FedProx-mu0.05,arm3,0.5,global,184,0.7717,0.7981,0.8471
4,2,MLP-FedProx-mu0.05,arm3,0.5,0,11,0.4545,0.25,0.9
4,2,MLP-FedProx-mu0.05,arm3,0.5,1,114,0.7632,0.8212,0.8483
4,2,MLP-FedProx-mu0.05,arm3,0.5,2,51,0.8431,0.8182,0.8778
4,2,MLP-FedProx-mu0.05,arm3,0.5,3,8,0.875,0.8,0.9167
4,2,MLP-FedProx-mu0.05,arm3,0.1,global,184,0.7609,0.7885,0.8354
4,2,MLP-FedProx-mu0.05,arm3,0.1,0,26,0.8077,0.8936,nan
4,2,MLP-FedProx-mu0.05,arm3,0.1,1,56,0.8214,0.902,nan
4,2,MLP-FedProx-mu0.05,arm3,0.1,2,83,0.7108,0.0769,0.8902
4,2,MLP-FedProx-mu0.05,arm3,0.1,3,19,0.7368,0.8485,nan
4,2,MLP-FedProx-mu0.05,arm3,natural,global,184,0.7772,0.8161,0.8491
4,2,MLP-FedProx-mu0.05,arm3,natural,0,59,0.8475,0.8525,0.8805
4,2,MLP-FedProx-mu0.05,arm3,natural,1,58,0.7241,0.68,0.8583
4,2,MLP-FedProx-mu0.05,arm3,natural,2,28,0.7857,0.88,0.7188
4,2,MLP-FedProx-mu0.05,arm3,natural,3,39,0.7436,0.8387,0.7034
4,3,MLP-FedProx-mu0.05,arm3,100,global,184,0.75,0.7653,0.8486
4,3,MLP-FedProx-mu0.05,arm3,100,0,57,0.7544,0.7879,0.863
4,3,MLP-FedProx-mu0.05,arm3,100,1,43,0.7442,0.7317,0.8074
4,3,MLP-FedProx-mu0.05,arm3,100,2,49,0.8163,0.8302,0.9065
4,3,MLP-FedProx-mu0.05,arm3,100,3,35,0.6571,0.6667,0.7763
4,3,MLP-FedProx-mu0.05,arm3,1.0,global,184,0.7554,0.7692,0.8486
4,3,MLP-FedProx-mu0.05,arm3,1.0,0,23,0.7826,0.4444,0.9286
4,3,MLP-FedProx-mu0.05,arm3,1.0,1,91,0.7363,0.8356,0.7818
4,3,MLP-FedProx-mu0.05,arm3,1.0,2,56,0.7857,0.625,0.8594
4,3,MLP-FedProx-mu0.05,arm3,1.0,3,14,0.7143,0.5,0.7917
4,3,MLP-FedProx-mu0.05,arm3,0.5,global,184,0.75,0.7653,0.8485
4,3,MLP-FedProx-mu0.05,arm3,0.5,0,19,0.7895,0.6,0.9583
4,3,MLP-FedProx-mu0.05,arm3,0.5,1,121,0.7603,0.8027,0.8487
4,3,MLP-FedProx-mu0.05,arm3,0.5,2,36,0.75,0.7273,0.8642
4,3,MLP-FedProx-mu0.05,arm3,0.5,3,8,0.5,0.3333,0.5333
4,3,MLP-FedProx-mu0.05,arm3,0.1,global,184,0.6522,0.5789,0.8071
4,3,MLP-FedProx-mu0.05,arm3,0.1,0,25,0.48,0.6486,nan
4,3,MLP-FedProx-mu0.05,arm3,0.1,1,46,0.3913,0.5625,nan
4,3,MLP-FedProx-mu0.05,arm3,0.1,2,84,0.9167,0.2222,0.7378
4,3,MLP-FedProx-mu0.05,arm3,0.1,3,29,0.4483,0.619,nan
4,3,MLP-FedProx-mu0.05,arm3,natural,global,184,0.7663,0.8072,0.8515
4,3,MLP-FedProx-mu0.05,arm3,natural,0,63,0.7302,0.7302,0.8673
4,3,MLP-FedProx-mu0.05,arm3,natural,1,61,0.7705,0.7407,0.8846
4,3,MLP-FedProx-mu0.05,arm3,natural,2,24,0.875,0.9333,nan
4,3,MLP-FedProx-mu0.05,arm3,natural,3,36,0.75,0.8525,0.5982
4,4,MLP-FedProx-mu0.05,arm3,100,global,184,0.7283,0.7423,0.8388
4,4,MLP-FedProx-mu0.05,arm3,100,0,46,0.6304,0.6222,0.7614
4,4,MLP-FedProx-mu0.05,arm3,100,1,51,0.7647,0.7778,0.8668
4,4,MLP-FedProx-mu0.05,arm3,100,2,38,0.7895,0.8095,0.9478
4,4,MLP-FedProx-mu0.05,arm3,100,3,49,0.7347,0.7547,0.7943
4,4,MLP-FedProx-mu0.05,arm3,1.0,global,184,0.75,0.7745,0.8274
4,4,MLP-FedProx-mu0.05,arm3,1.0,0,19,0.6316,0.0,0.3333
4,4,MLP-FedProx-mu0.05,arm3,1.0,1,76,0.7368,0.8438,0.7127
4,4,MLP-FedProx-mu0.05,arm3,1.0,2,66,0.8333,0.807,0.8985
4,4,MLP-FedProx-mu0.05,arm3,1.0,3,23,0.6522,0.3333,0.8333
4,4,MLP-FedProx-mu0.05,arm3,0.5,global,184,0.7772,0.8093,0.8313
4,4,MLP-FedProx-mu0.05,arm3,0.5,0,11,0.7273,0.0,nan
4,4,MLP-FedProx-mu0.05,arm3,0.5,1,111,0.7838,0.84,0.81
4,4,MLP-FedProx-mu0.05,arm3,0.5,2,46,0.7391,0.7143,0.8274
4,4,MLP-FedProx-mu0.05,arm3,0.5,3,16,0.875,0.9,0.9048
4,4,MLP-FedProx-mu0.05,arm3,0.1,global,184,0.7609,0.8103,0.8253
4,4,MLP-FedProx-mu0.05,arm3,0.1,0,27,0.9259,0.9615,nan
4,4,MLP-FedProx-mu0.05,arm3,0.1,1,51,0.902,0.9485,nan
4,4,MLP-FedProx-mu0.05,arm3,0.1,2,84,0.5714,0.1,0.8354
4,4,MLP-FedProx-mu0.05,arm3,0.1,3,22,0.9545,0.9767,nan
4,4,MLP-FedProx-mu0.05,arm3,natural,global,184,0.7609,0.7944,0.8185
4,4,MLP-FedProx-mu0.05,arm3,natural,0,62,0.7581,0.7368,0.8203
4,4,MLP-FedProx-mu0.05,arm3,natural,1,62,0.7258,0.7119,0.8717
4,4,MLP-FedProx-mu0.05,arm3,natural,2,24,0.8333,0.9048,0.913
4,4,MLP-FedProx-mu0.05,arm3,natural,3,36,0.7778,0.8571,0.6115
5,0,MLP-FedProx-mu0.05,arm3,100,global,184,0.7228,0.756,0.8183
5,0,MLP-FedProx-mu0.05,arm3,100,0,36,0.6389,0.6829,0.7523
5,0,MLP-FedProx-mu0.05,arm3,100,1,42,0.7619,0.7826,0.8773
5,0,MLP-FedProx-mu0.05,arm3,100,2,57,0.7368,0.7458,0.8111
5,0,MLP-FedProx-mu0.05,arm3,100,3,49,0.7347,0.7937,0.7898
5,0,MLP-FedProx-mu0.05,arm3,1.0,global,184,0.7337,0.7586,0.8085
5,0,MLP-FedProx-mu0.05,arm3,1.0,0,31,0.8387,0.9091,0.8333
5,0,MLP-FedProx-mu0.05,arm3,1.0,1,77,0.7273,0.5116,0.8549
5,0,MLP-FedProx-mu0.05,arm3,1.0,2,60,0.7,0.7692,0.751
5,0,MLP-FedProx-mu0.05,arm3,1.0,3,16,0.6875,0.8148,nan
5,0,MLP-FedProx-mu0.05,arm3,0.5,global,184,0.6685,0.6347,0.7872
5,0,MLP-FedProx-mu0.05,arm3,0.5,0,8,0.875,0.0,nan
5,0,MLP-FedProx-mu0.05,arm3,0.5,1,75,0.84,0.0,nan
5,0,MLP-FedProx-mu0.05,arm3,0.5,2,64,0.5156,0.6804,nan
5,0,MLP-FedProx-mu0.05,arm3,0.5,3,37,0.5405,0.7018,nan
5,0,MLP-FedProx-mu0.05,arm3,0.1,global,184,0.712,0.7104,0.8021
5,0,MLP-FedProx-mu0.05,arm3,0.1,0,101,0.6436,0.7805,0.6515
5,0,MLP-FedProx-mu0.05,arm3,0.1,1,20,0.7,0.0,0.6842
5,0,MLP-FedProx-mu0.05,arm3,0.1,2,1,1.0,1.0,nan
5,0,MLP-FedProx-mu0.05,arm3,0.1,3,62,0.8226,0.0,nan
5,0,MLP-FedProx-mu0.05,arm3,natural,global,184,0.7391,0.7692,0.8122
5,0,MLP-FedProx-mu0.05,arm3,natural,0,57,0.7719,0.6829,0.8362
5,0,MLP-FedProx-mu0.05,arm3,natural,1,57,0.6667,0.6415,0.7551
5,0,MLP-FedProx-mu0.05,arm3,natural,2,24,0.75,0.85,0.913
5,0,MLP-FedProx-mu0.05,arm3,natural,3,46,0.7826,0.8649,0.7972
5,1,MLP-FedProx-mu0.05,arm3,100,global,184,0.7609,0.7822,0.8657
5,1,MLP-FedProx-mu0.05,arm3,100,0,36,0.6944,0.7442,0.8476
5,1,MLP-FedProx-mu0.05,arm3,100,1,49,0.7959,0.8214,0.914
5,1,MLP-FedProx-mu0.05,arm3,100,2,44,0.7273,0.76,0.8563
5,1,MLP-FedProx-mu0.05,arm3,100,3,55,0.8,0.7925,0.8545
5,1,MLP-FedProx-mu0.05,arm3,1.0,global,184,0.8043,0.8364,0.8772
5,1,MLP-FedProx-mu0.05,arm3,1.0,0,35,0.8571,0.9231,nan
5,1,MLP-FedProx-mu0.05,arm3,1.0,1,70,0.7571,0.6792,0.8803
5,1,MLP-FedProx-mu0.05,arm3,1.0,2,63,0.7937,0.8267,0.901
5,1,MLP-FedProx-mu0.05,arm3,1.0,3,16,0.9375,0.963,0.7949
5,1,MLP-FedProx-mu0.05,arm3,0.5,global,184,0.7826,0.8198,0.87
5,1,MLP-FedProx-mu0.05,arm3,0.5,0,8,0.25,0.25,0.7143
5,1,MLP-FedProx-mu0.05,arm3,0.5,1,72,0.6944,0.0,nan
5,1,MLP-FedProx-mu0.05,arm3,0.5,2,74,0.9054,0.9489,1.0
5,1,MLP-FedProx-mu0.05,arm3,0.5,3,30,0.8333,0.9091,0.3448
5,1,MLP-FedProx-mu0.05,arm3,0.1,global,184,0.8098,0.8276,0.8678
5,1,MLP-FedProx-mu0.05,arm3,0.1,0,101,0.8416,0.907,0.9742
5,1,MLP-FedProx-mu0.05,arm3,0.1,1,15,0.7333,0.3333,0.7692
5,1,MLP-FedProx-mu0.05,arm3,0.1,2,7,0.8571,0.9091,1.0
5,1,MLP-FedProx-mu0.05,arm3,0.1,3,61,0.7705,0.0,nan
5,1,MLP-FedProx-mu0.05,arm3,natural,global,184,0.7772,0.796,0.8702
5,1,MLP-FedProx-mu0.05,arm3,natural,0,50,0.8,0.7222,0.87
5,1,MLP-FedProx-mu0.05,arm3,natural,1,65,0.8,0.7869,0.8914
5,1,MLP-FedProx-mu0.05,arm3,natural,2,26,0.8077,0.8889,0.875
5,1,MLP-FedProx-mu0.05,arm3,natural,3,43,0.6977,0.7797,0.7214
5,2,MLP-FedProx-mu0.05,arm3,100,global,184,0.7717,0.8019,0.8511
5,2,MLP-FedProx-mu0.05,arm3,100,0,56,0.8393,0.8525,0.8893
5,2,MLP-FedProx-mu0.05,arm3,100,1,39,0.7179,0.7843,0.836
5,2,MLP-FedProx-mu0.05,arm3,100,2,43,0.7442,0.7843,0.8495
5,2,MLP-FedProx-mu0.05,arm3,100,3,46,0.7609,0.7755,0.8533
5,2,MLP-FedProx-mu0.05,arm3,1.0,global,184,0.7609,0.7963,0.847
5,2,MLP-FedProx-mu0.05,arm3,1.0,0,38,0.7632,0.8657,0.7568
5,2,MLP-FedProx-mu0.05,arm3,1.0,1,83,0.7711,0.7397,0.8934
5,2,MLP-FedProx-mu0.05,arm3,1.0,2,49,0.7143,0.7308,0.8183
5,2,MLP-FedProx-mu0.05,arm3,1.0,3,14,0.8571,0.9167,0.9167
5,2,MLP-FedProx-mu0.05,arm3,0.5,global,184,0.7391,0.7913,0.8538
5,2,MLP-FedProx-mu0.05,arm3,0.5,0,7,0.8571,0.6667,1.0
5,2,MLP-FedProx-mu0.05,arm3,0.5,1,74,0.527,0.0,nan
5,2,MLP-FedProx-mu0.05,arm3,0.5,2,77,0.8831,0.9379,nan
5,2,MLP-FedProx-mu0.05,arm3,0.5,3,26,0.8846,0.9362,0.875
5,2,MLP-FedProx-mu0.05,arm3,0.1,global,184,0.7337,0.7562,0.8422
5,2,MLP-FedProx-mu0.05,arm3,0.1,0,98,0.7245,0.8323,0.8786
5,2,MLP-FedProx-mu0.05,arm3,0.1,1,17,0.7059,0.4444,1.0
5,2,MLP-FedProx-mu0.05,arm3,0.1,2,8,0.875,0.9333,nan
5,2,MLP-FedProx-mu0.05,arm3,0.1,3,61,0.7377,0.0,nan
5,2,MLP-FedProx-mu0.05,arm3,natural,global,184,0.7663,0.8037,0.8486
5,2,MLP-FedProx-mu0.05,arm3,natural,0,57,0.7544,0.7812,0.8005
5,2,MLP-FedProx-mu0.05,arm3,natural,1,67,0.791,0.75,0.9343
5,2,MLP-FedProx-mu0.05,arm3,natural,2,23,0.8261,0.9048,0.8095
5,2,MLP-FedProx-mu0.05,arm3,natural,3,37,0.7027,0.807,0.7622
5,3,MLP-FedProx-mu0.05,arm3,100,global,184,0.7935,0.81,0.8472
5,3,MLP-FedProx-mu0.05,arm3,100,0,47,0.8085,0.7907,0.8949
5,3,MLP-FedProx-mu0.05,arm3,100,1,55,0.7273,0.7541,0.8024
5,3,MLP-FedProx-mu0.05,arm3,100,2,51,0.7843,0.8197,0.821
5,3,MLP-FedProx-mu0.05,arm3,100,3,31,0.9032,0.9143,0.9316
5,3,MLP-FedProx-mu0.05,arm3,1.0,global,184,0.7826,0.8095,0.8385
5,3,MLP-FedProx-mu0.05,arm3,1.0,0,42,0.7857,0.8767,0.575
5,3,MLP-FedProx-mu0.05,arm3,1.0,1,83,0.7108,0.5556,0.8359
5,3,MLP-FedProx-mu0.05,arm3,1.0,2,49,0.8776,0.9091,0.8755
5,3,MLP-FedProx-mu0.05,arm3,1.0,3,10,0.9,0.9412,1.0
5,3,MLP-FedProx-mu0.05,arm3,0.5,global,184,0.7772,0.8161,0.8369
5,3,MLP-FedProx-mu0.05,arm3,0.5,0,8,0.75,0.0,nan
5,3,MLP-FedProx-mu0.05,arm3,0.5,1,74,0.6216,0.0,nan
5,3,MLP-FedProx-mu0.05,arm3,0.5,2,81,0.8765,0.9342,nan
5,3,MLP-FedProx-mu0.05,arm3,0.5,3,21,0.9524,0.9756,nan
5,3,MLP-FedProx-mu0.05,arm3,0.1,global,184,0.788,0.804,0.8453
5,3,MLP-FedProx-mu0.05,arm3,0.1,0,101,0.7822,0.8736,0.9422
5,3,MLP-FedProx-mu0.05,arm3,0.1,1,26,0.8846,0.0,nan
5,3,MLP-FedProx-mu0.05,arm3,0.1,2,3,1.0,1.0,nan
5,3,MLP-FedProx-mu0.05,arm3,0.1,3,54,0.7407,0.125,0.9811
5,3,MLP-FedProx-mu0.05,arm3,natural,global,184,0.7772,0.8161,0.8327
5,3,MLP-FedProx-mu0.05,arm3,natural,0,67,0.7612,0.7576,0.8306
5,3,MLP-FedProx-mu0.05,arm3,natural,1,49,0.7143,0.6316,0.906
5,3,MLP-FedProx-mu0.05,arm3,natural,2,27,0.8889,0.9388,0.64
5,3,MLP-FedProx-mu0.05,arm3,natural,3,41,0.8049,0.8857,0.6326
5,4,MLP-FedProx-mu0.05,arm3,100,global,184,0.7717,0.8073,0.8358
5,4,MLP-FedProx-mu0.05,arm3,100,0,40,0.75,0.7619,0.8108
5,4,MLP-FedProx-mu0.05,arm3,100,1,40,0.75,0.8,0.872
5,4,MLP-FedProx-mu0.05,arm3,100,2,58,0.7931,0.8235,0.8674
5,4,MLP-FedProx-mu0.05,arm3,100,3,46,0.7826,0.8276,0.8148
5,4,MLP-FedProx-mu0.05,arm3,1.0,global,184,0.7609,0.7843,0.8424
5,4,MLP-FedProx-mu0.05,arm3,1.0,0,29,0.7931,0.8846,0.75
5,4,MLP-FedProx-mu0.05,arm3,1.0,1,75,0.6933,0.439,0.7415
5,4,MLP-FedProx-mu0.05,arm3,1.0,2,68,0.8088,0.8632,0.8644
5,4,MLP-FedProx-mu0.05,arm3,1.0,3,12,0.8333,0.875,0.875
5,4,MLP-FedProx-mu0.05,arm3,0.5,global,184,0.7717,0.8037,0.84
5,4,MLP-FedProx-mu0.05,arm3,0.5,0,11,0.7273,0.0,nan
5,4,MLP-FedProx-mu0.05,arm3,0.5,1,69,0.6667,0.0,nan
5,4,MLP-FedProx-mu0.05,arm3,0.5,2,73,0.8082,0.8939,nan
5,4,MLP-FedProx-mu0.05,arm3,0.5,3,31,0.9355,0.9643,0.9655
5,4,MLP-FedProx-mu0.05,arm3,0.1,global,184,0.7554,0.7926,0.8313
5,4,MLP-FedProx-mu0.05,arm3,0.1,0,102,0.8431,0.9091,0.9116
5,4,MLP-FedProx-mu0.05,arm3,0.1,1,22,0.7727,0.5455,0.8611
5,4,MLP-FedProx-mu0.05,arm3,0.1,2,4,0.75,0.8571,nan
5,4,MLP-FedProx-mu0.05,arm3,0.1,3,56,0.5893,0.0,nan
5,4,MLP-FedProx-mu0.05,arm3,natural,global,184,0.7772,0.8145,0.8364
5,4,MLP-FedProx-mu0.05,arm3,natural,0,72,0.7917,0.7945,0.8718
5,4,MLP-FedProx-mu0.05,arm3,natural,1,56,0.6964,0.6222,0.81
5,4,MLP-FedProx-mu0.05,arm3,natural,2,23,0.913,0.9545,0.9091
5,4,MLP-FedProx-mu0.05,arm3,natural,3,33,0.7879,0.8814,0.4231
6,0,MLP-FedProx-mu0.05,arm3,100,global,184,0.788,0.8235,0.8272
6,0,MLP-FedProx-mu0.05,arm3,100,0,49,0.7959,0.7619,0.9014
6,0,MLP-FedProx-mu0.05,arm3,100,1,55,0.7455,0.8056,0.7975
6,0,MLP-FedProx-mu0.05,arm3,100,2,34,0.8235,0.8696,0.7803
6,0,MLP-FedProx-mu0.05,arm3,100,3,46,0.8043,0.8525,0.7877
6,0,MLP-FedProx-mu0.05,arm3,1.0,global,184,0.7554,0.7739,0.8283
6,0,MLP-FedProx-mu0.05,arm3,1.0,0,6,1.0,1.0,1.0
6,0,MLP-FedProx-mu0.05,arm3,1.0,1,76,0.75,0.4242,0.8408
6,0,MLP-FedProx-mu0.05,arm3,1.0,2,66,0.7121,0.8119,0.7797
6,0,MLP-FedProx-mu0.05,arm3,1.0,3,36,0.8056,0.8852,0.899
6,0,MLP-FedProx-mu0.05,arm3,0.5,global,184,0.7989,0.8263,0.8288
6,0,MLP-FedProx-mu0.05,arm3,0.5,0,61,0.8197,0.8,0.8982
6,0,MLP-FedProx-mu0.05,arm3,0.5,1,82,0.8415,0.9008,0.8507
6,0,MLP-FedProx-mu0.05,arm3,0.5,2,32,0.6562,0.1538,0.4483
6,0,MLP-FedProx-mu0.05,arm3,0.5,3,9,0.7778,0.8571,0.75
6,0,MLP-FedProx-mu0.05,arm3,0.1,global,184,0.7663,0.7861,0.8292
6,0,MLP-FedProx-mu0.05,arm3,0.1,0,22,0.8182,0.0,nan
6,0,MLP-FedProx-mu0.05,arm3,0.1,1,129,0.7442,0.7591,0.8135
6,0,MLP-FedProx-mu0.05,arm3,0.1,2,3,0.6667,0.8,0.5
6,0,MLP-FedProx-mu0.05,arm3,0.1,3,30,0.8333,0.9091,nan
6,0,MLP-FedProx-mu0.05,arm3,natural,global,184,0.7554,0.7783,0.8213
6,0,MLP-FedProx-mu0.05,arm3,natural,0,59,0.678,0.6275,0.792
6,0,MLP-FedProx-mu0.05,arm3,natural,1,57,0.8246,0.75,0.8504
6,0,MLP-FedProx-mu0.05,arm3,natural,2,28,0.7857,0.8636,0.8646
6,0,MLP-FedProx-mu0.05,arm3,natural,3,40,0.75,0.8529,0.4933
6,1,MLP-FedProx-mu0.05,arm3,100,global,184,0.7554,0.7964,0.8438
6,1,MLP-FedProx-mu0.05,arm3,100,0,48,0.6667,0.6923,0.7448
6,1,MLP-FedProx-mu0.05,arm3,100,1,46,0.7826,0.8148,0.8365
6,1,MLP-FedProx-mu0.05,arm3,100,2,44,0.8864,0.9057,0.9875
6,1,MLP-FedProx-mu0.05,arm3,100,3,46,0.6957,0.7742,0.8492
6,1,MLP-FedProx-mu0.05,arm3,1.0,global,184,0.7826,0.8058,0.8363
6,1,MLP-FedProx-mu0.05,arm3,1.0,0,6,0.6667,0.6667,0.7778
6,1,MLP-FedProx-mu0.05,arm3,1.0,1,75,0.7333,0.375,0.7246
6,1,MLP-FedProx-mu0.05,arm3,1.0,2,62,0.7903,0.8713,0.8681
6,1,MLP-FedProx-mu0.05,arm3,1.0,3,41,0.878,0.9254,0.9
6,1,MLP-FedProx-mu0.05,arm3,0.5,global,184,0.7446,0.7513,0.834
6,1,MLP-FedProx-mu0.05,arm3,0.5,0,49,0.6327,0.5714,0.7012
6,1,MLP-FedProx-mu0.05,arm3,0.5,1,84,0.7619,0.8387,0.8599
6,1,MLP-FedProx-mu0.05,arm3,0.5,2,46,0.8478,0.5882,0.9121
6,1,MLP-FedProx-mu0.05,arm3,0.5,3,5,0.6,0.6667,1.0
6,1,MLP-FedProx-mu0.05,arm3,0.1,global,184,0.7554,0.7541,0.8354
6,1,MLP-FedProx-mu0.05,arm3,0.1,0,13,0.8462,0.0,nan
6,1,MLP-FedProx-mu0.05,arm3,0.1,1,140,0.75,0.7244,0.8247
6,1,MLP-FedProx-mu0.05,arm3,0.1,2,4,0.5,0.6667,nan
6,1,MLP-FedProx-mu0.05,arm3,0.1,3,27,0.7778,0.875,nan
6,1,MLP-FedProx-mu0.05,arm3,natural,global,184,0.7772,0.8111,0.8404
6,1,MLP-FedProx-mu0.05,arm3,natural,0,55,0.7273,0.6512,0.7943
6,1,MLP-FedProx-mu0.05,arm3,natural,1,63,0.7778,0.7879,0.8434
6,1,MLP-FedProx-mu0.05,arm3,natural,2,19,0.8421,0.9143,0.7059
6,1,MLP-FedProx-mu0.05,arm3,natural,3,47,0.8085,0.8767,0.7964
6,2,MLP-FedProx-mu0.05,arm3,100,global,184,0.7717,0.8174,0.8775
6,2,MLP-FedProx-mu0.05,arm3,100,0,42,0.7143,0.75,0.7891
6,2,MLP-FedProx-mu0.05,arm3,100,1,44,0.7273,0.8,0.8568
6,2,MLP-FedProx-mu0.05,arm3,100,2,46,0.8261,0.8571,0.9811
6,2,MLP-FedProx-mu0.05,arm3,100,3,52,0.8077,0.8485,0.871
6,2,MLP-FedProx-mu0.05,arm3,1.0,global,184,0.75,0.7579,0.8589
6,2,MLP-FedProx-mu0.05,arm3,1.0,0,4,0.5,0.0,0.6667
6,2,MLP-FedProx-mu0.05,arm3,1.0,1,84,0.7857,0.5714,0.8645
6,2,MLP-FedProx-mu0.05,arm3,1.0,2,58,0.7586,0.8511,0.8796
6,2,MLP-FedProx-mu0.05,arm3,1.0,3,38,0.6842,0.7692,0.8646
6,2,MLP-FedProx-mu0.05,arm3,0.5,global,184,0.7772,0.8038,0.8655
6,2,MLP-FedProx-mu0.05,arm3,0.5,0,50,0.82,0.8085,0.8799
6,2,MLP-FedProx-mu0.05,arm3,0.5,1,78,0.7821,0.8661,0.7815
6,2,MLP-FedProx-mu0.05,arm3,0.5,2,49,0.7347,0.4348,0.8265
6,2,MLP-FedProx-mu0.05,arm3,0.5,3,7,0.7143,0.8333,0.8333
6,2,MLP-FedProx-mu0.05,arm3,0.1,global,184,0.7826,0.8,0.8733
6,2,MLP-FedProx-mu0.05,arm3,0.1,0,13,0.6923,0.0,nan
6,2,MLP-FedProx-mu0.05,arm3,0.1,1,133,0.7895,0.7812,0.8681
6,2,MLP-FedProx-mu0.05,arm3,0.1,2,8,0.875,0.9333,nan
6,2,MLP-FedProx-mu0.05,arm3,0.1,3,30,0.7667,0.8679,0.7586
6,2,MLP-FedProx-mu0.05,arm3,natural,global,184,0.7717,0.7941,0.8685
6,2,MLP-FedProx-mu0.05,arm3,natural,0,64,0.7344,0.6667,0.8378
6,2,MLP-FedProx-mu0.05,arm3,natural,1,52,0.75,0.6486,0.8316
6,2,MLP-FedProx-mu0.05,arm3,natural,2,26,0.8077,0.8936,nan
6,2,MLP-FedProx-mu0.05,arm3,natural,3,42,0.8333,0.8986,0.8788
6,3,MLP-FedProx-mu0.05,arm3,100,global,184,0.7663,0.7839,0.8587
6,3,MLP-FedProx-mu0.05,arm3,100,0,51,0.7843,0.7925,0.9108
6,3,MLP-FedProx-mu0.05,arm3,100,1,44,0.75,0.8,0.7908
6,3,MLP-FedProx-mu0.05,arm3,100,2,48,0.75,0.76,0.8942
6,3,MLP-FedProx-mu0.05,arm3,100,3,41,0.7805,0.7805,0.8062
6,3,MLP-FedProx-mu0.05,arm3,1.0,global,184,0.7554,0.7826,0.852
6,3,MLP-FedProx-mu0.05,arm3,1.0,0,5,0.4,0.4,0.6667
6,3,MLP-FedProx-mu0.05,arm3,1.0,1,75,0.7467,0.4865,0.84
6,3,MLP-FedProx-mu0.05,arm3,1.0,2,69,0.8116,0.887,0.8556
6,3,MLP-FedProx-mu0.05,arm3,1.0,3,35,0.7143,0.8,0.8276
6,3,MLP-FedProx-mu0.05,arm3,0.5,global,184,0.75,0.785,0.8522
6,3,MLP-FedProx-mu0.05,arm3,0.5,0,57,0.7895,0.8065,0.8901
6,3,MLP-FedProx-mu0.05,arm3,0.5,1,75,0.7467,0.8403,0.8108
6,3,MLP-FedProx-mu0.05,arm3,0.5,2,41,0.7073,0.3333,0.8716
6,3,MLP-FedProx-mu0.05,arm3,0.5,3,11,0.7273,0.8,0.7917
6,3,MLP-FedProx-mu0.05,arm3,0.1,global,184,0.7554,0.8085,0.8641
6,3,MLP-FedProx-mu0.05,arm3,0.1,0,19,0.5263,0.0,nan
6,3,MLP-FedProx-mu0.05,arm3,0.1,1,128,0.7344,0.7792,0.864
6,3,MLP-FedProx-mu0.05,arm3,0.1,2,2,1.0,1.0,nan
6,3,MLP-FedProx-mu0.05,arm3,0.1,3,35,0.9429,0.9706,nan
6,3,MLP-FedProx-mu0.05,arm3,natural,global,184,0.7663,0.7861,0.8473
6,3,MLP-FedProx-mu0.05,arm3,natural,0,63,0.8095,0.8,0.8879
6,3,MLP-FedProx-mu0.05,arm3,natural,1,55,0.8182,0.7368,0.8589
6,3,MLP-FedProx-mu0.05,arm3,natural,2,29,0.7241,0.84,0.6786
6,3,MLP-FedProx-mu0.05,arm3,natural,3,37,0.6486,0.7547,0.7203
6,4,MLP-FedProx-mu0.05,arm3,100,global,184,0.7446,0.7565,0.8248
6,4,MLP-FedProx-mu0.05,arm3,100,0,46,0.7174,0.7111,0.8192
6,4,MLP-FedProx-mu0.05,arm3,100,1,46,0.6957,0.72,0.7877
6,4,MLP-FedProx-mu0.05,arm3,100,2,41,0.7317,0.766,0.8254
6,4,MLP-FedProx-mu0.05,arm3,100,3,51,0.8235,0.8235,0.8981
6,4,MLP-FedProx-mu0.05,arm3,1.0,global,184,0.7663,0.7839,0.8278
6,4,MLP-FedProx-mu0.05,arm3,1.0,0,6,0.6667,0.6667,0.75
6,4,MLP-FedProx-mu0.05,arm3,1.0,1,71,0.7887,0.5161,0.9484
6,4,MLP-FedProx-mu0.05,arm3,1.0,2,67,0.7313,0.8235,0.8326
6,4,MLP-FedProx-mu0.05,arm3,1.0,3,40,0.8,0.8667,0.9221
6,4,MLP-FedProx-mu0.05,arm3,0.5,global,184,0.7772,0.8038,0.8323
6,4,MLP-FedProx-mu0.05,arm3,0.5,0,61,0.7705,0.7879,0.7996
6,4,MLP-FedProx-mu0.05,arm3,0.5,1,69,0.7826,0.8571,0.8129
6,4,MLP-FedProx-mu0.05,arm3,0.5,2,40,0.75,0.5,0.9167
6,4,MLP-FedProx-mu0.05,arm3,0.5,3,14,0.8571,0.8889,0.95
6,4,MLP-FedProx-mu0.05,arm3,0.1,global,184,0.7554,0.7644,0.824
6,4,MLP-FedProx-mu0.05,arm3,0.1,0,20,0.85,0.0,nan
6,4,MLP-FedProx-mu0.05,arm3,0.1,1,116,0.7155,0.6796,0.7866
6,4,MLP-FedProx-mu0.05,arm3,0.1,2,9,0.6667,0.7692,0.625
6,4,MLP-FedProx-mu0.05,arm3,0.1,3,39,0.8462,0.9167,nan
6,4,MLP-FedProx-mu0.05,arm3,natural,global,184,0.7609,0.7708,0.8171
6,4,MLP-FedProx-mu0.05,arm3,natural,0,62,0.7903,0.7547,0.8464
6,4,MLP-FedProx-mu0.05,arm3,natural,1,67,0.791,0.7586,0.9205
6,4,MLP-FedProx-mu0.05,arm3,natural,2,21,0.7619,0.8571,0.75
6,4,MLP-FedProx-mu0.05,arm3,natural,3,34,0.6471,0.7391,0.5822
7,0,MLP-FedProx-mu0.05,arm3,100,global,184,0.75,0.7604,0.8205
7,0,MLP-FedProx-mu0.05,arm3,100,0,57,0.7193,0.75,0.8043
7,0,MLP-FedProx-mu0.05,arm3,100,1,51,0.7451,0.7719,0.8206
7,0,MLP-FedProx-mu0.05,arm3,100,2,33,0.7879,0.8,0.8296
7,0,MLP-FedProx-mu0.05,arm3,100,3,43,0.7674,0.7222,0.8333
7,0,MLP-FedProx-mu0.05,arm3,1.0,global,184,0.7337,0.7742,0.8256
7,0,MLP-FedProx-mu0.05,arm3,1.0,0,21,0.5238,0.375,0.7778
7,0,MLP-FedProx-mu0.05,arm3,1.0,1,38,0.7895,0.8519,0.8506
7,0,MLP-FedProx-mu0.05,arm3,1.0,2,105,0.7619,0.7934,0.8513
7,0,MLP-FedProx-mu0.05,arm3,1.0,3,20,0.7,0.7692,0.7582
7,0,MLP-FedProx-mu0.05,arm3,0.5,global,184,0.7391,0.7714,0.8273
7,0,MLP-FedProx-mu0.05,arm3,0.5,0,37,0.7027,0.7843,0.7633
7,0,MLP-FedProx-mu0.05,arm3,0.5,1,99,0.7576,0.8125,0.833
7,0,MLP-FedProx-mu0.05,arm3,0.5,2,31,0.7419,0.0,nan
7,0,MLP-FedProx-mu0.05,arm3,0.5,3,17,0.7059,0.7826,0.75
7,0,MLP-FedProx-mu0.05,arm3,0.1,global,184,0.75,0.7629,0.815
7,0,MLP-FedProx-mu0.05,arm3,0.1,0,24,0.7917,0.0,nan
7,0,MLP-FedProx-mu0.05,arm3,0.1,1,9,0.5556,0.7143,nan
7,0,MLP-FedProx-mu0.05,arm3,0.1,2,8,0.875,0.9333,nan
7,0,MLP-FedProx-mu0.05,arm3,0.1,3,143,0.7483,0.775,0.8428
7,0,MLP-FedProx-mu0.05,arm3,natural,global,184,0.7337,0.7763,0.8217
7,0,MLP-FedProx-mu0.05,arm3,natural,0,57,0.7544,0.7407,0.865
7,0,MLP-FedProx-mu0.05,arm3,natural,1,60,0.7167,0.6909,0.8732
7,0,MLP-FedProx-mu0.05,arm3,natural,2,26,0.8077,0.8936,0.68
7,0,MLP-FedProx-mu0.05,arm3,natural,3,41,0.6829,0.7937,0.6006
7,1,MLP-FedProx-mu0.05,arm3,100,global,184,0.8207,0.8451,0.89
7,1,MLP-FedProx-mu0.05,arm3,100,0,55,0.8727,0.9014,0.9488
7,1,MLP-FedProx-mu0.05,arm3,100,1,36,0.6944,0.6857,0.7844
7,1,MLP-FedProx-mu0.05,arm3,100,2,46,0.8696,0.8929,0.9084
7,1,MLP-FedProx-mu0.05,arm3,100,3,47,0.8085,0.8235,0.8931
7,1,MLP-FedProx-mu0.05,arm3,1.0,global,184,0.8098,0.8241,0.8918
7,1,MLP-FedProx-mu0.05,arm3,1.0,0,29,0.7931,0.7,0.9
7,1,MLP-FedProx-mu0.05,arm3,1.0,1,28,0.8929,0.9333,0.9391
7,1,MLP-FedProx-mu0.05,arm3,1.0,2,105,0.7714,0.7818,0.859
7,1,MLP-FedProx-mu0.05,arm3,1.0,3,22,0.9091,0.9167,0.9487
7,1,MLP-FedProx-mu0.05,arm3,0.5,global,184,0.8152,0.83,0.8893
7,1,MLP-FedProx-mu0.05,arm3,0.5,0,44,0.9091,0.9355,0.9583
7,1,MLP-FedProx-mu0.05,arm3,0.5,1,93,0.7742,0.8073,0.846
7,1,MLP-FedProx-mu0.05,arm3,0.5,2,30,0.7667,0.0,nan
7,1,MLP-FedProx-mu0.05,arm3,0.5,3,17,0.8824,0.9091,0.9545
7,1,MLP-FedProx-mu0.05,arm3,0.1,global,184,0.8098,0.8205,0.8879
7,1,MLP-FedProx-mu0.05,arm3,0.1,0,20,0.8,0.3333,0.8611
7,1,MLP-FedProx-mu0.05,arm3,0.1,1,9,0.8889,0.9412,nan
7,1,MLP-FedProx-mu0.05,arm3,0.1,2,8,0.75,0.8571,nan
7,1,MLP-FedProx-mu0.05,arm3,0.1,3,147,0.8095,0.8228,0.8793
7,1,MLP-FedProx-mu0.05,arm3,natural,global,184,0.8098,0.8205,0.8833
7,1,MLP-FedProx-mu0.05,arm3,natural,0,69,0.7826,0.717,0.8684
7,1,MLP-FedProx-mu0.05,arm3,natural,1,58,0.8276,0.7727,0.8662
7,1,MLP-FedProx-mu0.05,arm3,natural,2,21,0.8571,0.9189,0.85
7,1,MLP-FedProx-mu0.05,arm3,natural,3,36,0.8056,0.8852,0.671
7,2,MLP-FedProx-mu0.05,arm3,100,global,184,0.788,0.804,0.8487
7,2,MLP-FedProx-mu0.05,arm3,100,0,40,0.75,0.7727,0.8271
7,2,MLP-FedProx-mu0.05,arm3,100,1,40,0.875,0.8718,0.8914
7,2,MLP-FedProx-mu0.05,arm3,100,2,53,0.7736,0.8,0.8333
7,2,MLP-FedProx-mu0.05,arm3,100,3,51,0.7647,0.7857,0.8349
7,2,MLP-FedProx-mu0.05,arm3,1.0,global,184,0.7717,0.7857,0.8474
7,2,MLP-FedProx-mu0.05,arm3,1.0,0,21,0.619,0.3333,0.75
7,2,MLP-FedProx-mu0.05,arm3,1.0,1,24,0.7917,0.8276,0.9832
7,2,MLP-FedProx-mu0.05,arm3,1.0,2,118,0.7966,0.8065,0.8675
7,2,MLP-FedProx-mu0.05,arm3,1.0,3,21,0.7619,0.8387,0.7941
7,2,MLP-FedProx-mu0.05,arm3,0.5,global,184,0.7935,0.8155,0.8498
7,2,MLP-FedProx-mu0.05,arm3,0.5,0,33,0.7576,0.7895,0.75
7,2,MLP-FedProx-mu0.05,arm3,0.5,1,95,0.8211,0.8682,0.8791
7,2,MLP-FedProx-mu0.05,arm3,0.5,2,37,0.8108,0.2222,0.9167
7,2,MLP-FedProx-mu0.05,arm3,0.5,3,19,0.6842,0.8,0.75
7,2,MLP-FedProx-mu0.05,arm3,0.1,global,184,0.7663,0.7772,0.8394
7,2,MLP-FedProx-mu0.05,arm3,0.1,0,25,0.92,0.6667,0.9348
7,2,MLP-FedProx-mu0.05,arm3,0.1,1,17,0.7059,0.8276,nan
7,2,MLP-FedProx-mu0.05,arm3,0.1,2,5,0.8,0.8889,nan
7,2,MLP-FedProx-mu0.05,arm3,0.1,3,137,0.7445,0.7651,0.8255
7,2,MLP-FedProx-mu0.05,arm3,natural,global,184,0.7989,0.8279,0.8559
7,2,MLP-FedProx-mu0.05,arm3,natural,0,60,0.8,0.7778,0.8496
7,2,MLP-FedProx-mu0.05,arm3,natural,1,56,0.75,0.7083,0.8569
7,2,MLP-FedProx-mu0.05,arm3,natural,2,30,0.9,0.9474,0.6207
7,2,MLP-FedProx-mu0.05,arm3,natural,3,38,0.7895,0.8571,0.7388
7,3,MLP-FedProx-mu0.05,arm3,100,global,184,0.7609,0.7843,0.8571
7,3,MLP-FedProx-mu0.05,arm3,100,0,39,0.7436,0.7222,0.8201
7,3,MLP-FedProx-mu0.05,arm3,100,1,48,0.6875,0.6809,0.8663
7,3,MLP-FedProx-mu0.05,arm3,100,2,39,0.7436,0.7826,0.8343
7,3,MLP-FedProx-mu0.05,arm3,100,3,58,0.8448,0.88,0.9009
7,3,MLP-FedProx-mu0.05,arm3,1.0,global,184,0.7663,0.7923,0.8566
7,3,MLP-FedProx-mu0.05,arm3,1.0,0,20,0.7,0.5,0.6933
7,3,MLP-FedProx-mu0.05,arm3,1.0,1,30,0.7667,0.8108,0.89
7,3,MLP-FedProx-mu0.05,arm3,1.0,2,107,0.7477,0.7731,0.8594
7,3,MLP-FedProx-mu0.05,arm3,1.0,3,27,0.8889,0.9231,0.9429
7,3,MLP-FedProx-mu0.05,arm3,0.5,global,184,0.7663,0.7861,0.8531
7,3,MLP-FedProx-mu0.05,arm3,0.5,0,27,0.7778,0.8,0.8278
7,3,MLP-FedProx-mu0.05,arm3,0.5,1,108,0.75,0.8,0.8517
7,3,MLP-FedProx-mu0.05,arm3,0.5,2,27,0.7778,0.0,nan
7,3,MLP-FedProx-mu0.05,arm3,0.5,3,22,0.8182,0.8667,0.8958
7,3,MLP-FedProx-mu0.05,arm3,0.1,global,184,0.7609,0.7885,0.8629
7,3,MLP-FedProx-mu0.05,arm3,0.1,0,24,0.6667,0.0,nan
7,3,MLP-FedProx-mu0.05,arm3,0.1,1,16,0.8125,0.8966,nan
7,3,MLP-FedProx-mu0.05,arm3,0.1,2,8,0.875,0.9333,nan
7,3,MLP-FedProx-mu0.05,arm3,0.1,3,136,0.7647,0.7949,0.8677
7,3,MLP-FedProx-mu0.05,arm3,natural,global,184,0.7772,0.8057,0.8561
7,3,MLP-FedProx-mu0.05,arm3,natural,0,51,0.8235,0.7907,0.8696
7,3,MLP-FedProx-mu0.05,arm3,natural,1,61,0.7377,0.68,0.8298
7,3,MLP-FedProx-mu0.05,arm3,natural,2,27,0.8148,0.8889,0.8152
7,3,MLP-FedProx-mu0.05,arm3,natural,3,45,0.7556,0.8493,0.6971
7,4,MLP-FedProx-mu0.05,arm3,100,global,184,0.7391,0.7857,0.8183
7,4,MLP-FedProx-mu0.05,arm3,100,0,39,0.7179,0.807,0.8117
7,4,MLP-FedProx-mu0.05,arm3,100,1,48,0.8333,0.875,0.9111
7,4,MLP-FedProx-mu0.05,arm3,100,2,38,0.6579,0.6829,0.6975
7,4,MLP-FedProx-mu0.05,arm3,100,3,59,0.7288,0.7419,0.8461
7,4,MLP-FedProx-mu0.05,arm3,1.0,global,184,0.75,0.785,0.8206
7,4,MLP-FedProx-mu0.05,arm3,1.0,0,18,0.6667,0.6667,0.775
7,4,MLP-FedProx-mu0.05,arm3,1.0,1,34,0.8824,0.9286,0.975
7,4,MLP-FedProx-mu0.05,arm3,1.0,2,104,0.7212,0.7184,0.8163
7,4,MLP-FedProx-mu0.05,arm3,1.0,3,28,0.75,0.8108,0.8021
7,4,MLP-FedProx-mu0.05,arm3,0.5,global,184,0.7609,0.7944,0.8179
7,4,MLP-FedProx-mu0.05,arm3,0.5,0,30,0.7667,0.8293,0.7778
7,4,MLP-FedProx-mu0.05,arm3,0.5,1,94,0.7979,0.855,0.8748
7,4,MLP-FedProx-mu0.05,arm3,0.5,2,36,0.6944,0.0,nan
7,4,MLP-FedProx-mu0.05,arm3,0.5,3,24,0.7083,0.7742,0.7857
7,4,MLP-FedProx-mu0.05,arm3,0.1,global,184,0.7446,0.7638,0.8235
7,4,MLP-FedProx-mu0.05,arm3,0.1,0,22,0.8182,0.3333,0.9048
7,4,MLP-FedProx-mu0.05,arm3,0.1,1,16,0.75,0.8571,nan
7,4,MLP-FedProx-mu0.05,arm3,0.1,2,9,0.5556,0.7143,nan
7,4,MLP-FedProx-mu0.05,arm3,0.1,3,137,0.7445,0.7682,0.8284
7,4,MLP-FedProx-mu0.05,arm3,natural,global,184,0.7391,0.7647,0.8144
7,4,MLP-FedProx-mu0.05,arm3,natural,0,66,0.7121,0.678,0.7978
7,4,MLP-FedProx-mu0.05,arm3,natural,1,59,0.7627,0.7308,0.8673
7,4,MLP-FedProx-mu0.05,arm3,natural,2,19,0.8421,0.9091,0.8889
7,4,MLP-FedProx-mu0.05,arm3,natural,3,40,0.7,0.8,0.7054
8,0,MLP-FedProx-mu0.05,arm3,100,global,184,0.7663,0.7772,0.8088
8,0,MLP-FedProx-mu0.05,arm3,100,0,35,0.6857,0.6667,0.6765
8,0,MLP-FedProx-mu0.05,arm3,100,1,52,0.8269,0.8657,0.842
8,0,MLP-FedProx-mu0.05,arm3,100,2,49,0.7143,0.72,0.7883
8,0,MLP-FedProx-mu0.05,arm3,100,3,48,0.8125,0.7907,0.8522
8,0,MLP-FedProx-mu0.05,arm3,1.0,global,184,0.7554,0.7739,0.8193
8,0,MLP-FedProx-mu0.05,arm3,1.0,0,41,0.7073,0.6842,0.7778
8,0,MLP-FedProx-mu0.05,arm3,1.0,1,9,0.7778,0.8333,0.7857
8,0,MLP-FedProx-mu0.05,arm3,1.0,2,94,0.734,0.7368,0.813
8,0,MLP-FedProx-mu0.05,arm3,1.0,3,40,0.85,0.8889,0.91
8,0,MLP-FedProx-mu0.05,arm3,0.5,global,184,0.7609,0.7778,0.8147
8,0,MLP-FedProx-mu0.05,arm3,0.5,0,22,0.7727,0.7826,0.8417
8,0,MLP-FedProx-mu0.05,arm3,0.5,1,3,0.6667,0.8,nan
8,0,MLP-FedProx-mu0.05,arm3,0.5,2,115,0.7652,0.8163,0.8083
8,0,MLP-FedProx-mu0.05,arm3,0.5,3,44,0.75,0.5217,0.8764
8,0,MLP-FedProx-mu0.05,arm3,0.1,global,184,0.7228,0.7273,0.8169
8,0,MLP-FedProx-mu0.05,arm3,0.1,0,69,0.6812,0.8103,nan
8,0,MLP-FedProx-mu0.05,arm3,0.1,1,83,0.7831,0.0,nan
8,0,MLP-FedProx-mu0.05,arm3,0.1,2,23,0.6957,0.8205,nan
8,0,MLP-FedProx-mu0.05,arm3,0.1,3,9,0.5556,0.7143,nan
8,0,MLP-FedProx-mu0.05,arm3,natural,global,184,0.75,0.781,0.8156
8,0,MLP-FedProx-mu0.05,arm3,natural,0,60,0.7333,0.6923,0.7957
8,0,MLP-FedProx-mu0.05,arm3,natural,1,58,0.7586,0.72,0.8472
8,0,MLP-FedProx-mu0.05,arm3,natural,2,25,0.8,0.8889,0.6522
8,0,MLP-FedProx-mu0.05,arm3,natural,3,41,0.7317,0.8254,0.6236
8,1,MLP-FedProx-mu0.05,arm3,100,global,184,0.7826,0.8214,0.8785
8,1,MLP-FedProx-mu0.05,arm3,100,0,48,0.6875,0.717,0.7722
8,1,MLP-FedProx-mu0.05,arm3,100,1,49,0.8367,0.8889,0.9347
8,1,MLP-FedProx-mu0.05,arm3,100,2,41,0.7317,0.7556,0.8589
8,1,MLP-FedProx-mu0.05,arm3,100,3,46,0.8696,0.8889,0.9505
8,1,MLP-FedProx-mu0.05,arm3,1.0,global,184,0.75,0.7788,0.8741
8,1,MLP-FedProx-mu0.05,arm3,1.0,0,51,0.6471,0.5909,0.7746
8,1,MLP-FedProx-mu0.05,arm3,1.0,1,13,0.8462,0.9167,nan
8,1,MLP-FedProx-mu0.05,arm3,1.0,2,84,0.7381,0.7442,0.8923
8,1,MLP-FedProx-mu0.05,arm3,1.0,3,36,0.8889,0.9259,1.0
8,1,MLP-FedProx-mu0.05,arm3,0.5,global,184,0.7935,0.8273,0.8724
8,1,MLP-FedProx-mu0.05,arm3,0.5,0,28,0.7143,0.6667,0.8187
8,1,MLP-FedProx-mu0.05,arm3,0.5,1,9,0.7778,0.875,0.125
8,1,MLP-FedProx-mu0.05,arm3,0.5,2,103,0.835,0.8859,0.9049
8,1,MLP-FedProx-mu0.05,arm3,0.5,3,44,0.75,0.6452,0.9146
8,1,MLP-FedProx-mu0.05,arm3,0.1,global,184,0.5652,0.7183,0.8615
8,1,MLP-FedProx-mu0.05,arm3,0.1,0,67,1.0,1.0,nan
8,1,MLP-FedProx-mu0.05,arm3,0.1,1,82,0.0244,0.0,nan
8,1,MLP-FedProx-mu0.05,arm3,0.1,2,26,1.0,1.0,nan
8,1,MLP-FedProx-mu0.05,arm3,0.1,3,9,1.0,1.0,nan
8,1,MLP-FedProx-mu0.05,arm3,natural,global,184,0.7826,0.8261,0.8718
8,1,MLP-FedProx-mu0.05,arm3,natural,0,57,0.807,0.8308,0.9144
8,1,MLP-FedProx-mu0.05,arm3,natural,1,64,0.7031,0.6545,0.8456
8,1,MLP-FedProx-mu0.05,arm3,natural,2,24,0.9167,0.9545,0.9318
8,1,MLP-FedProx-mu0.05,arm3,natural,3,39,0.7949,0.8788,0.7593
8,2,MLP-FedProx-mu0.05,arm3,100,global,184,0.7772,0.796,0.8514
8,2,MLP-FedProx-mu0.05,arm3,100,0,46,0.7826,0.7917,0.8469
8,2,MLP-FedProx-mu0.05,arm3,100,1,45,0.8,0.8421,0.8765
8,2,MLP-FedProx-mu0.05,arm3,100,2,51,0.7255,0.6818,0.8492
8,2,MLP-FedProx-mu0.05,arm3,100,3,42,0.8095,0.8462,0.851
8,2,MLP-FedProx-mu0.05,arm3,1.0,global,184,0.7772,0.8111,0.8515
8,2,MLP-FedProx-mu0.05,arm3,1.0,0,43,0.6279,0.5789,0.8103
8,2,MLP-FedProx-mu0.05,arm3,1.0,1,10,0.9,0.9474,0.4444
8,2,MLP-FedProx-mu0.05,arm3,1.0,2,94,0.8298,0.8431,0.8789
8,2,MLP-FedProx-mu0.05,arm3,1.0,3,37,0.7838,0.8621,0.8381
8,2,MLP-FedProx-mu0.05,arm3,0.5,global,184,0.7826,0.8148,0.8521
8,2,MLP-FedProx-mu0.05,arm3,0.5,0,30,0.6667,0.7222,0.8393
8,2,MLP-FedProx-mu0.05,arm3,0.5,1,10,0.9,0.9091,1.0
8,2,MLP-FedProx-mu0.05,arm3,0.5,2,108,0.8056,0.8531,0.8405
8,2,MLP-FedProx-mu0.05,arm3,0.5,3,36,0.7778,0.6923,0.9136
8,2,MLP-FedProx-mu0.05,arm3,0.1,global,184,0.7283,0.7881,0.8421
8,2,MLP-FedProx-mu0.05,arm3,0.1,0,60,0.9167,0.9565,nan
8,2,MLP-FedProx-mu0.05,arm3,0.1,1,82,0.5,0.0,nan
8,2,MLP-FedProx-mu0.05,arm3,0.1,2,27,0.9259,0.9615,nan
8,2,MLP-FedProx-mu0.05,arm3,0.1,3,15,0.8667,0.9286,nan
8,2,MLP-FedProx-mu0.05,arm3,natural,global,184,0.7826,0.8039,0.8526
8,2,MLP-FedProx-mu0.05,arm3,natural,0,69,0.7681,0.7037,0.8258
8,2,MLP-FedProx-mu0.05,arm3,natural,1,58,0.8276,0.8214,0.9236
8,2,MLP-FedProx-mu0.05,arm3,natural,2,21,0.7143,0.8235,0.5789
8,2,MLP-FedProx-mu0.05,arm3,natural,3,36,0.7778,0.8667,0.6667
8,3,MLP-FedProx-mu0.05,arm3,100,global,184,0.7446,0.7892,0.8091
8,3,MLP-FedProx-mu0.05,arm3,100,0,46,0.7609,0.8,0.8381
8,3,MLP-FedProx-mu0.05,arm3,100,1,44,0.6818,0.72,0.764
8,3,MLP-FedProx-mu0.05,arm3,100,2,47,0.7447,0.8065,0.7763
8,3,MLP-FedProx-mu0.05,arm3,100,3,47,0.7872,0.8214,0.8315
8,3,MLP-FedProx-mu0.05,arm3,1.0,global,184,0.7391,0.7474,0.8022
8,3,MLP-FedProx-mu0.05,arm3,1.0,0,44,0.8636,0.8235,0.8482
8,3,MLP-FedProx-mu0.05,arm3,1.0,1,10,0.4,0.5714,nan
8,3,MLP-FedProx-mu0.05,arm3,1.0,2,76,0.7368,0.7222,0.8326
8,3,MLP-FedProx-mu0.05,arm3,1.0,3,54,0.7037,0.7714,0.8
8,3,MLP-FedProx-mu0.05,arm3,0.5,global,184,0.75,0.7723,0.8043
8,3,MLP-FedProx-mu0.05,arm3,0.5,0,26,0.5385,0.4,0.5758
8,3,MLP-FedProx-mu0.05,arm3,0.5,1,7,1.0,1.0,1.0
8,3,MLP-FedProx-mu0.05,arm3,0.5,2,108,0.7778,0.831,0.8124
8,3,MLP-FedProx-mu0.05,arm3,0.5,3,43,0.7674,0.6875,0.8641
8,3,MLP-FedProx-mu0.05,arm3,0.1,global,184,0.6902,0.646,0.7703
8,3,MLP-FedProx-mu0.05,arm3,0.1,0,65,0.5231,0.6869,nan
8,3,MLP-FedProx-mu0.05,arm3,0.1,1,81,0.9136,0.0,nan
8,3,MLP-FedProx-mu0.05,arm3,0.1,2,20,0.45,0.6207,nan
8,3,MLP-FedProx-mu0.05,arm3,0.1,3,18,0.5556,0.6923,0.7647
8,3,MLP-FedProx-mu0.05,arm3,natural,global,184,0.7174,0.7292,0.7884
8,3,MLP-FedProx-mu0.05,arm3,natural,0,59,0.678,0.5778,0.7319
8,3,MLP-FedProx-mu0.05,arm3,natural,1,61,0.7869,0.7234,0.8524
8,3,MLP-FedProx-mu0.05,arm3,natural,2,22,0.6818,0.8,0.9048
8,3,MLP-FedProx-mu0.05,arm3,natural,3,42,0.6905,0.8,0.5906
8,4,MLP-FedProx-mu0.05,arm3,100,global,184,0.788,0.802,0.884
8,4,MLP-FedProx-mu0.05,arm3,100,0,39,0.7949,0.8333,0.9057
8,4,MLP-FedProx-mu0.05,arm3,100,1,46,0.7609,0.7755,0.8654
8,4,MLP-FedProx-mu0.05,arm3,100,2,54,0.8519,0.8462,0.9203
8,4,MLP-FedProx-mu0.05,arm3,100,3,45,0.7333,0.75,0.8281
8,4,MLP-FedProx-mu0.05,arm3,1.0,global,184,0.7935,0.8224,0.8794
8,4,MLP-FedProx-mu0.05,arm3,1.0,0,35,0.8286,0.8333,0.9267
8,4,MLP-FedProx-mu0.05,arm3,1.0,1,11,0.9091,0.9412,0.9444
8,4,MLP-FedProx-mu0.05,arm3,1.0,2,101,0.7525,0.7525,0.8637
8,4,MLP-FedProx-mu0.05,arm3,1.0,3,37,0.8378,0.9,0.8602
8,4,MLP-FedProx-mu0.05,arm3,0.5,global,184,0.8043,0.8269,0.8839
8,4,MLP-FedProx-mu0.05,arm3,0.5,0,16,0.875,0.8333,1.0
8,4,MLP-FedProx-mu0.05,arm3,0.5,1,10,0.8,0.875,0.8889
8,4,MLP-FedProx-mu0.05,arm3,0.5,2,115,0.7913,0.8442,0.8745
8,4,MLP-FedProx-mu0.05,arm3,0.5,3,43,0.814,0.6923,0.9216
8,4,MLP-FedProx-mu0.05,arm3,0.1,global,184,0.7772,0.8161,0.8631
8,4,MLP-FedProx-mu0.05,arm3,0.1,0,63,0.8889,0.9412,nan
8,4,MLP-FedProx-mu0.05,arm3,0.1,1,82,0.6341,0.0,nan
8,4,MLP-FedProx-mu0.05,arm3,0.1,2,23,0.8696,0.9302,nan
8,4,MLP-FedProx-mu0.05,arm3,0.1,3,16,0.9375,0.9677,nan
8,4,MLP-FedProx-mu0.05,arm3,natural,global,184,0.7935,0.8241,0.8841
8,4,MLP-FedProx-mu0.05,arm3,natural,0,58,0.8448,0.8302,0.9128
8,4,MLP-FedProx-mu0.05,arm3,natural,1,53,0.6981,0.619,0.8611
8,4,MLP-FedProx-mu0.05,arm3,natural,2,31,0.9677,0.9831,0.9667
8,4,MLP-FedProx-mu0.05,arm3,natural,3,42,0.7143,0.8065,0.7704
9,0,MLP-FedProx-mu0.05,arm3,100,global,184,0.7717,0.7879,0.8707
9,0,MLP-FedProx-mu0.05,arm3,100,0,58,0.8276,0.8485,0.8946
9,0,MLP-FedProx-mu0.05,arm3,100,1,29,0.7241,0.7143,0.8788
9,0,MLP-FedProx-mu0.05,arm3,100,2,43,0.7674,0.7917,0.8311
9,0,MLP-FedProx-mu0.05,arm3,100,3,54,0.7407,0.75,0.8878
9,0,MLP-FedProx-mu0.05,arm3,1.0,global,184,0.7717,0.7879,0.8679
9,0,MLP-FedProx-mu0.05,arm3,1.0,0,41,0.7561,0.1667,1.0
9,0,MLP-FedProx-mu0.05,arm3,1.0,1,23,0.7391,0.6667,0.7679
9,0,MLP-FedProx-mu0.05,arm3,1.0,2,52,0.8077,0.8936,nan
9,0,MLP-FedProx-mu0.05,arm3,1.0,3,68,0.7647,0.7838,0.9097
9,0,MLP-FedProx-mu0.05,arm3,0.5,global,184,0.7935,0.7979,0.8608
9,0,MLP-FedProx-mu0.05,arm3,0.5,0,6,0.8333,0.9091,nan
9,0,MLP-FedProx-mu0.05,arm3,0.5,1,33,0.7879,0.8372,0.88
9,0,MLP-FedProx-mu0.05,arm3,0.5,2,65,0.8769,0.0,nan
9,0,MLP-FedProx-mu0.05,arm3,0.5,3,80,0.725,0.8254,0.7686
9,0,MLP-FedProx-mu0.05,arm3,0.1,global,184,0.7772,0.7919,0.8595
9,0,MLP-FedProx-mu0.05,arm3,0.1,0,76,0.75,0.6275,0.8771
9,0,MLP-FedProx-mu0.05,arm3,0.1,1,6,1.0,1.0,nan
9,0,MLP-FedProx-mu0.05,arm3,0.1,2,88,0.7841,0.855,0.8668
9,0,MLP-FedProx-mu0.05,arm3,0.1,3,14,0.7857,0.0,nan
9,0,MLP-FedProx-mu0.05,arm3,natural,global,184,0.7772,0.8093,0.8603
9,0,MLP-FedProx-mu0.05,arm3,natural,0,64,0.7656,0.7541,0.8679
9,0,MLP-FedProx-mu0.05,arm3,natural,1,53,0.7925,0.7556,0.918
9,0,MLP-FedProx-mu0.05,arm3,natural,2,25,0.8,0.8837,0.6667
9,0,MLP-FedProx-mu0.05,arm3,natural,3,42,0.7619,0.8485,0.7104
9,1,MLP-FedProx-mu0.05,arm3,100,global,184,0.8043,0.8286,0.8751
9,1,MLP-FedProx-mu0.05,arm3,100,0,48,0.75,0.7931,0.8951
9,1,MLP-FedProx-mu0.05,arm3,100,1,55,0.8727,0.8511,0.9022
9,1,MLP-FedProx-mu0.05,arm3,100,2,42,0.6667,0.7407,0.75
9,1,MLP-FedProx-mu0.05,arm3,100,3,39,0.9231,0.9412,0.9229
9,1,MLP-FedProx-mu0.05,arm3,1.0,global,184,0.788,0.8312,0.8709
9,1,MLP-FedProx-mu0.05,arm3,1.0,0,44,0.5909,0.1,0.8372
9,1,MLP-FedProx-mu0.05,arm3,1.0,1,27,0.6296,0.5455,0.8968
9,1,MLP-FedProx-mu0.05,arm3,1.0,2,63,0.9206,0.958,0.9355
9,1,MLP-FedProx-mu0.05,arm3,1.0,3,50,0.88,0.9143,0.8966
9,1,MLP-FedProx-mu0.05,arm3,0.5,global,184,0.7935,0.8041,0.8607
9,1,MLP-FedProx-mu0.05,arm3,0.5,0,8,0.625,0.7692,nan
9,1,MLP-FedProx-mu0.05,arm3,0.5,1,38,0.7895,0.8519,0.875
9,1,MLP-FedProx-mu0.05,arm3,0.5,2,66,0.8182,0.0,nan
9,1,MLP-FedProx-mu0.05,arm3,0.5,3,72,0.7917,0.8696,0.9199
9,1,MLP-FedProx-mu0.05,arm3,0.1,global,184,0.8043,0.8269,0.8666
9,1,MLP-FedProx-mu0.05,arm3,0.1,0,68,0.7794,0.6341,0.857
9,1,MLP-FedProx-mu0.05,arm3,0.1,1,7,0.7143,0.8333,nan
9,1,MLP-FedProx-mu0.05,arm3,0.1,2,103,0.8252,0.8831,0.846
9,1,MLP-FedProx-mu0.05,arm3,0.1,3,6,0.8333,0.0,nan
9,1,MLP-FedProx-mu0.05,arm3,natural,global,184,0.8152,0.8317,0.8684
9,1,MLP-FedProx-mu0.05,arm3,natural,0,55,0.8364,0.8,0.88
9,1,MLP-FedProx-mu0.05,arm3,natural,1,64,0.7812,0.7083,0.8409
9,1,MLP-FedProx-mu0.05,arm3,natural,2,26,0.8846,0.9388,0.8
9,1,MLP-FedProx-mu0.05,arm3,natural,3,39,0.7949,0.8667,0.7852
9,2,MLP-FedProx-mu0.05,arm3,100,global,184,0.7391,0.7576,0.8407
9,2,MLP-FedProx-mu0.05,arm3,100,0,53,0.6981,0.7037,0.82
9,2,MLP-FedProx-mu0.05,arm3,100,1,42,0.7619,0.7826,0.8124
9,2,MLP-FedProx-mu0.05,arm3,100,2,47,0.7447,0.76,0.8626
9,2,MLP-FedProx-mu0.05,arm3,100,3,42,0.7619,0.7917,0.8612
9,2,MLP-FedProx-mu0.05,arm3,1.0,global,184,0.7228,0.7358,0.8278
9,2,MLP-FedProx-mu0.05,arm3,1.0,0,38,0.7368,0.0,nan
9,2,MLP-FedProx-mu0.05,arm3,1.0,1,31,0.7097,0.64,0.8381
9,2,MLP-FedProx-mu0.05,arm3,1.0,2,54,0.7037,0.8222,0.9245
9,2,MLP-FedProx-mu0.05,arm3,1.0,3,61,0.7377,0.7647,0.8753
9,2,MLP-FedProx-mu0.05,arm3,0.5,global,184,0.7228,0.7302,0.8271
9,2,MLP-FedProx-mu0.05,arm3,0.5,0,12,0.8333,0.9091,nan
9,2,MLP-FedProx-mu0.05,arm3,0.5,1,38,0.6579,0.7111,0.7565
9,2,MLP-FedProx-mu0.05,arm3,0.5,2,54,0.8148,0.0,nan
9,2,MLP-FedProx-mu0.05,arm3,0.5,3,80,0.675,0.7679,0.8289
9,2,MLP-FedProx-mu0.05,arm3,0.1,global,184,0.7609,0.7925,0.8305
9,2,MLP-FedProx-mu0.05,arm3,0.1,0,72,0.6667,0.6,0.7365
9,2,MLP-FedProx-mu0.05,arm3,0.1,1,7,0.7143,0.8333,nan
9,2,MLP-FedProx-mu0.05,arm3,0.1,2,88,0.8295,0.8905,0.9036
9,2,MLP-FedProx-mu0.05,arm3,0.1,3,17,0.8235,0.0,nan
9,2,MLP-FedProx-mu0.05,arm3,natural,global,184,0.7989,0.8341,0.8278
9,2,MLP-FedProx-mu0.05,arm3,natural,0,57,0.8421,0.8525,0.8827
9,2,MLP-FedProx-mu0.05,arm3,natural,1,66,0.7576,0.7419,0.8195
9,2,MLP-FedProx-mu0.05,arm3,natural,2,21,0.8095,0.8947,0.8
9,2,MLP-FedProx-mu0.05,arm3,natural,3,40,0.8,0.871,0.6966
9,3,MLP-FedProx-mu0.05,arm3,100,global,184,0.7174,0.7374,0.8004
9,3,MLP-FedProx-mu0.05,arm3,100,0,47,0.8298,0.8182,0.8587
9,3,MLP-FedProx-mu0.05,arm3,100,1,43,0.6744,0.7407,0.7262
9,3,MLP-FedProx-mu0.05,arm3,100,2,46,0.7174,0.7547,0.8115
9,3,MLP-FedProx-mu0.05,arm3,100,3,48,0.6458,0.6383,0.7443
9,3,MLP-FedProx-mu0.05,arm3,1.0,global,184,0.7391,0.7838,0.8083
9,3,MLP-FedProx-mu0.05,arm3,1.0,0,33,0.6667,0.0,0.5938
9,3,MLP-FedProx-mu0.05,arm3,1.0,1,28,0.6429,0.6667,0.7722
9,3,MLP-FedProx-mu0.05,arm3,1.0,2,59,0.8475,0.9174,nan
9,3,MLP-FedProx-mu0.05,arm3,1.0,3,64,0.7188,0.75,0.7812
9,3,MLP-FedProx-mu0.05,arm3,0.5,global,184,0.7011,0.7059,0.795
9,3,MLP-FedProx-mu0.05,arm3,0.5,0,7,0.2857,0.4444,nan
9,3,MLP-FedProx-mu0.05,arm3,0.5,1,26,0.7308,0.7879,0.9323
9,3,MLP-FedProx-mu0.05,arm3,0.5,2,64,0.7344,0.0,nan
9,3,MLP-FedProx-mu0.05,arm3,0.5,3,87,0.7011,0.7969,0.8278
9,3,MLP-FedProx-mu0.05,arm3,0.1,global,184,0.7283,0.7525,0.8138
9,3,MLP-FedProx-mu0.05,arm3,0.1,0,63,0.6825,0.375,0.7531
9,3,MLP-FedProx-mu0.05,arm3,0.1,1,6,0.8333,0.9091,0.6
9,3,MLP-FedProx-mu0.05,arm3,0.1,2,105,0.7429,0.828,0.8225
9,3,MLP-FedProx-mu0.05,arm3,0.1,3,10,0.8,0.0,nan
9,3,MLP-FedProx-mu0.05,arm3,natural,global,184,0.7391,0.7857,0.8108
9,3,MLP-FedProx-mu0.05,arm3,natural,0,68,0.7059,0.697,0.7513
9,3,MLP-FedProx-mu0.05,arm3,natural,1,52,0.7692,0.76,0.9187
9,3,MLP-FedProx-mu0.05,arm3,natural,2,26,0.8462,0.913,0.8261
9,3,MLP-FedProx-mu0.05,arm3,natural,3,38,0.6842,0.8065,0.6821
9,4,MLP-FedProx-mu0.05,arm3,100,global,184,0.7717,0.8019,0.8729
9,4,MLP-FedProx-mu0.05,arm3,100,0,49,0.7551,0.8125,0.8346
9,4,MLP-FedProx-mu0.05,arm3,100,1,51,0.7451,0.7636,0.8565
9,4,MLP-FedProx-mu0.05,arm3,100,2,42,0.7857,0.8,0.9229
9,4,MLP-FedProx-mu0.05,arm3,100,3,42,0.8095,0.8333,0.9365
9,4,MLP-FedProx-mu0.05,arm3,1.0,global,184,0.7772,0.8128,0.8704
9,4,MLP-FedProx-mu0.05,arm3,1.0,0,38,0.5789,0.2,0.9028
9,4,MLP-FedProx-mu0.05,arm3,1.0,1,33,0.7576,0.6667,0.95
9,4,MLP-FedProx-mu0.05,arm3,1.0,2,63,0.8571,0.9231,nan
9,4,MLP-FedProx-mu0.05,arm3,1.0,3,50,0.84,0.8621,0.9195
9,4,MLP-FedProx-mu0.05,arm3,0.5,global,184,0.7717,0.7766,0.8648
9,4,MLP-FedProx-mu0.05,arm3,0.5,0,13,0.6923,0.8182,0.0833
9,4,MLP-FedProx-mu0.05,arm3,0.5,1,27,0.6667,0.7429,0.746
9,4,MLP-FedProx-mu0.05,arm3,0.5,2,62,0.871,0.0,nan
9,4,MLP-FedProx-mu0.05,arm3,0.5,3,82,0.7439,0.8293,0.8484
9,4,MLP-FedProx-mu0.05,arm3,0.1,global,184,0.788,0.8079,0.859
9,4,MLP-FedProx-mu0.05,arm3,0.1,0,75,0.7867,0.6923,0.9045
9,4,MLP-FedProx-mu0.05,arm3,0.1,1,7,0.7143,0.8333,nan
9,4,MLP-FedProx-mu0.05,arm3,0.1,2,87,0.7701,0.8529,0.7827
9,4,MLP-FedProx-mu0.05,arm3,0.1,3,15,0.9333,0.6667,1.0
9,4,MLP-FedProx-mu0.05,arm3,natural,global,184,0.7772,0.8075,0.8709
9,4,MLP-FedProx-mu0.05,arm3,natural,0,59,0.7458,0.7059,0.8917
9,4,MLP-FedProx-mu0.05,arm3,natural,1,59,0.7119,0.6383,0.8659
9,4,MLP-FedProx-mu0.05,arm3,natural,2,25,0.96,0.9796,nan
9,4,MLP-FedProx-mu0.05,arm3,natural,3,41,0.8049,0.8788,0.6871
0,0,MLP-FedProx-mu0.1,arm3,100,global,184,0.7935,0.8137,0.8653
0,0,MLP-FedProx-mu0.1,arm3,100,0,35,0.7714,0.7895,0.8322
0,0,MLP-FedProx-mu0.1,arm3,100,1,47,0.8085,0.8235,0.8243
0,0,MLP-FedProx-mu0.1,arm3,100,2,50,0.84,0.8519,0.9058
0,0,MLP-FedProx-mu0.1,arm3,100,3,52,0.75,0.7869,0.8818
0,0,MLP-FedProx-mu0.1,arm3,1.0,global,184,0.7935,0.8137,0.8664
0,0,MLP-FedProx-mu0.1,arm3,1.0,0,32,0.8125,0.8235,0.8984
0,0,MLP-FedProx-mu0.1,arm3,1.0,1,72,0.8056,0.8409,0.8444
0,0,MLP-FedProx-mu0.1,arm3,1.0,2,48,0.8125,0.8235,0.8677
0,0,MLP-FedProx-mu0.1,arm3,1.0,3,32,0.7188,0.7097,0.8947
0,0,MLP-FedProx-mu0.1,arm3,0.5,global,184,0.7772,0.8038,0.8484
0,0,MLP-FedProx-mu0.1,arm3,0.5,0,62,0.7258,0.6047,0.798
0,0,MLP-FedProx-mu0.1,arm3,0.5,1,69,0.8841,0.9355,0.9343
0,0,MLP-FedProx-mu0.1,arm3,0.5,2,33,0.697,0.6429,0.8719
0,0,MLP-FedProx-mu0.1,arm3,0.5,3,20,0.7,0.5714,0.8571
0,0,MLP-FedProx-mu0.1,arm3,0.1,global,184,0.788,0.8186,0.8447
0,0,MLP-FedProx-mu0.1,arm3,0.1,0,61,0.7049,0.0,nan
0,0,MLP-FedProx-mu0.1,arm3,0.1,1,100,0.87,0.9305,nan
0,0,MLP-FedProx-mu0.1,arm3,0.1,2,14,0.5714,0.0,nan
0,0,MLP-FedProx-mu0.1,arm3,0.1,3,9,0.7778,0.5,0.75
0,0,MLP-FedProx-mu0.1,arm3,natural,global,184,0.788,0.804,0.8529
0,0,MLP-FedProx-mu0.1,arm3,natural,0,66,0.7879,0.75,0.8636
0,0,MLP-FedProx-mu0.1,arm3,natural,1,60,0.8667,0.8462,0.9354
0,0,MLP-FedProx-mu0.1,arm3,natural,2,22,0.7727,0.8649,0.625
0,0,MLP-FedProx-mu0.1,arm3,natural,3,36,0.6667,0.7778,0.6214
0,1,MLP-FedProx-mu0.1,arm3,100,global,184,0.7935,0.8304,0.8731
0,1,MLP-FedProx-mu0.1,arm3,100,0,37,0.6216,0.65,0.8274
0,1,MLP-FedProx-mu0.1,arm3,100,1,41,0.8293,0.8627,0.8946
0,1,MLP-FedProx-mu0.1,arm3,100,2,49,0.8571,0.8889,0.8897
0,1,MLP-FedProx-mu0.1,arm3,100,3,57,0.8246,0.8571,0.8951
0,1,MLP-FedProx-mu0.1,arm3,1.0,global,184,0.7935,0.8288,0.8733
0,1,MLP-FedProx-mu0.1,arm3,1.0,0,38,0.7368,0.7826,0.9361
0,1,MLP-FedProx-mu0.1,arm3,1.0,1,62,0.7581,0.8052,0.8294
0,1,MLP-FedProx-mu0.1,arm3,1.0,2,48,0.8958,0.9091,0.9441
0,1,MLP-FedProx-mu0.1,arm3,1.0,3,36,0.7778,0.8182,0.8483
0,1,MLP-FedProx-mu0.1,arm3,0.5,global,184,0.7826,0.8246,0.867
0,1,MLP-FedProx-mu0.1,arm3,0.5,0,57,0.6316,0.4878,0.7832
0,1,MLP-FedProx-mu0.1,arm3,0.5,1,75,0.92,0.9559,0.8943
0,1,MLP-FedProx-mu0.1,arm3,0.5,2,33,0.8485,0.8571,0.9741
0,1,MLP-FedProx-mu0.1,arm3,0.5,3,19,0.5789,0.5,0.9
0,1,MLP-FedProx-mu0.1,arm3,0.1,global,184,0.7826,0.8319,0.8732
0,1,MLP-FedProx-mu0.1,arm3,0.1,0,59,0.5763,0.0,nan
0,1,MLP-FedProx-mu0.1,arm3,0.1,1,102,0.9706,0.9851,nan
0,1,MLP-FedProx-mu0.1,arm3,0.1,2,16,0.4375,0.0,nan
0,1,MLP-FedProx-mu0.1,arm3,0.1,3,7,0.5714,0.0,nan
0,1,MLP-FedProx-mu0.1,arm3,natural,global,184,0.7826,0.823,0.8699
0,1,MLP-FedProx-mu0.1,arm3,natural,0,64,0.7969,0.7869,0.8889
0,1,MLP-FedProx-mu0.1,arm3,natural,1,51,0.7059,0.6512,0.8167
0,1,MLP-FedProx-mu0.1,arm3,natural,2,28,0.9286,0.963,0.8519
0,1,MLP-FedProx-mu0.1,arm3,natural,3,41,0.7561,0.8529,0.8194
0,2,MLP-FedProx-mu0.1,arm3,100,global,184,0.7174,0.732,0.8265
0,2,MLP-FedProx-mu0.1,arm3,100,0,37,0.7297,0.7059,0.8509
0,2,MLP-FedProx-mu0.1,arm3,100,1,53,0.7736,0.8125,0.875
0,2,MLP-FedProx-mu0.1,arm3,100,2,46,0.6087,0.5909,0.7562
0,2,MLP-FedProx-mu0.1,arm3,100,3,48,0.75,0.7692,0.8183
0,2,MLP-FedProx-mu0.1,arm3,1.0,global,184,0.7283,0.7475,0.8307
0,2,MLP-FedProx-mu0.1,arm3,1.0,0,42,0.7857,0.8163,0.8729
0,2,MLP-FedProx-mu0.1,arm3,1.0,1,72,0.7083,0.747,0.8212
0,2,MLP-FedProx-mu0.1,arm3,1.0,2,46,0.6522,0.619,0.7614
0,2,MLP-FedProx-mu0.1,arm3,1.0,3,24,0.8333,0.8333,0.9643
0,2,MLP-FedProx-mu0.1,arm3,0.5,global,184,0.7446,0.7729,0.8315
0,2,MLP-FedProx-mu0.1,arm3,0.5,0,60,0.7167,0.5405,0.7823
0,2,MLP-FedProx-mu0.1,arm3,0.5,1,74,0.7703,0.8661,0.9306
0,2,MLP-FedProx-mu0.1,arm3,0.5,2,34,0.7647,0.7333,0.8755
0,2,MLP-FedProx-mu0.1,arm3,0.5,3,16,0.6875,0.6154,0.9792
0,2,MLP-FedProx-mu0.1,arm3,0.1,global,184,0.6467,0.7566,0.8378
0,2,MLP-FedProx-mu0.1,arm3,0.1,0,64,0.2188,0.0,nan
0,2,MLP-FedProx-mu0.1,arm3,0.1,1,102,0.9902,0.9951,nan
0,2,MLP-FedProx-mu0.1,arm3,0.1,2,10,0.2,0.0,nan
0,2,MLP-FedProx-mu0.1,arm3,0.1,3,8,0.25,0.0,nan
0,2,MLP-FedProx-mu0.1,arm3,natural,global,184,0.7391,0.76,0.8288
0,2,MLP-FedProx-mu0.1,arm3,natural,0,54,0.7222,0.6809,0.8283
0,2,MLP-FedProx-mu0.1,arm3,natural,1,67,0.7761,0.717,0.8593
0,2,MLP-FedProx-mu0.1,arm3,natural,2,21,0.9048,0.95,nan
0,2,MLP-FedProx-mu0.1,arm3,natural,3,42,0.619,0.7333,0.6272
0,3,MLP-FedProx-mu0.1,arm3,100,global,184,0.7717,0.7835,0.8503
0,3,MLP-FedProx-mu0.1,arm3,100,0,41,0.8293,0.8293,0.8923
0,3,MLP-FedProx-mu0.1,arm3,100,1,49,0.7347,0.7234,0.7967
0,3,MLP-FedProx-mu0.1,arm3,100,2,44,0.75,0.8136,0.843
0,3,MLP-FedProx-mu0.1,arm3,100,3,50,0.78,0.766,0.8744
0,3,MLP-FedProx-mu0.1,arm3,1.0,global,184,0.7772,0.7919,0.8495
0,3,MLP-FedProx-mu0.1,arm3,1.0,0,42,0.881,0.8936,0.9097
0,3,MLP-FedProx-mu0.1,arm3,1.0,1,76,0.75,0.7816,0.825
0,3,MLP-FedProx-mu0.1,arm3,1.0,2,38,0.6842,0.7,0.8089
0,3,MLP-FedProx-mu0.1,arm3,1.0,3,28,0.8214,0.7826,0.9062
0,3,MLP-FedProx-mu0.1,arm3,0.5,global,184,0.7772,0.798,0.8451
0,3,MLP-FedProx-mu0.1,arm3,0.5,0,65,0.7846,0.65,0.8587
0,3,MLP-FedProx-mu0.1,arm3,0.5,1,76,0.7763,0.8722,0.9067
0,3,MLP-FedProx-mu0.1,arm3,0.5,2,28,0.7143,0.6667,0.8111
0,3,MLP-FedProx-mu0.1,arm3,0.5,3,15,0.8667,0.6667,1.0
0,3,MLP-FedProx-mu0.1,arm3,0.1,global,184,0.6902,0.6587,0.799
0,3,MLP-FedProx-mu0.1,arm3,0.1,0,57,0.8772,0.0,nan
0,3,MLP-FedProx-mu0.1,arm3,0.1,1,103,0.5437,0.7006,0.7745
0,3,MLP-FedProx-mu0.1,arm3,0.1,2,16,0.8125,0.0,nan
0,3,MLP-FedProx-mu0.1,arm3,0.1,3,8,1.0,0.0,nan
0,3,MLP-FedProx-mu0.1,arm3,natural,global,184,0.7717,0.7921,0.8501
0,3,MLP-FedProx-mu0.1,arm3,natural,0,56,0.7321,0.7059,0.8135
0,3,MLP-FedProx-mu0.1,arm3,natural,1,66,0.7879,0.7083,0.8762
0,3,MLP-FedProx-mu0.1,arm3,natural,2,24,0.875,0.9302,0.8409
0,3,MLP-FedProx-mu0.1,arm3,natural,3,38,0.7368,0.8333,0.6687
0,4,MLP-FedProx-mu0.1,arm3,100,global,184,0.7717,0.7812,0.8336
0,4,MLP-FedProx-mu0.1,arm3,100,0,36,0.8611,0.8649,0.8889
0,4,MLP-FedProx-mu0.1,arm3,100,1,44,0.75,0.7843,0.844
0,4,MLP-FedProx-mu0.1,arm3,100,2,55,0.7455,0.7308,0.8355
0,4,MLP-FedProx-mu0.1,arm3,100,3,49,0.7551,0.7692,0.7926
0,4,MLP-FedProx-mu0.1,arm3,1.0,global,184,0.7554,0.7716,0.8311
0,4,MLP-FedProx-mu0.1,arm3,1.0,0,39,0.8718,0.8936,0.9778
0,4,MLP-FedProx-mu0.1,arm3,1.0,1,65,0.7385,0.7848,0.7917
0,4,MLP-FedProx-mu0.1,arm3,1.0,2,54,0.7037,0.6522,0.772
0,4,MLP-FedProx-mu0.1,arm3,1.0,3,26,0.7308,0.72,0.8485
0,4,MLP-FedProx-mu0.1,arm3,0.5,global,184,0.7554,0.7739,0.8187
0,4,MLP-FedProx-mu0.1,arm3,0.5,0,59,0.7966,0.6667,0.8394
0,4,MLP-FedProx-mu0.1,arm3,0.5,1,74,0.7432,0.8455,0.9437
0,4,MLP-FedProx-mu0.1,arm3,0.5,2,34,0.7647,0.7333,0.8393
0,4,MLP-FedProx-mu0.1,arm3,0.5,3,17,0.6471,0.4,0.7667
0,4,MLP-FedProx-mu0.1,arm3,0.1,global,184,0.6957,0.6889,0.8044
0,4,MLP-FedProx-mu0.1,arm3,0.1,0,60,0.8,0.0,nan
0,4,MLP-FedProx-mu0.1,arm3,0.1,1,102,0.6078,0.7561,nan
0,4,MLP-FedProx-mu0.1,arm3,0.1,2,13,0.8462,0.0,nan
0,4,MLP-FedProx-mu0.1,arm3,0.1,3,9,0.7778,0.0,nan
0,4,MLP-FedProx-mu0.1,arm3,natural,global,184,0.7609,0.7982,0.8259
0,4,MLP-FedProx-mu0.1,arm3,natural,0,63,0.7778,0.7083,0.8348
0,4,MLP-FedProx-mu0.1,arm3,natural,1,50,0.62,0.6415,0.8128
0,4,MLP-FedProx-mu0.1,arm3,natural,2,28,0.7857,0.875,0.76
0,4,MLP-FedProx-mu0.1,arm3,natural,3,43,0.8837,0.9275,0.8091
1,0,MLP-FedProx-mu0.1,arm3,100,global,184,0.7609,0.78,0.8323
1,0,MLP-FedProx-mu0.1,arm3,100,0,45,0.7111,0.7234,0.7411
1,0,MLP-FedProx-mu0.1,arm3,100,1,48,0.8333,0.8462,0.9232
1,0,MLP-FedProx-mu0.1,arm3,100,2,42,0.7143,0.7391,0.8205
1,0,MLP-FedProx-mu0.1,arm3,100,3,49,0.7755,0.8,0.8284
1,0,MLP-FedProx-mu0.1,arm3,1.0,global,184,0.7554,0.7926,0.8358
1,0,MLP-FedProx-mu0.1,arm3,1.0,0,67,0.7463,0.7018,0.8478
1,0,MLP-FedProx-mu0.1,arm3,1.0,1,52,0.8269,0.9011,0.99
1,0,MLP-FedProx-mu0.1,arm3,1.0,2,25,0.72,0.8108,0.7778
1,0,MLP-FedProx-mu0.1,arm3,1.0,3,40,0.7,0.625,0.9267
1,0,MLP-FedProx-mu0.1,arm3,0.5,global,184,0.7663,0.7943,0.8376
1,0,MLP-FedProx-mu0.1,arm3,0.5,0,40,0.675,0.6829,0.7877
1,0,MLP-FedProx-mu0.1,arm3,0.5,1,53,0.8491,0.8667,0.9077
1,0,MLP-FedProx-mu0.1,arm3,0.5,2,51,0.7255,0.6111,0.8269
1,0,MLP-FedProx-mu0.1,arm3,0.5,3,40,0.8,0.8889,nan
1,0,MLP-FedProx-mu0.1,arm3,0.1,global,184,0.5489,0.7088,0.7917
1,0,MLP-FedProx-mu0.1,arm3,0.1,0,19,0.2105,0.3478,0.9
1,0,MLP-FedProx-mu0.1,arm3,0.1,1,34,0.5294,0.6923,0.8542
1,0,MLP-FedProx-mu0.1,arm3,0.1,2,55,0.0545,0.1034,0.6667
1,0,MLP-FedProx-mu0.1,arm3,0.1,3,76,1.0,1.0,nan
1,0,MLP-FedProx-mu0.1,arm3,natural,global,184,0.7554,0.7964,0.8305
1,0,MLP-FedProx-mu0.1,arm3,natural,0,55,0.7818,0.75,0.881
1,0,MLP-FedProx-mu0.1,arm3,natural,1,58,0.7414,0.7273,0.8559
1,0,MLP-FedProx-mu0.1,arm3,natural,2,25,0.84,0.9091,0.7879
1,0,MLP-FedProx-mu0.1,arm3,natural,3,46,0.6957,0.8108,0.596
1,1,MLP-FedProx-mu0.1,arm3,100,global,184,0.7337,0.7841,0.8268
1,1,MLP-FedProx-mu0.1,arm3,100,0,30,0.7333,0.75,0.9095
1,1,MLP-FedProx-mu0.1,arm3,100,1,53,0.7736,0.8125,0.805
1,1,MLP-FedProx-mu0.1,arm3,100,2,52,0.6731,0.7385,0.7796
1,1,MLP-FedProx-mu0.1,arm3,100,3,49,0.7551,0.8182,0.8379
1,1,MLP-FedProx-mu0.1,arm3,1.0,global,184,0.7283,0.7807,0.8318
1,1,MLP-FedProx-mu0.1,arm3,1.0,0,55,0.6727,0.6087,0.8702
1,1,MLP-FedProx-mu0.1,arm3,1.0,1,60,0.8167,0.8972,0.6725
1,1,MLP-FedProx-mu0.1,arm3,1.0,2,25,0.84,0.8947,0.9127
1,1,MLP-FedProx-mu0.1,arm3,1.0,3,44,0.6136,0.5405,0.8623
1,1,MLP-FedProx-mu0.1,arm3,0.5,global,184,0.7826,0.8113,0.8265
1,1,MLP-FedProx-mu0.1,arm3,0.5,0,25,0.8,0.8,0.9091
1,1,MLP-FedProx-mu0.1,arm3,0.5,1,55,0.8,0.8,0.7897
1,1,MLP-FedProx-mu0.1,arm3,0.5,2,55,0.6909,0.5854,0.8136
1,1,MLP-FedProx-mu0.1,arm3,0.5,3,49,0.8571,0.9231,nan
1,1,MLP-FedProx-mu0.1,arm3,0.1,global,184,0.5543,0.7133,0.8094
1,1,MLP-FedProx-mu0.1,arm3,0.1,0,12,0.25,0.4,0.8519
1,1,MLP-FedProx-mu0.1,arm3,0.1,1,31,0.3226,0.4878,0.8571
1,1,MLP-FedProx-mu0.1,arm3,0.1,2,53,0.0189,0.037,0.5962
1,1,MLP-FedProx-mu0.1,arm3,0.1,3,88,1.0,1.0,nan
1,1,MLP-FedProx-mu0.1,arm3,natural,global,184,0.7391,0.7876,0.8346
1,1,MLP-FedProx-mu0.1,arm3,natural,0,61,0.7705,0.7742,0.8301
1,1,MLP-FedProx-mu0.1,arm3,natural,1,63,0.6984,0.6885,0.8522
1,1,MLP-FedProx-mu0.1,arm3,natural,2,26,0.8077,0.8936,0.8
1,1,MLP-FedProx-mu0.1,arm3,natural,3,34,0.7059,0.8214,0.6947
1,2,MLP-FedProx-mu0.1,arm3,100,global,184,0.8098,0.8241,0.873
1,2,MLP-FedProx-mu0.1,arm3,100,0,44,0.7955,0.7805,0.8471
1,2,MLP-FedProx-mu0.1,arm3,100,1,38,0.9211,0.9302,0.9468
1,2,MLP-FedProx-mu0.1,arm3,100,2,49,0.8571,0.8679,0.931
1,2,MLP-FedProx-mu0.1,arm3,100,3,53,0.6981,0.7419,0.8029
1,2,MLP-FedProx-mu0.1,arm3,1.0,global,184,0.8098,0.8372,0.8733
1,2,MLP-FedProx-mu0.1,arm3,1.0,0,63,0.7778,0.7083,0.8209
1,2,MLP-FedProx-mu0.1,arm3,1.0,1,56,0.875,0.9333,0.6364
1,2,MLP-FedProx-mu0.1,arm3,1.0,2,22,0.8636,0.8966,0.9429
1,2,MLP-FedProx-mu0.1,arm3,1.0,3,43,0.7442,0.6667,0.9119
1,2,MLP-FedProx-mu0.1,arm3,0.5,global,184,0.8043,0.8252,0.8697
1,2,MLP-FedProx-mu0.1,arm3,0.5,0,39,0.8205,0.8108,0.8368
1,2,MLP-FedProx-mu0.1,arm3,0.5,1,42,0.8333,0.8372,0.9497
1,2,MLP-FedProx-mu0.1,arm3,0.5,2,55,0.7636,0.6667,0.8783
1,2,MLP-FedProx-mu0.1,arm3,0.5,3,48,0.8125,0.8966,nan
1,2,MLP-FedProx-mu0.1,arm3,0.1,global,184,0.5543,0.7133,0.7991
1,2,MLP-FedProx-mu0.1,arm3,0.1,0,18,0.2222,0.3636,0.7679
1,2,MLP-FedProx-mu0.1,arm3,0.1,1,36,0.4722,0.6415,0.6749
1,2,MLP-FedProx-mu0.1,arm3,0.1,2,50,0.02,0.0392,0.5306
1,2,MLP-FedProx-mu0.1,arm3,0.1,3,80,1.0,1.0,nan
1,2,MLP-FedProx-mu0.1,arm3,natural,global,184,0.7772,0.7831,0.866
1,2,MLP-FedProx-mu0.1,arm3,natural,0,61,0.7869,0.7547,0.8602
1,2,MLP-FedProx-mu0.1,arm3,natural,1,61,0.8197,0.7556,0.8647
1,2,MLP-FedProx-mu0.1,arm3,natural,2,30,0.7333,0.8333,0.9464
1,2,MLP-FedProx-mu0.1,arm3,natural,3,32,0.7188,0.7907,0.8281
1,3,MLP-FedProx-mu0.1,arm3,100,global,184,0.7554,0.7761,0.8271
1,3,MLP-FedProx-mu0.1,arm3,100,0,41,0.8293,0.8205,0.8524
1,3,MLP-FedProx-mu0.1,arm3,100,1,40,0.7,0.7143,0.8082
1,3,MLP-FedProx-mu0.1,arm3,100,2,59,0.7458,0.7887,0.8576
1,3,MLP-FedProx-mu0.1,arm3,100,3,44,0.75,0.7755,0.7833
1,3,MLP-FedProx-mu0.1,arm3,1.0,global,184,0.7663,0.7981,0.8263
1,3,MLP-FedProx-mu0.1,arm3,1.0,0,60,0.8333,0.7917,0.8864
1,3,MLP-FedProx-mu0.1,arm3,1.0,1,60,0.8,0.8889,0.6949
1,3,MLP-FedProx-mu0.1,arm3,1.0,2,18,0.7222,0.8148,0.8308
1,3,MLP-FedProx-mu0.1,arm3,1.0,3,46,0.6522,0.4667,0.8388
1,3,MLP-FedProx-mu0.1,arm3,0.5,global,184,0.7446,0.7729,0.8245
1,3,MLP-FedProx-mu0.1,arm3,0.5,0,39,0.8718,0.8649,0.8974
1,3,MLP-FedProx-mu0.1,arm3,0.5,1,40,0.675,0.6667,0.7368
1,3,MLP-FedProx-mu0.1,arm3,0.5,2,58,0.6207,0.5,0.8117
1,3,MLP-FedProx-mu0.1,arm3,0.5,3,47,0.8511,0.9195,nan
1,3,MLP-FedProx-mu0.1,arm3,0.1,global,184,0.5543,0.7133,0.8092
1,3,MLP-FedProx-mu0.1,arm3,0.1,0,13,0.2308,0.375,0.7667
1,3,MLP-FedProx-mu0.1,arm3,0.1,1,35,0.5143,0.6792,0.7908
1,3,MLP-FedProx-mu0.1,arm3,0.1,2,58,0.0517,0.0984,0.8606
1,3,MLP-FedProx-mu0.1,arm3,0.1,3,78,1.0,1.0,nan
1,3,MLP-FedProx-mu0.1,arm3,natural,global,184,0.7554,0.7907,0.8265
1,3,MLP-FedProx-mu0.1,arm3,natural,0,64,0.7031,0.678,0.7911
1,3,MLP-FedProx-mu0.1,arm3,natural,1,53,0.7358,0.6818,0.805
1,3,MLP-FedProx-mu0.1,arm3,natural,2,18,0.8889,0.9412,0.8235
1,3,MLP-FedProx-mu0.1,arm3,natural,3,49,0.7959,0.8718,0.7252
1,4,MLP-FedProx-mu0.1,arm3,100,global,184,0.7554,0.7619,0.8673
1,4,MLP-FedProx-mu0.1,arm3,100,0,37,0.6757,0.7143,0.75
1,4,MLP-FedProx-mu0.1,arm3,100,1,39,0.7949,0.7778,0.8868
1,4,MLP-FedProx-mu0.1,arm3,100,2,47,0.7872,0.7826,0.8791
1,4,MLP-FedProx-mu0.1,arm3,100,3,61,0.7541,0.7692,0.893
1,4,MLP-FedProx-mu0.1,arm3,1.0,global,184,0.7772,0.8178,0.8666
1,4,MLP-FedProx-mu0.1,arm3,1.0,0,60,0.6833,0.6667,0.8421
1,4,MLP-FedProx-mu0.1,arm3,1.0,1,50,0.88,0.9362,0.8776
1,4,MLP-FedProx-mu0.1,arm3,1.0,2,25,0.88,0.9143,0.9286
1,4,MLP-FedProx-mu0.1,arm3,1.0,3,49,0.7347,0.6667,0.9188
1,4,MLP-FedProx-mu0.1,arm3,0.5,global,184,0.7826,0.8131,0.8674
1,4,MLP-FedProx-mu0.1,arm3,0.5,0,31,0.6452,0.6857,0.7185
1,4,MLP-FedProx-mu0.1,arm3,0.5,1,46,0.8261,0.8462,0.9053
1,4,MLP-FedProx-mu0.1,arm3,0.5,2,55,0.7636,0.6061,0.8663
1,4,MLP-FedProx-mu0.1,arm3,0.5,3,52,0.8462,0.9149,0.9804
1,4,MLP-FedProx-mu0.1,arm3,0.1,global,184,0.5543,0.7133,0.7768
1,4,MLP-FedProx-mu0.1,arm3,0.1,0,14,0.2857,0.4444,0.5
1,4,MLP-FedProx-mu0.1,arm3,0.1,1,33,0.4848,0.6531,0.7794
1,4,MLP-FedProx-mu0.1,arm3,0.1,2,55,0.0,0.0,nan
1,4,MLP-FedProx-mu0.1,arm3,0.1,3,82,1.0,1.0,nan
1,4,MLP-FedProx-mu0.1,arm3,natural,global,184,0.7935,0.8288,0.8735
1,4,MLP-FedProx-mu0.1,arm3,natural,0,62,0.8065,0.8,0.8889
1,4,MLP-FedProx-mu0.1,arm3,natural,1,59,0.7797,0.7547,0.9128
1,4,MLP-FedProx-mu0.1,arm3,natural,2,24,0.7917,0.8837,0.5217
1,4,MLP-FedProx-mu0.1,arm3,natural,3,39,0.7949,0.8788,0.7889
2,0,MLP-FedProx-mu0.1,arm3,100,global,184,0.7826,0.8095,0.8579
2,0,MLP-FedProx-mu0.1,arm3,100,0,44,0.7273,0.7,0.8042
2,0,MLP-FedProx-mu0.1,arm3,100,1,59,0.7966,0.8286,0.8694
2,0,MLP-FedProx-mu0.1,arm3,100,2,36,0.8056,0.8205,0.8483
2,0,MLP-FedProx-mu0.1,arm3,100,3,45,0.8,0.8525,0.8761
2,0,MLP-FedProx-mu0.1,arm3,1.0,global,184,0.7772,0.8038,0.8566
2,0,MLP-FedProx-mu0.1,arm3,1.0,0,16,0.6875,0.2857,0.75
2,0,MLP-FedProx-mu0.1,arm3,1.0,1,28,0.8214,0.7059,0.932
2,0,MLP-FedProx-mu0.1,arm3,1.0,2,117,0.7692,0.8212,0.8262
2,0,MLP-FedProx-mu0.1,arm3,1.0,3,23,0.8261,0.8824,0.8661
2,0,MLP-FedProx-mu0.1,arm3,0.5,global,184,0.7717,0.79,0.8416
2,0,MLP-FedProx-mu0.1,arm3,0.5,0,33,0.8182,0.0,nan
2,0,MLP-FedProx-mu0.1,arm3,0.5,1,65,0.7231,0.625,0.7431
2,0,MLP-FedProx-mu0.1,arm3,0.5,2,46,0.7826,0.878,nan
2,0,MLP-FedProx-mu0.1,arm3,0.5,3,40,0.8,0.875,0.8355
2,0,MLP-FedProx-mu0.1,arm3,0.1,global,184,0.7554,0.7826,0.8278
2,0,MLP-FedProx-mu0.1,arm3,0.1,0,32,0.7812,0.0,nan
2,0,MLP-FedProx-mu0.1,arm3,0.1,1,67,0.6418,0.4545,0.6961
2,0,MLP-FedProx-mu0.1,arm3,0.1,2,55,0.8182,0.9,nan
2,0,MLP-FedProx-mu0.1,arm3,0.1,3,30,0.8667,0.9286,nan
2,0,MLP-FedProx-mu0.1,arm3,natural,global,184,0.7391,0.7895,0.8511
2,0,MLP-FedProx-mu0.1,arm3,natural,0,60,0.7167,0.7213,0.8732
2,0,MLP-FedProx-mu0.1,arm3,natural,1,64,0.75,0.7576,0.8749
2,0,MLP-FedProx-mu0.1,arm3,natural,2,23,0.9565,0.9778,0.5455
2,0,MLP-FedProx-mu0.1,arm3,natural,3,37,0.6216,0.75,0.6848
2,1,MLP-FedProx-mu0.1,arm3,100,global,184,0.788,0.806,0.8648
2,1,MLP-FedProx-mu0.1,arm3,100,0,34,0.7941,0.8293,0.8939
2,1,MLP-FedProx-mu0.1,arm3,100,1,55,0.7455,0.75,0.8714
2,1,MLP-FedProx-mu0.1,arm3,100,2,46,0.8043,0.8302,0.8495
2,1,MLP-FedProx-mu0.1,arm3,100,3,49,0.8163,0.8235,0.8779
2,1,MLP-FedProx-mu0.1,arm3,1.0,global,184,0.788,0.8134,0.8702
2,1,MLP-FedProx-mu0.1,arm3,1.0,0,9,0.7778,0.6667,0.9286
2,1,MLP-FedProx-mu0.1,arm3,1.0,1,29,0.8621,0.7143,0.9667
2,1,MLP-FedProx-mu0.1,arm3,1.0,2,119,0.7479,0.8077,0.8111
2,1,MLP-FedProx-mu0.1,arm3,1.0,3,27,0.8889,0.9091,0.9588
2,1,MLP-FedProx-mu0.1,arm3,0.5,global,184,0.7609,0.7778,0.8648
2,1,MLP-FedProx-mu0.1,arm3,0.5,0,30,0.8333,0.0,nan
2,1,MLP-FedProx-mu0.1,arm3,0.5,1,67,0.7164,0.6415,0.8389
2,1,MLP-FedProx-mu0.1,arm3,0.5,2,47,0.766,0.8571,0.9621
2,1,MLP-FedProx-mu0.1,arm3,0.5,3,40,0.775,0.8571,0.9371
2,1,MLP-FedProx-mu0.1,arm3,0.1,global,184,0.7663,0.8037,0.859
2,1,MLP-FedProx-mu0.1,arm3,0.1,0,18,0.8333,0.0,nan
2,1,MLP-FedProx-mu0.1,arm3,0.1,1,77,0.6494,0.4906,0.8707
2,1,MLP-FedProx-mu0.1,arm3,0.1,2,59,0.8644,0.9273,nan
2,1,MLP-FedProx-mu0.1,arm3,0.1,3,30,0.8333,0.9057,0.8621
2,1,MLP-FedProx-mu0.1,arm3,natural,global,184,0.7717,0.79,0.8642
2,1,MLP-FedProx-mu0.1,arm3,natural,0,57,0.7719,0.7719,0.8516
2,1,MLP-FedProx-mu0.1,arm3,natural,1,59,0.8136,0.6857,0.9091
2,1,MLP-FedProx-mu0.1,arm3,natural,2,26,0.8077,0.8889,1.0
2,1,MLP-FedProx-mu0.1,arm3,natural,3,42,0.6905,0.7937,0.7138
2,2,MLP-FedProx-mu0.1,arm3,100,global,184,0.7554,0.7692,0.8405
2,2,MLP-FedProx-mu0.1,arm3,100,0,40,0.775,0.8163,0.9011
2,2,MLP-FedProx-mu0.1,arm3,100,1,53,0.7547,0.7797,0.8416
2,2,MLP-FedProx-mu0.1,arm3,100,2,44,0.75,0.7442,0.8406
2,2,MLP-FedProx-mu0.1,arm3,100,3,47,0.7447,0.7273,0.8
2,2,MLP-FedProx-mu0.1,arm3,1.0,global,184,0.7609,0.7822,0.8443
2,2,MLP-FedProx-mu0.1,arm3,1.0,0,13,0.6923,0.6,0.75
2,2,MLP-FedProx-mu0.1,arm3,1.0,1,33,0.7879,0.72,0.8651
2,2,MLP-FedProx-mu0.1,arm3,1.0,2,106,0.7358,0.7778,0.8344
2,2,MLP-FedProx-mu0.1,arm3,1.0,3,32,0.8438,0.878,0.8615
2,2,MLP-FedProx-mu0.1,arm3,0.5,global,184,0.7391,0.7333,0.8303
2,2,MLP-FedProx-mu0.1,arm3,0.5,0,29,0.8621,0.0,nan
2,2,MLP-FedProx-mu0.1,arm3,0.5,1,72,0.7361,0.6545,0.8119
2,2,MLP-FedProx-mu0.1,arm3,0.5,2,42,0.6905,0.8169,nan
2,2,MLP-FedProx-mu0.1,arm3,0.5,3,41,0.7073,0.76,0.7758
2,2,MLP-FedProx-mu0.1,arm3,0.1,global,184,0.7391,0.7474,0.8172
2,2,MLP-FedProx-mu0.1,arm3,0.1,0,22,0.9091,0.0,nan
2,2,MLP-FedProx-mu0.1,arm3,0.1,1,80,0.7375,0.5714,0.7792
2,2,MLP-FedProx-mu0.1,arm3,0.1,2,59,0.6949,0.82,nan
2,2,MLP-FedProx-mu0.1,arm3,0.1,3,23,0.6957,0.8205,nan
2,2,MLP-FedProx-mu0.1,arm3,natural,global,184,0.7609,0.7905,0.8385
2,2,MLP-FedProx-mu0.1,arm3,natural,0,71,0.7183,0.6429,0.7841
2,2,MLP-FedProx-mu0.1,arm3,natural,1,47,0.7447,0.7143,0.8402
2,2,MLP-FedProx-mu0.1,arm3,natural,2,22,0.8636,0.9231,0.825
2,2,MLP-FedProx-mu0.1,arm3,natural,3,44,0.7955,0.8767,0.7302
2,3,MLP-FedProx-mu0.1,arm3,100,global,184,0.788,0.8079,0.8653
2,3,MLP-FedProx-mu0.1,arm3,100,0,47,0.8298,0.8333,0.9004
2,3,MLP-FedProx-mu0.1,arm3,100,1,51,0.7451,0.7869,0.8405
2,3,MLP-FedProx-mu0.1,arm3,100,2,46,0.7609,0.7925,0.7943
2,3,MLP-FedProx-mu0.1,arm3,100,3,40,0.825,0.8293,0.9123
2,3,MLP-FedProx-mu0.1,arm3,1.0,global,184,0.7989,0.8213,0.8631
2,3,MLP-FedProx-mu0.1,arm3,1.0,0,20,0.75,0.6154,0.8095
2,3,MLP-FedProx-mu0.1,arm3,1.0,1,26,0.8462,0.75,0.9333
2,3,MLP-FedProx-mu0.1,arm3,1.0,2,111,0.7928,0.8369,0.8254
2,3,MLP-FedProx-mu0.1,arm3,1.0,3,27,0.8148,0.8649,0.9429
2,3,MLP-FedProx-mu0.1,arm3,0.5,global,184,0.7609,0.7708,0.857
2,3,MLP-FedProx-mu0.1,arm3,0.5,0,32,0.8125,0.0,0.7097
2,3,MLP-FedProx-mu0.1,arm3,0.5,1,75,0.72,0.6667,0.8112
2,3,MLP-FedProx-mu0.1,arm3,0.5,2,43,0.7907,0.88,1.0
2,3,MLP-FedProx-mu0.1,arm3,0.5,3,34,0.7647,0.8333,0.9524
2,3,MLP-FedProx-mu0.1,arm3,0.1,global,184,0.7826,0.8148,0.8467
2,3,MLP-FedProx-mu0.1,arm3,0.1,0,29,0.7241,0.0,nan
2,3,MLP-FedProx-mu0.1,arm3,0.1,1,70,0.7,0.5714,0.7675
2,3,MLP-FedProx-mu0.1,arm3,0.1,2,62,0.8548,0.9217,nan
2,3,MLP-FedProx-mu0.1,arm3,0.1,3,23,0.913,0.9545,nan
2,3,MLP-FedProx-mu0.1,arm3,natural,global,184,0.7717,0.7921,0.861
2,3,MLP-FedProx-mu0.1,arm3,natural,0,55,0.7818,0.76,0.8973
2,3,MLP-FedProx-mu0.1,arm3,natural,1,56,0.8036,0.7317,0.8862
2,3,MLP-FedProx-mu0.1,arm3,natural,2,32,0.7188,0.8235,0.75
2,3,MLP-FedProx-mu0.1,arm3,natural,3,41,0.7561,0.8333,0.6909
2,4,MLP-FedProx-mu0.1,arm3,100,global,184,0.7663,0.7839,0.8455
2,4,MLP-FedProx-mu0.1,arm3,100,0,48,0.6875,0.6667,0.8455
2,4,MLP-FedProx-mu0.1,arm3,100,1,55,0.8,0.8308,0.8609
2,4,MLP-FedProx-mu0.1,arm3,100,2,36,0.8611,0.878,0.935
2,4,MLP-FedProx-mu0.1,arm3,100,3,45,0.7333,0.75,0.7348
2,4,MLP-FedProx-mu0.1,arm3,1.0,global,184,0.7935,0.8155,0.8472
2,4,MLP-FedProx-mu0.1,arm3,1.0,0,15,0.7333,0.6,0.8636
2,4,MLP-FedProx-mu0.1,arm3,1.0,1,34,0.7647,0.5556,0.9153
2,4,MLP-FedProx-mu0.1,arm3,1.0,2,103,0.8155,0.8593,0.8517
2,4,MLP-FedProx-mu0.1,arm3,1.0,3,32,0.7812,0.8372,0.7246
2,4,MLP-FedProx-mu0.1,arm3,0.5,global,184,0.7609,0.7732,0.8268
2,4,MLP-FedProx-mu0.1,arm3,0.5,0,37,0.8108,0.0,0.8333
2,4,MLP-FedProx-mu0.1,arm3,0.5,1,66,0.7424,0.6909,0.8433
2,4,MLP-FedProx-mu0.1,arm3,0.5,2,43,0.814,0.8974,nan
2,4,MLP-FedProx-mu0.1,arm3,0.5,3,38,0.6842,0.7778,0.7327
2,4,MLP-FedProx-mu0.1,arm3,0.1,global,184,0.7228,0.7773,0.8346
2,4,MLP-FedProx-mu0.1,arm3,0.1,0,32,0.5938,0.0,nan
2,4,MLP-FedProx-mu0.1,arm3,0.1,1,68,0.6029,0.5424,0.8278
2,4,MLP-FedProx-mu0.1,arm3,0.1,2,54,0.8704,0.9307,nan
2,4,MLP-FedProx-mu0.1,arm3,0.1,3,30,0.8667,0.9286,nan
2,4,MLP-FedProx-mu0.1,arm3,natural,global,184,0.7717,0.7879,0.8455
2,4,MLP-FedProx-mu0.1,arm3,natural,0,60,0.8167,0.766,0.8538
2,4,MLP-FedProx-mu0.1,arm3,natural,1,68,0.7353,0.6897,0.8425
2,4,MLP-FedProx-mu0.1,arm3,natural,2,20,0.8,0.8889,nan
2,4,MLP-FedProx-mu0.1,arm3,natural,3,36,0.75,0.8421,0.7946
3,0,MLP-FedProx-mu0.1,arm3,100,global,184,0.7663,0.8018,0.831
3,0,MLP-FedProx-mu0.1,arm3,100,0,49,0.6939,0.7368,0.734
3,0,MLP-FedProx-mu0.1,arm3,100,1,44,0.8864,0.902,0.9375
3,0,MLP-FedProx-mu0.1,arm3,100,2,42,0.7619,0.7727,0.8068
3,0,MLP-FedProx-mu0.1,arm3,100,3,49,0.7347,0.8,0.8281
3,0,MLP-FedProx-mu0.1,arm3,1.0,global,184,0.7283,0.7449,0.8299
3,0,MLP-FedProx-mu0.1,arm3,1.0,0,14,0.7143,0.75,0.9333
3,0,MLP-FedProx-mu0.1,arm3,1.0,1,54,0.6667,0.7353,0.7765
3,0,MLP-FedProx-mu0.1,arm3,1.0,2,68,0.7941,0.8,0.8737
3,0,MLP-FedProx-mu0.1,arm3,1.0,3,48,0.7083,0.6667,0.8018
3,0,MLP-FedProx-mu0.1,arm3,0.5,global,184,0.7391,0.7526,0.8345
3,0,MLP-FedProx-mu0.1,arm3,0.5,0,40,0.7,0.8235,nan
3,0,MLP-FedProx-mu0.1,arm3,0.5,1,33,0.7273,0.5714,0.9198
3,0,MLP-FedProx-mu0.1,arm3,0.5,2,53,0.7736,0.7391,0.88
3,0,MLP-FedProx-mu0.1,arm3,0.5,3,58,0.7414,0.7458,0.819
3,0,MLP-FedProx-mu0.1,arm3,0.1,global,184,0.7228,0.7273,0.8252
3,0,MLP-FedProx-mu0.1,arm3,0.1,0,36,0.5833,0.7368,nan
3,0,MLP-FedProx-mu0.1,arm3,0.1,1,50,0.8,0.1667,0.9592
3,0,MLP-FedProx-mu0.1,arm3,0.1,2,87,0.7356,0.8,0.8709
3,0,MLP-FedProx-mu0.1,arm3,0.1,3,11,0.7273,0.0,nan
3,0,MLP-FedProx-mu0.1,arm3,natural,global,184,0.7337,0.7487,0.8329
3,0,MLP-FedProx-mu0.1,arm3,natural,0,73,0.7534,0.7273,0.8583
3,0,MLP-FedProx-mu0.1,arm3,natural,1,54,0.7963,0.7442,0.8413
3,0,MLP-FedProx-mu0.1,arm3,natural,2,19,0.7368,0.8485,0.6667
3,0,MLP-FedProx-mu0.1,arm3,natural,3,38,0.6053,0.717,0.6169
3,1,MLP-FedProx-mu0.1,arm3,100,global,184,0.75,0.7723,0.8393
3,1,MLP-FedProx-mu0.1,arm3,100,0,46,0.7174,0.7234,0.8381
3,1,MLP-FedProx-mu0.1,arm3,100,1,33,0.697,0.6154,0.7826
3,1,MLP-FedProx-mu0.1,arm3,100,2,55,0.7273,0.7619,0.8641
3,1,MLP-FedProx-mu0.1,arm3,100,3,50,0.84,0.8788,0.877
3,1,MLP-FedProx-mu0.1,arm3,1.0,global,184,0.7554,0.7826,0.8412
3,1,MLP-FedProx-mu0.1,arm3,1.0,0,18,0.8333,0.88,0.9231
3,1,MLP-FedProx-mu0.1,arm3,1.0,1,53,0.7358,0.75,0.84
3,1,MLP-FedProx-mu0.1,arm3,1.0,2,65,0.6923,0.7436,0.7919
3,1,MLP-FedProx-mu0.1,arm3,1.0,3,48,0.8333,0.8333,0.8794
3,1,MLP-FedProx-mu0.1,arm3,0.5,global,184,0.75,0.7767,0.8356
3,1,MLP-FedProx-mu0.1,arm3,0.5,0,36,0.7222,0.8387,nan
3,1,MLP-FedProx-mu0.1,arm3,0.5,1,38,0.7368,0.2857,0.8667
3,1,MLP-FedProx-mu0.1,arm3,0.5,2,46,0.6522,0.6923,0.781
3,1,MLP-FedProx-mu0.1,arm3,0.5,3,64,0.8438,0.8718,0.8907
3,1,MLP-FedProx-mu0.1,arm3,0.1,global,184,0.7554,0.7826,0.828
3,1,MLP-FedProx-mu0.1,arm3,0.1,0,30,0.7667,0.8679,nan
3,1,MLP-FedProx-mu0.1,arm3,0.1,1,50,0.64,0.0,0.102
3,1,MLP-FedProx-mu0.1,arm3,0.1,2,90,0.8222,0.8769,0.9036
3,1,MLP-FedProx-mu0.1,arm3,0.1,3,14,0.7143,0.3333,1.0
3,1,MLP-FedProx-mu0.1,arm3,natural,global,184,0.7717,0.8142,0.8363
3,1,MLP-FedProx-mu0.1,arm3,natural,0,66,0.803,0.806,0.8406
3,1,MLP-FedProx-mu0.1,arm3,natural,1,53,0.717,0.7059,0.8094
3,1,MLP-FedProx-mu0.1,arm3,natural,2,24,0.8333,0.9048,0.6825
3,1,MLP-FedProx-mu0.1,arm3,natural,3,41,0.7561,0.8485,0.772
3,2,MLP-FedProx-mu0.1,arm3,100,global,184,0.7826,0.8077,0.8479
3,2,MLP-FedProx-mu0.1,arm3,100,0,40,0.75,0.7727,0.8521
3,2,MLP-FedProx-mu0.1,arm3,100,1,43,0.7674,0.7727,0.8528
3,2,MLP-FedProx-mu0.1,arm3,100,2,50,0.74,0.7451,0.8213
3,2,MLP-FedProx-mu0.1,arm3,100,3,51,0.8627,0.8986,0.917
3,2,MLP-FedProx-mu0.1,arm3,1.0,global,184,0.7989,0.8213,0.8483
3,2,MLP-FedProx-mu0.1,arm3,1.0,0,15,0.6667,0.7619,0.76
3,2,MLP-FedProx-mu0.1,arm3,1.0,1,50,0.78,0.807,0.8785
3,2,MLP-FedProx-mu0.1,arm3,1.0,2,69,0.7681,0.8095,0.8164
3,2,MLP-FedProx-mu0.1,arm3,1.0,3,50,0.9,0.8889,0.876
3,2,MLP-FedProx-mu0.1,arm3,0.5,global,184,0.788,0.8116,0.8517
3,2,MLP-FedProx-mu0.1,arm3,0.5,0,39,0.8718,0.9315,nan
3,2,MLP-FedProx-mu0.1,arm3,0.5,1,32,0.6875,0.1667,0.5402
3,2,MLP-FedProx-mu0.1,arm3,0.5,2,46,0.6957,0.7083,0.8428
3,2,MLP-FedProx-mu0.1,arm3,0.5,3,67,0.8507,0.8649,0.8884
3,2,MLP-FedProx-mu0.1,arm3,0.1,global,184,0.788,0.804,0.8582
3,2,MLP-FedProx-mu0.1,arm3,0.1,0,30,0.8,0.8889,nan
3,2,MLP-FedProx-mu0.1,arm3,0.1,1,46,0.7391,0.0,nan
3,2,MLP-FedProx-mu0.1,arm3,0.1,2,96,0.7917,0.8485,0.8252
3,2,MLP-FedProx-mu0.1,arm3,0.1,3,12,0.9167,0.0,nan
3,2,MLP-FedProx-mu0.1,arm3,natural,global,184,0.788,0.8152,0.8505
3,2,MLP-FedProx-mu0.1,arm3,natural,0,49,0.7755,0.7843,0.8467
3,2,MLP-FedProx-mu0.1,arm3,natural,1,71,0.831,0.7778,0.8826
3,2,MLP-FedProx-mu0.1,arm3,natural,2,24,0.875,0.9268,0.9318
3,2,MLP-FedProx-mu0.1,arm3,natural,3,40,0.675,0.8,0.6237
3,3,MLP-FedProx-mu0.1,arm3,100,global,184,0.7554,0.7761,0.8357
3,3,MLP-FedProx-mu0.1,arm3,100,0,39,0.7436,0.7368,0.8545
3,3,MLP-FedProx-mu0.1,arm3,100,1,42,0.7381,0.7556,0.8212
3,3,MLP-FedProx-mu0.1,arm3,100,2,40,0.75,0.7917,0.8568
3,3,MLP-FedProx-mu0.1,arm3,100,3,63,0.7778,0.8,0.8245
3,3,MLP-FedProx-mu0.1,arm3,1.0,global,184,0.75,0.7723,0.8335
3,3,MLP-FedProx-mu0.1,arm3,1.0,0,19,0.7368,0.7826,0.75
3,3,MLP-FedProx-mu0.1,arm3,1.0,1,53,0.8113,0.8529,0.9346
3,3,MLP-FedProx-mu0.1,arm3,1.0,2,59,0.7119,0.7606,0.8047
3,3,MLP-FedProx-mu0.1,arm3,1.0,3,53,0.7358,0.65,0.8
3,3,MLP-FedProx-mu0.1,arm3,0.5,global,184,0.7391,0.7838,0.8437
3,3,MLP-FedProx-mu0.1,arm3,0.5,0,40,0.875,0.9333,nan
3,3,MLP-FedProx-mu0.1,arm3,0.5,1,31,0.7097,0.5263,0.9462
3,3,MLP-FedProx-mu0.1,arm3,0.5,2,42,0.7143,0.76,0.8318
3,3,MLP-FedProx-mu0.1,arm3,0.5,3,71,0.6901,0.7179,0.8238
3,3,MLP-FedProx-mu0.1,arm3,0.1,global,184,0.7391,0.7551,0.8274
3,3,MLP-FedProx-mu0.1,arm3,0.1,0,36,0.6944,0.8197,nan
3,3,MLP-FedProx-mu0.1,arm3,0.1,1,42,0.7857,0.1818,0.9512
3,3,MLP-FedProx-mu0.1,arm3,0.1,2,85,0.7176,0.8,0.7946
3,3,MLP-FedProx-mu0.1,arm3,0.1,3,21,0.8095,0.0,nan
3,3,MLP-FedProx-mu0.1,arm3,natural,global,184,0.7554,0.7805,0.8327
3,3,MLP-FedProx-mu0.1,arm3,natural,0,58,0.7241,0.6522,0.7945
3,3,MLP-FedProx-mu0.1,arm3,natural,1,60,0.75,0.6809,0.8832
3,3,MLP-FedProx-mu0.1,arm3,natural,2,32,0.875,0.9333,nan
3,3,MLP-FedProx-mu0.1,arm3,natural,3,34,0.7059,0.8077,0.6458
3,4,MLP-FedProx-mu0.1,arm3,100,global,184,0.7935,0.8257,0.8716
3,4,MLP-FedProx-mu0.1,arm3,100,0,30,0.8333,0.878,0.9474
3,4,MLP-FedProx-mu0.1,arm3,100,1,53,0.7736,0.7857,0.8376
3,4,MLP-FedProx-mu0.1,arm3,100,2,43,0.7442,0.7556,0.829
3,4,MLP-FedProx-mu0.1,arm3,100,3,58,0.8276,0.8684,0.9056
3,4,MLP-FedProx-mu0.1,arm3,1.0,global,184,0.7826,0.8131,0.8724
3,4,MLP-FedProx-mu0.1,arm3,1.0,0,6,0.8333,0.8571,1.0
3,4,MLP-FedProx-mu0.1,arm3,1.0,1,51,0.7255,0.8,0.7679
3,4,MLP-FedProx-mu0.1,arm3,1.0,2,68,0.8235,0.8333,0.9212
3,4,MLP-FedProx-mu0.1,arm3,1.0,3,59,0.7797,0.8,0.8963
3,4,MLP-FedProx-mu0.1,arm3,0.5,global,184,0.7717,0.7981,0.862
3,4,MLP-FedProx-mu0.1,arm3,0.5,0,37,0.8108,0.8955,nan
3,4,MLP-FedProx-mu0.1,arm3,0.5,1,32,0.7188,0.4706,0.8457
3,4,MLP-FedProx-mu0.1,arm3,0.5,2,53,0.7925,0.8,0.8618
3,4,MLP-FedProx-mu0.1,arm3,0.5,3,62,0.7581,0.7826,0.8845
3,4,MLP-FedProx-mu0.1,arm3,0.1,global,184,0.7826,0.8,0.8574
3,4,MLP-FedProx-mu0.1,arm3,0.1,0,30,0.8333,0.9091,nan
3,4,MLP-FedProx-mu0.1,arm3,0.1,1,41,0.8049,0.0,nan
3,4,MLP-FedProx-mu0.1,arm3,0.1,2,95,0.7684,0.8333,0.8231
3,4,MLP-FedProx-mu0.1,arm3,0.1,3,18,0.7222,0.0,nan
3,4,MLP-FedProx-mu0.1,arm3,natural,global,184,0.7826,0.8214,0.8676
3,4,MLP-FedProx-mu0.1,arm3,natural,0,57,0.7895,0.75,0.846
3,4,MLP-FedProx-mu0.1,arm3,natural,1,56,0.6607,0.6545,0.8762
3,4,MLP-FedProx-mu0.1,arm3,natural,2,24,0.7917,0.8837,0.8636
3,4,MLP-FedProx-mu0.1,arm3,natural,3,47,0.9149,0.9487,0.8514
4,0,MLP-FedProx-mu0.1,arm3,100,global,184,0.7826,0.8165,0.8678
4,0,MLP-FedProx-mu0.1,arm3,100,0,55,0.7818,0.8182,0.8817
4,0,MLP-FedProx-mu0.1,arm3,100,1,40,0.825,0.8627,0.9036
4,0,MLP-FedProx-mu0.1,arm3,100,2,39,0.6667,0.7111,0.7947
4,0,MLP-FedProx-mu0.1,arm3,100,3,50,0.84,0.8571,0.8889
4,0,MLP-FedProx-mu0.1,arm3,1.0,global,184,0.7826,0.802,0.8582
4,0,MLP-FedProx-mu0.1,arm3,1.0,0,22,0.7727,0.4444,0.6944
4,0,MLP-FedProx-mu0.1,arm3,1.0,1,72,0.8472,0.9091,0.8926
4,0,MLP-FedProx-mu0.1,arm3,1.0,2,64,0.6719,0.6441,0.7907
4,0,MLP-FedProx-mu0.1,arm3,1.0,3,26,0.8846,0.7692,0.9238
4,0,MLP-FedProx-mu0.1,arm3,0.5,global,184,0.7717,0.7981,0.861
4,0,MLP-FedProx-mu0.1,arm3,0.5,0,14,0.7143,0.0,nan
4,0,MLP-FedProx-mu0.1,arm3,0.5,1,105,0.781,0.8392,0.8489
4,0,MLP-FedProx-mu0.1,arm3,0.5,2,54,0.7222,0.7059,0.8296
4,0,MLP-FedProx-mu0.1,arm3,0.5,3,11,1.0,1.0,1.0
4,0,MLP-FedProx-mu0.1,arm3,0.1,global,184,0.7337,0.72,0.8368
4,0,MLP-FedProx-mu0.1,arm3,0.1,0,27,0.6667,0.8,nan
4,0,MLP-FedProx-mu0.1,arm3,0.1,1,50,0.6,0.75,nan
4,0,MLP-FedProx-mu0.1,arm3,0.1,2,84,0.8571,0.1429,0.872
4,0,MLP-FedProx-mu0.1,arm3,0.1,3,23,0.6522,0.7778,0.8636
4,0,MLP-FedProx-mu0.1,arm3,natural,global,184,0.7717,0.7961,0.8571
4,0,MLP-FedProx-mu0.1,arm3,natural,0,55,0.6909,0.6222,0.7893
4,0,MLP-FedProx-mu0.1,arm3,natural,1,59,0.7288,0.619,0.8103
4,0,MLP-FedProx-mu0.1,arm3,natural,2,25,0.92,0.9565,0.9583
4,0,MLP-FedProx-mu0.1,arm3,natural,3,45,0.8444,0.9041,0.8583
4,1,MLP-FedProx-mu0.1,arm3,100,global,184,0.7717,0.7835,0.8466
4,1,MLP-FedProx-mu0.1,arm3,100,0,60,0.8167,0.8451,0.8777
4,1,MLP-FedProx-mu0.1,arm3,100,1,39,0.7436,0.7368,0.8079
4,1,MLP-FedProx-mu0.1,arm3,100,2,46,0.8261,0.8333,0.883
4,1,MLP-FedProx-mu0.1,arm3,100,3,39,0.6667,0.6486,0.7842
4,1,MLP-FedProx-mu0.1,arm3,1.0,global,184,0.7663,0.7795,0.8407
4,1,MLP-FedProx-mu0.1,arm3,1.0,0,25,0.76,0.4,0.7976
4,1,MLP-FedProx-mu0.1,arm3,1.0,1,75,0.7867,0.871,0.8571
4,1,MLP-FedProx-mu0.1,arm3,1.0,2,58,0.7414,0.6341,0.7908
4,1,MLP-FedProx-mu0.1,arm3,1.0,3,26,0.7692,0.7,0.8063
4,1,MLP-FedProx-mu0.1,arm3,0.5,global,184,0.7935,0.8173,0.8485
4,1,MLP-FedProx-mu0.1,arm3,0.5,0,17,0.8824,0.6667,1.0
4,1,MLP-FedProx-mu0.1,arm3,0.5,1,111,0.7928,0.8456,0.8196
4,1,MLP-FedProx-mu0.1,arm3,0.5,2,47,0.7872,0.7727,0.8681
4,1,MLP-FedProx-mu0.1,arm3,0.5,3,9,0.6667,0.6667,0.8
4,1,MLP-FedProx-mu0.1,arm3,0.1,global,184,0.7337,0.7783,0.8309
4,1,MLP-FedProx-mu0.1,arm3,0.1,0,20,0.85,0.9189,nan
4,1,MLP-FedProx-mu0.1,arm3,0.1,1,57,0.8421,0.9143,nan
4,1,MLP-FedProx-mu0.1,arm3,0.1,2,84,0.6071,0.1081,0.8293
4,1,MLP-FedProx-mu0.1,arm3,0.1,3,23,0.8261,0.9048,nan
4,1,MLP-FedProx-mu0.1,arm3,natural,global,184,0.7554,0.7926,0.8431
4,1,MLP-FedProx-mu0.1,arm3,natural,0,64,0.7344,0.6792,0.8158
4,1,MLP-FedProx-mu0.1,arm3,natural,1,54,0.7407,0.7407,0.8612
4,1,MLP-FedProx-mu0.1,arm3,natural,2,22,0.8636,0.9231,0.775
4,1,MLP-FedProx-mu0.1,arm3,natural,3,44,0.75,0.8451,0.7005
4,2,MLP-FedProx-mu0.1,arm3,100,global,184,0.788,0.8186,0.8563
4,2,MLP-FedProx-mu0.1,arm3,100,0,40,0.75,0.8077,0.8177
4,2,MLP-FedProx-mu0.1,arm3,100,1,50,0.74,0.7797,0.8663
4,2,MLP-FedProx-mu0.1,arm3,100,2,47,0.8298,0.8519,0.8963
4,2,MLP-FedProx-mu0.1,arm3,100,3,47,0.8298,0.84,0.8587
4,2,MLP-FedProx-mu0.1,arm3,1.0,global,184,0.7717,0.7961,0.847
4,2,MLP-FedProx-mu0.1,arm3,1.0,0,16,0.4375,0.1818,0.4615
4,2,MLP-FedProx-mu0.1,arm3,1.0,1,70,0.8143,0.8926,0.9254
4,2,MLP-FedProx-mu0.1,arm3,1.0,2,74,0.7838,0.7576,0.8326
4,2,MLP-FedProx-mu0.1,arm3,1.0,3,24,0.8333,0.5,0.9545
4,2,MLP-FedProx-mu0.1,arm3,0.5,global,184,0.7663,0.7923,0.8474
4,2,MLP-FedProx-mu0.1,arm3,0.5,0,11,0.4545,0.25,0.9
4,2,MLP-FedProx-mu0.1,arm3,0.5,1,114,0.7544,0.8133,0.8486
4,2,MLP-FedProx-mu0.1,arm3,0.5,2,51,0.8431,0.8182,0.8762
4,2,MLP-FedProx-mu0.1,arm3,0.5,3,8,0.875,0.8,0.9167
4,2,MLP-FedProx-mu0.1,arm3,0.1,global,184,0.7174,0.7869,0.8535
4,2,MLP-FedProx-mu0.1,arm3,0.1,0,26,0.9615,0.9804,nan
4,2,MLP-FedProx-mu0.1,arm3,0.1,1,56,0.9107,0.9533,nan
4,2,MLP-FedProx-mu0.1,arm3,0.1,2,83,0.4458,0.0417,0.9024
4,2,MLP-FedProx-mu0.1,arm3,0.1,3,19,1.0,1.0,nan
4,2,MLP-FedProx-mu0.1,arm3,natural,global,184,0.7772,0.8161,0.8483
4,2,MLP-FedProx-mu0.1,arm3,natural,0,59,0.8475,0.8525,0.8793
4,2,MLP-FedProx-mu0.1,arm3,natural,1,58,0.7241,0.68,0.8583
4,2,MLP-FedProx-mu0.1,arm3,natural,2,28,0.7857,0.88,0.7188
4,2,MLP-FedProx-mu0.1,arm3,natural,3,39,0.7436,0.8387,0.7034
4,3,MLP-FedProx-mu0.1,arm3,100,global,184,0.75,0.7653,0.8485
4,3,MLP-FedProx-mu0.1,arm3,100,0,57,0.7544,0.7879,0.863
4,3,MLP-FedProx-mu0.1,arm3,100,1,43,0.7442,0.7317,0.8074
4,3,MLP-FedProx-mu0.1,arm3,100,2,49,0.8163,0.8302,0.9082
4,3,MLP-FedProx-mu0.1,arm3,100,3,35,0.6571,0.6667,0.773
4,3,MLP-FedProx-mu0.1,arm3,1.0,global,184,0.7609,0.7732,0.8485
4,3,MLP-FedProx-mu0.1,arm3,1.0,0,23,0.8261,0.5,0.9286
4,3,MLP-FedProx-mu0.1,arm3,1.0,1,91,0.7363,0.8356,0.7818
4,3,MLP-FedProx-mu0.1,arm3,1.0,2,56,0.7857,0.625,0.8594
4,3,MLP-FedProx-mu0.1,arm3,1.0,3,14,0.7143,0.5,0.7917
4,3,MLP-FedProx-mu0.1,arm3,0.5,global,184,0.75,0.7653,0.8486
4,3,MLP-FedProx-mu0.1,arm3,0.5,0,19,0.7895,0.6,0.9583
4,3,MLP-FedProx-mu0.1,arm3,0.5,1,121,0.7603,0.8027,0.8487
4,3,MLP-FedProx-mu0.1,arm3,0.5,2,36,0.75,0.7273,0.8704
4,3,MLP-FedProx-mu0.1,arm3,0.5,3,8,0.5,0.3333,0.5333
4,3,MLP-FedProx-mu0.1,arm3,0.1,global,184,0.6576,0.6038,0.832
4,3,MLP-FedProx-mu0.1,arm3,0.1,0,25,0.56,0.7179,nan
4,3,MLP-FedProx-mu0.1,arm3,0.1,1,46,0.413,0.5846,nan
4,3,MLP-FedProx-mu0.1,arm3,0.1,2,84,0.881,0.1667,0.7439
4,3,MLP-FedProx-mu0.1,arm3,0.1,3,29,0.4828,0.6512,nan
4,3,MLP-FedProx-mu0.1,arm3,natural,global,184,0.7663,0.8072,0.8505
4,3,MLP-FedProx-mu0.1,arm3,natural,0,63,0.7302,0.7302,0.8684
4,3,MLP-FedProx-mu0.1,arm3,natural,1,61,0.7705,0.7407,0.8846
4,3,MLP-FedProx-mu0.1,arm3,natural,2,24,0.875,0.9333,nan
4,3,MLP-FedProx-mu0.1,arm3,natural,3,36,0.75,0.8525,0.6027
4,4,MLP-FedProx-mu0.1,arm3,100,global,184,0.7283,0.7423,0.839
4,4,MLP-FedProx-mu0.1,arm3,100,0,46,0.6304,0.6222,0.7614
4,4,MLP-FedProx-mu0.1,arm3,100,1,51,0.7647,0.7778,0.8668
4,4,MLP-FedProx-mu0.1,arm3,100,2,38,0.7895,0.8095,0.9478
4,4,MLP-FedProx-mu0.1,arm3,100,3,49,0.7347,0.7547,0.7943
4,4,MLP-FedProx-mu0.1,arm3,1.0,global,184,0.7446,0.7685,0.8288
4,4,MLP-FedProx-mu0.1,arm3,1.0,0,19,0.6316,0.0,0.3333
4,4,MLP-FedProx-mu0.1,arm3,1.0,1,76,0.7237,0.8346,0.7183
4,4,MLP-FedProx-mu0.1,arm3,1.0,2,66,0.8333,0.807,0.9013
4,4,MLP-FedProx-mu0.1,arm3,1.0,3,23,0.6522,0.3333,0.8333
4,4,MLP-FedProx-mu0.1,arm3,0.5,global,184,0.7337,0.7487,0.833
4,4,MLP-FedProx-mu0.1,arm3,0.5,0,11,0.8182,0.0,nan
4,4,MLP-FedProx-mu0.1,arm3,0.5,1,111,0.7027,0.7556,0.8156
4,4,MLP-FedProx-mu0.1,arm3,0.5,2,46,0.7174,0.6667,0.8333
4,4,MLP-FedProx-mu0.1,arm3,0.5,3,16,0.9375,0.9474,0.9048
4,4,MLP-FedProx-mu0.1,arm3,0.1,global,184,0.7065,0.6966,0.8242
4,4,MLP-FedProx-mu0.1,arm3,0.1,0,27,0.6296,0.7727,nan
4,4,MLP-FedProx-mu0.1,arm3,0.1,1,51,0.6275,0.7711,nan
4,4,MLP-FedProx-mu0.1,arm3,0.1,2,84,0.8214,0.1176,0.7866
4,4,MLP-FedProx-mu0.1,arm3,0.1,3,22,0.5455,0.7059,nan
4,4,MLP-FedProx-mu0.1,arm3,natural,global,184,0.7283,0.75,0.818
4,4,MLP-FedProx-mu0.1,arm3,natural,0,62,0.7258,0.6909,0.8192
4,4,MLP-FedProx-mu0.1,arm3,natural,1,62,0.7742,0.7407,0.8805
4,4,MLP-FedProx-mu0.1,arm3,natural,2,24,0.75,0.85,0.9565
4,4,MLP-FedProx-mu0.1,arm3,natural,3,36,0.6389,0.7451,0.6
5,0,MLP-FedProx-mu0.1,arm3,100,global,184,0.7228,0.756,0.8181
5,0,MLP-FedProx-mu0.1,arm3,100,0,36,0.6389,0.6829,0.7523
5,0,MLP-FedProx-mu0.1,arm3,100,1,42,0.7619,0.7826,0.8773
5,0,MLP-FedProx-mu0.1,arm3,100,2,57,0.7368,0.7458,0.8099
5,0,MLP-FedProx-mu0.1,arm3,100,3,49,0.7347,0.7937,0.7879
5,0,MLP-FedProx-mu0.1,arm3,1.0,global,184,0.7337,0.7562,0.8082
5,0,MLP-FedProx-mu0.1,arm3,1.0,0,31,0.8065,0.8889,0.8333
5,0,MLP-FedProx-mu0.1,arm3,1.0,1,77,0.7403,0.5238,0.8526
5,0,MLP-FedProx-mu0.1,arm3,1.0,2,60,0.7,0.7692,0.7522
5,0,MLP-FedProx-mu0.1,arm3,1.0,3,16,0.6875,0.8148,nan
5,0,MLP-FedProx-mu0.1,arm3,0.5,global,184,0.712,0.7196,0.7973
5,0,MLP-FedProx-mu0.1,arm3,0.5,0,8,0.875,0.0,nan
5,0,MLP-FedProx-mu0.1,arm3,0.5,1,75,0.7467,0.0,nan
5,0,MLP-FedProx-mu0.1,arm3,0.5,2,64,0.6719,0.8037,nan
5,0,MLP-FedProx-mu0.1,arm3,0.5,3,37,0.6757,0.8065,nan
5,0,MLP-FedProx-mu0.1,arm3,0.1,global,184,0.7174,0.7174,0.8032
5,0,MLP-FedProx-mu0.1,arm3,0.1,0,101,0.6535,0.7879,0.6616
5,0,MLP-FedProx-mu0.1,arm3,0.1,1,20,0.7,0.0,0.6842
5,0,MLP-FedProx-mu0.1,arm3,0.1,2,1,1.0,1.0,nan
5,0,MLP-FedProx-mu0.1,arm3,0.1,3,62,0.8226,0.0,nan
5,0,MLP-FedProx-mu0.1,arm3,natural,global,184,0.7446,0.7729,0.8113
5,0,MLP-FedProx-mu0.1,arm3,natural,0,57,0.7895,0.7,0.8348
5,0,MLP-FedProx-mu0.1,arm3,natural,1,57,0.6667,0.6415,0.7538
5,0,MLP-FedProx-mu0.1,arm3,natural,2,24,0.75,0.85,0.9565
5,0,MLP-FedProx-mu0.1,arm3,natural,3,46,0.7826,0.8649,0.7944
5,1,MLP-FedProx-mu0.1,arm3,100,global,184,0.7663,0.7861,0.866
5,1,MLP-FedProx-mu0.1,arm3,100,0,36,0.6944,0.7442,0.8508
5,1,MLP-FedProx-mu0.1,arm3,100,1,49,0.7959,0.8214,0.9123
5,1,MLP-FedProx-mu0.1,arm3,100,2,44,0.75,0.7755,0.8583
5,1,MLP-FedProx-mu0.1,arm3,100,3,55,0.8,0.7925,0.8545
5,1,MLP-FedProx-mu0.1,arm3,1.0,global,184,0.8043,0.8364,0.8785
5,1,MLP-FedProx-mu0.1,arm3,1.0,0,35,0.8571,0.9231,nan
5,1,MLP-FedProx-mu0.1,arm3,1.0,1,70,0.7571,0.6792,0.8803
5,1,MLP-FedProx-mu0.1,arm3,1.0,2,63,0.7937,0.8267,0.9041
5,1,MLP-FedProx-mu0.1,arm3,1.0,3,16,0.9375,0.963,0.7949
5,1,MLP-FedProx-mu0.1,arm3,0.5,global,184,0.7391,0.7241,0.8533
5,1,MLP-FedProx-mu0.1,arm3,0.5,0,8,0.75,0.5,1.0
5,1,MLP-FedProx-mu0.1,arm3,0.5,1,72,0.9167,0.0,nan
5,1,MLP-FedProx-mu0.1,arm3,0.5,2,74,0.6486,0.7797,0.9931
5,1,MLP-FedProx-mu0.1,arm3,0.5,3,30,0.5333,0.6957,0.2759
5,1,MLP-FedProx-mu0.1,arm3,0.1,global,184,0.7609,0.7582,0.8633
5,1,MLP-FedProx-mu0.1,arm3,0.1,0,101,0.703,0.8101,0.965
5,1,MLP-FedProx-mu0.1,arm3,0.1,1,15,0.8,0.4,0.8077
5,1,MLP-FedProx-mu0.1,arm3,0.1,2,7,0.7143,0.8,1.0
5,1,MLP-FedProx-mu0.1,arm3,0.1,3,61,0.8525,0.0,nan
5,1,MLP-FedProx-mu0.1,arm3,natural,global,184,0.7826,0.8,0.8702
5,1,MLP-FedProx-mu0.1,arm3,natural,0,50,0.8,0.7222,0.8717
5,1,MLP-FedProx-mu0.1,arm3,natural,1,65,0.8,0.7869,0.8914
5,1,MLP-FedProx-mu0.1,arm3,natural,2,26,0.8077,0.8889,0.875
5,1,MLP-FedProx-mu0.1,arm3,natural,3,43,0.7209,0.7931,0.7214
5,2,MLP-FedProx-mu0.1,arm3,100,global,184,0.7717,0.8019,0.8513
5,2,MLP-FedProx-mu0.1,arm3,100,0,56,0.8393,0.8525,0.8906
5,2,MLP-FedProx-mu0.1,arm3,100,1,39,0.7179,0.7843,0.836
5,2,MLP-FedProx-mu0.1,arm3,100,2,43,0.7442,0.7843,0.8495
5,2,MLP-FedProx-mu0.1,arm3,100,3,46,0.7609,0.7755,0.8514
5,2,MLP-FedProx-mu0.1,arm3,1.0,global,184,0.7609,0.7963,0.8462
5,2,MLP-FedProx-mu0.1,arm3,1.0,0,38,0.7632,0.8657,0.7568
5,2,MLP-FedProx-mu0.1,arm3,1.0,1,83,0.7711,0.7397,0.8934
5,2,MLP-FedProx-mu0.1,arm3,1.0,2,49,0.7143,0.7308,0.815
5,2,MLP-FedProx-mu0.1,arm3,1.0,3,14,0.8571,0.9167,0.9167
5,2,MLP-FedProx-mu0.1,arm3,0.5,global,184,0.7663,0.8037,0.849
5,2,MLP-FedProx-mu0.1,arm3,0.5,0,7,0.8571,0.6667,1.0
5,2,MLP-FedProx-mu0.1,arm3,0.5,1,74,0.6351,0.0,nan
5,2,MLP-FedProx-mu0.1,arm3,0.5,2,77,0.8442,0.9155,nan
5,2,MLP-FedProx-mu0.1,arm3,0.5,3,26,0.8846,0.9362,0.8125
5,2,MLP-FedProx-mu0.1,arm3,0.1,global,184,0.7446,0.7614,0.8448
5,2,MLP-FedProx-mu0.1,arm3,0.1,0,98,0.7143,0.825,0.8877
5,2,MLP-FedProx-mu0.1,arm3,0.1,1,17,0.7059,0.4444,1.0
5,2,MLP-FedProx-mu0.1,arm3,0.1,2,8,0.875,0.9333,nan
5,2,MLP-FedProx-mu0.1,arm3,0.1,3,61,0.7869,0.0,nan
5,2,MLP-FedProx-mu0.1,arm3,natural,global,184,0.7663,0.8037,0.8486
5,2,MLP-FedProx-mu0.1,arm3,natural,0,57,0.7544,0.7812,0.7992
5,2,MLP-FedProx-mu0.1,arm3,natural,1,67,0.791,0.75,0.9343
5,2,MLP-FedProx-mu0.1,arm3,natural,2,23,0.8261,0.9048,0.8095
5,2,MLP-FedProx-mu0.1,arm3,natural,3,37,0.7027,0.807,0.7657
5,3,MLP-FedProx-mu0.1,arm3,100,global,184,0.7935,0.81,0.8465
5,3,MLP-FedProx-mu0.1,arm3,100,0,47,0.8085,0.7907,0.8949
5,3,MLP-FedProx-mu0.1,arm3,100,1,55,0.7273,0.7541,0.7971
5,3,MLP-FedProx-mu0.1,arm3,100,2,51,0.7843,0.8197,0.8226
5,3,MLP-FedProx-mu0.1,arm3,100,3,31,0.9032,0.9143,0.9316
5,3,MLP-FedProx-mu0.1,arm3,1.0,global,184,0.788,0.8116,0.8401
5,3,MLP-FedProx-mu0.1,arm3,1.0,0,42,0.7857,0.8767,0.575
5,3,MLP-FedProx-mu0.1,arm3,1.0,1,83,0.7349,0.5769,0.8385
5,3,MLP-FedProx-mu0.1,arm3,1.0,2,49,0.8776,0.9091,0.8776
5,3,MLP-FedProx-mu0.1,arm3,1.0,3,10,0.8,0.875,1.0
5,3,MLP-FedProx-mu0.1,arm3,0.5,global,184,0.7772,0.8161,0.8361
5,3,MLP-FedProx-mu0.1,arm3,0.5,0,8,0.75,0.0,nan
5,3,MLP-FedProx-mu0.1,arm3,0.5,1,74,0.6216,0.0,nan
5,3,MLP-FedProx-mu0.1,arm3,0.5,2,81,0.8765,0.9342,nan
5,3,MLP-FedProx-mu0.1,arm3,0.5,3,21,0.9524,0.9756,nan
5,3,MLP-FedProx-mu0.1,arm3,0.1,global,184,0.788,0.804,0.8459
5,3,MLP-FedProx-mu0.1,arm3,0.1,0,101,0.7822,0.8736,0.9422
5,3,MLP-FedProx-mu0.1,arm3,0.1,1,26,0.8846,0.0,nan
5,3,MLP-FedProx-mu0.1,arm3,0.1,2,3,1.0,1.0,nan
5,3,MLP-FedProx-mu0.1,arm3,0.1,3,54,0.7407,0.125,0.9811
5,3,MLP-FedProx-mu0.1,arm3,natural,global,184,0.7772,0.8161,0.8333
5,3,MLP-FedProx-mu0.1,arm3,natural,0,67,0.7612,0.7576,0.8333
5,3,MLP-FedProx-mu0.1,arm3,natural,1,49,0.7143,0.6316,0.9103
5,3,MLP-FedProx-mu0.1,arm3,natural,2,27,0.8889,0.9388,0.64
5,3,MLP-FedProx-mu0.1,arm3,natural,3,41,0.8049,0.8857,0.6326
5,4,MLP-FedProx-mu0.1,arm3,100,global,184,0.7391,0.7576,0.8361
5,4,MLP-FedProx-mu0.1,arm3,100,0,40,0.675,0.6486,0.8033
5,4,MLP-FedProx-mu0.1,arm3,100,1,40,0.7,0.7391,0.8667
5,4,MLP-FedProx-mu0.1,arm3,100,2,58,0.7931,0.8125,0.8698
5,4,MLP-FedProx-mu0.1,arm3,100,3,46,0.7609,0.7843,0.8207
5,4,MLP-FedProx-mu0.1,arm3,1.0,global,184,0.7663,0.7882,0.841
5,4,MLP-FedProx-mu0.1,arm3,1.0,0,29,0.7931,0.8846,0.75
5,4,MLP-FedProx-mu0.1,arm3,1.0,1,75,0.7067,0.45,0.7383
5,4,MLP-FedProx-mu0.1,arm3,1.0,2,68,0.8088,0.8632,0.8644
5,4,MLP-FedProx-mu0.1,arm3,1.0,3,12,0.8333,0.875,0.875
5,4,MLP-FedProx-mu0.1,arm3,0.5,global,184,0.7554,0.7644,0.8294
5,4,MLP-FedProx-mu0.1,arm3,0.5,0,11,0.7273,0.0,nan
5,4,MLP-FedProx-mu0.1,arm3,0.5,1,69,0.8116,0.0,nan
5,4,MLP-FedProx-mu0.1,arm3,0.5,2,73,0.7123,0.832,nan
5,4,MLP-FedProx-mu0.1,arm3,0.5,3,31,0.7419,0.84,0.9655
5,4,MLP-FedProx-mu0.1,arm3,0.1,global,184,0.7772,0.8128,0.8363
5,4,MLP-FedProx-mu0.1,arm3,0.1,0,102,0.8725,0.9274,0.9169
5,4,MLP-FedProx-mu0.1,arm3,0.1,1,22,0.7727,0.5455,0.875
5,4,MLP-FedProx-mu0.1,arm3,0.1,2,4,0.75,0.8571,nan
5,4,MLP-FedProx-mu0.1,arm3,0.1,3,56,0.6071,0.0,nan
5,4,MLP-FedProx-mu0.1,arm3,natural,global,184,0.7772,0.8128,0.8366
5,4,MLP-FedProx-mu0.1,arm3,natural,0,72,0.8056,0.8056,0.8718
5,4,MLP-FedProx-mu0.1,arm3,natural,1,56,0.6964,0.6222,0.8115
5,4,MLP-FedProx-mu0.1,arm3,natural,2,23,0.8696,0.9302,0.9091
5,4,MLP-FedProx-mu0.1,arm3,natural,3,33,0.7879,0.8814,0.4341
6,0,MLP-FedProx-mu0.1,arm3,100,global,184,0.788,0.8235,0.8266
6,0,MLP-FedProx-mu0.1,arm3,100,0,49,0.7959,0.7619,0.8996
6,0,MLP-FedProx-mu0.1,arm3,100,1,55,0.7455,0.8056,0.7975
6,0,MLP-FedProx-mu0.1,arm3,100,2,34,0.8235,0.8696,0.7803
6,0,MLP-FedProx-mu0.1,arm3,100,3,46,0.8043,0.8525,0.7877
6,0,MLP-FedProx-mu0.1,arm3,1.0,global,184,0.75,0.7745,0.8297
6,0,MLP-FedProx-mu0.1,arm3,1.0,0,6,1.0,1.0,1.0
6,0,MLP-FedProx-mu0.1,arm3,1.0,1,76,0.7105,0.3889,0.8358
6,0,MLP-FedProx-mu0.1,arm3,1.0,2,66,0.7273,0.8235,0.7836
6,0,MLP-FedProx-mu0.1,arm3,1.0,3,36,0.8333,0.9032,0.9192
6,0,MLP-FedProx-mu0.1,arm3,0.5,global,184,0.7826,0.8095,0.8287
6,0,MLP-FedProx-mu0.1,arm3,0.5,0,61,0.8033,0.7778,0.8982
6,0,MLP-FedProx-mu0.1,arm3,0.5,1,82,0.8171,0.8837,0.8517
6,0,MLP-FedProx-mu0.1,arm3,0.5,2,32,0.6562,0.1538,0.4483
6,0,MLP-FedProx-mu0.1,arm3,0.5,3,9,0.7778,0.8571,0.75
6,0,MLP-FedProx-mu0.1,arm3,0.1,global,184,0.7663,0.7861,0.8285
6,0,MLP-FedProx-mu0.1,arm3,0.1,0,22,0.8182,0.0,nan
6,0,MLP-FedProx-mu0.1,arm3,0.1,1,129,0.7442,0.7591,0.8121
6,0,MLP-FedProx-mu0.1,arm3,0.1,2,3,0.6667,0.8,0.5
6,0,MLP-FedProx-mu0.1,arm3,0.1,3,30,0.8333,0.9091,nan
6,0,MLP-FedProx-mu0.1,arm3,natural,global,184,0.7446,0.7662,0.8211
6,0,MLP-FedProx-mu0.1,arm3,natural,0,59,0.678,0.6275,0.7897
6,0,MLP-FedProx-mu0.1,arm3,natural,1,57,0.8246,0.75,0.8504
6,0,MLP-FedProx-mu0.1,arm3,natural,2,28,0.7857,0.8636,0.8542
6,0,MLP-FedProx-mu0.1,arm3,natural,3,40,0.7,0.8182,0.4933
6,1,MLP-FedProx-mu0.1,arm3,100,global,184,0.75,0.7928,0.8442
6,1,MLP-FedProx-mu0.1,arm3,100,0,48,0.6667,0.6923,0.7483
6,1,MLP-FedProx-mu0.1,arm3,100,1,46,0.7826,0.8148,0.8365
6,1,MLP-FedProx-mu0.1,arm3,100,2,44,0.8636,0.8889,0.9833
6,1,MLP-FedProx-mu0.1,arm3,100,3,46,0.6957,0.7742,0.8492
6,1,MLP-FedProx-mu0.1,arm3,1.0,global,184,0.7554,0.7668,0.8352
6,1,MLP-FedProx-mu0.1,arm3,1.0,0,6,0.6667,0.6667,0.7778
6,1,MLP-FedProx-mu0.1,arm3,1.0,1,75,0.7333,0.2857,0.7138
6,1,MLP-FedProx-mu0.1,arm3,1.0,2,62,0.7581,0.8454,0.8681
6,1,MLP-FedProx-mu0.1,arm3,1.0,3,41,0.8049,0.871,0.9048
6,1,MLP-FedProx-mu0.1,arm3,0.5,global,184,0.75,0.7579,0.8322
6,1,MLP-FedProx-mu0.1,arm3,0.5,0,49,0.6531,0.6047,0.6978
6,1,MLP-FedProx-mu0.1,arm3,0.5,1,84,0.7619,0.8387,0.8599
6,1,MLP-FedProx-mu0.1,arm3,0.5,2,46,0.8478,0.5882,0.9084
6,1,MLP-FedProx-mu0.1,arm3,0.5,3,5,0.6,0.6667,1.0
6,1,MLP-FedProx-mu0.1,arm3,0.1,global,184,0.75,0.7473,0.8349
6,1,MLP-FedProx-mu0.1,arm3,0.1,0,13,0.8462,0.0,nan
6,1,MLP-FedProx-mu0.1,arm3,0.1,1,140,0.7429,0.7143,0.8238
6,1,MLP-FedProx-mu0.1,arm3,0.1,2,4,0.5,0.6667,nan
6,1,MLP-FedProx-mu0.1,arm3,0.1,3,27,0.7778,0.875,nan
6,1,MLP-FedProx-mu0.1,arm3,natural,global,184,0.7772,0.8093,0.839
6,1,MLP-FedProx-mu0.1,arm3,natural,0,55,0.7455,0.6667,0.7943
6,1,MLP-FedProx-mu0.1,arm3,natural,1,63,0.7619,0.7692,0.8414
6,1,MLP-FedProx-mu0.1,arm3,natural,2,19,0.8421,0.9143,0.7059
6,1,MLP-FedProx-mu0.1,arm3,natural,3,47,0.8085,0.8767,0.7964
6,2,MLP-FedProx-mu0.1,arm3,100,global,184,0.7826,0.8,0.8708
6,2,MLP-FedProx-mu0.1,arm3,100,0,42,0.7143,0.7,0.7732
6,2,MLP-FedProx-mu0.1,arm3,100,1,44,0.75,0.7925,0.8333
6,2,MLP-FedProx-mu0.1,arm3,100,2,46,0.8913,0.902,0.9792
6,2,MLP-FedProx-mu0.1,arm3,100,3,52,0.7692,0.7857,0.8633
6,2,MLP-FedProx-mu0.1,arm3,1.0,global,184,0.7772,0.8038,0.8581
6,2,MLP-FedProx-mu0.1,arm3,1.0,0,4,0.75,0.6667,0.6667
6,2,MLP-FedProx-mu0.1,arm3,1.0,1,84,0.7619,0.6154,0.8645
6,2,MLP-FedProx-mu0.1,arm3,1.0,2,58,0.8103,0.8866,0.8768
6,2,MLP-FedProx-mu0.1,arm3,1.0,3,38,0.7632,0.8421,0.8594
6,2,MLP-FedProx-mu0.1,arm3,0.5,global,184,0.788,0.8116,0.8648
6,2,MLP-FedProx-mu0.1,arm3,0.5,0,50,0.82,0.8085,0.8782
6,2,MLP-FedProx-mu0.1,arm3,0.5,1,78,0.7821,0.8661,0.7815
6,2,MLP-FedProx-mu0.1,arm3,0.5,2,49,0.7755,0.4762,0.8265
6,2,MLP-FedProx-mu0.1,arm3,0.5,3,7,0.7143,0.8333,0.8333
6,2,MLP-FedProx-mu0.1,arm3,0.1,global,184,0.7663,0.8155,0.8789
6,2,MLP-FedProx-mu0.1,arm3,0.1,0,13,0.5385,0.0,nan
6,2,MLP-FedProx-mu0.1,arm3,0.1,1,133,0.7368,0.7712,0.8771
6,2,MLP-FedProx-mu0.1,arm3,0.1,2,8,1.0,1.0,nan
6,2,MLP-FedProx-mu0.1,arm3,0.1,3,30,0.9333,0.9655,0.7931
6,2,MLP-FedProx-mu0.1,arm3,natural,global,184,0.7772,0.798,0.8688
6,2,MLP-FedProx-mu0.1,arm3,natural,0,64,0.7344,0.6667,0.8388
6,2,MLP-FedProx-mu0.1,arm3,natural,1,52,0.7692,0.6667,0.8333
6,2,MLP-FedProx-mu0.1,arm3,natural,2,26,0.8077,0.8936,nan
6,2,MLP-FedProx-mu0.1,arm3,natural,3,42,0.8333,0.8986,0.8754
6,3,MLP-FedProx-mu0.1,arm3,100,global,184,0.7554,0.8035,0.8627
6,3,MLP-FedProx-mu0.1,arm3,100,0,51,0.7843,0.8136,0.9123
6,3,MLP-FedProx-mu0.1,arm3,100,1,44,0.7727,0.8333,0.7952
6,3,MLP-FedProx-mu0.1,arm3,100,2,48,0.7708,0.8136,0.8889
6,3,MLP-FedProx-mu0.1,arm3,100,3,41,0.6829,0.7451,0.8086
6,3,MLP-FedProx-mu0.1,arm3,1.0,global,184,0.7554,0.7826,0.8521
6,3,MLP-FedProx-mu0.1,arm3,1.0,0,5,0.4,0.4,0.6667
6,3,MLP-FedProx-mu0.1,arm3,1.0,1,75,0.7467,0.4865,0.8415
6,3,MLP-FedProx-mu0.1,arm3,1.0,2,69,0.8116,0.887,0.8556
6,3,MLP-FedProx-mu0.1,arm3,1.0,3,35,0.7143,0.8,0.8276
6,3,MLP-FedProx-mu0.1,arm3,0.5,global,184,0.7772,0.8038,0.8523
6,3,MLP-FedProx-mu0.1,arm3,0.5,0,57,0.8421,0.8475,0.8901
6,3,MLP-FedProx-mu0.1,arm3,0.5,1,75,0.7467,0.8403,0.8108
6,3,MLP-FedProx-mu0.1,arm3,0.5,2,41,0.7561,0.375,0.8784
6,3,MLP-FedProx-mu0.1,arm3,0.5,3,11,0.7273,0.8,0.7917
6,3,MLP-FedProx-mu0.1,arm3,0.1,global,184,0.7554,0.8085,0.8637
6,3,MLP-FedProx-mu0.1,arm3,0.1,0,19,0.5263,0.0,nan
6,3,MLP-FedProx-mu0.1,arm3,0.1,1,128,0.7344,0.7792,0.865
6,3,MLP-FedProx-mu0.1,arm3,0.1,2,2,1.0,1.0,nan
6,3,MLP-FedProx-mu0.1,arm3,0.1,3,35,0.9429,0.9706,nan
6,3,MLP-FedProx-mu0.1,arm3,natural,global,184,0.7554,0.7739,0.8479
6,3,MLP-FedProx-mu0.1,arm3,natural,0,63,0.7937,0.7797,0.8889
6,3,MLP-FedProx-mu0.1,arm3,natural,1,55,0.8182,0.7368,0.8574
6,3,MLP-FedProx-mu0.1,arm3,natural,2,29,0.6897,0.8163,0.6786
6,3,MLP-FedProx-mu0.1,arm3,natural,3,37,0.6486,0.7547,0.7308
6,4,MLP-FedProx-mu0.1,arm3,100,global,184,0.7609,0.7982,0.8329
6,4,MLP-FedProx-mu0.1,arm3,100,0,46,0.6957,0.72,0.8269
6,4,MLP-FedProx-mu0.1,arm3,100,1,46,0.7609,0.8136,0.8016
6,4,MLP-FedProx-mu0.1,arm3,100,2,41,0.8049,0.8462,0.828
6,4,MLP-FedProx-mu0.1,arm3,100,3,51,0.7843,0.807,0.9074
6,4,MLP-FedProx-mu0.1,arm3,1.0,global,184,0.7663,0.7839,0.8272
6,4,MLP-FedProx-mu0.1,arm3,1.0,0,6,0.6667,0.6667,0.75
6,4,MLP-FedProx-mu0.1,arm3,1.0,1,71,0.7887,0.5161,0.9484
6,4,MLP-FedProx-mu0.1,arm3,1.0,2,67,0.7313,0.8235,0.8284
6,4,MLP-FedProx-mu0.1,arm3,1.0,3,40,0.8,0.8667,0.9221
6,4,MLP-FedProx-mu0.1,arm3,0.5,global,184,0.75,0.77,0.8306
6,4,MLP-FedProx-mu0.1,arm3,0.5,0,61,0.7213,0.7213,0.7985
6,4,MLP-FedProx-mu0.1,arm3,0.5,1,69,0.7536,0.835,0.8129
6,4,MLP-FedProx-mu0.1,arm3,0.5,2,40,0.775,0.5263,0.9167
6,4,MLP-FedProx-mu0.1,arm3,0.5,3,14,0.7857,0.8235,0.95
6,4,MLP-FedProx-mu0.1,arm3,0.1,global,184,0.7554,0.7644,0.8233
6,4,MLP-FedProx-mu0.1,arm3,0.1,0,20,0.85,0.0,nan
6,4,MLP-FedProx-mu0.1,arm3,0.1,1,116,0.7155,0.6796,0.7851
6,4,MLP-FedProx-mu0.1,arm3,0.1,2,9,0.6667,0.7692,0.625
6,4,MLP-FedProx-mu0.1,arm3,0.1,3,39,0.8462,0.9167,nan
6,4,MLP-FedProx-mu0.1,arm3,natural,global,184,0.7609,0.7708,0.8174
6,4,MLP-FedProx-mu0.1,arm3,natural,0,62,0.7903,0.7547,0.8443
6,4,MLP-FedProx-mu0.1,arm3,natural,1,67,0.791,0.7586,0.9234
6,4,MLP-FedProx-mu0.1,arm3,natural,2,21,0.7619,0.8571,0.8
6,4,MLP-FedProx-mu0.1,arm3,natural,3,34,0.6471,0.7391,0.5822
7,0,MLP-FedProx-mu0.1,arm3,100,global,184,0.7609,0.766,0.8195
7,0,MLP-FedProx-mu0.1,arm3,100,0,57,0.7193,0.7419,0.7992
7,0,MLP-FedProx-mu0.1,arm3,100,1,51,0.7647,0.7857,0.819
7,0,MLP-FedProx-mu0.1,arm3,100,2,33,0.7879,0.8,0.8259
7,0,MLP-FedProx-mu0.1,arm3,100,3,43,0.7907,0.7429,0.8311
7,0,MLP-FedProx-mu0.1,arm3,1.0,global,184,0.7446,0.759,0.8182
7,0,MLP-FedProx-mu0.1,arm3,1.0,0,21,0.6667,0.2222,0.6667
7,0,MLP-FedProx-mu0.1,arm3,1.0,1,38,0.7105,0.7843,0.8391
7,0,MLP-FedProx-mu0.1,arm3,1.0,2,105,0.781,0.7928,0.8466
7,0,MLP-FedProx-mu0.1,arm3,1.0,3,20,0.7,0.75,0.7363
7,0,MLP-FedProx-mu0.1,arm3,0.5,global,184,0.7283,0.7685,0.8294
7,0,MLP-FedProx-mu0.1,arm3,0.5,0,37,0.6757,0.7692,0.77
7,0,MLP-FedProx-mu0.1,arm3,0.5,1,99,0.7576,0.8154,0.8339
7,0,MLP-FedProx-mu0.1,arm3,0.5,2,31,0.7097,0.0,nan
7,0,MLP-FedProx-mu0.1,arm3,0.5,3,17,0.7059,0.8,0.75
7,0,MLP-FedProx-mu0.1,arm3,0.1,global,184,0.75,0.7629,0.8155
7,0,MLP-FedProx-mu0.1,arm3,0.1,0,24,0.7917,0.0,nan
7,0,MLP-FedProx-mu0.1,arm3,0.1,1,9,0.5556,0.7143,nan
7,0,MLP-FedProx-mu0.1,arm3,0.1,2,8,0.875,0.9333,nan
7,0,MLP-FedProx-mu0.1,arm3,0.1,3,143,0.7483,0.775,0.8424
7,0,MLP-FedProx-mu0.1,arm3,natural,global,184,0.7391,0.7798,0.8209
7,0,MLP-FedProx-mu0.1,arm3,natural,0,57,0.7719,0.7547,0.865
7,0,MLP-FedProx-mu0.1,arm3,natural,1,60,0.7167,0.6909,0.8732
7,0,MLP-FedProx-mu0.1,arm3,natural,2,26,0.8077,0.8936,0.68
7,0,MLP-FedProx-mu0.1,arm3,natural,3,41,0.6829,0.7937,0.5977
7,1,MLP-FedProx-mu0.1,arm3,100,global,184,0.8152,0.8411,0.8895
7,1,MLP-FedProx-mu0.1,arm3,100,0,55,0.8545,0.8889,0.9459
7,1,MLP-FedProx-mu0.1,arm3,100,1,36,0.6944,0.6857,0.7812
7,1,MLP-FedProx-mu0.1,arm3,100,2,46,0.8696,0.8929,0.9084
7,1,MLP-FedProx-mu0.1,arm3,100,3,47,0.8085,0.8235,0.8949
7,1,MLP-FedProx-mu0.1,arm3,1.0,global,184,0.8043,0.8182,0.8912
7,1,MLP-FedProx-mu0.1,arm3,1.0,0,29,0.7931,0.7,0.8895
7,1,MLP-FedProx-mu0.1,arm3,1.0,1,28,0.8929,0.9333,0.9391
7,1,MLP-FedProx-mu0.1,arm3,1.0,2,105,0.7619,0.7706,0.8575
7,1,MLP-FedProx-mu0.1,arm3,1.0,3,22,0.9091,0.9167,0.9487
7,1,MLP-FedProx-mu0.1,arm3,0.5,global,184,0.837,0.8558,0.8887
7,1,MLP-FedProx-mu0.1,arm3,0.5,0,44,0.9091,0.9355,0.9609
7,1,MLP-FedProx-mu0.1,arm3,0.5,1,93,0.828,0.8621,0.8425
7,1,MLP-FedProx-mu0.1,arm3,0.5,2,30,0.7333,0.0,nan
7,1,MLP-FedProx-mu0.1,arm3,0.5,3,17,0.8824,0.9091,0.9545
7,1,MLP-FedProx-mu0.1,arm3,0.1,global,184,0.8098,0.8205,0.8876
7,1,MLP-FedProx-mu0.1,arm3,0.1,0,20,0.8,0.3333,0.8611
7,1,MLP-FedProx-mu0.1,arm3,0.1,1,9,0.8889,0.9412,nan
7,1,MLP-FedProx-mu0.1,arm3,0.1,2,8,0.75,0.8571,nan
7,1,MLP-FedProx-mu0.1,arm3,0.1,3,147,0.8095,0.8228,0.8788
7,1,MLP-FedProx-mu0.1,arm3,natural,global,184,0.8043,0.8163,0.8831
7,1,MLP-FedProx-mu0.1,arm3,natural,0,69,0.7681,0.7037,0.8684
7,1,MLP-FedProx-mu0.1,arm3,natural,1,58,0.8276,0.7727,0.8662
7,1,MLP-FedProx-mu0.1,arm3,natural,2,21,0.8571,0.9189,0.85
7,1,MLP-FedProx-mu0.1,arm3,natural,3,36,0.8056,0.8852,0.671
7,2,MLP-FedProx-mu0.1,arm3,100,global,184,0.7935,0.81,0.8492
7,2,MLP-FedProx-mu0.1,arm3,100,0,40,0.775,0.8,0.8271
7,2,MLP-FedProx-mu0.1,arm3,100,1,40,0.875,0.8718,0.8914
7,2,MLP-FedProx-mu0.1,arm3,100,2,53,0.7736,0.8,0.8364
7,2,MLP-FedProx-mu0.1,arm3,100,3,51,0.7647,0.7857,0.8365
7,2,MLP-FedProx-mu0.1,arm3,1.0,global,184,0.7772,0.7897,0.8481
7,2,MLP-FedProx-mu0.1,arm3,1.0,0,21,0.6667,0.3636,0.75
7,2,MLP-FedProx-mu0.1,arm3,1.0,1,24,0.7917,0.8276,0.9832
7,2,MLP-FedProx-mu0.1,arm3,1.0,2,118,0.7966,0.8065,0.8678
7,2,MLP-FedProx-mu0.1,arm3,1.0,3,21,0.7619,0.8387,0.7941
7,2,MLP-FedProx-mu0.1,arm3,0.5,global,184,0.8043,0.8269,0.8507
7,2,MLP-FedProx-mu0.1,arm3,0.5,0,33,0.7576,0.7895,0.7684
7,2,MLP-FedProx-mu0.1,arm3,0.5,1,95,0.8421,0.8855,0.8791
7,2,MLP-FedProx-mu0.1,arm3,0.5,2,37,0.8108,0.2222,0.9167
7,2,MLP-FedProx-mu0.1,arm3,0.5,3,19,0.6842,0.8,0.7708
7,2,MLP-FedProx-mu0.1,arm3,0.1,global,184,0.7663,0.7772,0.84
7,2,MLP-FedProx-mu0.1,arm3,0.1,0,25,0.92,0.6667,0.9348
7,2,MLP-FedProx-mu0.1,arm3,0.1,1,17,0.7059,0.8276,nan
7,2,MLP-FedProx-mu0.1,arm3,0.1,2,5,0.8,0.8889,nan
7,2,MLP-FedProx-mu0.1,arm3,0.1,3,137,0.7445,0.7651,0.8259
7,2,MLP-FedProx-mu0.1,arm3,natural,global,184,0.7989,0.8279,0.8561
7,2,MLP-FedProx-mu0.1,arm3,natural,0,60,0.8,0.7778,0.8474
7,2,MLP-FedProx-mu0.1,arm3,natural,1,56,0.75,0.7083,0.8583
7,2,MLP-FedProx-mu0.1,arm3,natural,2,30,0.9,0.9474,0.6207
7,2,MLP-FedProx-mu0.1,arm3,natural,3,38,0.7895,0.8571,0.7388
7,3,MLP-FedProx-mu0.1,arm3,100,global,184,0.7772,0.8145,0.8558
7,3,MLP-FedProx-mu0.1,arm3,100,0,39,0.7436,0.7368,0.828
7,3,MLP-FedProx-mu0.1,arm3,100,1,48,0.7083,0.7308,0.8715
7,3,MLP-FedProx-mu0.1,arm3,100,2,39,0.7692,0.8235,0.8286
7,3,MLP-FedProx-mu0.1,arm3,100,3,58,0.8621,0.9,0.8996
7,3,MLP-FedProx-mu0.1,arm3,1.0,global,184,0.7663,0.7923,0.8566
7,3,MLP-FedProx-mu0.1,arm3,1.0,0,20,0.7,0.5,0.6933
7,3,MLP-FedProx-mu0.1,arm3,1.0,1,30,0.7667,0.8108,0.89
7,3,MLP-FedProx-mu0.1,arm3,1.0,2,107,0.7477,0.7731,0.8594
7,3,MLP-FedProx-mu0.1,arm3,1.0,3,27,0.8889,0.9231,0.9429
7,3,MLP-FedProx-mu0.1,arm3,0.5,global,184,0.788,0.8203,0.8529
7,3,MLP-FedProx-mu0.1,arm3,0.5,0,27,0.8148,0.8387,0.8389
7,3,MLP-FedProx-mu0.1,arm3,0.5,1,108,0.787,0.8414,0.8517
7,3,MLP-FedProx-mu0.1,arm3,0.5,2,27,0.6667,0.0,nan
7,3,MLP-FedProx-mu0.1,arm3,0.5,3,22,0.9091,0.9375,0.9167
7,3,MLP-FedProx-mu0.1,arm3,0.1,global,184,0.7609,0.7885,0.8635
7,3,MLP-FedProx-mu0.1,arm3,0.1,0,24,0.6667,0.0,nan
7,3,MLP-FedProx-mu0.1,arm3,0.1,1,16,0.8125,0.8966,nan
7,3,MLP-FedProx-mu0.1,arm3,0.1,2,8,0.875,0.9333,nan
7,3,MLP-FedProx-mu0.1,arm3,0.1,3,136,0.7647,0.7949,0.8684
7,3,MLP-FedProx-mu0.1,arm3,natural,global,184,0.7717,0.8,0.8565
7,3,MLP-FedProx-mu0.1,arm3,natural,0,51,0.8039,0.7619,0.8727
7,3,MLP-FedProx-mu0.1,arm3,natural,1,61,0.7377,0.68,0.8298
7,3,MLP-FedProx-mu0.1,arm3,natural,2,27,0.8148,0.8889,0.8152
7,3,MLP-FedProx-mu0.1,arm3,natural,3,45,0.7556,0.8493,0.7
7,4,MLP-FedProx-mu0.1,arm3,100,global,184,0.7391,0.7857,0.8186
7,4,MLP-FedProx-mu0.1,arm3,100,0,39,0.7179,0.807,0.8117
7,4,MLP-FedProx-mu0.1,arm3,100,1,48,0.8333,0.875,0.913
7,4,MLP-FedProx-mu0.1,arm3,100,2,38,0.6579,0.6829,0.6975
7,4,MLP-FedProx-mu0.1,arm3,100,3,59,0.7288,0.7419,0.8461
7,4,MLP-FedProx-mu0.1,arm3,1.0,global,184,0.75,0.785,0.8199
7,4,MLP-FedProx-mu0.1,arm3,1.0,0,18,0.6667,0.6667,0.775
7,4,MLP-FedProx-mu0.1,arm3,1.0,1,34,0.8824,0.9286,0.9583
7,4,MLP-FedProx-mu0.1,arm3,1.0,2,104,0.7212,0.7184,0.8152
7,4,MLP-FedProx-mu0.1,arm3,1.0,3,28,0.75,0.8108,0.8021
7,4,MLP-FedProx-mu0.1,arm3,0.5,global,184,0.7663,0.7962,0.8189
7,4,MLP-FedProx-mu0.1,arm3,0.5,0,30,0.7667,0.8293,0.7778
7,4,MLP-FedProx-mu0.1,arm3,0.5,1,94,0.7979,0.8527,0.8765
7,4,MLP-FedProx-mu0.1,arm3,0.5,2,36,0.7222,0.0,nan
7,4,MLP-FedProx-mu0.1,arm3,0.5,3,24,0.7083,0.7742,0.7857
7,4,MLP-FedProx-mu0.1,arm3,0.1,global,184,0.7446,0.7638,0.8232
7,4,MLP-FedProx-mu0.1,arm3,0.1,0,22,0.8182,0.3333,0.9048
7,4,MLP-FedProx-mu0.1,arm3,0.1,1,16,0.75,0.8571,nan
7,4,MLP-FedProx-mu0.1,arm3,0.1,2,9,0.5556,0.7143,nan
7,4,MLP-FedProx-mu0.1,arm3,0.1,3,137,0.7445,0.7682,0.8288
7,4,MLP-FedProx-mu0.1,arm3,natural,global,184,0.7391,0.7647,0.8139
7,4,MLP-FedProx-mu0.1,arm3,natural,0,66,0.7121,0.678,0.7969
7,4,MLP-FedProx-mu0.1,arm3,natural,1,59,0.7627,0.7308,0.8661
7,4,MLP-FedProx-mu0.1,arm3,natural,2,19,0.8421,0.9091,0.8889
7,4,MLP-FedProx-mu0.1,arm3,natural,3,40,0.7,0.8,0.7054
8,0,MLP-FedProx-mu0.1,arm3,100,global,184,0.7663,0.7772,0.8093
8,0,MLP-FedProx-mu0.1,arm3,100,0,35,0.6857,0.6667,0.6732
8,0,MLP-FedProx-mu0.1,arm3,100,1,52,0.8269,0.8657,0.8438
8,0,MLP-FedProx-mu0.1,arm3,100,2,49,0.7143,0.72,0.79
8,0,MLP-FedProx-mu0.1,arm3,100,3,48,0.8125,0.7907,0.8539
8,0,MLP-FedProx-mu0.1,arm3,1.0,global,184,0.7391,0.7798,0.8238
8,0,MLP-FedProx-mu0.1,arm3,1.0,0,41,0.6341,0.6512,0.7754
8,0,MLP-FedProx-mu0.1,arm3,1.0,1,9,0.6667,0.7692,0.7857
8,0,MLP-FedProx-mu0.1,arm3,1.0,2,94,0.7553,0.7767,0.8202
8,0,MLP-FedProx-mu0.1,arm3,1.0,3,40,0.825,0.8814,0.9033
8,0,MLP-FedProx-mu0.1,arm3,0.5,global,184,0.7609,0.7822,0.8145
8,0,MLP-FedProx-mu0.1,arm3,0.5,0,22,0.7273,0.75,0.8417
8,0,MLP-FedProx-mu0.1,arm3,0.5,1,3,0.6667,0.8,nan
8,0,MLP-FedProx-mu0.1,arm3,0.5,2,115,0.7826,0.8322,0.8072
8,0,MLP-FedProx-mu0.1,arm3,0.5,3,44,0.7273,0.5,0.8726
8,0,MLP-FedProx-mu0.1,arm3,0.1,global,184,0.6685,0.6065,0.7706
8,0,MLP-FedProx-mu0.1,arm3,0.1,0,69,0.5072,0.6731,nan
8,0,MLP-FedProx-mu0.1,arm3,0.1,1,83,0.9157,0.0,nan
8,0,MLP-FedProx-mu0.1,arm3,0.1,2,23,0.4348,0.6061,nan
8,0,MLP-FedProx-mu0.1,arm3,0.1,3,9,0.2222,0.3636,nan
8,0,MLP-FedProx-mu0.1,arm3,natural,global,184,0.7609,0.7885,0.8153
8,0,MLP-FedProx-mu0.1,arm3,natural,0,60,0.75,0.7059,0.7946
8,0,MLP-FedProx-mu0.1,arm3,natural,1,58,0.7586,0.72,0.8472
8,0,MLP-FedProx-mu0.1,arm3,natural,2,25,0.8,0.8889,0.6739
8,0,MLP-FedProx-mu0.1,arm3,natural,3,41,0.7561,0.8387,0.6264
8,1,MLP-FedProx-mu0.1,arm3,100,global,184,0.7609,0.78,0.8739
8,1,MLP-FedProx-mu0.1,arm3,100,0,48,0.7083,0.6818,0.7687
8,1,MLP-FedProx-mu0.1,arm3,100,1,49,0.8367,0.8788,0.9347
8,1,MLP-FedProx-mu0.1,arm3,100,2,41,0.6829,0.6829,0.8469
8,1,MLP-FedProx-mu0.1,arm3,100,3,46,0.8043,0.8163,0.9486
8,1,MLP-FedProx-mu0.1,arm3,1.0,global,184,0.7554,0.7847,0.8734
8,1,MLP-FedProx-mu0.1,arm3,1.0,0,51,0.6471,0.5909,0.7746
8,1,MLP-FedProx-mu0.1,arm3,1.0,1,13,0.8462,0.9167,nan
8,1,MLP-FedProx-mu0.1,arm3,1.0,2,84,0.7381,0.7442,0.8912
8,1,MLP-FedProx-mu0.1,arm3,1.0,3,36,0.9167,0.9455,1.0
8,1,MLP-FedProx-mu0.1,arm3,0.5,global,184,0.7989,0.8326,0.8722
8,1,MLP-FedProx-mu0.1,arm3,0.5,0,28,0.7143,0.6667,0.8187
8,1,MLP-FedProx-mu0.1,arm3,0.5,1,9,0.7778,0.875,0.125
8,1,MLP-FedProx-mu0.1,arm3,0.5,2,103,0.8447,0.8933,0.9054
8,1,MLP-FedProx-mu0.1,arm3,0.5,3,44,0.75,0.6452,0.9146
8,1,MLP-FedProx-mu0.1,arm3,0.1,global,184,0.75,0.8099,0.8711
8,1,MLP-FedProx-mu0.1,arm3,0.1,0,67,0.9851,0.9925,nan
8,1,MLP-FedProx-mu0.1,arm3,0.1,1,82,0.4878,0.0,nan
8,1,MLP-FedProx-mu0.1,arm3,0.1,2,26,0.8846,0.9388,nan
8,1,MLP-FedProx-mu0.1,arm3,0.1,3,9,1.0,1.0,nan
8,1,MLP-FedProx-mu0.1,arm3,natural,global,184,0.7989,0.837,0.8718
8,1,MLP-FedProx-mu0.1,arm3,natural,0,57,0.807,0.8308,0.9144
8,1,MLP-FedProx-mu0.1,arm3,natural,1,64,0.75,0.6923,0.8456
8,1,MLP-FedProx-mu0.1,arm3,natural,2,24,0.9167,0.9545,0.9318
8,1,MLP-FedProx-mu0.1,arm3,natural,3,39,0.7949,0.8788,0.763
8,2,MLP-FedProx-mu0.1,arm3,100,global,184,0.7717,0.79,0.8514
8,2,MLP-FedProx-mu0.1,arm3,100,0,46,0.7826,0.7917,0.8488
8,2,MLP-FedProx-mu0.1,arm3,100,1,45,0.8,0.8421,0.8765
8,2,MLP-FedProx-mu0.1,arm3,100,2,51,0.7255,0.6818,0.8508
8,2,MLP-FedProx-mu0.1,arm3,100,3,42,0.7857,0.8235,0.851
8,2,MLP-FedProx-mu0.1,arm3,1.0,global,184,0.7826,0.8148,0.8513
8,2,MLP-FedProx-mu0.1,arm3,1.0,0,43,0.6279,0.5789,0.8128
8,2,MLP-FedProx-mu0.1,arm3,1.0,1,10,0.9,0.9474,0.4444
8,2,MLP-FedProx-mu0.1,arm3,1.0,2,94,0.8404,0.8515,0.8794
8,2,MLP-FedProx-mu0.1,arm3,1.0,3,37,0.7838,0.8621,0.8381
8,2,MLP-FedProx-mu0.1,arm3,0.5,global,184,0.7772,0.8111,0.8525
8,2,MLP-FedProx-mu0.1,arm3,0.5,0,30,0.6667,0.7222,0.8393
8,2,MLP-FedProx-mu0.1,arm3,0.5,1,10,0.9,0.9091,1.0
8,2,MLP-FedProx-mu0.1,arm3,0.5,2,108,0.7963,0.8472,0.8416
8,2,MLP-FedProx-mu0.1,arm3,0.5,3,36,0.7778,0.6923,0.9136
8,2,MLP-FedProx-mu0.1,arm3,0.1,global,184,0.6304,0.7444,0.8497
8,2,MLP-FedProx-mu0.1,arm3,0.1,0,60,0.9833,0.9916,nan
8,2,MLP-FedProx-mu0.1,arm3,0.1,1,82,0.2073,0.0,nan
8,2,MLP-FedProx-mu0.1,arm3,0.1,2,27,1.0,1.0,nan
8,2,MLP-FedProx-mu0.1,arm3,0.1,3,15,0.8667,0.9286,nan
8,2,MLP-FedProx-mu0.1,arm3,natural,global,184,0.788,0.8079,0.851
8,2,MLP-FedProx-mu0.1,arm3,natural,0,69,0.7681,0.7037,0.8249
8,2,MLP-FedProx-mu0.1,arm3,natural,1,58,0.8448,0.8364,0.9248
8,2,MLP-FedProx-mu0.1,arm3,natural,2,21,0.7143,0.8235,0.5789
8,2,MLP-FedProx-mu0.1,arm3,natural,3,36,0.7778,0.8667,0.6667
8,3,MLP-FedProx-mu0.1,arm3,100,global,184,0.7446,0.7892,0.8084
8,3,MLP-FedProx-mu0.1,arm3,100,0,46,0.7609,0.8,0.8381
8,3,MLP-FedProx-mu0.1,arm3,100,1,44,0.6818,0.72,0.7619
8,3,MLP-FedProx-mu0.1,arm3,100,2,47,0.7447,0.8065,0.7744
8,3,MLP-FedProx-mu0.1,arm3,100,3,47,0.7872,0.8214,0.8315
8,3,MLP-FedProx-mu0.1,arm3,1.0,global,184,0.7337,0.7407,0.8019
8,3,MLP-FedProx-mu0.1,arm3,1.0,0,44,0.8636,0.8235,0.8482
8,3,MLP-FedProx-mu0.1,arm3,1.0,1,10,0.4,0.5714,nan
8,3,MLP-FedProx-mu0.1,arm3,1.0,2,76,0.7237,0.7042,0.8326
8,3,MLP-FedProx-mu0.1,arm3,1.0,3,54,0.7037,0.7714,0.8018
8,3,MLP-FedProx-mu0.1,arm3,0.5,global,184,0.75,0.7745,0.8046
8,3,MLP-FedProx-mu0.1,arm3,0.5,0,26,0.5385,0.4,0.5697
8,3,MLP-FedProx-mu0.1,arm3,0.5,1,7,1.0,1.0,1.0
8,3,MLP-FedProx-mu0.1,arm3,0.5,2,108,0.7778,0.8333,0.8128
8,3,MLP-FedProx-mu0.1,arm3,0.5,3,43,0.7674,0.6875,0.8641
8,3,MLP-FedProx-mu0.1,arm3,0.1,global,184,0.6902,0.7615,0.7938
8,3,MLP-FedProx-mu0.1,arm3,0.1,0,65,0.9077,0.9516,nan
8,3,MLP-FedProx-mu0.1,arm3,0.1,1,81,0.4444,0.0,nan
8,3,MLP-FedProx-mu0.1,arm3,0.1,2,20,0.8,0.8889,nan
8,3,MLP-FedProx-mu0.1,arm3,0.1,3,18,0.8889,0.9412,0.8824
8,3,MLP-FedProx-mu0.1,arm3,natural,global,184,0.7228,0.733,0.7872
8,3,MLP-FedProx-mu0.1,arm3,natural,0,59,0.678,0.5778,0.7273
8,3,MLP-FedProx-mu0.1,arm3,natural,1,61,0.8033,0.7391,0.8513
8,3,MLP-FedProx-mu0.1,arm3,natural,2,22,0.6818,0.8,0.9048
8,3,MLP-FedProx-mu0.1,arm3,natural,3,42,0.6905,0.8,0.5906
8,4,MLP-FedProx-mu0.1,arm3,100,global,184,0.788,0.802,0.8838
8,4,MLP-FedProx-mu0.1,arm3,100,0,39,0.7949,0.8333,0.9057
8,4,MLP-FedProx-mu0.1,arm3,100,1,46,0.7609,0.7755,0.8673
8,4,MLP-FedProx-mu0.1,arm3,100,2,54,0.8519,0.8462,0.9203
8,4,MLP-FedProx-mu0.1,arm3,100,3,45,0.7333,0.75,0.8261
8,4,MLP-FedProx-mu0.1,arm3,1.0,global,184,0.7935,0.8208,0.878
8,4,MLP-FedProx-mu0.1,arm3,1.0,0,35,0.8571,0.8571,0.93
8,4,MLP-FedProx-mu0.1,arm3,1.0,1,11,0.9091,0.9412,0.9444
8,4,MLP-FedProx-mu0.1,arm3,1.0,2,101,0.7426,0.74,0.8617
8,4,MLP-FedProx-mu0.1,arm3,1.0,3,37,0.8378,0.9,0.8495
8,4,MLP-FedProx-mu0.1,arm3,0.5,global,184,0.8043,0.8269,0.8835
8,4,MLP-FedProx-mu0.1,arm3,0.5,0,16,0.875,0.8333,1.0
8,4,MLP-FedProx-mu0.1,arm3,0.5,1,10,0.8,0.875,0.8889
8,4,MLP-FedProx-mu0.1,arm3,0.5,2,115,0.7913,0.8442,0.8745
8,4,MLP-FedProx-mu0.1,arm3,0.5,3,43,0.814,0.6923,0.9216
8,4,MLP-FedProx-mu0.1,arm3,0.1,global,184,0.7554,0.8117,0.8705
8,4,MLP-FedProx-mu0.1,arm3,0.1,0,63,0.9683,0.9839,nan
8,4,MLP-FedProx-mu0.1,arm3,0.1,1,82,0.5122,0.0,nan
8,4,MLP-FedProx-mu0.1,arm3,0.1,2,23,0.8696,0.9302,nan
8,4,MLP-FedProx-mu0.1,arm3,0.1,3,16,1.0,1.0,nan
8,4,MLP-FedProx-mu0.1,arm3,natural,global,184,0.7935,0.8319,0.8847
8,4,MLP-FedProx-mu0.1,arm3,natural,0,58,0.8276,0.8276,0.9128
8,4,MLP-FedProx-mu0.1,arm3,natural,1,53,0.6981,0.6364,0.8644
8,4,MLP-FedProx-mu0.1,arm3,natural,2,31,0.9355,0.9667,0.9667
8,4,MLP-FedProx-mu0.1,arm3,natural,3,42,0.7619,0.8438,0.7704
9,0,MLP-FedProx-mu0.1,arm3,100,global,184,0.7717,0.7879,0.8708
9,0,MLP-FedProx-mu0.1,arm3,100,0,58,0.8276,0.8485,0.8934
9,0,MLP-FedProx-mu0.1,arm3,100,1,29,0.7241,0.7143,0.8737
9,0,MLP-FedProx-mu0.1,arm3,100,2,43,0.7674,0.7917,0.8311
9,0,MLP-FedProx-mu0.1,arm3,100,3,54,0.7407,0.75,0.8892
9,0,MLP-FedProx-mu0.1,arm3,1.0,global,184,0.7717,0.7879,0.8683
9,0,MLP-FedProx-mu0.1,arm3,1.0,0,41,0.7561,0.1667,1.0
9,0,MLP-FedProx-mu0.1,arm3,1.0,1,23,0.7391,0.6667,0.7857
9,0,MLP-FedProx-mu0.1,arm3,1.0,2,52,0.8077,0.8936,nan
9,0,MLP-FedProx-mu0.1,arm3,1.0,3,68,0.7647,0.7838,0.9115
9,0,MLP-FedProx-mu0.1,arm3,0.5,global,184,0.7717,0.7857,0.8611
9,0,MLP-FedProx-mu0.1,arm3,0.5,0,6,0.8333,0.9091,nan
9,0,MLP-FedProx-mu0.1,arm3,0.5,1,33,0.7576,0.8182,0.865
9,0,MLP-FedProx-mu0.1,arm3,0.5,2,65,0.8154,0.0,nan
9,0,MLP-FedProx-mu0.1,arm3,0.5,3,80,0.7375,0.8372,0.7629
9,0,MLP-FedProx-mu0.1,arm3,0.1,global,184,0.7772,0.7919,0.859
9,0,MLP-FedProx-mu0.1,arm3,0.1,0,76,0.75,0.6275,0.8753
9,0,MLP-FedProx-mu0.1,arm3,0.1,1,6,1.0,1.0,nan
9,0,MLP-FedProx-mu0.1,arm3,0.1,2,88,0.7841,0.855,0.8668
9,0,MLP-FedProx-mu0.1,arm3,0.1,3,14,0.7857,0.0,nan
9,0,MLP-FedProx-mu0.1,arm3,natural,global,184,0.7772,0.8093,0.8604
9,0,MLP-FedProx-mu0.1,arm3,natural,0,64,0.7656,0.7541,0.8679
9,0,MLP-FedProx-mu0.1,arm3,natural,1,53,0.7925,0.7556,0.918
9,0,MLP-FedProx-mu0.1,arm3,natural,2,25,0.8,0.8837,0.6667
9,0,MLP-FedProx-mu0.1,arm3,natural,3,42,0.7619,0.8485,0.7104
9,1,MLP-FedProx-mu0.1,arm3,100,global,184,0.8098,0.8325,0.8741
9,1,MLP-FedProx-mu0.1,arm3,100,0,48,0.7708,0.807,0.8934
9,1,MLP-FedProx-mu0.1,arm3,100,1,55,0.8727,0.8511,0.9008
9,1,MLP-FedProx-mu0.1,arm3,100,2,42,0.6667,0.7407,0.7474
9,1,MLP-FedProx-mu0.1,arm3,100,3,39,0.9231,0.9412,0.9229
9,1,MLP-FedProx-mu0.1,arm3,1.0,global,184,0.7826,0.8276,0.8714
9,1,MLP-FedProx-mu0.1,arm3,1.0,0,44,0.5682,0.0952,0.8372
9,1,MLP-FedProx-mu0.1,arm3,1.0,1,27,0.6296,0.5455,0.9048
9,1,MLP-FedProx-mu0.1,arm3,1.0,2,63,0.9206,0.958,0.9355
9,1,MLP-FedProx-mu0.1,arm3,1.0,3,50,0.88,0.9143,0.8966
9,1,MLP-FedProx-mu0.1,arm3,0.5,global,184,0.7989,0.8063,0.8607
9,1,MLP-FedProx-mu0.1,arm3,0.5,0,8,0.625,0.7692,nan
9,1,MLP-FedProx-mu0.1,arm3,0.5,1,38,0.8158,0.8679,0.875
9,1,MLP-FedProx-mu0.1,arm3,0.5,2,66,0.8333,0.0,nan
9,1,MLP-FedProx-mu0.1,arm3,0.5,3,72,0.7778,0.8596,0.9199
9,1,MLP-FedProx-mu0.1,arm3,0.1,global,184,0.8043,0.8269,0.867
9,1,MLP-FedProx-mu0.1,arm3,0.1,0,68,0.7794,0.6341,0.8582
9,1,MLP-FedProx-mu0.1,arm3,0.1,1,7,0.7143,0.8333,nan
9,1,MLP-FedProx-mu0.1,arm3,0.1,2,103,0.8252,0.8831,0.8465
9,1,MLP-FedProx-mu0.1,arm3,0.1,3,6,0.8333,0.0,nan
9,1,MLP-FedProx-mu0.1,arm3,natural,global,184,0.8152,0.8317,0.867
9,1,MLP-FedProx-mu0.1,arm3,natural,0,55,0.8364,0.8,0.8773
9,1,MLP-FedProx-mu0.1,arm3,natural,1,64,0.7812,0.7083,0.842
9,1,MLP-FedProx-mu0.1,arm3,natural,2,26,0.8846,0.9388,0.8
9,1,MLP-FedProx-mu0.1,arm3,natural,3,39,0.7949,0.8667,0.7815
9,2,MLP-FedProx-mu0.1,arm3,100,global,184,0.7391,0.7576,0.8397
9,2,MLP-FedProx-mu0.1,arm3,100,0,53,0.6981,0.7037,0.8214
9,2,MLP-FedProx-mu0.1,arm3,100,1,42,0.7619,0.7826,0.8101
9,2,MLP-FedProx-mu0.1,arm3,100,2,47,0.7447,0.76,0.8608
9,2,MLP-FedProx-mu0.1,arm3,100,3,42,0.7619,0.7917,0.8612
9,2,MLP-FedProx-mu0.1,arm3,1.0,global,184,0.7228,0.7411,0.8286
9,2,MLP-FedProx-mu0.1,arm3,1.0,0,38,0.6842,0.0,nan
9,2,MLP-FedProx-mu0.1,arm3,1.0,1,31,0.7097,0.64,0.8381
9,2,MLP-FedProx-mu0.1,arm3,1.0,2,54,0.7407,0.8478,0.9245
9,2,MLP-FedProx-mu0.1,arm3,1.0,3,61,0.7377,0.7647,0.8776
9,2,MLP-FedProx-mu0.1,arm3,0.5,global,184,0.7283,0.7368,0.8266
9,2,MLP-FedProx-mu0.1,arm3,0.5,0,12,0.8333,0.9091,nan
9,2,MLP-FedProx-mu0.1,arm3,0.5,1,38,0.6579,0.7111,0.7536
9,2,MLP-FedProx-mu0.1,arm3,0.5,2,54,0.8148,0.0,nan
9,2,MLP-FedProx-mu0.1,arm3,0.5,3,80,0.6875,0.7788,0.8289
9,2,MLP-FedProx-mu0.1,arm3,0.1,global,184,0.7717,0.8037,0.8306
9,2,MLP-FedProx-mu0.1,arm3,0.1,0,72,0.6667,0.6,0.7338
9,2,MLP-FedProx-mu0.1,arm3,0.1,1,7,0.7143,0.8333,nan
9,2,MLP-FedProx-mu0.1,arm3,0.1,2,88,0.8523,0.9065,0.9036
9,2,MLP-FedProx-mu0.1,arm3,0.1,3,17,0.8235,0.0,nan
9,2,MLP-FedProx-mu0.1,arm3,natural,global,184,0.7935,0.8288,0.8281
9,2,MLP-FedProx-mu0.1,arm3,natural,0,57,0.8246,0.8333,0.884
9,2,MLP-FedProx-mu0.1,arm3,natural,1,66,0.7576,0.7419,0.8186
9,2,MLP-FedProx-mu0.1,arm3,natural,2,21,0.8095,0.8947,0.8
9,2,MLP-FedProx-mu0.1,arm3,natural,3,40,0.8,0.871,0.6994
9,3,MLP-FedProx-mu0.1,arm3,100,global,184,0.7283,0.75,0.8016
9,3,MLP-FedProx-mu0.1,arm3,100,0,47,0.8298,0.8182,0.8605
9,3,MLP-FedProx-mu0.1,arm3,100,1,43,0.6977,0.7636,0.7333
9,3,MLP-FedProx-mu0.1,arm3,100,2,46,0.7174,0.7547,0.8115
9,3,MLP-FedProx-mu0.1,arm3,100,3,48,0.6667,0.6667,0.7461
9,3,MLP-FedProx-mu0.1,arm3,1.0,global,184,0.7283,0.7685,0.8082
9,3,MLP-FedProx-mu0.1,arm3,1.0,0,33,0.6667,0.0,0.5938
9,3,MLP-FedProx-mu0.1,arm3,1.0,1,28,0.7143,0.7143,0.7722
9,3,MLP-FedProx-mu0.1,arm3,1.0,2,59,0.7797,0.8762,nan
9,3,MLP-FedProx-mu0.1,arm3,1.0,3,64,0.7188,0.75,0.7803
9,3,MLP-FedProx-mu0.1,arm3,0.5,global,184,0.7011,0.7059,0.7948
9,3,MLP-FedProx-mu0.1,arm3,0.5,0,7,0.2857,0.4444,nan
9,3,MLP-FedProx-mu0.1,arm3,0.5,1,26,0.7308,0.7879,0.9323
9,3,MLP-FedProx-mu0.1,arm3,0.5,2,64,0.7344,0.0,nan
9,3,MLP-FedProx-mu0.1,arm3,0.5,3,87,0.7011,0.7969,0.8266
9,3,MLP-FedProx-mu0.1,arm3,0.1,global,184,0.7337,0.7538,0.8135
9,3,MLP-FedProx-mu0.1,arm3,0.1,0,63,0.7143,0.4,0.7531
9,3,MLP-FedProx-mu0.1,arm3,0.1,1,6,0.8333,0.9091,0.6
9,3,MLP-FedProx-mu0.1,arm3,0.1,2,105,0.7333,0.8205,0.8225
9,3,MLP-FedProx-mu0.1,arm3,0.1,3,10,0.8,0.0,nan
9,3,MLP-FedProx-mu0.1,arm3,natural,global,184,0.7391,0.7857,0.8098
9,3,MLP-FedProx-mu0.1,arm3,natural,0,68,0.7059,0.697,0.7504
9,3,MLP-FedProx-mu0.1,arm3,natural,1,52,0.7692,0.76,0.9187
9,3,MLP-FedProx-mu0.1,arm3,natural,2,26,0.8462,0.913,0.8261
9,3,MLP-FedProx-mu0.1,arm3,natural,3,38,0.6842,0.8065,0.6786
9,4,MLP-FedProx-mu0.1,arm3,100,global,184,0.7717,0.8019,0.8734
9,4,MLP-FedProx-mu0.1,arm3,100,0,49,0.7551,0.8125,0.8346
9,4,MLP-FedProx-mu0.1,arm3,100,1,51,0.7451,0.7636,0.8596
9,4,MLP-FedProx-mu0.1,arm3,100,2,42,0.7857,0.8,0.9229
9,4,MLP-FedProx-mu0.1,arm3,100,3,42,0.8095,0.8333,0.9365
9,4,MLP-FedProx-mu0.1,arm3,1.0,global,184,0.7663,0.8018,0.8692
9,4,MLP-FedProx-mu0.1,arm3,1.0,0,38,0.5789,0.2,0.9028
9,4,MLP-FedProx-mu0.1,arm3,1.0,1,33,0.7576,0.6667,0.95
9,4,MLP-FedProx-mu0.1,arm3,1.0,2,63,0.8413,0.9138,nan
9,4,MLP-FedProx-mu0.1,arm3,1.0,3,50,0.82,0.8421,0.9195
9,4,MLP-FedProx-mu0.1,arm3,0.5,global,184,0.75,0.7444,0.863
9,4,MLP-FedProx-mu0.1,arm3,0.5,0,13,0.6154,0.7619,0.1667
9,4,MLP-FedProx-mu0.1,arm3,0.5,1,27,0.6296,0.7059,0.746
9,4,MLP-FedProx-mu0.1,arm3,0.5,2,62,0.9032,0.0,nan
9,4,MLP-FedProx-mu0.1,arm3,0.5,3,82,0.6951,0.7899,0.8439
9,4,MLP-FedProx-mu0.1,arm3,0.1,global,184,0.788,0.8079,0.859
9,4,MLP-FedProx-mu0.1,arm3,0.1,0,75,0.7867,0.6923,0.9036
9,4,MLP-FedProx-mu0.1,arm3,0.1,1,7,0.7143,0.8333,nan
9,4,MLP-FedProx-mu0.1,arm3,0.1,2,87,0.7701,0.8529,0.7817
9,4,MLP-FedProx-mu0.1,arm3,0.1,3,15,0.9333,0.6667,1.0
9,4,MLP-FedProx-mu0.1,arm3,natural,global,184,0.7772,0.8075,0.8714
9,4,MLP-FedProx-mu0.1,arm3,natural,0,59,0.7458,0.7059,0.8929
9,4,MLP-FedProx-mu0.1,arm3,natural,1,59,0.7119,0.6383,0.8659
9,4,MLP-FedProx-mu0.1,arm3,natural,2,25,0.96,0.9796,nan
9,4,MLP-FedProx-mu0.1,arm3,natural,3,41,0.8049,0.8788,0.6935
