seed,fold,model,condition,round,mean_pairwise_l2
0,0,MLP-FedProx-mu0.01,100,0,0.151966
0,0,MLP-FedProx-mu0.01,100,1,0.125712
0,0,MLP-FedProx-mu0.01,100,2,0.123118
0,0,MLP-FedProx-mu0.01,100,3,0.142925
0,0,MLP-FedProx-mu0.01,100,4,0.176806
0,0,MLP-FedProx-mu0.01,100,5,0.211389
0,0,MLP-FedProx-mu0.01,100,6,0.237488
0,0,MLP-FedProx-mu0.01,100,7,0.255024
0,0,MLP-FedProx-mu0.01,100,8,0.263786
0,0,MLP-FedProx-mu0.01,100,9,0.268902
0,0,MLP-FedProx-mu0.01,100,10,0.269886
0,0,MLP-FedProx-mu0.01,100,11,0.270733
0,0,MLP-FedProx-mu0.01,100,12,0.26986
0,0,MLP-FedProx-mu0.01,100,13,0.269679
0,0,MLP-FedProx-mu0.01,100,14,0.268958
0,0,MLP-FedProx-mu0.01,100,15,0.268824
0,0,MLP-FedProx-mu0.01,100,16,0.268674
0,0,MLP-FedProx-mu0.01,100,17,0.268909
0,0,MLP-FedProx-mu0.01,100,18,0.26929
0,0,MLP-FedProx-mu0.01,100,19,0.269924
0,0,MLP-FedProx-mu0.01,1.0,0,0.230409
0,0,MLP-FedProx-mu0.01,1.0,1,0.206423
0,0,MLP-FedProx-mu0.01,1.0,2,0.209706
0,0,MLP-FedProx-mu0.01,1.0,3,0.224191
0,0,MLP-FedProx-mu0.01,1.0,4,0.247579
0,0,MLP-FedProx-mu0.01,1.0,5,0.282296
0,0,MLP-FedProx-mu0.01,1.0,6,0.315319
0,0,MLP-FedProx-mu0.01,1.0,7,0.332216
0,0,MLP-FedProx-mu0.01,1.0,8,0.338154
0,0,MLP-FedProx-mu0.01,1.0,9,0.338886
0,0,MLP-FedProx-mu0.01,1.0,10,0.337704
0,0,MLP-FedProx-mu0.01,1.0,11,0.335448
0,0,MLP-FedProx-mu0.01,1.0,12,0.333822
0,0,MLP-FedProx-mu0.01,1.0,13,0.331623
0,0,MLP-FedProx-mu0.01,1.0,14,0.330736
0,0,MLP-FedProx-mu0.01,1.0,15,0.329264
0,0,MLP-FedProx-mu0.01,1.0,16,0.328947
0,0,MLP-FedProx-mu0.01,1.0,17,0.328263
0,0,MLP-FedProx-mu0.01,1.0,18,0.32828
0,0,MLP-FedProx-mu0.01,1.0,19,0.328191
0,0,MLP-FedProx-mu0.01,0.5,0,0.86376
0,0,MLP-FedProx-mu0.01,0.5,1,0.756653
0,0,MLP-FedProx-mu0.01,0.5,2,0.697726
0,0,MLP-FedProx-mu0.01,0.5,3,0.690599
0,0,MLP-FedProx-mu0.01,0.5,4,0.708492
0,0,MLP-FedProx-mu0.01,0.5,5,0.717292
0,0,MLP-FedProx-mu0.01,0.5,6,0.721282
0,0,MLP-FedProx-mu0.01,0.5,7,0.723514
0,0,MLP-FedProx-mu0.01,0.5,8,0.723729
0,0,MLP-FedProx-mu0.01,0.5,9,0.718812
0,0,MLP-FedProx-mu0.01,0.5,10,0.710241
0,0,MLP-FedProx-mu0.01,0.5,11,0.700442
0,0,MLP-FedProx-mu0.01,0.5,12,0.691388
0,0,MLP-FedProx-mu0.01,0.5,13,0.68303
0,0,MLP-FedProx-mu0.01,0.5,14,0.675078
0,0,MLP-FedProx-mu0.01,0.5,15,0.667541
0,0,MLP-FedProx-mu0.01,0.5,16,0.660553
0,0,MLP-FedProx-mu0.01,0.5,17,0.654358
0,0,MLP-FedProx-mu0.01,0.5,18,0.649316
0,0,MLP-FedProx-mu0.01,0.5,19,0.645843
0,0,MLP-FedProx-mu0.01,0.1,0,1.001485
0,0,MLP-FedProx-mu0.01,0.1,1,1.065416
0,0,MLP-FedProx-mu0.01,0.1,2,1.191297
0,0,MLP-FedProx-mu0.01,0.1,3,1.270983
0,0,MLP-FedProx-mu0.01,0.1,4,1.315873
0,0,MLP-FedProx-mu0.01,0.1,5,1.263444
0,0,MLP-FedProx-mu0.01,0.1,6,0.947324
0,0,MLP-FedProx-mu0.01,0.1,7,1.138844
0,0,MLP-FedProx-mu0.01,0.1,8,1.074496
0,0,MLP-FedProx-mu0.01,0.1,9,1.144856
0,0,MLP-FedProx-mu0.01,0.1,10,0.992486
0,0,MLP-FedProx-mu0.01,0.1,11,1.07701
0,0,MLP-FedProx-mu0.01,0.1,12,1.073518
0,0,MLP-FedProx-mu0.01,0.1,13,1.006804
0,0,MLP-FedProx-mu0.01,0.1,14,1.136918
0,0,MLP-FedProx-mu0.01,0.1,15,1.004428
0,0,MLP-FedProx-mu0.01,0.1,16,1.173618
0,0,MLP-FedProx-mu0.01,0.1,17,0.973049
0,0,MLP-FedProx-mu0.01,0.1,18,1.242428
0,0,MLP-FedProx-mu0.01,0.1,19,0.984415
0,0,MLP-FedProx-mu0.01,natural,0,0.744401
0,0,MLP-FedProx-mu0.01,natural,1,0.633982
0,0,MLP-FedProx-mu0.01,natural,2,0.582005
0,0,MLP-FedProx-mu0.01,natural,3,0.551999
0,0,MLP-FedProx-mu0.01,natural,4,0.533052
0,0,MLP-FedProx-mu0.01,natural,5,0.51667
0,0,MLP-FedProx-mu0.01,natural,6,0.509901
0,0,MLP-FedProx-mu0.01,natural,7,0.513561
0,0,MLP-FedProx-mu0.01,natural,8,0.51251
0,0,MLP-FedProx-mu0.01,natural,9,0.50862
0,0,MLP-FedProx-mu0.01,natural,10,0.500065
0,0,MLP-FedProx-mu0.01,natural,11,0.502466
0,0,MLP-FedProx-mu0.01,natural,12,0.480377
0,0,MLP-FedProx-mu0.01,natural,13,0.4771
0,0,MLP-FedProx-mu0.01,natural,14,0.482164
0,0,MLP-FedProx-mu0.01,natural,15,0.451056
0,0,MLP-FedProx-mu0.01,natural,16,0.473178
0,0,MLP-FedProx-mu0.01,natural,17,0.454035
0,0,MLP-FedProx-mu0.01,natural,18,0.466348
0,0,MLP-FedProx-mu0.01,natural,19,0.453163
0,1,MLP-FedProx-mu0.01,100,0,0.116537
0,1,MLP-FedProx-mu0.01,100,1,0.10189
0,1,MLP-FedProx-mu0.01,100,2,0.117001
0,1,MLP-FedProx-mu0.01,100,3,0.14488
0,1,MLP-FedProx-mu0.01,100,4,0.180298
0,1,MLP-FedProx-mu0.01,100,5,0.218664
0,1,MLP-FedProx-mu0.01,100,6,0.260939
0,1,MLP-FedProx-mu0.01,100,7,0.280669
0,1,MLP-FedProx-mu0.01,100,8,0.290596
0,1,MLP-FedProx-mu0.01,100,9,0.289497
0,1,MLP-FedProx-mu0.01,100,10,0.291295
0,1,MLP-FedProx-mu0.01,100,11,0.288782
0,1,MLP-FedProx-mu0.01,100,12,0.288544
0,1,MLP-FedProx-mu0.01,100,13,0.286841
0,1,MLP-FedProx-mu0.01,100,14,0.28601
0,1,MLP-FedProx-mu0.01,100,15,0.284917
0,1,MLP-FedProx-mu0.01,100,16,0.28413
0,1,MLP-FedProx-mu0.01,100,17,0.283435
0,1,MLP-FedProx-mu0.01,100,18,0.282942
0,1,MLP-FedProx-mu0.01,100,19,0.282647
0,1,MLP-FedProx-mu0.01,1.0,0,0.267435
0,1,MLP-FedProx-mu0.01,1.0,1,0.239323
0,1,MLP-FedProx-mu0.01,1.0,2,0.235921
0,1,MLP-FedProx-mu0.01,1.0,3,0.247811
0,1,MLP-FedProx-mu0.01,1.0,4,0.275022
0,1,MLP-FedProx-mu0.01,1.0,5,0.310256
0,1,MLP-FedProx-mu0.01,1.0,6,0.334415
0,1,MLP-FedProx-mu0.01,1.0,7,0.34645
0,1,MLP-FedProx-mu0.01,1.0,8,0.352977
0,1,MLP-FedProx-mu0.01,1.0,9,0.355323
0,1,MLP-FedProx-mu0.01,1.0,10,0.356949
0,1,MLP-FedProx-mu0.01,1.0,11,0.356823
0,1,MLP-FedProx-mu0.01,1.0,12,0.35689
0,1,MLP-FedProx-mu0.01,1.0,13,0.356128
0,1,MLP-FedProx-mu0.01,1.0,14,0.355433
0,1,MLP-FedProx-mu0.01,1.0,15,0.354414
0,1,MLP-FedProx-mu0.01,1.0,16,0.353324
0,1,MLP-FedProx-mu0.01,1.0,17,0.352091
0,1,MLP-FedProx-mu0.01,1.0,18,0.350753
0,1,MLP-FedProx-mu0.01,1.0,19,0.3493
0,1,MLP-FedProx-mu0.01,0.5,0,0.813798
0,1,MLP-FedProx-mu0.01,0.5,1,0.711986
0,1,MLP-FedProx-mu0.01,0.5,2,0.661095
0,1,MLP-FedProx-mu0.01,0.5,3,0.64011
0,1,MLP-FedProx-mu0.01,0.5,4,0.6409
0,1,MLP-FedProx-mu0.01,0.5,5,0.643814
0,1,MLP-FedProx-mu0.01,0.5,6,0.644304
0,1,MLP-FedProx-mu0.01,0.5,7,0.643538
0,1,MLP-FedProx-mu0.01,0.5,8,0.642532
0,1,MLP-FedProx-mu0.01,0.5,9,0.642127
0,1,MLP-FedProx-mu0.01,0.5,10,0.642438
0,1,MLP-FedProx-mu0.01,0.5,11,0.643161
0,1,MLP-FedProx-mu0.01,0.5,12,0.64368
0,1,MLP-FedProx-mu0.01,0.5,13,0.642965
0,1,MLP-FedProx-mu0.01,0.5,14,0.639682
0,1,MLP-FedProx-mu0.01,0.5,15,0.634122
0,1,MLP-FedProx-mu0.01,0.5,16,0.628295
0,1,MLP-FedProx-mu0.01,0.5,17,0.621925
0,1,MLP-FedProx-mu0.01,0.5,18,0.612708
0,1,MLP-FedProx-mu0.01,0.5,19,0.60924
0,1,MLP-FedProx-mu0.01,0.1,0,1.000061
0,1,MLP-FedProx-mu0.01,0.1,1,1.069866
0,1,MLP-FedProx-mu0.01,0.1,2,1.194416
0,1,MLP-FedProx-mu0.01,0.1,3,1.266679
0,1,MLP-FedProx-mu0.01,0.1,4,1.306644
0,1,MLP-FedProx-mu0.01,0.1,5,1.259211
0,1,MLP-FedProx-mu0.01,0.1,6,1.003749
0,1,MLP-FedProx-mu0.01,0.1,7,1.170997
0,1,MLP-FedProx-mu0.01,0.1,8,0.913234
0,1,MLP-FedProx-mu0.01,0.1,9,1.156683
0,1,MLP-FedProx-mu0.01,0.1,10,1.1393
0,1,MLP-FedProx-mu0.01,0.1,11,1.187408
0,1,MLP-FedProx-mu0.01,0.1,12,0.91789
0,1,MLP-FedProx-mu0.01,0.1,13,1.095684
0,1,MLP-FedProx-mu0.01,0.1,14,1.151608
0,1,MLP-FedProx-mu0.01,0.1,15,0.981991
0,1,MLP-FedProx-mu0.01,0.1,16,1.159133
0,1,MLP-FedProx-mu0.01,0.1,17,1.008221
0,1,MLP-FedProx-mu0.01,0.1,18,1.159451
0,1,MLP-FedProx-mu0.01,0.1,19,0.989192
0,1,MLP-FedProx-mu0.01,natural,0,0.723174
0,1,MLP-FedProx-mu0.01,natural,1,0.608403
0,1,MLP-FedProx-mu0.01,natural,2,0.548796
0,1,MLP-FedProx-mu0.01,natural,3,0.512497
0,1,MLP-FedProx-mu0.01,natural,4,0.491145
0,1,MLP-FedProx-mu0.01,natural,5,0.477917
0,1,MLP-FedProx-mu0.01,natural,6,0.473527
0,1,MLP-FedProx-mu0.01,natural,7,0.472341
0,1,MLP-FedProx-mu0.01,natural,8,0.469972
0,1,MLP-FedProx-mu0.01,natural,9,0.466989
0,1,MLP-FedProx-mu0.01,natural,10,0.464052
0,1,MLP-FedProx-mu0.01,natural,11,0.461214
0,1,MLP-FedProx-mu0.01,natural,12,0.458752
0,1,MLP-FedProx-mu0.01,natural,13,0.456515
0,1,MLP-FedProx-mu0.01,natural,14,0.454512
0,1,MLP-FedProx-mu0.01,natural,15,0.452815
0,1,MLP-FedProx-mu0.01,natural,16,0.451223
0,1,MLP-FedProx-mu0.01,natural,17,0.449931
0,1,MLP-FedProx-mu0.01,natural,18,0.448698
0,1,MLP-FedProx-mu0.01,natural,19,0.44769
0,2,MLP-FedProx-mu0.01,100,0,0.163244
0,2,MLP-FedProx-mu0.01,100,1,0.144574
0,2,MLP-FedProx-mu0.01,100,2,0.15524
0,2,MLP-FedProx-mu0.01,100,3,0.173629
0,2,MLP-FedProx-mu0.01,100,4,0.201974
0,2,MLP-FedProx-mu0.01,100,5,0.237024
0,2,MLP-FedProx-mu0.01,100,6,0.263223
0,2,MLP-FedProx-mu0.01,100,7,0.285345
0,2,MLP-FedProx-mu0.01,100,8,0.280494
0,2,MLP-FedProx-mu0.01,100,9,0.305639
0,2,MLP-FedProx-mu0.01,100,10,0.256288
0,2,MLP-FedProx-mu0.01,100,11,0.297275
0,2,MLP-FedProx-mu0.01,100,12,0.227163
0,2,MLP-FedProx-mu0.01,100,13,0.278807
0,2,MLP-FedProx-mu0.01,100,14,0.226295
0,2,MLP-FedProx-mu0.01,100,15,0.276763
0,2,MLP-FedProx-mu0.01,100,16,0.230819
0,2,MLP-FedProx-mu0.01,100,17,0.278394
0,2,MLP-FedProx-mu0.01,100,18,0.235659
0,2,MLP-FedProx-mu0.01,100,19,0.282291
0,2,MLP-FedProx-mu0.01,1.0,0,0.236678
0,2,MLP-FedProx-mu0.01,1.0,1,0.204841
0,2,MLP-FedProx-mu0.01,1.0,2,0.206374
0,2,MLP-FedProx-mu0.01,1.0,3,0.223864
0,2,MLP-FedProx-mu0.01,1.0,4,0.258691
0,2,MLP-FedProx-mu0.01,1.0,5,0.298496
0,2,MLP-FedProx-mu0.01,1.0,6,0.335511
0,2,MLP-FedProx-mu0.01,1.0,7,0.327871
0,2,MLP-FedProx-mu0.01,1.0,8,0.329147
0,2,MLP-FedProx-mu0.01,1.0,9,0.357457
0,2,MLP-FedProx-mu0.01,1.0,10,0.310507
0,2,MLP-FedProx-mu0.01,1.0,11,0.328588
0,2,MLP-FedProx-mu0.01,1.0,12,0.31491
0,2,MLP-FedProx-mu0.01,1.0,13,0.313968
0,2,MLP-FedProx-mu0.01,1.0,14,0.317606
0,2,MLP-FedProx-mu0.01,1.0,15,0.309491
0,2,MLP-FedProx-mu0.01,1.0,16,0.318096
0,2,MLP-FedProx-mu0.01,1.0,17,0.307573
0,2,MLP-FedProx-mu0.01,1.0,18,0.317989
0,2,MLP-FedProx-mu0.01,1.0,19,0.307212
0,2,MLP-FedProx-mu0.01,0.5,0,0.856836
0,2,MLP-FedProx-mu0.01,0.5,1,0.748477
0,2,MLP-FedProx-mu0.01,0.5,2,0.667943
0,2,MLP-FedProx-mu0.01,0.5,3,0.636934
0,2,MLP-FedProx-mu0.01,0.5,4,0.620005
0,2,MLP-FedProx-mu0.01,0.5,5,0.611769
0,2,MLP-FedProx-mu0.01,0.5,6,0.607328
0,2,MLP-FedProx-mu0.01,0.5,7,0.605984
0,2,MLP-FedProx-mu0.01,0.5,8,0.607736
0,2,MLP-FedProx-mu0.01,0.5,9,0.611679
0,2,MLP-FedProx-mu0.01,0.5,10,0.61633
0,2,MLP-FedProx-mu0.01,0.5,11,0.620626
0,2,MLP-FedProx-mu0.01,0.5,12,0.623861
0,2,MLP-FedProx-mu0.01,0.5,13,0.62561
0,2,MLP-FedProx-mu0.01,0.5,14,0.625942
0,2,MLP-FedProx-mu0.01,0.5,15,0.625582
0,2,MLP-FedProx-mu0.01,0.5,16,0.625516
0,2,MLP-FedProx-mu0.01,0.5,17,0.626364
0,2,MLP-FedProx-mu0.01,0.5,18,0.628282
0,2,MLP-FedProx-mu0.01,0.5,19,0.631399
0,2,MLP-FedProx-mu0.01,0.1,0,1.007575
0,2,MLP-FedProx-mu0.01,0.1,1,1.07209
0,2,MLP-FedProx-mu0.01,0.1,2,1.187987
0,2,MLP-FedProx-mu0.01,0.1,3,1.272521
0,2,MLP-FedProx-mu0.01,0.1,4,1.277129
0,2,MLP-FedProx-mu0.01,0.1,5,1.319832
0,2,MLP-FedProx-mu0.01,0.1,6,0.906439
0,2,MLP-FedProx-mu0.01,0.1,7,1.17258
0,2,MLP-FedProx-mu0.01,0.1,8,1.199516
0,2,MLP-FedProx-mu0.01,0.1,9,1.394724
0,2,MLP-FedProx-mu0.01,0.1,10,1.017028
0,2,MLP-FedProx-mu0.01,0.1,11,1.044849
0,2,MLP-FedProx-mu0.01,0.1,12,1.055849
0,2,MLP-FedProx-mu0.01,0.1,13,1.102685
0,2,MLP-FedProx-mu0.01,0.1,14,1.161608
0,2,MLP-FedProx-mu0.01,0.1,15,0.953947
0,2,MLP-FedProx-mu0.01,0.1,16,1.107313
0,2,MLP-FedProx-mu0.01,0.1,17,1.121225
0,2,MLP-FedProx-mu0.01,0.1,18,1.17002
0,2,MLP-FedProx-mu0.01,0.1,19,1.122492
0,2,MLP-FedProx-mu0.01,natural,0,0.735333
0,2,MLP-FedProx-mu0.01,natural,1,0.616947
0,2,MLP-FedProx-mu0.01,natural,2,0.56255
0,2,MLP-FedProx-mu0.01,natural,3,0.529057
0,2,MLP-FedProx-mu0.01,natural,4,0.505928
0,2,MLP-FedProx-mu0.01,natural,5,0.488713
0,2,MLP-FedProx-mu0.01,natural,6,0.480565
0,2,MLP-FedProx-mu0.01,natural,7,0.48143
0,2,MLP-FedProx-mu0.01,natural,8,0.484079
0,2,MLP-FedProx-mu0.01,natural,9,0.483558
0,2,MLP-FedProx-mu0.01,natural,10,0.480727
0,2,MLP-FedProx-mu0.01,natural,11,0.476889
0,2,MLP-FedProx-mu0.01,natural,12,0.472903
0,2,MLP-FedProx-mu0.01,natural,13,0.469048
0,2,MLP-FedProx-mu0.01,natural,14,0.465418
0,2,MLP-FedProx-mu0.01,natural,15,0.461995
0,2,MLP-FedProx-mu0.01,natural,16,0.458765
0,2,MLP-FedProx-mu0.01,natural,17,0.455713
0,2,MLP-FedProx-mu0.01,natural,18,0.452837
0,2,MLP-FedProx-mu0.01,natural,19,0.450146
0,3,MLP-FedProx-mu0.01,100,0,0.185396
0,3,MLP-FedProx-mu0.01,100,1,0.168942
0,3,MLP-FedProx-mu0.01,100,2,0.167441
0,3,MLP-FedProx-mu0.01,100,3,0.177626
0,3,MLP-FedProx-mu0.01,100,4,0.203738
0,3,MLP-FedProx-mu0.01,100,5,0.244259
0,3,MLP-FedProx-mu0.01,100,6,0.279708
0,3,MLP-FedProx-mu0.01,100,7,0.300463
0,3,MLP-FedProx-mu0.01,100,8,0.301215
0,3,MLP-FedProx-mu0.01,100,9,0.30518
0,3,MLP-FedProx-mu0.01,100,10,0.283447
0,3,MLP-FedProx-mu0.01,100,11,0.296625
0,3,MLP-FedProx-mu0.01,100,12,0.250588
0,3,MLP-FedProx-mu0.01,100,13,0.284494
0,3,MLP-FedProx-mu0.01,100,14,0.21503
0,3,MLP-FedProx-mu0.01,100,15,0.268162
0,3,MLP-FedProx-mu0.01,100,16,0.199077
0,3,MLP-FedProx-mu0.01,100,17,0.256579
0,3,MLP-FedProx-mu0.01,100,18,0.199798
0,3,MLP-FedProx-mu0.01,100,19,0.252263
0,3,MLP-FedProx-mu0.01,1.0,0,0.234209
0,3,MLP-FedProx-mu0.01,1.0,1,0.205466
0,3,MLP-FedProx-mu0.01,1.0,2,0.200539
0,3,MLP-FedProx-mu0.01,1.0,3,0.206813
0,3,MLP-FedProx-mu0.01,1.0,4,0.229044
0,3,MLP-FedProx-mu0.01,1.0,5,0.270701
0,3,MLP-FedProx-mu0.01,1.0,6,0.309054
0,3,MLP-FedProx-mu0.01,1.0,7,0.322214
0,3,MLP-FedProx-mu0.01,1.0,8,0.324492
0,3,MLP-FedProx-mu0.01,1.0,9,0.322345
0,3,MLP-FedProx-mu0.01,1.0,10,0.318896
0,3,MLP-FedProx-mu0.01,1.0,11,0.315104
0,3,MLP-FedProx-mu0.01,1.0,12,0.311266
0,3,MLP-FedProx-mu0.01,1.0,13,0.307586
0,3,MLP-FedProx-mu0.01,1.0,14,0.304127
0,3,MLP-FedProx-mu0.01,1.0,15,0.300898
0,3,MLP-FedProx-mu0.01,1.0,16,0.297939
0,3,MLP-FedProx-mu0.01,1.0,17,0.295218
0,3,MLP-FedProx-mu0.01,1.0,18,0.292742
0,3,MLP-FedProx-mu0.01,1.0,19,0.290487
0,3,MLP-FedProx-mu0.01,0.5,0,0.818464
0,3,MLP-FedProx-mu0.01,0.5,1,0.697358
0,3,MLP-FedProx-mu0.01,0.5,2,0.629152
0,3,MLP-FedProx-mu0.01,0.5,3,0.602548
0,3,MLP-FedProx-mu0.01,0.5,4,0.596804
0,3,MLP-FedProx-mu0.01,0.5,5,0.596698
0,3,MLP-FedProx-mu0.01,0.5,6,0.595593
0,3,MLP-FedProx-mu0.01,0.5,7,0.593594
0,3,MLP-FedProx-mu0.01,0.5,8,0.592774
0,3,MLP-FedProx-mu0.01,0.5,9,0.591411
0,3,MLP-FedProx-mu0.01,0.5,10,0.58871
0,3,MLP-FedProx-mu0.01,0.5,11,0.585599
0,3,MLP-FedProx-mu0.01,0.5,12,0.583229
0,3,MLP-FedProx-mu0.01,0.5,13,0.581224
0,3,MLP-FedProx-mu0.01,0.5,14,0.579225
0,3,MLP-FedProx-mu0.01,0.5,15,0.577118
0,3,MLP-FedProx-mu0.01,0.5,16,0.574906
0,3,MLP-FedProx-mu0.01,0.5,17,0.572843
0,3,MLP-FedProx-mu0.01,0.5,18,0.571544
0,3,MLP-FedProx-mu0.01,0.5,19,0.571863
0,3,MLP-FedProx-mu0.01,0.1,0,1.004297
0,3,MLP-FedProx-mu0.01,0.1,1,1.07285
0,3,MLP-FedProx-mu0.01,0.1,2,1.20031
0,3,MLP-FedProx-mu0.01,0.1,3,1.275976
0,3,MLP-FedProx-mu0.01,0.1,4,1.299099
0,3,MLP-FedProx-mu0.01,0.1,5,1.27294
0,3,MLP-FedProx-mu0.01,0.1,6,0.990398
0,3,MLP-FedProx-mu0.01,0.1,7,1.11525
0,3,MLP-FedProx-mu0.01,0.1,8,1.118819
0,3,MLP-FedProx-mu0.01,0.1,9,1.163802
0,3,MLP-FedProx-mu0.01,0.1,10,1.025915
0,3,MLP-FedProx-mu0.01,0.1,11,1.001136
0,3,MLP-FedProx-mu0.01,0.1,12,1.167973
0,3,MLP-FedProx-mu0.01,0.1,13,0.958012
0,3,MLP-FedProx-mu0.01,0.1,14,1.197929
0,3,MLP-FedProx-mu0.01,0.1,15,0.959898
0,3,MLP-FedProx-mu0.01,0.1,16,1.230351
0,3,MLP-FedProx-mu0.01,0.1,17,1.012048
0,3,MLP-FedProx-mu0.01,0.1,18,1.252335
0,3,MLP-FedProx-mu0.01,0.1,19,1.015743
0,3,MLP-FedProx-mu0.01,natural,0,0.73925
0,3,MLP-FedProx-mu0.01,natural,1,0.625018
0,3,MLP-FedProx-mu0.01,natural,2,0.569333
0,3,MLP-FedProx-mu0.01,natural,3,0.537319
0,3,MLP-FedProx-mu0.01,natural,4,0.520498
0,3,MLP-FedProx-mu0.01,natural,5,0.50822
0,3,MLP-FedProx-mu0.01,natural,6,0.503329
0,3,MLP-FedProx-mu0.01,natural,7,0.512387
0,3,MLP-FedProx-mu0.01,natural,8,0.525417
0,3,MLP-FedProx-mu0.01,natural,9,0.530625
0,3,MLP-FedProx-mu0.01,natural,10,0.5286
0,3,MLP-FedProx-mu0.01,natural,11,0.523507
0,3,MLP-FedProx-mu0.01,natural,12,0.515514
0,3,MLP-FedProx-mu0.01,natural,13,0.509521
0,3,MLP-FedProx-mu0.01,natural,14,0.500712
0,3,MLP-FedProx-mu0.01,natural,15,0.497028
0,3,MLP-FedProx-mu0.01,natural,16,0.488065
0,3,MLP-FedProx-mu0.01,natural,17,0.487088
0,3,MLP-FedProx-mu0.01,natural,18,0.47819
0,3,MLP-FedProx-mu0.01,natural,19,0.479069
0,4,MLP-FedProx-mu0.01,100,0,0.158663
0,4,MLP-FedProx-mu0.01,100,1,0.144687
0,4,MLP-FedProx-mu0.01,100,2,0.148066
0,4,MLP-FedProx-mu0.01,100,3,0.164306
0,4,MLP-FedProx-mu0.01,100,4,0.191647
0,4,MLP-FedProx-mu0.01,100,5,0.221793
0,4,MLP-FedProx-mu0.01,100,6,0.247222
0,4,MLP-FedProx-mu0.01,100,7,0.265826
0,4,MLP-FedProx-mu0.01,100,8,0.274723
0,4,MLP-FedProx-mu0.01,100,9,0.280204
0,4,MLP-FedProx-mu0.01,100,10,0.275842
0,4,MLP-FedProx-mu0.01,100,11,0.280878
0,4,MLP-FedProx-mu0.01,100,12,0.264705
0,4,MLP-FedProx-mu0.01,100,13,0.279877
0,4,MLP-FedProx-mu0.01,100,14,0.245049
0,4,MLP-FedProx-mu0.01,100,15,0.273966
0,4,MLP-FedProx-mu0.01,100,16,0.228277
0,4,MLP-FedProx-mu0.01,100,17,0.263946
0,4,MLP-FedProx-mu0.01,100,18,0.226421
0,4,MLP-FedProx-mu0.01,100,19,0.258439
0,4,MLP-FedProx-mu0.01,1.0,0,0.236723
0,4,MLP-FedProx-mu0.01,1.0,1,0.197836
0,4,MLP-FedProx-mu0.01,1.0,2,0.196348
0,4,MLP-FedProx-mu0.01,1.0,3,0.211277
0,4,MLP-FedProx-mu0.01,1.0,4,0.237166
0,4,MLP-FedProx-mu0.01,1.0,5,0.265639
0,4,MLP-FedProx-mu0.01,1.0,6,0.289352
0,4,MLP-FedProx-mu0.01,1.0,7,0.303171
0,4,MLP-FedProx-mu0.01,1.0,8,0.308228
0,4,MLP-FedProx-mu0.01,1.0,9,0.308805
0,4,MLP-FedProx-mu0.01,1.0,10,0.307559
0,4,MLP-FedProx-mu0.01,1.0,11,0.305722
0,4,MLP-FedProx-mu0.01,1.0,12,0.303739
0,4,MLP-FedProx-mu0.01,1.0,13,0.301791
0,4,MLP-FedProx-mu0.01,1.0,14,0.299924
0,4,MLP-FedProx-mu0.01,1.0,15,0.298158
0,4,MLP-FedProx-mu0.01,1.0,16,0.296491
0,4,MLP-FedProx-mu0.01,1.0,17,0.294927
0,4,MLP-FedProx-mu0.01,1.0,18,0.293463
0,4,MLP-FedProx-mu0.01,1.0,19,0.2921
0,4,MLP-FedProx-mu0.01,0.5,0,0.789024
0,4,MLP-FedProx-mu0.01,0.5,1,0.692976
0,4,MLP-FedProx-mu0.01,0.5,2,0.634855
0,4,MLP-FedProx-mu0.01,0.5,3,0.617865
0,4,MLP-FedProx-mu0.01,0.5,4,0.623926
0,4,MLP-FedProx-mu0.01,0.5,5,0.638458
0,4,MLP-FedProx-mu0.01,0.5,6,0.645105
0,4,MLP-FedProx-mu0.01,0.5,7,0.647128
0,4,MLP-FedProx-mu0.01,0.5,8,0.644788
0,4,MLP-FedProx-mu0.01,0.5,9,0.639704
0,4,MLP-FedProx-mu0.01,0.5,10,0.633265
0,4,MLP-FedProx-mu0.01,0.5,11,0.627277
0,4,MLP-FedProx-mu0.01,0.5,12,0.622262
0,4,MLP-FedProx-mu0.01,0.5,13,0.617914
0,4,MLP-FedProx-mu0.01,0.5,14,0.613705
0,4,MLP-FedProx-mu0.01,0.5,15,0.609274
0,4,MLP-FedProx-mu0.01,0.5,16,0.604434
0,4,MLP-FedProx-mu0.01,0.5,17,0.599135
0,4,MLP-FedProx-mu0.01,0.5,18,0.593477
0,4,MLP-FedProx-mu0.01,0.5,19,0.587785
0,4,MLP-FedProx-mu0.01,0.1,0,1.007502
0,4,MLP-FedProx-mu0.01,0.1,1,1.076541
0,4,MLP-FedProx-mu0.01,0.1,2,1.210833
0,4,MLP-FedProx-mu0.01,0.1,3,1.291367
0,4,MLP-FedProx-mu0.01,0.1,4,1.308108
0,4,MLP-FedProx-mu0.01,0.1,5,1.272537
0,4,MLP-FedProx-mu0.01,0.1,6,0.925628
0,4,MLP-FedProx-mu0.01,0.1,7,1.145729
0,4,MLP-FedProx-mu0.01,0.1,8,1.127244
0,4,MLP-FedProx-mu0.01,0.1,9,1.19736
0,4,MLP-FedProx-mu0.01,0.1,10,1.005778
0,4,MLP-FedProx-mu0.01,0.1,11,1.025909
0,4,MLP-FedProx-mu0.01,0.1,12,1.114457
0,4,MLP-FedProx-mu0.01,0.1,13,0.928091
0,4,MLP-FedProx-mu0.01,0.1,14,1.116908
0,4,MLP-FedProx-mu0.01,0.1,15,1.03066
0,4,MLP-FedProx-mu0.01,0.1,16,1.162576
0,4,MLP-FedProx-mu0.01,0.1,17,1.086876
0,4,MLP-FedProx-mu0.01,0.1,18,1.136664
0,4,MLP-FedProx-mu0.01,0.1,19,0.924432
0,4,MLP-FedProx-mu0.01,natural,0,0.75573
0,4,MLP-FedProx-mu0.01,natural,1,0.652394
0,4,MLP-FedProx-mu0.01,natural,2,0.603175
0,4,MLP-FedProx-mu0.01,natural,3,0.573435
0,4,MLP-FedProx-mu0.01,natural,4,0.554429
0,4,MLP-FedProx-mu0.01,natural,5,0.541261
0,4,MLP-FedProx-mu0.01,natural,6,0.537219
0,4,MLP-FedProx-mu0.01,natural,7,0.536279
0,4,MLP-FedProx-mu0.01,natural,8,0.534052
0,4,MLP-FedProx-mu0.01,natural,9,0.530021
0,4,MLP-FedProx-mu0.01,natural,10,0.53532
0,4,MLP-FedProx-mu0.01,natural,11,0.524201
0,4,MLP-FedProx-mu0.01,natural,12,0.512916
0,4,MLP-FedProx-mu0.01,natural,13,0.532655
0,4,MLP-FedProx-mu0.01,natural,14,0.51786
0,4,MLP-FedProx-mu0.01,natural,15,0.520643
0,4,MLP-FedProx-mu0.01,natural,16,0.516576
0,4,MLP-FedProx-mu0.01,natural,17,0.51544
0,4,MLP-FedProx-mu0.01,natural,18,0.513824
0,4,MLP-FedProx-mu0.01,natural,19,0.509468
1,0,MLP-FedProx-mu0.01,100,0,0.136412
1,0,MLP-FedProx-mu0.01,100,1,0.125953
1,0,MLP-FedProx-mu0.01,100,2,0.123722
1,0,MLP-FedProx-mu0.01,100,3,0.124174
1,0,MLP-FedProx-mu0.01,100,4,0.127507
1,0,MLP-FedProx-mu0.01,100,5,0.131848
1,0,MLP-FedProx-mu0.01,100,6,0.144475
1,0,MLP-FedProx-mu0.01,100,7,0.165863
1,0,MLP-FedProx-mu0.01,100,8,0.193772
1,0,MLP-FedProx-mu0.01,100,9,0.222459
1,0,MLP-FedProx-mu0.01,100,10,0.250795
1,0,MLP-FedProx-mu0.01,100,11,0.280076
1,0,MLP-FedProx-mu0.01,100,12,0.30839
1,0,MLP-FedProx-mu0.01,100,13,0.33132
1,0,MLP-FedProx-mu0.01,100,14,0.348487
1,0,MLP-FedProx-mu0.01,100,15,0.336668
1,0,MLP-FedProx-mu0.01,100,16,0.29961
1,0,MLP-FedProx-mu0.01,100,17,0.283121
1,0,MLP-FedProx-mu0.01,100,18,0.288045
1,0,MLP-FedProx-mu0.01,100,19,0.304271
1,0,MLP-FedProx-mu0.01,1.0,0,0.913255
1,0,MLP-FedProx-mu0.01,1.0,1,0.945657
1,0,MLP-FedProx-mu0.01,1.0,2,0.94999
1,0,MLP-FedProx-mu0.01,1.0,3,0.941362
1,0,MLP-FedProx-mu0.01,1.0,4,0.915971
1,0,MLP-FedProx-mu0.01,1.0,5,0.875251
1,0,MLP-FedProx-mu0.01,1.0,6,0.819934
1,0,MLP-FedProx-mu0.01,1.0,7,0.760122
1,0,MLP-FedProx-mu0.01,1.0,8,0.722942
1,0,MLP-FedProx-mu0.01,1.0,9,0.708649
1,0,MLP-FedProx-mu0.01,1.0,10,0.702494
1,0,MLP-FedProx-mu0.01,1.0,11,0.698749
1,0,MLP-FedProx-mu0.01,1.0,12,0.694946
1,0,MLP-FedProx-mu0.01,1.0,13,0.691604
1,0,MLP-FedProx-mu0.01,1.0,14,0.687725
1,0,MLP-FedProx-mu0.01,1.0,15,0.685082
1,0,MLP-FedProx-mu0.01,1.0,16,0.681691
1,0,MLP-FedProx-mu0.01,1.0,17,0.680285
1,0,MLP-FedProx-mu0.01,1.0,18,0.677974
1,0,MLP-FedProx-mu0.01,1.0,19,0.677628
1,0,MLP-FedProx-mu0.01,0.5,0,0.818473
1,0,MLP-FedProx-mu0.01,0.5,1,0.841789
1,0,MLP-FedProx-mu0.01,0.5,2,0.847113
1,0,MLP-FedProx-mu0.01,0.5,3,0.842044
1,0,MLP-FedProx-mu0.01,0.5,4,0.821233
1,0,MLP-FedProx-mu0.01,0.5,5,0.786962
1,0,MLP-FedProx-mu0.01,0.5,6,0.743494
1,0,MLP-FedProx-mu0.01,0.5,7,0.698823
1,0,MLP-FedProx-mu0.01,0.5,8,0.663319
1,0,MLP-FedProx-mu0.01,0.5,9,0.643228
1,0,MLP-FedProx-mu0.01,0.5,10,0.631946
1,0,MLP-FedProx-mu0.01,0.5,11,0.625133
1,0,MLP-FedProx-mu0.01,0.5,12,0.627303
1,0,MLP-FedProx-mu0.01,0.5,13,0.63597
1,0,MLP-FedProx-mu0.01,0.5,14,0.641543
1,0,MLP-FedProx-mu0.01,0.5,15,0.643395
1,0,MLP-FedProx-mu0.01,0.5,16,0.643417
1,0,MLP-FedProx-mu0.01,0.5,17,0.642815
1,0,MLP-FedProx-mu0.01,0.5,18,0.642006
1,0,MLP-FedProx-mu0.01,0.5,19,0.641066
1,0,MLP-FedProx-mu0.01,0.1,0,1.145057
1,0,MLP-FedProx-mu0.01,0.1,1,1.184887
1,0,MLP-FedProx-mu0.01,0.1,2,1.199775
1,0,MLP-FedProx-mu0.01,0.1,3,1.204038
1,0,MLP-FedProx-mu0.01,0.1,4,1.205075
1,0,MLP-FedProx-mu0.01,0.1,5,1.205458
1,0,MLP-FedProx-mu0.01,0.1,6,1.205661
1,0,MLP-FedProx-mu0.01,0.1,7,1.205793
1,0,MLP-FedProx-mu0.01,0.1,8,1.205889
1,0,MLP-FedProx-mu0.01,0.1,9,1.205963
1,0,MLP-FedProx-mu0.01,0.1,10,1.206023
1,0,MLP-FedProx-mu0.01,0.1,11,1.206072
1,0,MLP-FedProx-mu0.01,0.1,12,1.206113
1,0,MLP-FedProx-mu0.01,0.1,13,1.206148
1,0,MLP-FedProx-mu0.01,0.1,14,1.206179
1,0,MLP-FedProx-mu0.01,0.1,15,1.206206
1,0,MLP-FedProx-mu0.01,0.1,16,1.20623
1,0,MLP-FedProx-mu0.01,0.1,17,1.206252
1,0,MLP-FedProx-mu0.01,0.1,18,1.206271
1,0,MLP-FedProx-mu0.01,0.1,19,1.206289
1,0,MLP-FedProx-mu0.01,natural,0,0.765806
1,0,MLP-FedProx-mu0.01,natural,1,0.762593
1,0,MLP-FedProx-mu0.01,natural,2,0.759725
1,0,MLP-FedProx-mu0.01,natural,3,0.75779
1,0,MLP-FedProx-mu0.01,natural,4,0.747139
1,0,MLP-FedProx-mu0.01,natural,5,0.730254
1,0,MLP-FedProx-mu0.01,natural,6,0.707523
1,0,MLP-FedProx-mu0.01,natural,7,0.669114
1,0,MLP-FedProx-mu0.01,natural,8,0.630334
1,0,MLP-FedProx-mu0.01,natural,9,0.606479
1,0,MLP-FedProx-mu0.01,natural,10,0.586872
1,0,MLP-FedProx-mu0.01,natural,11,0.573839
1,0,MLP-FedProx-mu0.01,natural,12,0.569472
1,0,MLP-FedProx-mu0.01,natural,13,0.571483
1,0,MLP-FedProx-mu0.01,natural,14,0.574958
1,0,MLP-FedProx-mu0.01,natural,15,0.573121
1,0,MLP-FedProx-mu0.01,natural,16,0.579276
1,0,MLP-FedProx-mu0.01,natural,17,0.547262
1,0,MLP-FedProx-mu0.01,natural,18,0.519089
1,0,MLP-FedProx-mu0.01,natural,19,0.558231
1,1,MLP-FedProx-mu0.01,100,0,0.11035
1,1,MLP-FedProx-mu0.01,100,1,0.10672
1,1,MLP-FedProx-mu0.01,100,2,0.105646
1,1,MLP-FedProx-mu0.01,100,3,0.10851
1,1,MLP-FedProx-mu0.01,100,4,0.11605
1,1,MLP-FedProx-mu0.01,100,5,0.129484
1,1,MLP-FedProx-mu0.01,100,6,0.152555
1,1,MLP-FedProx-mu0.01,100,7,0.173395
1,1,MLP-FedProx-mu0.01,100,8,0.192709
1,1,MLP-FedProx-mu0.01,100,9,0.212991
1,1,MLP-FedProx-mu0.01,100,10,0.235482
1,1,MLP-FedProx-mu0.01,100,11,0.260825
1,1,MLP-FedProx-mu0.01,100,12,0.285455
1,1,MLP-FedProx-mu0.01,100,13,0.3057
1,1,MLP-FedProx-mu0.01,100,14,0.317005
1,1,MLP-FedProx-mu0.01,100,15,0.279638
1,1,MLP-FedProx-mu0.01,100,16,0.28263
1,1,MLP-FedProx-mu0.01,100,17,0.28237
1,1,MLP-FedProx-mu0.01,100,18,0.301437
1,1,MLP-FedProx-mu0.01,100,19,0.286508
1,1,MLP-FedProx-mu0.01,1.0,0,0.917014
1,1,MLP-FedProx-mu0.01,1.0,1,0.946904
1,1,MLP-FedProx-mu0.01,1.0,2,0.953047
1,1,MLP-FedProx-mu0.01,1.0,3,0.946696
1,1,MLP-FedProx-mu0.01,1.0,4,0.923933
1,1,MLP-FedProx-mu0.01,1.0,5,0.881843
1,1,MLP-FedProx-mu0.01,1.0,6,0.824646
1,1,MLP-FedProx-mu0.01,1.0,7,0.757728
1,1,MLP-FedProx-mu0.01,1.0,8,0.710751
1,1,MLP-FedProx-mu0.01,1.0,9,0.685047
1,1,MLP-FedProx-mu0.01,1.0,10,0.670336
1,1,MLP-FedProx-mu0.01,1.0,11,0.660898
1,1,MLP-FedProx-mu0.01,1.0,12,0.654656
1,1,MLP-FedProx-mu0.01,1.0,13,0.650432
1,1,MLP-FedProx-mu0.01,1.0,14,0.647521
1,1,MLP-FedProx-mu0.01,1.0,15,0.64562
1,1,MLP-FedProx-mu0.01,1.0,16,0.644561
1,1,MLP-FedProx-mu0.01,1.0,17,0.644134
1,1,MLP-FedProx-mu0.01,1.0,18,0.644119
1,1,MLP-FedProx-mu0.01,1.0,19,0.644332
1,1,MLP-FedProx-mu0.01,0.5,0,0.821798
1,1,MLP-FedProx-mu0.01,0.5,1,0.843658
1,1,MLP-FedProx-mu0.01,0.5,2,0.853394
1,1,MLP-FedProx-mu0.01,0.5,3,0.850977
1,1,MLP-FedProx-mu0.01,0.5,4,0.832019
1,1,MLP-FedProx-mu0.01,0.5,5,0.798691
1,1,MLP-FedProx-mu0.01,0.5,6,0.753848
1,1,MLP-FedProx-mu0.01,0.5,7,0.703392
1,1,MLP-FedProx-mu0.01,0.5,8,0.66596
1,1,MLP-FedProx-mu0.01,0.5,9,0.64872
1,1,MLP-FedProx-mu0.01,0.5,10,0.642136
1,1,MLP-FedProx-mu0.01,0.5,11,0.63888
1,1,MLP-FedProx-mu0.01,0.5,12,0.636449
1,1,MLP-FedProx-mu0.01,0.5,13,0.635079
1,1,MLP-FedProx-mu0.01,0.5,14,0.634757
1,1,MLP-FedProx-mu0.01,0.5,15,0.634641
1,1,MLP-FedProx-mu0.01,0.5,16,0.63453
1,1,MLP-FedProx-mu0.01,0.5,17,0.634283
1,1,MLP-FedProx-mu0.01,0.5,18,0.633852
1,1,MLP-FedProx-mu0.01,0.5,19,0.63326
1,1,MLP-FedProx-mu0.01,0.1,0,1.164028
1,1,MLP-FedProx-mu0.01,0.1,1,1.19633
1,1,MLP-FedProx-mu0.01,0.1,2,1.209836
1,1,MLP-FedProx-mu0.01,0.1,3,1.213565
1,1,MLP-FedProx-mu0.01,0.1,4,1.214397
1,1,MLP-FedProx-mu0.01,0.1,5,1.214681
1,1,MLP-FedProx-mu0.01,0.1,6,1.214822
1,1,MLP-FedProx-mu0.01,0.1,7,1.214908
1,1,MLP-FedProx-mu0.01,0.1,8,1.214969
1,1,MLP-FedProx-mu0.01,0.1,9,1.215015
1,1,MLP-FedProx-mu0.01,0.1,10,1.215051
1,1,MLP-FedProx-mu0.01,0.1,11,1.21508
1,1,MLP-FedProx-mu0.01,0.1,12,1.215104
1,1,MLP-FedProx-mu0.01,0.1,13,1.215125
1,1,MLP-FedProx-mu0.01,0.1,14,1.215143
1,1,MLP-FedProx-mu0.01,0.1,15,1.215159
1,1,MLP-FedProx-mu0.01,0.1,16,1.215173
1,1,MLP-FedProx-mu0.01,0.1,17,1.215186
1,1,MLP-FedProx-mu0.01,0.1,18,1.215197
1,1,MLP-FedProx-mu0.01,0.1,19,1.215207
1,1,MLP-FedProx-mu0.01,natural,0,0.72113
1,1,MLP-FedProx-mu0.01,natural,1,0.716704
1,1,MLP-FedProx-mu0.01,natural,2,0.718982
1,1,MLP-FedProx-mu0.01,natural,3,0.711514
1,1,MLP-FedProx-mu0.01,natural,4,0.69587
1,1,MLP-FedProx-mu0.01,natural,5,0.674961
1,1,MLP-FedProx-mu0.01,natural,6,0.647132
1,1,MLP-FedProx-mu0.01,natural,7,0.60049
1,1,MLP-FedProx-mu0.01,natural,8,0.554447
1,1,MLP-FedProx-mu0.01,natural,9,0.5195
1,1,MLP-FedProx-mu0.01,natural,10,0.492158
1,1,MLP-FedProx-mu0.01,natural,11,0.478546
1,1,MLP-FedProx-mu0.01,natural,12,0.481845
1,1,MLP-FedProx-mu0.01,natural,13,0.481048
1,1,MLP-FedProx-mu0.01,natural,14,0.508964
1,1,MLP-FedProx-mu0.01,natural,15,0.513756
1,1,MLP-FedProx-mu0.01,natural,16,0.419739
1,1,MLP-FedProx-mu0.01,natural,17,0.487628
1,1,MLP-FedProx-mu0.01,natural,18,0.426167
1,1,MLP-FedProx-mu0.01,natural,19,0.488844
1,2,MLP-FedProx-mu0.01,100,0,0.115795
1,2,MLP-FedProx-mu0.01,100,1,0.109331
1,2,MLP-FedProx-mu0.01,100,2,0.109005
1,2,MLP-FedProx-mu0.01,100,3,0.112226
1,2,MLP-FedProx-mu0.01,100,4,0.114709
1,2,MLP-FedProx-mu0.01,100,5,0.117649
1,2,MLP-FedProx-mu0.01,100,6,0.127859
1,2,MLP-FedProx-mu0.01,100,7,0.14668
1,2,MLP-FedProx-mu0.01,100,8,0.165223
1,2,MLP-FedProx-mu0.01,100,9,0.183256
1,2,MLP-FedProx-mu0.01,100,10,0.207148
1,2,MLP-FedProx-mu0.01,100,11,0.241921
1,2,MLP-FedProx-mu0.01,100,12,0.276667
1,2,MLP-FedProx-mu0.01,100,13,0.296174
1,2,MLP-FedProx-mu0.01,100,14,0.302301
1,2,MLP-FedProx-mu0.01,100,15,0.301931
1,2,MLP-FedProx-mu0.01,100,16,0.299597
1,2,MLP-FedProx-mu0.01,100,17,0.295016
1,2,MLP-FedProx-mu0.01,100,18,0.289784
1,2,MLP-FedProx-mu0.01,100,19,0.283531
1,2,MLP-FedProx-mu0.01,1.0,0,0.91499
1,2,MLP-FedProx-mu0.01,1.0,1,0.945062
1,2,MLP-FedProx-mu0.01,1.0,2,0.945971
1,2,MLP-FedProx-mu0.01,1.0,3,0.931204
1,2,MLP-FedProx-mu0.01,1.0,4,0.89531
1,2,MLP-FedProx-mu0.01,1.0,5,0.847896
1,2,MLP-FedProx-mu0.01,1.0,6,0.789929
1,2,MLP-FedProx-mu0.01,1.0,7,0.741061
1,2,MLP-FedProx-mu0.01,1.0,8,0.715817
1,2,MLP-FedProx-mu0.01,1.0,9,0.70573
1,2,MLP-FedProx-mu0.01,1.0,10,0.701715
1,2,MLP-FedProx-mu0.01,1.0,11,0.698446
1,2,MLP-FedProx-mu0.01,1.0,12,0.694452
1,2,MLP-FedProx-mu0.01,1.0,13,0.690235
1,2,MLP-FedProx-mu0.01,1.0,14,0.686406
1,2,MLP-FedProx-mu0.01,1.0,15,0.68325
1,2,MLP-FedProx-mu0.01,1.0,16,0.680686
1,2,MLP-FedProx-mu0.01,1.0,17,0.67859
1,2,MLP-FedProx-mu0.01,1.0,18,0.67693
1,2,MLP-FedProx-mu0.01,1.0,19,0.675742
1,2,MLP-FedProx-mu0.01,0.5,0,0.83609
1,2,MLP-FedProx-mu0.01,0.5,1,0.855498
1,2,MLP-FedProx-mu0.01,0.5,2,0.863446
1,2,MLP-FedProx-mu0.01,0.5,3,0.855258
1,2,MLP-FedProx-mu0.01,0.5,4,0.827976
1,2,MLP-FedProx-mu0.01,0.5,5,0.790219
1,2,MLP-FedProx-mu0.01,0.5,6,0.748612
1,2,MLP-FedProx-mu0.01,0.5,7,0.710277
1,2,MLP-FedProx-mu0.01,0.5,8,0.682798
1,2,MLP-FedProx-mu0.01,0.5,9,0.668045
1,2,MLP-FedProx-mu0.01,0.5,10,0.659884
1,2,MLP-FedProx-mu0.01,0.5,11,0.649042
1,2,MLP-FedProx-mu0.01,0.5,12,0.640383
1,2,MLP-FedProx-mu0.01,0.5,13,0.636329
1,2,MLP-FedProx-mu0.01,0.5,14,0.63121
1,2,MLP-FedProx-mu0.01,0.5,15,0.625426
1,2,MLP-FedProx-mu0.01,0.5,16,0.620007
1,2,MLP-FedProx-mu0.01,0.5,17,0.61502
1,2,MLP-FedProx-mu0.01,0.5,18,0.611437
1,2,MLP-FedProx-mu0.01,0.5,19,0.607965
1,2,MLP-FedProx-mu0.01,0.1,0,1.146234
1,2,MLP-FedProx-mu0.01,0.1,1,1.18174
1,2,MLP-FedProx-mu0.01,0.1,2,1.196277
1,2,MLP-FedProx-mu0.01,0.1,3,1.199932
1,2,MLP-FedProx-mu0.01,0.1,4,1.200721
1,2,MLP-FedProx-mu0.01,0.1,5,1.200997
1,2,MLP-FedProx-mu0.01,0.1,6,1.201142
1,2,MLP-FedProx-mu0.01,0.1,7,1.201238
1,2,MLP-FedProx-mu0.01,0.1,8,1.201307
1,2,MLP-FedProx-mu0.01,0.1,9,1.20136
1,2,MLP-FedProx-mu0.01,0.1,10,1.201403
1,2,MLP-FedProx-mu0.01,0.1,11,1.201437
1,2,MLP-FedProx-mu0.01,0.1,12,1.201466
1,2,MLP-FedProx-mu0.01,0.1,13,1.201491
1,2,MLP-FedProx-mu0.01,0.1,14,1.201512
1,2,MLP-FedProx-mu0.01,0.1,15,1.20153
1,2,MLP-FedProx-mu0.01,0.1,16,1.201546
1,2,MLP-FedProx-mu0.01,0.1,17,1.201561
1,2,MLP-FedProx-mu0.01,0.1,18,1.201574
1,2,MLP-FedProx-mu0.01,0.1,19,1.201585
1,2,MLP-FedProx-mu0.01,natural,0,0.709768
1,2,MLP-FedProx-mu0.01,natural,1,0.710315
1,2,MLP-FedProx-mu0.01,natural,2,0.710952
1,2,MLP-FedProx-mu0.01,natural,3,0.700058
1,2,MLP-FedProx-mu0.01,natural,4,0.68305
1,2,MLP-FedProx-mu0.01,natural,5,0.663256
1,2,MLP-FedProx-mu0.01,natural,6,0.634424
1,2,MLP-FedProx-mu0.01,natural,7,0.591061
1,2,MLP-FedProx-mu0.01,natural,8,0.554732
1,2,MLP-FedProx-mu0.01,natural,9,0.529558
1,2,MLP-FedProx-mu0.01,natural,10,0.512977
1,2,MLP-FedProx-mu0.01,natural,11,0.508579
1,2,MLP-FedProx-mu0.01,natural,12,0.533481
1,2,MLP-FedProx-mu0.01,natural,13,0.529244
1,2,MLP-FedProx-mu0.01,natural,14,0.550399
1,2,MLP-FedProx-mu0.01,natural,15,0.507876
1,2,MLP-FedProx-mu0.01,natural,16,0.493599
1,2,MLP-FedProx-mu0.01,natural,17,0.493719
1,2,MLP-FedProx-mu0.01,natural,18,0.508707
1,2,MLP-FedProx-mu0.01,natural,19,0.491624
1,3,MLP-FedProx-mu0.01,100,0,0.130144
1,3,MLP-FedProx-mu0.01,100,1,0.128324
1,3,MLP-FedProx-mu0.01,100,2,0.131093
1,3,MLP-FedProx-mu0.01,100,3,0.136001
1,3,MLP-FedProx-mu0.01,100,4,0.142576
1,3,MLP-FedProx-mu0.01,100,5,0.152015
1,3,MLP-FedProx-mu0.01,100,6,0.159313
1,3,MLP-FedProx-mu0.01,100,7,0.173021
1,3,MLP-FedProx-mu0.01,100,8,0.194767
1,3,MLP-FedProx-mu0.01,100,9,0.220682
1,3,MLP-FedProx-mu0.01,100,10,0.252702
1,3,MLP-FedProx-mu0.01,100,11,0.293098
1,3,MLP-FedProx-mu0.01,100,12,0.304125
1,3,MLP-FedProx-mu0.01,100,13,0.342352
1,3,MLP-FedProx-mu0.01,100,14,0.236419
1,3,MLP-FedProx-mu0.01,100,15,0.256933
1,3,MLP-FedProx-mu0.01,100,16,0.245499
1,3,MLP-FedProx-mu0.01,100,17,0.268095
1,3,MLP-FedProx-mu0.01,100,18,0.25197
1,3,MLP-FedProx-mu0.01,100,19,0.270432
1,3,MLP-FedProx-mu0.01,1.0,0,0.889273
1,3,MLP-FedProx-mu0.01,1.0,1,0.917126
1,3,MLP-FedProx-mu0.01,1.0,2,0.916933
1,3,MLP-FedProx-mu0.01,1.0,3,0.897786
1,3,MLP-FedProx-mu0.01,1.0,4,0.858194
1,3,MLP-FedProx-mu0.01,1.0,5,0.809816
1,3,MLP-FedProx-mu0.01,1.0,6,0.751182
1,3,MLP-FedProx-mu0.01,1.0,7,0.703179
1,3,MLP-FedProx-mu0.01,1.0,8,0.678971
1,3,MLP-FedProx-mu0.01,1.0,9,0.667262
1,3,MLP-FedProx-mu0.01,1.0,10,0.66104
1,3,MLP-FedProx-mu0.01,1.0,11,0.656574
1,3,MLP-FedProx-mu0.01,1.0,12,0.652976
1,3,MLP-FedProx-mu0.01,1.0,13,0.650044
1,3,MLP-FedProx-mu0.01,1.0,14,0.647878
1,3,MLP-FedProx-mu0.01,1.0,15,0.646643
1,3,MLP-FedProx-mu0.01,1.0,16,0.646321
1,3,MLP-FedProx-mu0.01,1.0,17,0.646701
1,3,MLP-FedProx-mu0.01,1.0,18,0.64752
1,3,MLP-FedProx-mu0.01,1.0,19,0.64859
1,3,MLP-FedProx-mu0.01,0.5,0,0.824996
1,3,MLP-FedProx-mu0.01,0.5,1,0.843309
1,3,MLP-FedProx-mu0.01,0.5,2,0.852088
1,3,MLP-FedProx-mu0.01,0.5,3,0.843273
1,3,MLP-FedProx-mu0.01,0.5,4,0.813952
1,3,MLP-FedProx-mu0.01,0.5,5,0.772851
1,3,MLP-FedProx-mu0.01,0.5,6,0.72881
1,3,MLP-FedProx-mu0.01,0.5,7,0.689809
1,3,MLP-FedProx-mu0.01,0.5,8,0.664861
1,3,MLP-FedProx-mu0.01,0.5,9,0.655051
1,3,MLP-FedProx-mu0.01,0.5,10,0.652478
1,3,MLP-FedProx-mu0.01,0.5,11,0.653926
1,3,MLP-FedProx-mu0.01,0.5,12,0.655302
1,3,MLP-FedProx-mu0.01,0.5,13,0.654724
1,3,MLP-FedProx-mu0.01,0.5,14,0.653462
1,3,MLP-FedProx-mu0.01,0.5,15,0.651887
1,3,MLP-FedProx-mu0.01,0.5,16,0.650022
1,3,MLP-FedProx-mu0.01,0.5,17,0.64793
1,3,MLP-FedProx-mu0.01,0.5,18,0.645786
1,3,MLP-FedProx-mu0.01,0.5,19,0.64376
1,3,MLP-FedProx-mu0.01,0.1,0,1.152202
1,3,MLP-FedProx-mu0.01,0.1,1,1.18607
1,3,MLP-FedProx-mu0.01,0.1,2,1.20293
1,3,MLP-FedProx-mu0.01,0.1,3,1.20819
1,3,MLP-FedProx-mu0.01,0.1,4,1.209185
1,3,MLP-FedProx-mu0.01,0.1,5,1.209447
1,3,MLP-FedProx-mu0.01,0.1,6,1.20956
1,3,MLP-FedProx-mu0.01,0.1,7,1.209629
1,3,MLP-FedProx-mu0.01,0.1,8,1.209679
1,3,MLP-FedProx-mu0.01,0.1,9,1.209717
1,3,MLP-FedProx-mu0.01,0.1,10,1.209749
1,3,MLP-FedProx-mu0.01,0.1,11,1.209776
1,3,MLP-FedProx-mu0.01,0.1,12,1.209799
1,3,MLP-FedProx-mu0.01,0.1,13,1.209819
1,3,MLP-FedProx-mu0.01,0.1,14,1.209836
1,3,MLP-FedProx-mu0.01,0.1,15,1.209852
1,3,MLP-FedProx-mu0.01,0.1,16,1.209866
1,3,MLP-FedProx-mu0.01,0.1,17,1.209879
1,3,MLP-FedProx-mu0.01,0.1,18,1.20989
1,3,MLP-FedProx-mu0.01,0.1,19,1.209901
1,3,MLP-FedProx-mu0.01,natural,0,0.725076
1,3,MLP-FedProx-mu0.01,natural,1,0.718138
1,3,MLP-FedProx-mu0.01,natural,2,0.71803
1,3,MLP-FedProx-mu0.01,natural,3,0.707098
1,3,MLP-FedProx-mu0.01,natural,4,0.688614
1,3,MLP-FedProx-mu0.01,natural,5,0.665528
1,3,MLP-FedProx-mu0.01,natural,6,0.630307
1,3,MLP-FedProx-mu0.01,natural,7,0.589831
1,3,MLP-FedProx-mu0.01,natural,8,0.562592
1,3,MLP-FedProx-mu0.01,natural,9,0.539934
1,3,MLP-FedProx-mu0.01,natural,10,0.524435
1,3,MLP-FedProx-mu0.01,natural,11,0.5231
1,3,MLP-FedProx-mu0.01,natural,12,0.538893
1,3,MLP-FedProx-mu0.01,natural,13,0.540715
1,3,MLP-FedProx-mu0.01,natural,14,0.551585
1,3,MLP-FedProx-mu0.01,natural,15,0.531385
1,3,MLP-FedProx-mu0.01,natural,16,0.484341
1,3,MLP-FedProx-mu0.01,natural,17,0.545403
1,3,MLP-FedProx-mu0.01,natural,18,0.472336
1,3,MLP-FedProx-mu0.01,natural,19,0.534155
1,4,MLP-FedProx-mu0.01,100,0,0.129351
1,4,MLP-FedProx-mu0.01,100,1,0.129582
1,4,MLP-FedProx-mu0.01,100,2,0.133854
1,4,MLP-FedProx-mu0.01,100,3,0.138434
1,4,MLP-FedProx-mu0.01,100,4,0.139743
1,4,MLP-FedProx-mu0.01,100,5,0.143958
1,4,MLP-FedProx-mu0.01,100,6,0.142691
1,4,MLP-FedProx-mu0.01,100,7,0.142792
1,4,MLP-FedProx-mu0.01,100,8,0.155318
1,4,MLP-FedProx-mu0.01,100,9,0.173156
1,4,MLP-FedProx-mu0.01,100,10,0.190973
1,4,MLP-FedProx-mu0.01,100,11,0.210581
1,4,MLP-FedProx-mu0.01,100,12,0.235819
1,4,MLP-FedProx-mu0.01,100,13,0.26117
1,4,MLP-FedProx-mu0.01,100,14,0.281928
1,4,MLP-FedProx-mu0.01,100,15,0.282896
1,4,MLP-FedProx-mu0.01,100,16,0.311261
1,4,MLP-FedProx-mu0.01,100,17,0.228389
1,4,MLP-FedProx-mu0.01,100,18,0.227571
1,4,MLP-FedProx-mu0.01,100,19,0.2153
1,4,MLP-FedProx-mu0.01,1.0,0,0.917661
1,4,MLP-FedProx-mu0.01,1.0,1,0.946616
1,4,MLP-FedProx-mu0.01,1.0,2,0.941353
1,4,MLP-FedProx-mu0.01,1.0,3,0.915633
1,4,MLP-FedProx-mu0.01,1.0,4,0.870302
1,4,MLP-FedProx-mu0.01,1.0,5,0.817255
1,4,MLP-FedProx-mu0.01,1.0,6,0.760353
1,4,MLP-FedProx-mu0.01,1.0,7,0.723821
1,4,MLP-FedProx-mu0.01,1.0,8,0.707555
1,4,MLP-FedProx-mu0.01,1.0,9,0.702427
1,4,MLP-FedProx-mu0.01,1.0,10,0.701647
1,4,MLP-FedProx-mu0.01,1.0,11,0.701498
1,4,MLP-FedProx-mu0.01,1.0,12,0.700974
1,4,MLP-FedProx-mu0.01,1.0,13,0.699776
1,4,MLP-FedProx-mu0.01,1.0,14,0.698242
1,4,MLP-FedProx-mu0.01,1.0,15,0.696658
1,4,MLP-FedProx-mu0.01,1.0,16,0.695168
1,4,MLP-FedProx-mu0.01,1.0,17,0.69382
1,4,MLP-FedProx-mu0.01,1.0,18,0.692691
1,4,MLP-FedProx-mu0.01,1.0,19,0.691863
1,4,MLP-FedProx-mu0.01,0.5,0,0.816073
1,4,MLP-FedProx-mu0.01,0.5,1,0.843263
1,4,MLP-FedProx-mu0.01,0.5,2,0.845874
1,4,MLP-FedProx-mu0.01,0.5,3,0.827189
1,4,MLP-FedProx-mu0.01,0.5,4,0.789261
1,4,MLP-FedProx-mu0.01,0.5,5,0.739857
1,4,MLP-FedProx-mu0.01,0.5,6,0.692367
1,4,MLP-FedProx-mu0.01,0.5,7,0.655905
1,4,MLP-FedProx-mu0.01,0.5,8,0.633822
1,4,MLP-FedProx-mu0.01,0.5,9,0.621027
1,4,MLP-FedProx-mu0.01,0.5,10,0.61189
1,4,MLP-FedProx-mu0.01,0.5,11,0.603975
1,4,MLP-FedProx-mu0.01,0.5,12,0.598176
1,4,MLP-FedProx-mu0.01,0.5,13,0.594248
1,4,MLP-FedProx-mu0.01,0.5,14,0.590879
1,4,MLP-FedProx-mu0.01,0.5,15,0.587829
1,4,MLP-FedProx-mu0.01,0.5,16,0.585138
1,4,MLP-FedProx-mu0.01,0.5,17,0.582832
1,4,MLP-FedProx-mu0.01,0.5,18,0.580903
1,4,MLP-FedProx-mu0.01,0.5,19,0.579312
1,4,MLP-FedProx-mu0.01,0.1,0,1.143671
1,4,MLP-FedProx-mu0.01,0.1,1,1.181129
1,4,MLP-FedProx-mu0.01,0.1,2,1.194145
1,4,MLP-FedProx-mu0.01,0.1,3,1.197092
1,4,MLP-FedProx-mu0.01,0.1,4,1.197701
1,4,MLP-FedProx-mu0.01,0.1,5,1.197933
1,4,MLP-FedProx-mu0.01,0.1,6,1.198075
1,4,MLP-FedProx-mu0.01,0.1,7,1.198179
1,4,MLP-FedProx-mu0.01,0.1,8,1.198259
1,4,MLP-FedProx-mu0.01,0.1,9,1.198323
1,4,MLP-FedProx-mu0.01,0.1,10,1.198375
1,4,MLP-FedProx-mu0.01,0.1,11,1.198418
1,4,MLP-FedProx-mu0.01,0.1,12,1.198453
1,4,MLP-FedProx-mu0.01,0.1,13,1.198482
1,4,MLP-FedProx-mu0.01,0.1,14,1.198506
1,4,MLP-FedProx-mu0.01,0.1,15,1.198526
1,4,MLP-FedProx-mu0.01,0.1,16,1.198542
1,4,MLP-FedProx-mu0.01,0.1,17,1.198555
1,4,MLP-FedProx-mu0.01,0.1,18,1.198566
1,4,MLP-FedProx-mu0.01,0.1,19,1.198574
1,4,MLP-FedProx-mu0.01,natural,0,0.714003
1,4,MLP-FedProx-mu0.01,natural,1,0.715804
1,4,MLP-FedProx-mu0.01,natural,2,0.709062
1,4,MLP-FedProx-mu0.01,natural,3,0.690835
1,4,MLP-FedProx-mu0.01,natural,4,0.666762
1,4,MLP-FedProx-mu0.01,natural,5,0.636732
1,4,MLP-FedProx-mu0.01,natural,6,0.591517
1,4,MLP-FedProx-mu0.01,natural,7,0.547113
1,4,MLP-FedProx-mu0.01,natural,8,0.515247
1,4,MLP-FedProx-mu0.01,natural,9,0.490992
1,4,MLP-FedProx-mu0.01,natural,10,0.475432
1,4,MLP-FedProx-mu0.01,natural,11,0.466726
1,4,MLP-FedProx-mu0.01,natural,12,0.461182
1,4,MLP-FedProx-mu0.01,natural,13,0.454696
1,4,MLP-FedProx-mu0.01,natural,14,0.451686
1,4,MLP-FedProx-mu0.01,natural,15,0.436173
1,4,MLP-FedProx-mu0.01,natural,16,0.468845
1,4,MLP-FedProx-mu0.01,natural,17,0.457377
1,4,MLP-FedProx-mu0.01,natural,18,0.444221
1,4,MLP-FedProx-mu0.01,natural,19,0.42933
2,0,MLP-FedProx-mu0.01,100,0,0.12402
2,0,MLP-FedProx-mu0.01,100,1,0.132764
2,0,MLP-FedProx-mu0.01,100,2,0.137743
2,0,MLP-FedProx-mu0.01,100,3,0.140085
2,0,MLP-FedProx-mu0.01,100,4,0.151877
2,0,MLP-FedProx-mu0.01,100,5,0.169967
2,0,MLP-FedProx-mu0.01,100,6,0.190056
2,0,MLP-FedProx-mu0.01,100,7,0.214446
2,0,MLP-FedProx-mu0.01,100,8,0.243335
2,0,MLP-FedProx-mu0.01,100,9,0.270905
2,0,MLP-FedProx-mu0.01,100,10,0.295482
2,0,MLP-FedProx-mu0.01,100,11,0.316265
2,0,MLP-FedProx-mu0.01,100,12,0.331598
2,0,MLP-FedProx-mu0.01,100,13,0.341377
2,0,MLP-FedProx-mu0.01,100,14,0.34698
2,0,MLP-FedProx-mu0.01,100,15,0.34991
2,0,MLP-FedProx-mu0.01,100,16,0.351212
2,0,MLP-FedProx-mu0.01,100,17,0.35154
2,0,MLP-FedProx-mu0.01,100,18,0.351296
2,0,MLP-FedProx-mu0.01,100,19,0.350728
2,0,MLP-FedProx-mu0.01,1.0,0,0.599842
2,0,MLP-FedProx-mu0.01,1.0,1,0.584266
2,0,MLP-FedProx-mu0.01,1.0,2,0.56732
2,0,MLP-FedProx-mu0.01,1.0,3,0.525846
2,0,MLP-FedProx-mu0.01,1.0,4,0.477461
2,0,MLP-FedProx-mu0.01,1.0,5,0.442712
2,0,MLP-FedProx-mu0.01,1.0,6,0.418266
2,0,MLP-FedProx-mu0.01,1.0,7,0.400104
2,0,MLP-FedProx-mu0.01,1.0,8,0.39059
2,0,MLP-FedProx-mu0.01,1.0,9,0.384798
2,0,MLP-FedProx-mu0.01,1.0,10,0.379447
2,0,MLP-FedProx-mu0.01,1.0,11,0.377233
2,0,MLP-FedProx-mu0.01,1.0,12,0.380374
2,0,MLP-FedProx-mu0.01,1.0,13,0.388154
2,0,MLP-FedProx-mu0.01,1.0,14,0.397252
2,0,MLP-FedProx-mu0.01,1.0,15,0.404824
2,0,MLP-FedProx-mu0.01,1.0,16,0.41014
2,0,MLP-FedProx-mu0.01,1.0,17,0.413594
2,0,MLP-FedProx-mu0.01,1.0,18,0.415764
2,0,MLP-FedProx-mu0.01,1.0,19,0.417115
2,0,MLP-FedProx-mu0.01,0.5,0,1.214597
2,0,MLP-FedProx-mu0.01,0.5,1,1.210286
2,0,MLP-FedProx-mu0.01,0.5,2,1.204173
2,0,MLP-FedProx-mu0.01,0.5,3,1.196281
2,0,MLP-FedProx-mu0.01,0.5,4,1.187169
2,0,MLP-FedProx-mu0.01,0.5,5,1.15026
2,0,MLP-FedProx-mu0.01,0.5,6,1.080916
2,0,MLP-FedProx-mu0.01,0.5,7,1.006832
2,0,MLP-FedProx-mu0.01,0.5,8,0.965676
2,0,MLP-FedProx-mu0.01,0.5,9,0.970537
2,0,MLP-FedProx-mu0.01,0.5,10,0.9574
2,0,MLP-FedProx-mu0.01,0.5,11,0.941962
2,0,MLP-FedProx-mu0.01,0.5,12,0.937743
2,0,MLP-FedProx-mu0.01,0.5,13,0.941461
2,0,MLP-FedProx-mu0.01,0.5,14,0.944484
2,0,MLP-FedProx-mu0.01,0.5,15,0.946376
2,0,MLP-FedProx-mu0.01,0.5,16,0.951852
2,0,MLP-FedProx-mu0.01,0.5,17,0.943027
2,0,MLP-FedProx-mu0.01,0.5,18,0.93865
2,0,MLP-FedProx-mu0.01,0.5,19,0.930002
2,0,MLP-FedProx-mu0.01,0.1,0,1.381927
2,0,MLP-FedProx-mu0.01,0.1,1,1.392594
2,0,MLP-FedProx-mu0.01,0.1,2,1.392403
2,0,MLP-FedProx-mu0.01,0.1,3,1.387853
2,0,MLP-FedProx-mu0.01,0.1,4,1.38177
2,0,MLP-FedProx-mu0.01,0.1,5,1.346475
2,0,MLP-FedProx-mu0.01,0.1,6,1.253919
2,0,MLP-FedProx-mu0.01,0.1,7,1.168587
2,0,MLP-FedProx-mu0.01,0.1,8,1.16138
2,0,MLP-FedProx-mu0.01,0.1,9,1.232177
2,0,MLP-FedProx-mu0.01,0.1,10,1.256281
2,0,MLP-FedProx-mu0.01,0.1,11,1.246892
2,0,MLP-FedProx-mu0.01,0.1,12,1.223184
2,0,MLP-FedProx-mu0.01,0.1,13,1.231134
2,0,MLP-FedProx-mu0.01,0.1,14,1.205814
2,0,MLP-FedProx-mu0.01,0.1,15,1.207079
2,0,MLP-FedProx-mu0.01,0.1,16,1.208119
2,0,MLP-FedProx-mu0.01,0.1,17,1.205271
2,0,MLP-FedProx-mu0.01,0.1,18,1.198811
2,0,MLP-FedProx-mu0.01,0.1,19,1.19607
2,0,MLP-FedProx-mu0.01,natural,0,0.7331
2,0,MLP-FedProx-mu0.01,natural,1,0.726946
2,0,MLP-FedProx-mu0.01,natural,2,0.720363
2,0,MLP-FedProx-mu0.01,natural,3,0.711962
2,0,MLP-FedProx-mu0.01,natural,4,0.700664
2,0,MLP-FedProx-mu0.01,natural,5,0.686089
2,0,MLP-FedProx-mu0.01,natural,6,0.647436
2,0,MLP-FedProx-mu0.01,natural,7,0.600334
2,0,MLP-FedProx-mu0.01,natural,8,0.569231
2,0,MLP-FedProx-mu0.01,natural,9,0.546152
2,0,MLP-FedProx-mu0.01,natural,10,0.53586
2,0,MLP-FedProx-mu0.01,natural,11,0.530426
2,0,MLP-FedProx-mu0.01,natural,12,0.526958
2,0,MLP-FedProx-mu0.01,natural,13,0.511064
2,0,MLP-FedProx-mu0.01,natural,14,0.517149
2,0,MLP-FedProx-mu0.01,natural,15,0.496903
2,0,MLP-FedProx-mu0.01,natural,16,0.472113
2,0,MLP-FedProx-mu0.01,natural,17,0.484538
2,0,MLP-FedProx-mu0.01,natural,18,0.489114
2,0,MLP-FedProx-mu0.01,natural,19,0.475969
2,1,MLP-FedProx-mu0.01,100,0,0.112489
2,1,MLP-FedProx-mu0.01,100,1,0.118838
2,1,MLP-FedProx-mu0.01,100,2,0.124046
2,1,MLP-FedProx-mu0.01,100,3,0.122575
2,1,MLP-FedProx-mu0.01,100,4,0.123903
2,1,MLP-FedProx-mu0.01,100,5,0.127954
2,1,MLP-FedProx-mu0.01,100,6,0.133275
2,1,MLP-FedProx-mu0.01,100,7,0.141096
2,1,MLP-FedProx-mu0.01,100,8,0.151765
2,1,MLP-FedProx-mu0.01,100,9,0.166064
2,1,MLP-FedProx-mu0.01,100,10,0.185206
2,1,MLP-FedProx-mu0.01,100,11,0.207294
2,1,MLP-FedProx-mu0.01,100,12,0.226344
2,1,MLP-FedProx-mu0.01,100,13,0.238687
2,1,MLP-FedProx-mu0.01,100,14,0.246275
2,1,MLP-FedProx-mu0.01,100,15,0.250024
2,1,MLP-FedProx-mu0.01,100,16,0.254026
2,1,MLP-FedProx-mu0.01,100,17,0.25194
2,1,MLP-FedProx-mu0.01,100,18,0.260914
2,1,MLP-FedProx-mu0.01,100,19,0.244372
2,1,MLP-FedProx-mu0.01,1.0,0,0.598357
2,1,MLP-FedProx-mu0.01,1.0,1,0.585746
2,1,MLP-FedProx-mu0.01,1.0,2,0.575854
2,1,MLP-FedProx-mu0.01,1.0,3,0.549285
2,1,MLP-FedProx-mu0.01,1.0,4,0.50514
2,1,MLP-FedProx-mu0.01,1.0,5,0.453838
2,1,MLP-FedProx-mu0.01,1.0,6,0.42047
2,1,MLP-FedProx-mu0.01,1.0,7,0.39753
2,1,MLP-FedProx-mu0.01,1.0,8,0.380945
2,1,MLP-FedProx-mu0.01,1.0,9,0.369151
2,1,MLP-FedProx-mu0.01,1.0,10,0.36182
2,1,MLP-FedProx-mu0.01,1.0,11,0.359555
2,1,MLP-FedProx-mu0.01,1.0,12,0.362246
2,1,MLP-FedProx-mu0.01,1.0,13,0.367249
2,1,MLP-FedProx-mu0.01,1.0,14,0.371397
2,1,MLP-FedProx-mu0.01,1.0,15,0.373668
2,1,MLP-FedProx-mu0.01,1.0,16,0.374656
2,1,MLP-FedProx-mu0.01,1.0,17,0.375257
2,1,MLP-FedProx-mu0.01,1.0,18,0.376096
2,1,MLP-FedProx-mu0.01,1.0,19,0.377404
2,1,MLP-FedProx-mu0.01,0.5,0,1.229481
2,1,MLP-FedProx-mu0.01,0.5,1,1.226363
2,1,MLP-FedProx-mu0.01,0.5,2,1.220987
2,1,MLP-FedProx-mu0.01,0.5,3,1.213731
2,1,MLP-FedProx-mu0.01,0.5,4,1.20638
2,1,MLP-FedProx-mu0.01,0.5,5,1.194139
2,1,MLP-FedProx-mu0.01,0.5,6,1.140899
2,1,MLP-FedProx-mu0.01,0.5,7,1.067488
2,1,MLP-FedProx-mu0.01,0.5,8,0.998226
2,1,MLP-FedProx-mu0.01,0.5,9,0.977086
2,1,MLP-FedProx-mu0.01,0.5,10,0.992009
2,1,MLP-FedProx-mu0.01,0.5,11,0.98811
2,1,MLP-FedProx-mu0.01,0.5,12,0.987616
2,1,MLP-FedProx-mu0.01,0.5,13,0.999341
2,1,MLP-FedProx-mu0.01,0.5,14,1.003879
2,1,MLP-FedProx-mu0.01,0.5,15,1.003254
2,1,MLP-FedProx-mu0.01,0.5,16,0.984652
2,1,MLP-FedProx-mu0.01,0.5,17,0.973192
2,1,MLP-FedProx-mu0.01,0.5,18,0.970836
2,1,MLP-FedProx-mu0.01,0.5,19,0.965033
2,1,MLP-FedProx-mu0.01,0.1,0,1.378218
2,1,MLP-FedProx-mu0.01,0.1,1,1.388912
2,1,MLP-FedProx-mu0.01,0.1,2,1.38885
2,1,MLP-FedProx-mu0.01,0.1,3,1.384229
2,1,MLP-FedProx-mu0.01,0.1,4,1.378634
2,1,MLP-FedProx-mu0.01,0.1,5,1.368412
2,1,MLP-FedProx-mu0.01,0.1,6,1.30592
2,1,MLP-FedProx-mu0.01,0.1,7,1.204925
2,1,MLP-FedProx-mu0.01,0.1,8,1.148958
2,1,MLP-FedProx-mu0.01,0.1,9,1.181187
2,1,MLP-FedProx-mu0.01,0.1,10,1.244153
2,1,MLP-FedProx-mu0.01,0.1,11,1.241605
2,1,MLP-FedProx-mu0.01,0.1,12,1.215783
2,1,MLP-FedProx-mu0.01,0.1,13,1.229299
2,1,MLP-FedProx-mu0.01,0.1,14,1.181949
2,1,MLP-FedProx-mu0.01,0.1,15,1.236983
2,1,MLP-FedProx-mu0.01,0.1,16,1.15361
2,1,MLP-FedProx-mu0.01,0.1,17,1.295103
2,1,MLP-FedProx-mu0.01,0.1,18,1.074184
2,1,MLP-FedProx-mu0.01,0.1,19,1.342454
2,1,MLP-FedProx-mu0.01,natural,0,0.666645
2,1,MLP-FedProx-mu0.01,natural,1,0.657632
2,1,MLP-FedProx-mu0.01,natural,2,0.648182
2,1,MLP-FedProx-mu0.01,natural,3,0.63627
2,1,MLP-FedProx-mu0.01,natural,4,0.621503
2,1,MLP-FedProx-mu0.01,natural,5,0.604693
2,1,MLP-FedProx-mu0.01,natural,6,0.565558
2,1,MLP-FedProx-mu0.01,natural,7,0.534751
2,1,MLP-FedProx-mu0.01,natural,8,0.509559
2,1,MLP-FedProx-mu0.01,natural,9,0.492043
2,1,MLP-FedProx-mu0.01,natural,10,0.479231
2,1,MLP-FedProx-mu0.01,natural,11,0.473125
2,1,MLP-FedProx-mu0.01,natural,12,0.476795
2,1,MLP-FedProx-mu0.01,natural,13,0.482355
2,1,MLP-FedProx-mu0.01,natural,14,0.488161
2,1,MLP-FedProx-mu0.01,natural,15,0.514308
2,1,MLP-FedProx-mu0.01,natural,16,0.472647
2,1,MLP-FedProx-mu0.01,natural,17,0.499728
2,1,MLP-FedProx-mu0.01,natural,18,0.455805
2,1,MLP-FedProx-mu0.01,natural,19,0.478528
2,2,MLP-FedProx-mu0.01,100,0,0.09799
2,2,MLP-FedProx-mu0.01,100,1,0.10475
2,2,MLP-FedProx-mu0.01,100,2,0.110259
2,2,MLP-FedProx-mu0.01,100,3,0.103686
2,2,MLP-FedProx-mu0.01,100,4,0.108737
2,2,MLP-FedProx-mu0.01,100,5,0.120436
2,2,MLP-FedProx-mu0.01,100,6,0.133401
2,2,MLP-FedProx-mu0.01,100,7,0.146493
2,2,MLP-FedProx-mu0.01,100,8,0.162277
2,2,MLP-FedProx-mu0.01,100,9,0.182134
2,2,MLP-FedProx-mu0.01,100,10,0.202968
2,2,MLP-FedProx-mu0.01,100,11,0.220193
2,2,MLP-FedProx-mu0.01,100,12,0.231953
2,2,MLP-FedProx-mu0.01,100,13,0.239216
2,2,MLP-FedProx-mu0.01,100,14,0.243645
2,2,MLP-FedProx-mu0.01,100,15,0.246426
2,2,MLP-FedProx-mu0.01,100,16,0.24823
2,2,MLP-FedProx-mu0.01,100,17,0.249434
2,2,MLP-FedProx-mu0.01,100,18,0.250254
2,2,MLP-FedProx-mu0.01,100,19,0.250825
2,2,MLP-FedProx-mu0.01,1.0,0,0.668779
2,2,MLP-FedProx-mu0.01,1.0,1,0.650705
2,2,MLP-FedProx-mu0.01,1.0,2,0.638717
2,2,MLP-FedProx-mu0.01,1.0,3,0.601254
2,2,MLP-FedProx-mu0.01,1.0,4,0.54316
2,2,MLP-FedProx-mu0.01,1.0,5,0.49056
2,2,MLP-FedProx-mu0.01,1.0,6,0.455511
2,2,MLP-FedProx-mu0.01,1.0,7,0.430178
2,2,MLP-FedProx-mu0.01,1.0,8,0.414021
2,2,MLP-FedProx-mu0.01,1.0,9,0.40636
2,2,MLP-FedProx-mu0.01,1.0,10,0.40506
2,2,MLP-FedProx-mu0.01,1.0,11,0.408119
2,2,MLP-FedProx-mu0.01,1.0,12,0.41394
2,2,MLP-FedProx-mu0.01,1.0,13,0.421253
2,2,MLP-FedProx-mu0.01,1.0,14,0.429148
2,2,MLP-FedProx-mu0.01,1.0,15,0.436914
2,2,MLP-FedProx-mu0.01,1.0,16,0.443975
2,2,MLP-FedProx-mu0.01,1.0,17,0.450193
2,2,MLP-FedProx-mu0.01,1.0,18,0.455895
2,2,MLP-FedProx-mu0.01,1.0,19,0.461433
2,2,MLP-FedProx-mu0.01,0.5,0,1.229032
2,2,MLP-FedProx-mu0.01,0.5,1,1.222356
2,2,MLP-FedProx-mu0.01,0.5,2,1.214346
2,2,MLP-FedProx-mu0.01,0.5,3,1.204656
2,2,MLP-FedProx-mu0.01,0.5,4,1.188924
2,2,MLP-FedProx-mu0.01,0.5,5,1.124746
2,2,MLP-FedProx-mu0.01,0.5,6,1.046847
2,2,MLP-FedProx-mu0.01,0.5,7,0.986573
2,2,MLP-FedProx-mu0.01,0.5,8,0.972406
2,2,MLP-FedProx-mu0.01,0.5,9,0.974877
2,2,MLP-FedProx-mu0.01,0.5,10,0.957877
2,2,MLP-FedProx-mu0.01,0.5,11,0.942706
2,2,MLP-FedProx-mu0.01,0.5,12,0.930125
2,2,MLP-FedProx-mu0.01,0.5,13,0.919311
2,2,MLP-FedProx-mu0.01,0.5,14,0.907756
2,2,MLP-FedProx-mu0.01,0.5,15,0.898985
2,2,MLP-FedProx-mu0.01,0.5,16,0.89398
2,2,MLP-FedProx-mu0.01,0.5,17,0.891725
2,2,MLP-FedProx-mu0.01,0.5,18,0.890472
2,2,MLP-FedProx-mu0.01,0.5,19,0.888671
2,2,MLP-FedProx-mu0.01,0.1,0,1.380652
2,2,MLP-FedProx-mu0.01,0.1,1,1.388419
2,2,MLP-FedProx-mu0.01,0.1,2,1.386347
2,2,MLP-FedProx-mu0.01,0.1,3,1.379751
2,2,MLP-FedProx-mu0.01,0.1,4,1.36878
2,2,MLP-FedProx-mu0.01,0.1,5,1.30426
2,2,MLP-FedProx-mu0.01,0.1,6,1.202636
2,2,MLP-FedProx-mu0.01,0.1,7,1.143263
2,2,MLP-FedProx-mu0.01,0.1,8,1.162401
2,2,MLP-FedProx-mu0.01,0.1,9,1.225615
2,2,MLP-FedProx-mu0.01,0.1,10,1.231774
2,2,MLP-FedProx-mu0.01,0.1,11,1.218385
2,2,MLP-FedProx-mu0.01,0.1,12,1.212414
2,2,MLP-FedProx-mu0.01,0.1,13,1.201462
2,2,MLP-FedProx-mu0.01,0.1,14,1.19993
2,2,MLP-FedProx-mu0.01,0.1,15,1.196326
2,2,MLP-FedProx-mu0.01,0.1,16,1.188788
2,2,MLP-FedProx-mu0.01,0.1,17,1.183552
2,2,MLP-FedProx-mu0.01,0.1,18,1.190042
2,2,MLP-FedProx-mu0.01,0.1,19,1.187769
2,2,MLP-FedProx-mu0.01,natural,0,0.707249
2,2,MLP-FedProx-mu0.01,natural,1,0.700795
2,2,MLP-FedProx-mu0.01,natural,2,0.691827
2,2,MLP-FedProx-mu0.01,natural,3,0.679686
2,2,MLP-FedProx-mu0.01,natural,4,0.661199
2,2,MLP-FedProx-mu0.01,natural,5,0.628115
2,2,MLP-FedProx-mu0.01,natural,6,0.58172
2,2,MLP-FedProx-mu0.01,natural,7,0.554459
2,2,MLP-FedProx-mu0.01,natural,8,0.53586
2,2,MLP-FedProx-mu0.01,natural,9,0.522837
2,2,MLP-FedProx-mu0.01,natural,10,0.515961
2,2,MLP-FedProx-mu0.01,natural,11,0.511311
2,2,MLP-FedProx-mu0.01,natural,12,0.508877
2,2,MLP-FedProx-mu0.01,natural,13,0.515387
2,2,MLP-FedProx-mu0.01,natural,14,0.525781
2,2,MLP-FedProx-mu0.01,natural,15,0.527956
2,2,MLP-FedProx-mu0.01,natural,16,0.525174
2,2,MLP-FedProx-mu0.01,natural,17,0.511077
2,2,MLP-FedProx-mu0.01,natural,18,0.512216
2,2,MLP-FedProx-mu0.01,natural,19,0.509677
2,3,MLP-FedProx-mu0.01,100,0,0.091993
2,3,MLP-FedProx-mu0.01,100,1,0.098705
2,3,MLP-FedProx-mu0.01,100,2,0.102763
2,3,MLP-FedProx-mu0.01,100,3,0.108003
2,3,MLP-FedProx-mu0.01,100,4,0.121706
2,3,MLP-FedProx-mu0.01,100,5,0.134339
2,3,MLP-FedProx-mu0.01,100,6,0.144125
2,3,MLP-FedProx-mu0.01,100,7,0.154852
2,3,MLP-FedProx-mu0.01,100,8,0.168888
2,3,MLP-FedProx-mu0.01,100,9,0.186597
2,3,MLP-FedProx-mu0.01,100,10,0.206974
2,3,MLP-FedProx-mu0.01,100,11,0.226875
2,3,MLP-FedProx-mu0.01,100,12,0.243173
2,3,MLP-FedProx-mu0.01,100,13,0.255097
2,3,MLP-FedProx-mu0.01,100,14,0.262717
2,3,MLP-FedProx-mu0.01,100,15,0.267372
2,3,MLP-FedProx-mu0.01,100,16,0.269942
2,3,MLP-FedProx-mu0.01,100,17,0.271553
2,3,MLP-FedProx-mu0.01,100,18,0.272142
2,3,MLP-FedProx-mu0.01,100,19,0.272901
2,3,MLP-FedProx-mu0.01,1.0,0,0.607045
2,3,MLP-FedProx-mu0.01,1.0,1,0.589356
2,3,MLP-FedProx-mu0.01,1.0,2,0.576476
2,3,MLP-FedProx-mu0.01,1.0,3,0.560047
2,3,MLP-FedProx-mu0.01,1.0,4,0.521808
2,3,MLP-FedProx-mu0.01,1.0,5,0.472129
2,3,MLP-FedProx-mu0.01,1.0,6,0.434644
2,3,MLP-FedProx-mu0.01,1.0,7,0.404617
2,3,MLP-FedProx-mu0.01,1.0,8,0.385583
2,3,MLP-FedProx-mu0.01,1.0,9,0.378161
2,3,MLP-FedProx-mu0.01,1.0,10,0.378842
2,3,MLP-FedProx-mu0.01,1.0,11,0.384494
2,3,MLP-FedProx-mu0.01,1.0,12,0.393321
2,3,MLP-FedProx-mu0.01,1.0,13,0.401861
2,3,MLP-FedProx-mu0.01,1.0,14,0.407658
2,3,MLP-FedProx-mu0.01,1.0,15,0.410797
2,3,MLP-FedProx-mu0.01,1.0,16,0.412271
2,3,MLP-FedProx-mu0.01,1.0,17,0.412881
2,3,MLP-FedProx-mu0.01,1.0,18,0.413088
2,3,MLP-FedProx-mu0.01,1.0,19,0.413138
2,3,MLP-FedProx-mu0.01,0.5,0,1.229894
2,3,MLP-FedProx-mu0.01,0.5,1,1.223844
2,3,MLP-FedProx-mu0.01,0.5,2,1.216314
2,3,MLP-FedProx-mu0.01,0.5,3,1.207337
2,3,MLP-FedProx-mu0.01,0.5,4,1.182641
2,3,MLP-FedProx-mu0.01,0.5,5,1.116424
2,3,MLP-FedProx-mu0.01,0.5,6,1.043181
2,3,MLP-FedProx-mu0.01,0.5,7,0.987565
2,3,MLP-FedProx-mu0.01,0.5,8,0.981318
2,3,MLP-FedProx-mu0.01,0.5,9,0.992379
2,3,MLP-FedProx-mu0.01,0.5,10,0.984346
2,3,MLP-FedProx-mu0.01,0.5,11,0.976641
2,3,MLP-FedProx-mu0.01,0.5,12,0.970736
2,3,MLP-FedProx-mu0.01,0.5,13,0.965711
2,3,MLP-FedProx-mu0.01,0.5,14,0.968469
2,3,MLP-FedProx-mu0.01,0.5,15,0.971349
2,3,MLP-FedProx-mu0.01,0.5,16,0.969485
2,3,MLP-FedProx-mu0.01,0.5,17,0.961581
2,3,MLP-FedProx-mu0.01,0.5,18,0.951772
2,3,MLP-FedProx-mu0.01,0.5,19,0.944688
2,3,MLP-FedProx-mu0.01,0.1,0,1.374597
2,3,MLP-FedProx-mu0.01,0.1,1,1.382499
2,3,MLP-FedProx-mu0.01,0.1,2,1.380046
2,3,MLP-FedProx-mu0.01,0.1,3,1.373558
2,3,MLP-FedProx-mu0.01,0.1,4,1.352976
2,3,MLP-FedProx-mu0.01,0.1,5,1.270463
2,3,MLP-FedProx-mu0.01,0.1,6,1.17876
2,3,MLP-FedProx-mu0.01,0.1,7,1.13845
2,3,MLP-FedProx-mu0.01,0.1,8,1.177891
2,3,MLP-FedProx-mu0.01,0.1,9,1.227989
2,3,MLP-FedProx-mu0.01,0.1,10,1.232085
2,3,MLP-FedProx-mu0.01,0.1,11,1.206356
2,3,MLP-FedProx-mu0.01,0.1,12,1.229567
2,3,MLP-FedProx-mu0.01,0.1,13,1.170709
2,3,MLP-FedProx-mu0.01,0.1,14,1.228702
2,3,MLP-FedProx-mu0.01,0.1,15,1.157305
2,3,MLP-FedProx-mu0.01,0.1,16,1.221097
2,3,MLP-FedProx-mu0.01,0.1,17,1.144204
2,3,MLP-FedProx-mu0.01,0.1,18,1.223072
2,3,MLP-FedProx-mu0.01,0.1,19,1.130208
2,3,MLP-FedProx-mu0.01,natural,0,0.720838
2,3,MLP-FedProx-mu0.01,natural,1,0.716082
2,3,MLP-FedProx-mu0.01,natural,2,0.708858
2,3,MLP-FedProx-mu0.01,natural,3,0.700745
2,3,MLP-FedProx-mu0.01,natural,4,0.69277
2,3,MLP-FedProx-mu0.01,natural,5,0.679127
2,3,MLP-FedProx-mu0.01,natural,6,0.644388
2,3,MLP-FedProx-mu0.01,natural,7,0.605409
2,3,MLP-FedProx-mu0.01,natural,8,0.576711
2,3,MLP-FedProx-mu0.01,natural,9,0.561453
2,3,MLP-FedProx-mu0.01,natural,10,0.552357
2,3,MLP-FedProx-mu0.01,natural,11,0.543938
2,3,MLP-FedProx-mu0.01,natural,12,0.543022
2,3,MLP-FedProx-mu0.01,natural,13,0.535696
2,3,MLP-FedProx-mu0.01,natural,14,0.515043
2,3,MLP-FedProx-mu0.01,natural,15,0.55463
2,3,MLP-FedProx-mu0.01,natural,16,0.498323
2,3,MLP-FedProx-mu0.01,natural,17,0.538956
2,3,MLP-FedProx-mu0.01,natural,18,0.490704
2,3,MLP-FedProx-mu0.01,natural,19,0.528742
2,4,MLP-FedProx-mu0.01,100,0,0.111934
2,4,MLP-FedProx-mu0.01,100,1,0.119819
2,4,MLP-FedProx-mu0.01,100,2,0.134148
2,4,MLP-FedProx-mu0.01,100,3,0.142035
2,4,MLP-FedProx-mu0.01,100,4,0.151507
2,4,MLP-FedProx-mu0.01,100,5,0.15874
2,4,MLP-FedProx-mu0.01,100,6,0.165671
2,4,MLP-FedProx-mu0.01,100,7,0.17717
2,4,MLP-FedProx-mu0.01,100,8,0.195443
2,4,MLP-FedProx-mu0.01,100,9,0.219033
2,4,MLP-FedProx-mu0.01,100,10,0.244866
2,4,MLP-FedProx-mu0.01,100,11,0.268507
2,4,MLP-FedProx-mu0.01,100,12,0.286521
2,4,MLP-FedProx-mu0.01,100,13,0.29806
2,4,MLP-FedProx-mu0.01,100,14,0.304742
2,4,MLP-FedProx-mu0.01,100,15,0.308591
2,4,MLP-FedProx-mu0.01,100,16,0.310917
2,4,MLP-FedProx-mu0.01,100,17,0.312481
2,4,MLP-FedProx-mu0.01,100,18,0.313555
2,4,MLP-FedProx-mu0.01,100,19,0.314406
2,4,MLP-FedProx-mu0.01,1.0,0,0.592932
2,4,MLP-FedProx-mu0.01,1.0,1,0.58015
2,4,MLP-FedProx-mu0.01,1.0,2,0.568654
2,4,MLP-FedProx-mu0.01,1.0,3,0.528827
2,4,MLP-FedProx-mu0.01,1.0,4,0.472131
2,4,MLP-FedProx-mu0.01,1.0,5,0.42401
2,4,MLP-FedProx-mu0.01,1.0,6,0.393865
2,4,MLP-FedProx-mu0.01,1.0,7,0.375175
2,4,MLP-FedProx-mu0.01,1.0,8,0.366748
2,4,MLP-FedProx-mu0.01,1.0,9,0.366011
2,4,MLP-FedProx-mu0.01,1.0,10,0.370638
2,4,MLP-FedProx-mu0.01,1.0,11,0.379791
2,4,MLP-FedProx-mu0.01,1.0,12,0.392763
2,4,MLP-FedProx-mu0.01,1.0,13,0.406284
2,4,MLP-FedProx-mu0.01,1.0,14,0.416872
2,4,MLP-FedProx-mu0.01,1.0,15,0.423962
2,4,MLP-FedProx-mu0.01,1.0,16,0.429285
2,4,MLP-FedProx-mu0.01,1.0,17,0.435172
2,4,MLP-FedProx-mu0.01,1.0,18,0.443144
2,4,MLP-FedProx-mu0.01,1.0,19,0.453077
2,4,MLP-FedProx-mu0.01,0.5,0,1.228152
2,4,MLP-FedProx-mu0.01,0.5,1,1.222436
2,4,MLP-FedProx-mu0.01,0.5,2,1.216328
2,4,MLP-FedProx-mu0.01,0.5,3,1.209239
2,4,MLP-FedProx-mu0.01,0.5,4,1.202714
2,4,MLP-FedProx-mu0.01,0.5,5,1.185892
2,4,MLP-FedProx-mu0.01,0.5,6,1.126045
2,4,MLP-FedProx-mu0.01,0.5,7,1.049909
2,4,MLP-FedProx-mu0.01,0.5,8,0.982841
2,4,MLP-FedProx-mu0.01,0.5,9,0.970882
2,4,MLP-FedProx-mu0.01,0.5,10,0.97844
2,4,MLP-FedProx-mu0.01,0.5,11,0.969948
2,4,MLP-FedProx-mu0.01,0.5,12,0.964704
2,4,MLP-FedProx-mu0.01,0.5,13,0.961751
2,4,MLP-FedProx-mu0.01,0.5,14,0.959321
2,4,MLP-FedProx-mu0.01,0.5,15,0.9598
2,4,MLP-FedProx-mu0.01,0.5,16,0.966287
2,4,MLP-FedProx-mu0.01,0.5,17,0.975989
2,4,MLP-FedProx-mu0.01,0.5,18,0.984402
2,4,MLP-FedProx-mu0.01,0.5,19,0.98746
2,4,MLP-FedProx-mu0.01,0.1,0,1.386154
2,4,MLP-FedProx-mu0.01,0.1,1,1.394271
2,4,MLP-FedProx-mu0.01,0.1,2,1.393982
2,4,MLP-FedProx-mu0.01,0.1,3,1.38977
2,4,MLP-FedProx-mu0.01,0.1,4,1.384818
2,4,MLP-FedProx-mu0.01,0.1,5,1.373117
2,4,MLP-FedProx-mu0.01,0.1,6,1.302703
2,4,MLP-FedProx-mu0.01,0.1,7,1.197673
2,4,MLP-FedProx-mu0.01,0.1,8,1.139222
2,4,MLP-FedProx-mu0.01,0.1,9,1.177806
2,4,MLP-FedProx-mu0.01,0.1,10,1.266149
2,4,MLP-FedProx-mu0.01,0.1,11,1.231891
2,4,MLP-FedProx-mu0.01,0.1,12,1.298126
2,4,MLP-FedProx-mu0.01,0.1,13,1.05292
2,4,MLP-FedProx-mu0.01,0.1,14,1.328313
2,4,MLP-FedProx-mu0.01,0.1,15,1.042426
2,4,MLP-FedProx-mu0.01,0.1,16,1.316036
2,4,MLP-FedProx-mu0.01,0.1,17,0.999182
2,4,MLP-FedProx-mu0.01,0.1,18,1.214974
2,4,MLP-FedProx-mu0.01,0.1,19,1.075043
2,4,MLP-FedProx-mu0.01,natural,0,0.695325
2,4,MLP-FedProx-mu0.01,natural,1,0.688741
2,4,MLP-FedProx-mu0.01,natural,2,0.681094
2,4,MLP-FedProx-mu0.01,natural,3,0.670266
2,4,MLP-FedProx-mu0.01,natural,4,0.654044
2,4,MLP-FedProx-mu0.01,natural,5,0.633717
2,4,MLP-FedProx-mu0.01,natural,6,0.586625
2,4,MLP-FedProx-mu0.01,natural,7,0.549773
2,4,MLP-FedProx-mu0.01,natural,8,0.518251
2,4,MLP-FedProx-mu0.01,natural,9,0.496254
2,4,MLP-FedProx-mu0.01,natural,10,0.486999
2,4,MLP-FedProx-mu0.01,natural,11,0.491693
2,4,MLP-FedProx-mu0.01,natural,12,0.493951
2,4,MLP-FedProx-mu0.01,natural,13,0.49921
2,4,MLP-FedProx-mu0.01,natural,14,0.494396
2,4,MLP-FedProx-mu0.01,natural,15,0.475088
2,4,MLP-FedProx-mu0.01,natural,16,0.465494
2,4,MLP-FedProx-mu0.01,natural,17,0.459069
2,4,MLP-FedProx-mu0.01,natural,18,0.448566
2,4,MLP-FedProx-mu0.01,natural,19,0.458653
3,0,MLP-FedProx-mu0.01,100,0,0.165345
3,0,MLP-FedProx-mu0.01,100,1,0.164091
3,0,MLP-FedProx-mu0.01,100,2,0.172326
3,0,MLP-FedProx-mu0.01,100,3,0.185607
3,0,MLP-FedProx-mu0.01,100,4,0.200018
3,0,MLP-FedProx-mu0.01,100,5,0.214546
3,0,MLP-FedProx-mu0.01,100,6,0.22797
3,0,MLP-FedProx-mu0.01,100,7,0.239369
3,0,MLP-FedProx-mu0.01,100,8,0.249271
3,0,MLP-FedProx-mu0.01,100,9,0.258322
3,0,MLP-FedProx-mu0.01,100,10,0.266655
3,0,MLP-FedProx-mu0.01,100,11,0.274394
3,0,MLP-FedProx-mu0.01,100,12,0.2814
3,0,MLP-FedProx-mu0.01,100,13,0.288094
3,0,MLP-FedProx-mu0.01,100,14,0.292669
3,0,MLP-FedProx-mu0.01,100,15,0.305052
3,0,MLP-FedProx-mu0.01,100,16,0.277349
3,0,MLP-FedProx-mu0.01,100,17,0.270381
3,0,MLP-FedProx-mu0.01,100,18,0.260255
3,0,MLP-FedProx-mu0.01,100,19,0.289205
3,0,MLP-FedProx-mu0.01,1.0,0,0.262682
3,0,MLP-FedProx-mu0.01,1.0,1,0.265231
3,0,MLP-FedProx-mu0.01,1.0,2,0.270262
3,0,MLP-FedProx-mu0.01,1.0,3,0.276235
3,0,MLP-FedProx-mu0.01,1.0,4,0.28549
3,0,MLP-FedProx-mu0.01,1.0,5,0.298591
3,0,MLP-FedProx-mu0.01,1.0,6,0.313334
3,0,MLP-FedProx-mu0.01,1.0,7,0.326351
3,0,MLP-FedProx-mu0.01,1.0,8,0.33594
3,0,MLP-FedProx-mu0.01,1.0,9,0.342201
3,0,MLP-FedProx-mu0.01,1.0,10,0.345988
3,0,MLP-FedProx-mu0.01,1.0,11,0.348129
3,0,MLP-FedProx-mu0.01,1.0,12,0.349218
3,0,MLP-FedProx-mu0.01,1.0,13,0.349652
3,0,MLP-FedProx-mu0.01,1.0,14,0.349692
3,0,MLP-FedProx-mu0.01,1.0,15,0.349513
3,0,MLP-FedProx-mu0.01,1.0,16,0.349235
3,0,MLP-FedProx-mu0.01,1.0,17,0.348943
3,0,MLP-FedProx-mu0.01,1.0,18,0.3487
3,0,MLP-FedProx-mu0.01,1.0,19,0.348556
3,0,MLP-FedProx-mu0.01,0.5,0,0.827546
3,0,MLP-FedProx-mu0.01,0.5,1,0.750584
3,0,MLP-FedProx-mu0.01,0.5,2,0.701142
3,0,MLP-FedProx-mu0.01,0.5,3,0.676608
3,0,MLP-FedProx-mu0.01,0.5,4,0.670173
3,0,MLP-FedProx-mu0.01,0.5,5,0.673062
3,0,MLP-FedProx-mu0.01,0.5,6,0.678912
3,0,MLP-FedProx-mu0.01,0.5,7,0.685378
3,0,MLP-FedProx-mu0.01,0.5,8,0.691946
3,0,MLP-FedProx-mu0.01,0.5,9,0.697629
3,0,MLP-FedProx-mu0.01,0.5,10,0.701905
3,0,MLP-FedProx-mu0.01,0.5,11,0.705078
3,0,MLP-FedProx-mu0.01,0.5,12,0.70735
3,0,MLP-FedProx-mu0.01,0.5,13,0.708985
3,0,MLP-FedProx-mu0.01,0.5,14,0.710166
3,0,MLP-FedProx-mu0.01,0.5,15,0.711051
3,0,MLP-FedProx-mu0.01,0.5,16,0.71174
3,0,MLP-FedProx-mu0.01,0.5,17,0.712304
3,0,MLP-FedProx-mu0.01,0.5,18,0.712783
3,0,MLP-FedProx-mu0.01,0.5,19,0.713202
3,0,MLP-FedProx-mu0.01,0.1,0,1.170717
3,0,MLP-FedProx-mu0.01,0.1,1,1.074539
3,0,MLP-FedProx-mu0.01,0.1,2,1.056642
3,0,MLP-FedProx-mu0.01,0.1,3,1.074877
3,0,MLP-FedProx-mu0.01,0.1,4,1.09183
3,0,MLP-FedProx-mu0.01,0.1,5,1.105066
3,0,MLP-FedProx-mu0.01,0.1,6,1.118116
3,0,MLP-FedProx-mu0.01,0.1,7,1.131127
3,0,MLP-FedProx-mu0.01,0.1,8,1.143109
3,0,MLP-FedProx-mu0.01,0.1,9,1.153305
3,0,MLP-FedProx-mu0.01,0.1,10,1.161373
3,0,MLP-FedProx-mu0.01,0.1,11,1.167307
3,0,MLP-FedProx-mu0.01,0.1,12,1.171281
3,0,MLP-FedProx-mu0.01,0.1,13,1.173555
3,0,MLP-FedProx-mu0.01,0.1,14,1.174402
3,0,MLP-FedProx-mu0.01,0.1,15,1.174085
3,0,MLP-FedProx-mu0.01,0.1,16,1.172833
3,0,MLP-FedProx-mu0.01,0.1,17,1.170846
3,0,MLP-FedProx-mu0.01,0.1,18,1.16829
3,0,MLP-FedProx-mu0.01,0.1,19,1.165308
3,0,MLP-FedProx-mu0.01,natural,0,0.601608
3,0,MLP-FedProx-mu0.01,natural,1,0.552905
3,0,MLP-FedProx-mu0.01,natural,2,0.518818
3,0,MLP-FedProx-mu0.01,natural,3,0.496665
3,0,MLP-FedProx-mu0.01,natural,4,0.483408
3,0,MLP-FedProx-mu0.01,natural,5,0.476148
3,0,MLP-FedProx-mu0.01,natural,6,0.473023
3,0,MLP-FedProx-mu0.01,natural,7,0.472846
3,0,MLP-FedProx-mu0.01,natural,8,0.474658
3,0,MLP-FedProx-mu0.01,natural,9,0.477459
3,0,MLP-FedProx-mu0.01,natural,10,0.480271
3,0,MLP-FedProx-mu0.01,natural,11,0.482473
3,0,MLP-FedProx-mu0.01,natural,12,0.483923
3,0,MLP-FedProx-mu0.01,natural,13,0.484724
3,0,MLP-FedProx-mu0.01,natural,14,0.485145
3,0,MLP-FedProx-mu0.01,natural,15,0.485181
3,0,MLP-FedProx-mu0.01,natural,16,0.485638
3,0,MLP-FedProx-mu0.01,natural,17,0.484762
3,0,MLP-FedProx-mu0.01,natural,18,0.500259
3,0,MLP-FedProx-mu0.01,natural,19,0.486647
3,1,MLP-FedProx-mu0.01,100,0,0.137565
3,1,MLP-FedProx-mu0.01,100,1,0.14095
3,1,MLP-FedProx-mu0.01,100,2,0.150703
3,1,MLP-FedProx-mu0.01,100,3,0.161822
3,1,MLP-FedProx-mu0.01,100,4,0.174332
3,1,MLP-FedProx-mu0.01,100,5,0.189042
3,1,MLP-FedProx-mu0.01,100,6,0.204692
3,1,MLP-FedProx-mu0.01,100,7,0.219493
3,1,MLP-FedProx-mu0.01,100,8,0.232939
3,1,MLP-FedProx-mu0.01,100,9,0.244525
3,1,MLP-FedProx-mu0.01,100,10,0.254016
3,1,MLP-FedProx-mu0.01,100,11,0.26148
3,1,MLP-FedProx-mu0.01,100,12,0.267184
3,1,MLP-FedProx-mu0.01,100,13,0.271556
3,1,MLP-FedProx-mu0.01,100,14,0.274695
3,1,MLP-FedProx-mu0.01,100,15,0.277647
3,1,MLP-FedProx-mu0.01,100,16,0.278142
3,1,MLP-FedProx-mu0.01,100,17,0.28525
3,1,MLP-FedProx-mu0.01,100,18,0.274057
3,1,MLP-FedProx-mu0.01,100,19,0.29279
3,1,MLP-FedProx-mu0.01,1.0,0,0.261786
3,1,MLP-FedProx-mu0.01,1.0,1,0.261144
3,1,MLP-FedProx-mu0.01,1.0,2,0.260072
3,1,MLP-FedProx-mu0.01,1.0,3,0.255598
3,1,MLP-FedProx-mu0.01,1.0,4,0.255541
3,1,MLP-FedProx-mu0.01,1.0,5,0.261583
3,1,MLP-FedProx-mu0.01,1.0,6,0.271803
3,1,MLP-FedProx-mu0.01,1.0,7,0.283192
3,1,MLP-FedProx-mu0.01,1.0,8,0.293699
3,1,MLP-FedProx-mu0.01,1.0,9,0.302423
3,1,MLP-FedProx-mu0.01,1.0,10,0.309217
3,1,MLP-FedProx-mu0.01,1.0,11,0.314306
3,1,MLP-FedProx-mu0.01,1.0,12,0.318041
3,1,MLP-FedProx-mu0.01,1.0,13,0.320761
3,1,MLP-FedProx-mu0.01,1.0,14,0.322745
3,1,MLP-FedProx-mu0.01,1.0,15,0.324209
3,1,MLP-FedProx-mu0.01,1.0,16,0.325311
3,1,MLP-FedProx-mu0.01,1.0,17,0.326166
3,1,MLP-FedProx-mu0.01,1.0,18,0.326855
3,1,MLP-FedProx-mu0.01,1.0,19,0.327435
3,1,MLP-FedProx-mu0.01,0.5,0,0.800988
3,1,MLP-FedProx-mu0.01,0.5,1,0.7304
3,1,MLP-FedProx-mu0.01,0.5,2,0.69031
3,1,MLP-FedProx-mu0.01,0.5,3,0.675304
3,1,MLP-FedProx-mu0.01,0.5,4,0.676358
3,1,MLP-FedProx-mu0.01,0.5,5,0.682628
3,1,MLP-FedProx-mu0.01,0.5,6,0.688364
3,1,MLP-FedProx-mu0.01,0.5,7,0.692842
3,1,MLP-FedProx-mu0.01,0.5,8,0.696396
3,1,MLP-FedProx-mu0.01,0.5,9,0.699158
3,1,MLP-FedProx-mu0.01,0.5,10,0.701198
3,1,MLP-FedProx-mu0.01,0.5,11,0.702609
3,1,MLP-FedProx-mu0.01,0.5,12,0.703517
3,1,MLP-FedProx-mu0.01,0.5,13,0.704049
3,1,MLP-FedProx-mu0.01,0.5,14,0.704312
3,1,MLP-FedProx-mu0.01,0.5,15,0.704386
3,1,MLP-FedProx-mu0.01,0.5,16,0.70433
3,1,MLP-FedProx-mu0.01,0.5,17,0.704185
3,1,MLP-FedProx-mu0.01,0.5,18,0.703979
3,1,MLP-FedProx-mu0.01,0.5,19,0.703733
3,1,MLP-FedProx-mu0.01,0.1,0,1.191266
3,1,MLP-FedProx-mu0.01,0.1,1,1.098623
3,1,MLP-FedProx-mu0.01,0.1,2,1.075928
3,1,MLP-FedProx-mu0.01,0.1,3,1.094608
3,1,MLP-FedProx-mu0.01,0.1,4,1.113093
3,1,MLP-FedProx-mu0.01,0.1,5,1.127194
3,1,MLP-FedProx-mu0.01,0.1,6,1.139754
3,1,MLP-FedProx-mu0.01,0.1,7,1.151633
3,1,MLP-FedProx-mu0.01,0.1,8,1.16224
3,1,MLP-FedProx-mu0.01,0.1,9,1.171302
3,1,MLP-FedProx-mu0.01,0.1,10,1.178708
3,1,MLP-FedProx-mu0.01,0.1,11,1.184684
3,1,MLP-FedProx-mu0.01,0.1,12,1.18932
3,1,MLP-FedProx-mu0.01,0.1,13,1.19294
3,1,MLP-FedProx-mu0.01,0.1,14,1.195567
3,1,MLP-FedProx-mu0.01,0.1,15,1.197515
3,1,MLP-FedProx-mu0.01,0.1,16,1.198707
3,1,MLP-FedProx-mu0.01,0.1,17,1.19944
3,1,MLP-FedProx-mu0.01,0.1,18,1.199586
3,1,MLP-FedProx-mu0.01,0.1,19,1.199409
3,1,MLP-FedProx-mu0.01,natural,0,0.63854
3,1,MLP-FedProx-mu0.01,natural,1,0.596203
3,1,MLP-FedProx-mu0.01,natural,2,0.563437
3,1,MLP-FedProx-mu0.01,natural,3,0.539536
3,1,MLP-FedProx-mu0.01,natural,4,0.523507
3,1,MLP-FedProx-mu0.01,natural,5,0.512852
3,1,MLP-FedProx-mu0.01,natural,6,0.505754
3,1,MLP-FedProx-mu0.01,natural,7,0.501418
3,1,MLP-FedProx-mu0.01,natural,8,0.49897
3,1,MLP-FedProx-mu0.01,natural,9,0.497424
3,1,MLP-FedProx-mu0.01,natural,10,0.496657
3,1,MLP-FedProx-mu0.01,natural,11,0.496299
3,1,MLP-FedProx-mu0.01,natural,12,0.496637
3,1,MLP-FedProx-mu0.01,natural,13,0.495992
3,1,MLP-FedProx-mu0.01,natural,14,0.522877
3,1,MLP-FedProx-mu0.01,natural,15,0.533899
3,1,MLP-FedProx-mu0.01,natural,16,0.500696
3,1,MLP-FedProx-mu0.01,natural,17,0.512296
3,1,MLP-FedProx-mu0.01,natural,18,0.498636
3,1,MLP-FedProx-mu0.01,natural,19,0.508145
3,2,MLP-FedProx-mu0.01,100,0,0.11998
3,2,MLP-FedProx-mu0.01,100,1,0.134553
3,2,MLP-FedProx-mu0.01,100,2,0.150357
3,2,MLP-FedProx-mu0.01,100,3,0.166331
3,2,MLP-FedProx-mu0.01,100,4,0.182169
3,2,MLP-FedProx-mu0.01,100,5,0.197186
3,2,MLP-FedProx-mu0.01,100,6,0.211116
3,2,MLP-FedProx-mu0.01,100,7,0.22423
3,2,MLP-FedProx-mu0.01,100,8,0.236856
3,2,MLP-FedProx-mu0.01,100,9,0.249052
3,2,MLP-FedProx-mu0.01,100,10,0.260891
3,2,MLP-FedProx-mu0.01,100,11,0.272403
3,2,MLP-FedProx-mu0.01,100,12,0.283549
3,2,MLP-FedProx-mu0.01,100,13,0.294139
3,2,MLP-FedProx-mu0.01,100,14,0.304057
3,2,MLP-FedProx-mu0.01,100,15,0.313053
3,2,MLP-FedProx-mu0.01,100,16,0.321343
3,2,MLP-FedProx-mu0.01,100,17,0.328408
3,2,MLP-FedProx-mu0.01,100,18,0.335568
3,2,MLP-FedProx-mu0.01,100,19,0.339817
3,2,MLP-FedProx-mu0.01,1.0,0,0.254954
3,2,MLP-FedProx-mu0.01,1.0,1,0.24331
3,2,MLP-FedProx-mu0.01,1.0,2,0.235991
3,2,MLP-FedProx-mu0.01,1.0,3,0.231302
3,2,MLP-FedProx-mu0.01,1.0,4,0.230576
3,2,MLP-FedProx-mu0.01,1.0,5,0.233916
3,2,MLP-FedProx-mu0.01,1.0,6,0.241886
3,2,MLP-FedProx-mu0.01,1.0,7,0.253719
3,2,MLP-FedProx-mu0.01,1.0,8,0.266579
3,2,MLP-FedProx-mu0.01,1.0,9,0.277931
3,2,MLP-FedProx-mu0.01,1.0,10,0.28685
3,2,MLP-FedProx-mu0.01,1.0,11,0.293457
3,2,MLP-FedProx-mu0.01,1.0,12,0.298227
3,2,MLP-FedProx-mu0.01,1.0,13,0.301646
3,2,MLP-FedProx-mu0.01,1.0,14,0.304109
3,2,MLP-FedProx-mu0.01,1.0,15,0.305913
3,2,MLP-FedProx-mu0.01,1.0,16,0.307275
3,2,MLP-FedProx-mu0.01,1.0,17,0.308357
3,2,MLP-FedProx-mu0.01,1.0,18,0.309281
3,2,MLP-FedProx-mu0.01,1.0,19,0.310146
3,2,MLP-FedProx-mu0.01,0.5,0,0.803481
3,2,MLP-FedProx-mu0.01,0.5,1,0.737134
3,2,MLP-FedProx-mu0.01,0.5,2,0.701616
3,2,MLP-FedProx-mu0.01,0.5,3,0.689719
3,2,MLP-FedProx-mu0.01,0.5,4,0.691009
3,2,MLP-FedProx-mu0.01,0.5,5,0.697945
3,2,MLP-FedProx-mu0.01,0.5,6,0.70674
3,2,MLP-FedProx-mu0.01,0.5,7,0.715724
3,2,MLP-FedProx-mu0.01,0.5,8,0.723973
3,2,MLP-FedProx-mu0.01,0.5,9,0.731002
3,2,MLP-FedProx-mu0.01,0.5,10,0.73672
3,2,MLP-FedProx-mu0.01,0.5,11,0.741282
3,2,MLP-FedProx-mu0.01,0.5,12,0.744909
3,2,MLP-FedProx-mu0.01,0.5,13,0.747792
3,2,MLP-FedProx-mu0.01,0.5,14,0.750077
3,2,MLP-FedProx-mu0.01,0.5,15,0.751881
3,2,MLP-FedProx-mu0.01,0.5,16,0.753296
3,2,MLP-FedProx-mu0.01,0.5,17,0.7544
3,2,MLP-FedProx-mu0.01,0.5,18,0.755254
3,2,MLP-FedProx-mu0.01,0.5,19,0.755912
3,2,MLP-FedProx-mu0.01,0.1,0,1.173952
3,2,MLP-FedProx-mu0.01,0.1,1,1.081729
3,2,MLP-FedProx-mu0.01,0.1,2,1.076733
3,2,MLP-FedProx-mu0.01,0.1,3,1.108352
3,2,MLP-FedProx-mu0.01,0.1,4,1.12762
3,2,MLP-FedProx-mu0.01,0.1,5,1.139966
3,2,MLP-FedProx-mu0.01,0.1,6,1.152845
3,2,MLP-FedProx-mu0.01,0.1,7,1.167328
3,2,MLP-FedProx-mu0.01,0.1,8,1.182298
3,2,MLP-FedProx-mu0.01,0.1,9,1.196584
3,2,MLP-FedProx-mu0.01,0.1,10,1.20956
3,2,MLP-FedProx-mu0.01,0.1,11,1.220964
3,2,MLP-FedProx-mu0.01,0.1,12,1.230744
3,2,MLP-FedProx-mu0.01,0.1,13,1.238926
3,2,MLP-FedProx-mu0.01,0.1,14,1.245593
3,2,MLP-FedProx-mu0.01,0.1,15,1.250868
3,2,MLP-FedProx-mu0.01,0.1,16,1.25491
3,2,MLP-FedProx-mu0.01,0.1,17,1.257891
3,2,MLP-FedProx-mu0.01,0.1,18,1.259984
3,2,MLP-FedProx-mu0.01,0.1,19,1.26135
3,2,MLP-FedProx-mu0.01,natural,0,0.600235
3,2,MLP-FedProx-mu0.01,natural,1,0.551361
3,2,MLP-FedProx-mu0.01,natural,2,0.514993
3,2,MLP-FedProx-mu0.01,natural,3,0.490031
3,2,MLP-FedProx-mu0.01,natural,4,0.476097
3,2,MLP-FedProx-mu0.01,natural,5,0.470168
3,2,MLP-FedProx-mu0.01,natural,6,0.468944
3,2,MLP-FedProx-mu0.01,natural,7,0.470433
3,2,MLP-FedProx-mu0.01,natural,8,0.473679
3,2,MLP-FedProx-mu0.01,natural,9,0.478125
3,2,MLP-FedProx-mu0.01,natural,10,0.48323
3,2,MLP-FedProx-mu0.01,natural,11,0.488246
3,2,MLP-FedProx-mu0.01,natural,12,0.49232
3,2,MLP-FedProx-mu0.01,natural,13,0.495192
3,2,MLP-FedProx-mu0.01,natural,14,0.497158
3,2,MLP-FedProx-mu0.01,natural,15,0.498557
3,2,MLP-FedProx-mu0.01,natural,16,0.49956
3,2,MLP-FedProx-mu0.01,natural,17,0.500504
3,2,MLP-FedProx-mu0.01,natural,18,0.500757
3,2,MLP-FedProx-mu0.01,natural,19,0.503543
3,3,MLP-FedProx-mu0.01,100,0,0.207122
3,3,MLP-FedProx-mu0.01,100,1,0.20019
3,3,MLP-FedProx-mu0.01,100,2,0.203894
3,3,MLP-FedProx-mu0.01,100,3,0.210012
3,3,MLP-FedProx-mu0.01,100,4,0.217069
3,3,MLP-FedProx-mu0.01,100,5,0.22559
3,3,MLP-FedProx-mu0.01,100,6,0.235913
3,3,MLP-FedProx-mu0.01,100,7,0.247734
3,3,MLP-FedProx-mu0.01,100,8,0.260391
3,3,MLP-FedProx-mu0.01,100,9,0.273138
3,3,MLP-FedProx-mu0.01,100,10,0.285356
3,3,MLP-FedProx-mu0.01,100,11,0.296638
3,3,MLP-FedProx-mu0.01,100,12,0.30674
3,3,MLP-FedProx-mu0.01,100,13,0.315579
3,3,MLP-FedProx-mu0.01,100,14,0.323153
3,3,MLP-FedProx-mu0.01,100,15,0.329554
3,3,MLP-FedProx-mu0.01,100,16,0.334942
3,3,MLP-FedProx-mu0.01,100,17,0.339261
3,3,MLP-FedProx-mu0.01,100,18,0.343524
3,3,MLP-FedProx-mu0.01,100,19,0.344279
3,3,MLP-FedProx-mu0.01,1.0,0,0.288174
3,3,MLP-FedProx-mu0.01,1.0,1,0.302359
3,3,MLP-FedProx-mu0.01,1.0,2,0.309171
3,3,MLP-FedProx-mu0.01,1.0,3,0.311994
3,3,MLP-FedProx-mu0.01,1.0,4,0.316645
3,3,MLP-FedProx-mu0.01,1.0,5,0.323987
3,3,MLP-FedProx-mu0.01,1.0,6,0.33263
3,3,MLP-FedProx-mu0.01,1.0,7,0.340653
3,3,MLP-FedProx-mu0.01,1.0,8,0.346955
3,3,MLP-FedProx-mu0.01,1.0,9,0.351371
3,3,MLP-FedProx-mu0.01,1.0,10,0.354202
3,3,MLP-FedProx-mu0.01,1.0,11,0.355856
3,3,MLP-FedProx-mu0.01,1.0,12,0.35669
3,3,MLP-FedProx-mu0.01,1.0,13,0.356976
3,3,MLP-FedProx-mu0.01,1.0,14,0.356909
3,3,MLP-FedProx-mu0.01,1.0,15,0.356627
3,3,MLP-FedProx-mu0.01,1.0,16,0.356231
3,3,MLP-FedProx-mu0.01,1.0,17,0.355787
3,3,MLP-FedProx-mu0.01,1.0,18,0.355346
3,3,MLP-FedProx-mu0.01,1.0,19,0.354942
3,3,MLP-FedProx-mu0.01,0.5,0,0.823544
3,3,MLP-FedProx-mu0.01,0.5,1,0.748687
3,3,MLP-FedProx-mu0.01,0.5,2,0.707474
3,3,MLP-FedProx-mu0.01,0.5,3,0.692127
3,3,MLP-FedProx-mu0.01,0.5,4,0.690518
3,3,MLP-FedProx-mu0.01,0.5,5,0.695575
3,3,MLP-FedProx-mu0.01,0.5,6,0.704098
3,3,MLP-FedProx-mu0.01,0.5,7,0.714173
3,3,MLP-FedProx-mu0.01,0.5,8,0.724228
3,3,MLP-FedProx-mu0.01,0.5,9,0.733189
3,3,MLP-FedProx-mu0.01,0.5,10,0.740589
3,3,MLP-FedProx-mu0.01,0.5,11,0.746433
3,3,MLP-FedProx-mu0.01,0.5,12,0.750947
3,3,MLP-FedProx-mu0.01,0.5,13,0.754399
3,3,MLP-FedProx-mu0.01,0.5,14,0.757023
3,3,MLP-FedProx-mu0.01,0.5,15,0.759009
3,3,MLP-FedProx-mu0.01,0.5,16,0.760507
3,3,MLP-FedProx-mu0.01,0.5,17,0.761636
3,3,MLP-FedProx-mu0.01,0.5,18,0.762491
3,3,MLP-FedProx-mu0.01,0.5,19,0.763144
3,3,MLP-FedProx-mu0.01,0.1,0,1.170191
3,3,MLP-FedProx-mu0.01,0.1,1,1.075428
3,3,MLP-FedProx-mu0.01,0.1,2,1.066052
3,3,MLP-FedProx-mu0.01,0.1,3,1.092352
3,3,MLP-FedProx-mu0.01,0.1,4,1.107508
3,3,MLP-FedProx-mu0.01,0.1,5,1.118736
3,3,MLP-FedProx-mu0.01,0.1,6,1.13075
3,3,MLP-FedProx-mu0.01,0.1,7,1.143638
3,3,MLP-FedProx-mu0.01,0.1,8,1.156095
3,3,MLP-FedProx-mu0.01,0.1,9,1.167115
3,3,MLP-FedProx-mu0.01,0.1,10,1.176149
3,3,MLP-FedProx-mu0.01,0.1,11,1.18306
3,3,MLP-FedProx-mu0.01,0.1,12,1.187908
3,3,MLP-FedProx-mu0.01,0.1,13,1.190911
3,3,MLP-FedProx-mu0.01,0.1,14,1.192324
3,3,MLP-FedProx-mu0.01,0.1,15,1.192446
3,3,MLP-FedProx-mu0.01,0.1,16,1.191539
3,3,MLP-FedProx-mu0.01,0.1,17,1.189864
3,3,MLP-FedProx-mu0.01,0.1,18,1.187625
3,3,MLP-FedProx-mu0.01,0.1,19,1.18501
3,3,MLP-FedProx-mu0.01,natural,0,0.570162
3,3,MLP-FedProx-mu0.01,natural,1,0.516378
3,3,MLP-FedProx-mu0.01,natural,2,0.476812
3,3,MLP-FedProx-mu0.01,natural,3,0.450553
3,3,MLP-FedProx-mu0.01,natural,4,0.434744
3,3,MLP-FedProx-mu0.01,natural,5,0.425341
3,3,MLP-FedProx-mu0.01,natural,6,0.419702
3,3,MLP-FedProx-mu0.01,natural,7,0.416698
3,3,MLP-FedProx-mu0.01,natural,8,0.41573
3,3,MLP-FedProx-mu0.01,natural,9,0.416076
3,3,MLP-FedProx-mu0.01,natural,10,0.416907
3,3,MLP-FedProx-mu0.01,natural,11,0.417705
3,3,MLP-FedProx-mu0.01,natural,12,0.418341
3,3,MLP-FedProx-mu0.01,natural,13,0.418816
3,3,MLP-FedProx-mu0.01,natural,14,0.41916
3,3,MLP-FedProx-mu0.01,natural,15,0.419394
3,3,MLP-FedProx-mu0.01,natural,16,0.419563
3,3,MLP-FedProx-mu0.01,natural,17,0.419639
3,3,MLP-FedProx-mu0.01,natural,18,0.419762
3,3,MLP-FedProx-mu0.01,natural,19,0.419611
3,4,MLP-FedProx-mu0.01,100,0,0.173797
3,4,MLP-FedProx-mu0.01,100,1,0.170428
3,4,MLP-FedProx-mu0.01,100,2,0.178209
3,4,MLP-FedProx-mu0.01,100,3,0.187857
3,4,MLP-FedProx-mu0.01,100,4,0.195055
3,4,MLP-FedProx-mu0.01,100,5,0.200362
3,4,MLP-FedProx-mu0.01,100,6,0.205158
3,4,MLP-FedProx-mu0.01,100,7,0.210579
3,4,MLP-FedProx-mu0.01,100,8,0.217137
3,4,MLP-FedProx-mu0.01,100,9,0.224772
3,4,MLP-FedProx-mu0.01,100,10,0.233097
3,4,MLP-FedProx-mu0.01,100,11,0.241588
3,4,MLP-FedProx-mu0.01,100,12,0.249758
3,4,MLP-FedProx-mu0.01,100,13,0.257269
3,4,MLP-FedProx-mu0.01,100,14,0.26395
3,4,MLP-FedProx-mu0.01,100,15,0.269764
3,4,MLP-FedProx-mu0.01,100,16,0.274759
3,4,MLP-FedProx-mu0.01,100,17,0.279029
3,4,MLP-FedProx-mu0.01,100,18,0.282685
3,4,MLP-FedProx-mu0.01,100,19,0.285835
3,4,MLP-FedProx-mu0.01,1.0,0,0.268477
3,4,MLP-FedProx-mu0.01,1.0,1,0.260937
3,4,MLP-FedProx-mu0.01,1.0,2,0.260034
3,4,MLP-FedProx-mu0.01,1.0,3,0.258091
3,4,MLP-FedProx-mu0.01,1.0,4,0.256474
3,4,MLP-FedProx-mu0.01,1.0,5,0.255691
3,4,MLP-FedProx-mu0.01,1.0,6,0.256467
3,4,MLP-FedProx-mu0.01,1.0,7,0.258998
3,4,MLP-FedProx-mu0.01,1.0,8,0.262605
3,4,MLP-FedProx-mu0.01,1.0,9,0.266505
3,4,MLP-FedProx-mu0.01,1.0,10,0.270174
3,4,MLP-FedProx-mu0.01,1.0,11,0.273339
3,4,MLP-FedProx-mu0.01,1.0,12,0.275913
3,4,MLP-FedProx-mu0.01,1.0,13,0.27793
3,4,MLP-FedProx-mu0.01,1.0,14,0.279474
3,4,MLP-FedProx-mu0.01,1.0,15,0.280648
3,4,MLP-FedProx-mu0.01,1.0,16,0.281546
3,4,MLP-FedProx-mu0.01,1.0,17,0.282249
3,4,MLP-FedProx-mu0.01,1.0,18,0.282818
3,4,MLP-FedProx-mu0.01,1.0,19,0.283302
3,4,MLP-FedProx-mu0.01,0.5,0,0.838599
3,4,MLP-FedProx-mu0.01,0.5,1,0.765728
3,4,MLP-FedProx-mu0.01,0.5,2,0.728185
3,4,MLP-FedProx-mu0.01,0.5,3,0.714841
3,4,MLP-FedProx-mu0.01,0.5,4,0.711924
3,4,MLP-FedProx-mu0.01,0.5,5,0.711999
3,4,MLP-FedProx-mu0.01,0.5,6,0.711684
3,4,MLP-FedProx-mu0.01,0.5,7,0.710585
3,4,MLP-FedProx-mu0.01,0.5,8,0.709863
3,4,MLP-FedProx-mu0.01,0.5,9,0.710305
3,4,MLP-FedProx-mu0.01,0.5,10,0.711693
3,4,MLP-FedProx-mu0.01,0.5,11,0.713496
3,4,MLP-FedProx-mu0.01,0.5,12,0.715334
3,4,MLP-FedProx-mu0.01,0.5,13,0.717013
3,4,MLP-FedProx-mu0.01,0.5,14,0.718477
3,4,MLP-FedProx-mu0.01,0.5,15,0.719742
3,4,MLP-FedProx-mu0.01,0.5,16,0.720868
3,4,MLP-FedProx-mu0.01,0.5,17,0.721939
3,4,MLP-FedProx-mu0.01,0.5,18,0.723059
3,4,MLP-FedProx-mu0.01,0.5,19,0.724356
3,4,MLP-FedProx-mu0.01,0.1,0,1.181323
3,4,MLP-FedProx-mu0.01,0.1,1,1.090004
3,4,MLP-FedProx-mu0.01,0.1,2,1.0766
3,4,MLP-FedProx-mu0.01,0.1,3,1.101046
3,4,MLP-FedProx-mu0.01,0.1,4,1.119357
3,4,MLP-FedProx-mu0.01,0.1,5,1.131631
3,4,MLP-FedProx-mu0.01,0.1,6,1.144237
3,4,MLP-FedProx-mu0.01,0.1,7,1.158469
3,4,MLP-FedProx-mu0.01,0.1,8,1.173211
3,4,MLP-FedProx-mu0.01,0.1,9,1.18734
3,4,MLP-FedProx-mu0.01,0.1,10,1.200067
3,4,MLP-FedProx-mu0.01,0.1,11,1.210998
3,4,MLP-FedProx-mu0.01,0.1,12,1.220013
3,4,MLP-FedProx-mu0.01,0.1,13,1.227214
3,4,MLP-FedProx-mu0.01,0.1,14,1.232808
3,4,MLP-FedProx-mu0.01,0.1,15,1.237057
3,4,MLP-FedProx-mu0.01,0.1,16,1.24021
3,4,MLP-FedProx-mu0.01,0.1,17,1.242496
3,4,MLP-FedProx-mu0.01,0.1,18,1.244103
3,4,MLP-FedProx-mu0.01,0.1,19,1.245189
3,4,MLP-FedProx-mu0.01,natural,0,0.607587
3,4,MLP-FedProx-mu0.01,natural,1,0.567792
3,4,MLP-FedProx-mu0.01,natural,2,0.536551
3,4,MLP-FedProx-mu0.01,natural,3,0.516291
3,4,MLP-FedProx-mu0.01,natural,4,0.505659
3,4,MLP-FedProx-mu0.01,natural,5,0.50091
3,4,MLP-FedProx-mu0.01,natural,6,0.499371
3,4,MLP-FedProx-mu0.01,natural,7,0.499712
3,4,MLP-FedProx-mu0.01,natural,8,0.501419
3,4,MLP-FedProx-mu0.01,natural,9,0.504168
3,4,MLP-FedProx-mu0.01,natural,10,0.506996
3,4,MLP-FedProx-mu0.01,natural,11,0.509077
3,4,MLP-FedProx-mu0.01,natural,12,0.510668
3,4,MLP-FedProx-mu0.01,natural,13,0.51189
3,4,MLP-FedProx-mu0.01,natural,14,0.513984
3,4,MLP-FedProx-mu0.01,natural,15,0.510802
3,4,MLP-FedProx-mu0.01,natural,16,0.531723
3,4,MLP-FedProx-mu0.01,natural,17,0.529223
3,4,MLP-FedProx-mu0.01,natural,18,0.483687
3,4,MLP-FedProx-mu0.01,natural,19,0.5047
4,0,MLP-FedProx-mu0.01,100,0,0.11978
4,0,MLP-FedProx-mu0.01,100,1,0.138522
4,0,MLP-FedProx-mu0.01,100,2,0.154626
4,0,MLP-FedProx-mu0.01,100,3,0.167938
4,0,MLP-FedProx-mu0.01,100,4,0.183225
4,0,MLP-FedProx-mu0.01,100,5,0.203224
4,0,MLP-FedProx-mu0.01,100,6,0.224323
4,0,MLP-FedProx-mu0.01,100,7,0.247201
4,0,MLP-FedProx-mu0.01,100,8,0.27056
4,0,MLP-FedProx-mu0.01,100,9,0.307872
4,0,MLP-FedProx-mu0.01,100,10,0.275761
4,0,MLP-FedProx-mu0.01,100,11,0.259013
4,0,MLP-FedProx-mu0.01,100,12,0.225489
4,0,MLP-FedProx-mu0.01,100,13,0.235231
4,0,MLP-FedProx-mu0.01,100,14,0.247371
4,0,MLP-FedProx-mu0.01,100,15,0.256112
4,0,MLP-FedProx-mu0.01,100,16,0.261827
4,0,MLP-FedProx-mu0.01,100,17,0.265699
4,0,MLP-FedProx-mu0.01,100,18,0.269223
4,0,MLP-FedProx-mu0.01,100,19,0.267278
4,0,MLP-FedProx-mu0.01,1.0,0,0.926946
4,0,MLP-FedProx-mu0.01,1.0,1,0.871156
4,0,MLP-FedProx-mu0.01,1.0,2,0.816862
4,0,MLP-FedProx-mu0.01,1.0,3,0.789141
4,0,MLP-FedProx-mu0.01,1.0,4,0.779042
4,0,MLP-FedProx-mu0.01,1.0,5,0.778109
4,0,MLP-FedProx-mu0.01,1.0,6,0.777506
4,0,MLP-FedProx-mu0.01,1.0,7,0.774989
4,0,MLP-FedProx-mu0.01,1.0,8,0.77162
4,0,MLP-FedProx-mu0.01,1.0,9,0.767945
4,0,MLP-FedProx-mu0.01,1.0,10,0.765713
4,0,MLP-FedProx-mu0.01,1.0,11,0.765605
4,0,MLP-FedProx-mu0.01,1.0,12,0.766943
4,0,MLP-FedProx-mu0.01,1.0,13,0.767514
4,0,MLP-FedProx-mu0.01,1.0,14,0.766817
4,0,MLP-FedProx-mu0.01,1.0,15,0.76555
4,0,MLP-FedProx-mu0.01,1.0,16,0.764304
4,0,MLP-FedProx-mu0.01,1.0,17,0.763349
4,0,MLP-FedProx-mu0.01,1.0,18,0.762725
4,0,MLP-FedProx-mu0.01,1.0,19,0.762358
4,0,MLP-FedProx-mu0.01,0.5,0,0.627578
4,0,MLP-FedProx-mu0.01,0.5,1,0.567131
4,0,MLP-FedProx-mu0.01,0.5,2,0.518445
4,0,MLP-FedProx-mu0.01,0.5,3,0.502826
4,0,MLP-FedProx-mu0.01,0.5,4,0.504847
4,0,MLP-FedProx-mu0.01,0.5,5,0.538634
4,0,MLP-FedProx-mu0.01,0.5,6,0.579661
4,0,MLP-FedProx-mu0.01,0.5,7,0.604493
4,0,MLP-FedProx-mu0.01,0.5,8,0.608464
4,0,MLP-FedProx-mu0.01,0.5,9,0.598239
4,0,MLP-FedProx-mu0.01,0.5,10,0.595741
4,0,MLP-FedProx-mu0.01,0.5,11,0.609007
4,0,MLP-FedProx-mu0.01,0.5,12,0.614262
4,0,MLP-FedProx-mu0.01,0.5,13,0.649581
4,0,MLP-FedProx-mu0.01,0.5,14,0.62272
4,0,MLP-FedProx-mu0.01,0.5,15,0.668723
4,0,MLP-FedProx-mu0.01,0.5,16,0.595735
4,0,MLP-FedProx-mu0.01,0.5,17,0.612887
4,0,MLP-FedProx-mu0.01,0.5,18,0.6322
4,0,MLP-FedProx-mu0.01,0.5,19,0.639658
4,0,MLP-FedProx-mu0.01,0.1,0,1.062531
4,0,MLP-FedProx-mu0.01,0.1,1,1.069036
4,0,MLP-FedProx-mu0.01,0.1,2,0.984612
4,0,MLP-FedProx-mu0.01,0.1,3,0.973171
4,0,MLP-FedProx-mu0.01,0.1,4,1.049937
4,0,MLP-FedProx-mu0.01,0.1,5,1.114425
4,0,MLP-FedProx-mu0.01,0.1,6,1.170205
4,0,MLP-FedProx-mu0.01,0.1,7,1.203449
4,0,MLP-FedProx-mu0.01,0.1,8,1.259185
4,0,MLP-FedProx-mu0.01,0.1,9,1.179316
4,0,MLP-FedProx-mu0.01,0.1,10,0.866371
4,0,MLP-FedProx-mu0.01,0.1,11,1.123792
4,0,MLP-FedProx-mu0.01,0.1,12,1.001562
4,0,MLP-FedProx-mu0.01,0.1,13,1.155561
4,0,MLP-FedProx-mu0.01,0.1,14,0.84942
4,0,MLP-FedProx-mu0.01,0.1,15,1.10834
4,0,MLP-FedProx-mu0.01,0.1,16,1.098224
4,0,MLP-FedProx-mu0.01,0.1,17,1.033553
4,0,MLP-FedProx-mu0.01,0.1,18,1.053715
4,0,MLP-FedProx-mu0.01,0.1,19,0.956974
4,0,MLP-FedProx-mu0.01,natural,0,0.685635
4,0,MLP-FedProx-mu0.01,natural,1,0.655002
4,0,MLP-FedProx-mu0.01,natural,2,0.611998
4,0,MLP-FedProx-mu0.01,natural,3,0.584942
4,0,MLP-FedProx-mu0.01,natural,4,0.565856
4,0,MLP-FedProx-mu0.01,natural,5,0.545003
4,0,MLP-FedProx-mu0.01,natural,6,0.526404
4,0,MLP-FedProx-mu0.01,natural,7,0.516022
4,0,MLP-FedProx-mu0.01,natural,8,0.51358
4,0,MLP-FedProx-mu0.01,natural,9,0.513032
4,0,MLP-FedProx-mu0.01,natural,10,0.510021
4,0,MLP-FedProx-mu0.01,natural,11,0.505526
4,0,MLP-FedProx-mu0.01,natural,12,0.513564
4,0,MLP-FedProx-mu0.01,natural,13,0.493208
4,0,MLP-FedProx-mu0.01,natural,14,0.480611
4,0,MLP-FedProx-mu0.01,natural,15,0.491433
4,0,MLP-FedProx-mu0.01,natural,16,0.473023
4,0,MLP-FedProx-mu0.01,natural,17,0.484518
4,0,MLP-FedProx-mu0.01,natural,18,0.473832
4,0,MLP-FedProx-mu0.01,natural,19,0.479507
4,1,MLP-FedProx-mu0.01,100,0,0.087374
4,1,MLP-FedProx-mu0.01,100,1,0.123016
4,1,MLP-FedProx-mu0.01,100,2,0.143661
4,1,MLP-FedProx-mu0.01,100,3,0.157411
4,1,MLP-FedProx-mu0.01,100,4,0.169863
4,1,MLP-FedProx-mu0.01,100,5,0.186089
4,1,MLP-FedProx-mu0.01,100,6,0.204767
4,1,MLP-FedProx-mu0.01,100,7,0.229331
4,1,MLP-FedProx-mu0.01,100,8,0.242154
4,1,MLP-FedProx-mu0.01,100,9,0.266805
4,1,MLP-FedProx-mu0.01,100,10,0.199283
4,1,MLP-FedProx-mu0.01,100,11,0.226384
4,1,MLP-FedProx-mu0.01,100,12,0.20177
4,1,MLP-FedProx-mu0.01,100,13,0.24273
4,1,MLP-FedProx-mu0.01,100,14,0.204375
4,1,MLP-FedProx-mu0.01,100,15,0.248349
4,1,MLP-FedProx-mu0.01,100,16,0.206764
4,1,MLP-FedProx-mu0.01,100,17,0.251389
4,1,MLP-FedProx-mu0.01,100,18,0.209217
4,1,MLP-FedProx-mu0.01,100,19,0.254647
4,1,MLP-FedProx-mu0.01,1.0,0,0.953616
4,1,MLP-FedProx-mu0.01,1.0,1,0.89846
4,1,MLP-FedProx-mu0.01,1.0,2,0.832006
4,1,MLP-FedProx-mu0.01,1.0,3,0.792589
4,1,MLP-FedProx-mu0.01,1.0,4,0.775949
4,1,MLP-FedProx-mu0.01,1.0,5,0.772597
4,1,MLP-FedProx-mu0.01,1.0,6,0.772222
4,1,MLP-FedProx-mu0.01,1.0,7,0.77248
4,1,MLP-FedProx-mu0.01,1.0,8,0.774005
4,1,MLP-FedProx-mu0.01,1.0,9,0.7751
4,1,MLP-FedProx-mu0.01,1.0,10,0.77594
4,1,MLP-FedProx-mu0.01,1.0,11,0.777955
4,1,MLP-FedProx-mu0.01,1.0,12,0.780552
4,1,MLP-FedProx-mu0.01,1.0,13,0.781983
4,1,MLP-FedProx-mu0.01,1.0,14,0.782294
4,1,MLP-FedProx-mu0.01,1.0,15,0.782137
4,1,MLP-FedProx-mu0.01,1.0,16,0.781702
4,1,MLP-FedProx-mu0.01,1.0,17,0.781158
4,1,MLP-FedProx-mu0.01,1.0,18,0.780612
4,1,MLP-FedProx-mu0.01,1.0,19,0.780125
4,1,MLP-FedProx-mu0.01,0.5,0,0.684849
4,1,MLP-FedProx-mu0.01,0.5,1,0.616137
4,1,MLP-FedProx-mu0.01,0.5,2,0.585001
4,1,MLP-FedProx-mu0.01,0.5,3,0.573292
4,1,MLP-FedProx-mu0.01,0.5,4,0.585594
4,1,MLP-FedProx-mu0.01,0.5,5,0.628608
4,1,MLP-FedProx-mu0.01,0.5,6,0.669167
4,1,MLP-FedProx-mu0.01,0.5,7,0.689177
4,1,MLP-FedProx-mu0.01,0.5,8,0.698608
4,1,MLP-FedProx-mu0.01,0.5,9,0.706438
4,1,MLP-FedProx-mu0.01,0.5,10,0.713725
4,1,MLP-FedProx-mu0.01,0.5,11,0.7193
4,1,MLP-FedProx-mu0.01,0.5,12,0.724421
4,1,MLP-FedProx-mu0.01,0.5,13,0.729058
4,1,MLP-FedProx-mu0.01,0.5,14,0.732531
4,1,MLP-FedProx-mu0.01,0.5,15,0.734905
4,1,MLP-FedProx-mu0.01,0.5,16,0.736309
4,1,MLP-FedProx-mu0.01,0.5,17,0.737125
4,1,MLP-FedProx-mu0.01,0.5,18,0.73749
4,1,MLP-FedProx-mu0.01,0.5,19,0.737667
4,1,MLP-FedProx-mu0.01,0.1,0,1.070895
4,1,MLP-FedProx-mu0.01,0.1,1,1.06654
4,1,MLP-FedProx-mu0.01,0.1,2,0.975191
4,1,MLP-FedProx-mu0.01,0.1,3,0.994112
4,1,MLP-FedProx-mu0.01,0.1,4,1.070328
4,1,MLP-FedProx-mu0.01,0.1,5,1.13522
4,1,MLP-FedProx-mu0.01,0.1,6,1.174429
4,1,MLP-FedProx-mu0.01,0.1,7,1.231918
4,1,MLP-FedProx-mu0.01,0.1,8,1.131582
4,1,MLP-FedProx-mu0.01,0.1,9,1.072902
4,1,MLP-FedProx-mu0.01,0.1,10,1.338787
4,1,MLP-FedProx-mu0.01,0.1,11,0.893426
4,1,MLP-FedProx-mu0.01,0.1,12,1.028598
4,1,MLP-FedProx-mu0.01,0.1,13,1.045256
4,1,MLP-FedProx-mu0.01,0.1,14,1.026084
4,1,MLP-FedProx-mu0.01,0.1,15,1.049585
4,1,MLP-FedProx-mu0.01,0.1,16,0.812045
4,1,MLP-FedProx-mu0.01,0.1,17,1.062534
4,1,MLP-FedProx-mu0.01,0.1,18,1.049848
4,1,MLP-FedProx-mu0.01,0.1,19,1.102237
4,1,MLP-FedProx-mu0.01,natural,0,0.72
4,1,MLP-FedProx-mu0.01,natural,1,0.674141
4,1,MLP-FedProx-mu0.01,natural,2,0.624605
4,1,MLP-FedProx-mu0.01,natural,3,0.599325
4,1,MLP-FedProx-mu0.01,natural,4,0.584847
4,1,MLP-FedProx-mu0.01,natural,5,0.570424
4,1,MLP-FedProx-mu0.01,natural,6,0.558019
4,1,MLP-FedProx-mu0.01,natural,7,0.543184
4,1,MLP-FedProx-mu0.01,natural,8,0.53471
4,1,MLP-FedProx-mu0.01,natural,9,0.522801
4,1,MLP-FedProx-mu0.01,natural,10,0.518467
4,1,MLP-FedProx-mu0.01,natural,11,0.514181
4,1,MLP-FedProx-mu0.01,natural,12,0.479267
4,1,MLP-FedProx-mu0.01,natural,13,0.508611
4,1,MLP-FedProx-mu0.01,natural,14,0.463098
4,1,MLP-FedProx-mu0.01,natural,15,0.502509
4,1,MLP-FedProx-mu0.01,natural,16,0.461671
4,1,MLP-FedProx-mu0.01,natural,17,0.500245
4,1,MLP-FedProx-mu0.01,natural,18,0.461654
4,1,MLP-FedProx-mu0.01,natural,19,0.497321
4,2,MLP-FedProx-mu0.01,100,0,0.065466
4,2,MLP-FedProx-mu0.01,100,1,0.09318
4,2,MLP-FedProx-mu0.01,100,2,0.116866
4,2,MLP-FedProx-mu0.01,100,3,0.137512
4,2,MLP-FedProx-mu0.01,100,4,0.159665
4,2,MLP-FedProx-mu0.01,100,5,0.186884
4,2,MLP-FedProx-mu0.01,100,6,0.217743
4,2,MLP-FedProx-mu0.01,100,7,0.248086
4,2,MLP-FedProx-mu0.01,100,8,0.280162
4,2,MLP-FedProx-mu0.01,100,9,0.298131
4,2,MLP-FedProx-mu0.01,100,10,0.277667
4,2,MLP-FedProx-mu0.01,100,11,0.228216
4,2,MLP-FedProx-mu0.01,100,12,0.237785
4,2,MLP-FedProx-mu0.01,100,13,0.258199
4,2,MLP-FedProx-mu0.01,100,14,0.234815
4,2,MLP-FedProx-mu0.01,100,15,0.263917
4,2,MLP-FedProx-mu0.01,100,16,0.240148
4,2,MLP-FedProx-mu0.01,100,17,0.26811
4,2,MLP-FedProx-mu0.01,100,18,0.242638
4,2,MLP-FedProx-mu0.01,100,19,0.267296
4,2,MLP-FedProx-mu0.01,1.0,0,0.897144
4,2,MLP-FedProx-mu0.01,1.0,1,0.832972
4,2,MLP-FedProx-mu0.01,1.0,2,0.776829
4,2,MLP-FedProx-mu0.01,1.0,3,0.742771
4,2,MLP-FedProx-mu0.01,1.0,4,0.721885
4,2,MLP-FedProx-mu0.01,1.0,5,0.712098
4,2,MLP-FedProx-mu0.01,1.0,6,0.708311
4,2,MLP-FedProx-mu0.01,1.0,7,0.703964
4,2,MLP-FedProx-mu0.01,1.0,8,0.69941
4,2,MLP-FedProx-mu0.01,1.0,9,0.695056
4,2,MLP-FedProx-mu0.01,1.0,10,0.691791
4,2,MLP-FedProx-mu0.01,1.0,11,0.692585
4,2,MLP-FedProx-mu0.01,1.0,12,0.686481
4,2,MLP-FedProx-mu0.01,1.0,13,0.680086
4,2,MLP-FedProx-mu0.01,1.0,14,0.674956
4,2,MLP-FedProx-mu0.01,1.0,15,0.6718
4,2,MLP-FedProx-mu0.01,1.0,16,0.669591
4,2,MLP-FedProx-mu0.01,1.0,17,0.668065
4,2,MLP-FedProx-mu0.01,1.0,18,0.666956
4,2,MLP-FedProx-mu0.01,1.0,19,0.666129
4,2,MLP-FedProx-mu0.01,0.5,0,0.689506
4,2,MLP-FedProx-mu0.01,0.5,1,0.617931
4,2,MLP-FedProx-mu0.01,0.5,2,0.578965
4,2,MLP-FedProx-mu0.01,0.5,3,0.556754
4,2,MLP-FedProx-mu0.01,0.5,4,0.543408
4,2,MLP-FedProx-mu0.01,0.5,5,0.556618
4,2,MLP-FedProx-mu0.01,0.5,6,0.592598
4,2,MLP-FedProx-mu0.01,0.5,7,0.623653
4,2,MLP-FedProx-mu0.01,0.5,8,0.631121
4,2,MLP-FedProx-mu0.01,0.5,9,0.612425
4,2,MLP-FedProx-mu0.01,0.5,10,0.604199
4,2,MLP-FedProx-mu0.01,0.5,11,0.621747
4,2,MLP-FedProx-mu0.01,0.5,12,0.617396
4,2,MLP-FedProx-mu0.01,0.5,13,0.664867
4,2,MLP-FedProx-mu0.01,0.5,14,0.60379
4,2,MLP-FedProx-mu0.01,0.5,15,0.621531
4,2,MLP-FedProx-mu0.01,0.5,16,0.61887
4,2,MLP-FedProx-mu0.01,0.5,17,0.648544
4,2,MLP-FedProx-mu0.01,0.5,18,0.596136
4,2,MLP-FedProx-mu0.01,0.5,19,0.620758
4,2,MLP-FedProx-mu0.01,0.1,0,1.057493
4,2,MLP-FedProx-mu0.01,0.1,1,1.062085
4,2,MLP-FedProx-mu0.01,0.1,2,0.972397
4,2,MLP-FedProx-mu0.01,0.1,3,0.979868
4,2,MLP-FedProx-mu0.01,0.1,4,1.059818
4,2,MLP-FedProx-mu0.01,0.1,5,1.124798
4,2,MLP-FedProx-mu0.01,0.1,6,1.171755
4,2,MLP-FedProx-mu0.01,0.1,7,1.220252
4,2,MLP-FedProx-mu0.01,0.1,8,1.218252
4,2,MLP-FedProx-mu0.01,0.1,9,1.215455
4,2,MLP-FedProx-mu0.01,0.1,10,1.025428
4,2,MLP-FedProx-mu0.01,0.1,11,1.119423
4,2,MLP-FedProx-mu0.01,0.1,12,0.824731
4,2,MLP-FedProx-mu0.01,0.1,13,0.963177
4,2,MLP-FedProx-mu0.01,0.1,14,1.150366
4,2,MLP-FedProx-mu0.01,0.1,15,0.839813
4,2,MLP-FedProx-mu0.01,0.1,16,0.988431
4,2,MLP-FedProx-mu0.01,0.1,17,1.175679
4,2,MLP-FedProx-mu0.01,0.1,18,0.9276
4,2,MLP-FedProx-mu0.01,0.1,19,1.039853
4,2,MLP-FedProx-mu0.01,natural,0,0.72869
4,2,MLP-FedProx-mu0.01,natural,1,0.688004
4,2,MLP-FedProx-mu0.01,natural,2,0.641183
4,2,MLP-FedProx-mu0.01,natural,3,0.618417
4,2,MLP-FedProx-mu0.01,natural,4,0.604037
4,2,MLP-FedProx-mu0.01,natural,5,0.583506
4,2,MLP-FedProx-mu0.01,natural,6,0.563016
4,2,MLP-FedProx-mu0.01,natural,7,0.554772
4,2,MLP-FedProx-mu0.01,natural,8,0.556696
4,2,MLP-FedProx-mu0.01,natural,9,0.560558
4,2,MLP-FedProx-mu0.01,natural,10,0.562627
4,2,MLP-FedProx-mu0.01,natural,11,0.567006
4,2,MLP-FedProx-mu0.01,natural,12,0.549993
4,2,MLP-FedProx-mu0.01,natural,13,0.554757
4,2,MLP-FedProx-mu0.01,natural,14,0.581172
4,2,MLP-FedProx-mu0.01,natural,15,0.472482
4,2,MLP-FedProx-mu0.01,natural,16,0.55494
4,2,MLP-FedProx-mu0.01,natural,17,0.476841
4,2,MLP-FedProx-mu0.01,natural,18,0.549492
4,2,MLP-FedProx-mu0.01,natural,19,0.476805
4,3,MLP-FedProx-mu0.01,100,0,0.089593
4,3,MLP-FedProx-mu0.01,100,1,0.108397
4,3,MLP-FedProx-mu0.01,100,2,0.12206
4,3,MLP-FedProx-mu0.01,100,3,0.137494
4,3,MLP-FedProx-mu0.01,100,4,0.157024
4,3,MLP-FedProx-mu0.01,100,5,0.180568
4,3,MLP-FedProx-mu0.01,100,6,0.205693
4,3,MLP-FedProx-mu0.01,100,7,0.231901
4,3,MLP-FedProx-mu0.01,100,8,0.279432
4,3,MLP-FedProx-mu0.01,100,9,0.293952
4,3,MLP-FedProx-mu0.01,100,10,0.376038
4,3,MLP-FedProx-mu0.01,100,11,0.208382
4,3,MLP-FedProx-mu0.01,100,12,0.222743
4,3,MLP-FedProx-mu0.01,100,13,0.23158
4,3,MLP-FedProx-mu0.01,100,14,0.243861
4,3,MLP-FedProx-mu0.01,100,15,0.238629
4,3,MLP-FedProx-mu0.01,100,16,0.248269
4,3,MLP-FedProx-mu0.01,100,17,0.244824
4,3,MLP-FedProx-mu0.01,100,18,0.254522
4,3,MLP-FedProx-mu0.01,100,19,0.25008
4,3,MLP-FedProx-mu0.01,1.0,0,0.905663
4,3,MLP-FedProx-mu0.01,1.0,1,0.845386
4,3,MLP-FedProx-mu0.01,1.0,2,0.783777
4,3,MLP-FedProx-mu0.01,1.0,3,0.743563
4,3,MLP-FedProx-mu0.01,1.0,4,0.723594
4,3,MLP-FedProx-mu0.01,1.0,5,0.713409
4,3,MLP-FedProx-mu0.01,1.0,6,0.704167
4,3,MLP-FedProx-mu0.01,1.0,7,0.69374
4,3,MLP-FedProx-mu0.01,1.0,8,0.679448
4,3,MLP-FedProx-mu0.01,1.0,9,0.665439
4,3,MLP-FedProx-mu0.01,1.0,10,0.659196
4,3,MLP-FedProx-mu0.01,1.0,11,0.661466
4,3,MLP-FedProx-mu0.01,1.0,12,0.656372
4,3,MLP-FedProx-mu0.01,1.0,13,0.653739
4,3,MLP-FedProx-mu0.01,1.0,14,0.657305
4,3,MLP-FedProx-mu0.01,1.0,15,0.657136
4,3,MLP-FedProx-mu0.01,1.0,16,0.655967
4,3,MLP-FedProx-mu0.01,1.0,17,0.654294
4,3,MLP-FedProx-mu0.01,1.0,18,0.652499
4,3,MLP-FedProx-mu0.01,1.0,19,0.650667
4,3,MLP-FedProx-mu0.01,0.5,0,0.733676
4,3,MLP-FedProx-mu0.01,0.5,1,0.659955
4,3,MLP-FedProx-mu0.01,0.5,2,0.616162
4,3,MLP-FedProx-mu0.01,0.5,3,0.59255
4,3,MLP-FedProx-mu0.01,0.5,4,0.584577
4,3,MLP-FedProx-mu0.01,0.5,5,0.595845
4,3,MLP-FedProx-mu0.01,0.5,6,0.613212
4,3,MLP-FedProx-mu0.01,0.5,7,0.616743
4,3,MLP-FedProx-mu0.01,0.5,8,0.594783
4,3,MLP-FedProx-mu0.01,0.5,9,0.60975
4,3,MLP-FedProx-mu0.01,0.5,10,0.67033
4,3,MLP-FedProx-mu0.01,0.5,11,0.599993
4,3,MLP-FedProx-mu0.01,0.5,12,0.664907
4,3,MLP-FedProx-mu0.01,0.5,13,0.632706
4,3,MLP-FedProx-mu0.01,0.5,14,0.625185
4,3,MLP-FedProx-mu0.01,0.5,15,0.620729
4,3,MLP-FedProx-mu0.01,0.5,16,0.621485
4,3,MLP-FedProx-mu0.01,0.5,17,0.614526
4,3,MLP-FedProx-mu0.01,0.5,18,0.616967
4,3,MLP-FedProx-mu0.01,0.5,19,0.609301
4,3,MLP-FedProx-mu0.01,0.1,0,1.063695
4,3,MLP-FedProx-mu0.01,0.1,1,1.074
4,3,MLP-FedProx-mu0.01,0.1,2,0.994508
4,3,MLP-FedProx-mu0.01,0.1,3,0.968558
4,3,MLP-FedProx-mu0.01,0.1,4,1.034943
4,3,MLP-FedProx-mu0.01,0.1,5,1.09352
4,3,MLP-FedProx-mu0.01,0.1,6,1.140281
4,3,MLP-FedProx-mu0.01,0.1,7,1.190555
4,3,MLP-FedProx-mu0.01,0.1,8,1.209332
4,3,MLP-FedProx-mu0.01,0.1,9,1.263144
4,3,MLP-FedProx-mu0.01,0.1,10,1.437985
4,3,MLP-FedProx-mu0.01,0.1,11,1.037892
4,3,MLP-FedProx-mu0.01,0.1,12,1.044633
4,3,MLP-FedProx-mu0.01,0.1,13,1.037179
4,3,MLP-FedProx-mu0.01,0.1,14,1.011372
4,3,MLP-FedProx-mu0.01,0.1,15,1.091357
4,3,MLP-FedProx-mu0.01,0.1,16,0.81608
4,3,MLP-FedProx-mu0.01,0.1,17,1.092733
4,3,MLP-FedProx-mu0.01,0.1,18,1.09519
4,3,MLP-FedProx-mu0.01,0.1,19,1.152399
4,3,MLP-FedProx-mu0.01,natural,0,0.678845
4,3,MLP-FedProx-mu0.01,natural,1,0.642397
4,3,MLP-FedProx-mu0.01,natural,2,0.597559
4,3,MLP-FedProx-mu0.01,natural,3,0.571493
4,3,MLP-FedProx-mu0.01,natural,4,0.554807
4,3,MLP-FedProx-mu0.01,natural,5,0.537406
4,3,MLP-FedProx-mu0.01,natural,6,0.523183
4,3,MLP-FedProx-mu0.01,natural,7,0.510683
4,3,MLP-FedProx-mu0.01,natural,8,0.506225
4,3,MLP-FedProx-mu0.01,natural,9,0.498113
4,3,MLP-FedProx-mu0.01,natural,10,0.510681
4,3,MLP-FedProx-mu0.01,natural,11,0.49691
4,3,MLP-FedProx-mu0.01,natural,12,0.450886
4,3,MLP-FedProx-mu0.01,natural,13,0.475447
4,3,MLP-FedProx-mu0.01,natural,14,0.447424
4,3,MLP-FedProx-mu0.01,natural,15,0.463604
4,3,MLP-FedProx-mu0.01,natural,16,0.449363
4,3,MLP-FedProx-mu0.01,natural,17,0.45324
4,3,MLP-FedProx-mu0.01,natural,18,0.452363
4,3,MLP-FedProx-mu0.01,natural,19,0.445516
4,4,MLP-FedProx-mu0.01,100,0,0.09802
4,4,MLP-FedProx-mu0.01,100,1,0.11943
4,4,MLP-FedProx-mu0.01,100,2,0.135219
4,4,MLP-FedProx-mu0.01,100,3,0.146705
4,4,MLP-FedProx-mu0.01,100,4,0.158231
4,4,MLP-FedProx-mu0.01,100,5,0.173275
4,4,MLP-FedProx-mu0.01,100,6,0.189205
4,4,MLP-FedProx-mu0.01,100,7,0.228202
4,4,MLP-FedProx-mu0.01,100,8,0.18503
4,4,MLP-FedProx-mu0.01,100,9,0.179771
4,4,MLP-FedProx-mu0.01,100,10,0.195561
4,4,MLP-FedProx-mu0.01,100,11,0.193654
4,4,MLP-FedProx-mu0.01,100,12,0.205623
4,4,MLP-FedProx-mu0.01,100,13,0.200707
4,4,MLP-FedProx-mu0.01,100,14,0.210947
4,4,MLP-FedProx-mu0.01,100,15,0.205497
4,4,MLP-FedProx-mu0.01,100,16,0.213908
4,4,MLP-FedProx-mu0.01,100,17,0.208013
4,4,MLP-FedProx-mu0.01,100,18,0.215426
4,4,MLP-FedProx-mu0.01,100,19,0.209419
4,4,MLP-FedProx-mu0.01,1.0,0,0.869344
4,4,MLP-FedProx-mu0.01,1.0,1,0.808868
4,4,MLP-FedProx-mu0.01,1.0,2,0.763143
4,4,MLP-FedProx-mu0.01,1.0,3,0.734114
4,4,MLP-FedProx-mu0.01,1.0,4,0.715834
4,4,MLP-FedProx-mu0.01,1.0,5,0.707157
4,4,MLP-FedProx-mu0.01,1.0,6,0.701547
4,4,MLP-FedProx-mu0.01,1.0,7,0.695614
4,4,MLP-FedProx-mu0.01,1.0,8,0.689737
4,4,MLP-FedProx-mu0.01,1.0,9,0.684932
4,4,MLP-FedProx-mu0.01,1.0,10,0.6826
4,4,MLP-FedProx-mu0.01,1.0,11,0.681687
4,4,MLP-FedProx-mu0.01,1.0,12,0.680586
4,4,MLP-FedProx-mu0.01,1.0,13,0.679181
4,4,MLP-FedProx-mu0.01,1.0,14,0.677652
4,4,MLP-FedProx-mu0.01,1.0,15,0.676292
4,4,MLP-FedProx-mu0.01,1.0,16,0.675231
4,4,MLP-FedProx-mu0.01,1.0,17,0.674522
4,4,MLP-FedProx-mu0.01,1.0,18,0.674203
4,4,MLP-FedProx-mu0.01,1.0,19,0.674246
4,4,MLP-FedProx-mu0.01,0.5,0,0.638871
4,4,MLP-FedProx-mu0.01,0.5,1,0.563862
4,4,MLP-FedProx-mu0.01,0.5,2,0.514375
4,4,MLP-FedProx-mu0.01,0.5,3,0.496645
4,4,MLP-FedProx-mu0.01,0.5,4,0.495448
4,4,MLP-FedProx-mu0.01,0.5,5,0.530934
4,4,MLP-FedProx-mu0.01,0.5,6,0.570334
4,4,MLP-FedProx-mu0.01,0.5,7,0.591956
4,4,MLP-FedProx-mu0.01,0.5,8,0.587916
4,4,MLP-FedProx-mu0.01,0.5,9,0.592534
4,4,MLP-FedProx-mu0.01,0.5,10,0.645852
4,4,MLP-FedProx-mu0.01,0.5,11,0.646931
4,4,MLP-FedProx-mu0.01,0.5,12,0.667995
4,4,MLP-FedProx-mu0.01,0.5,13,0.633407
4,4,MLP-FedProx-mu0.01,0.5,14,0.65986
4,4,MLP-FedProx-mu0.01,0.5,15,0.633884
4,4,MLP-FedProx-mu0.01,0.5,16,0.649987
4,4,MLP-FedProx-mu0.01,0.5,17,0.632192
4,4,MLP-FedProx-mu0.01,0.5,18,0.642655
4,4,MLP-FedProx-mu0.01,0.5,19,0.631335
4,4,MLP-FedProx-mu0.01,0.1,0,1.06403
4,4,MLP-FedProx-mu0.01,0.1,1,1.06213
4,4,MLP-FedProx-mu0.01,0.1,2,0.969751
4,4,MLP-FedProx-mu0.01,0.1,3,0.994955
4,4,MLP-FedProx-mu0.01,0.1,4,1.079075
4,4,MLP-FedProx-mu0.01,0.1,5,1.14615
4,4,MLP-FedProx-mu0.01,0.1,6,1.193458
4,4,MLP-FedProx-mu0.01,0.1,7,1.238309
4,4,MLP-FedProx-mu0.01,0.1,8,1.233454
4,4,MLP-FedProx-mu0.01,0.1,9,1.215415
4,4,MLP-FedProx-mu0.01,0.1,10,1.04498
4,4,MLP-FedProx-mu0.01,0.1,11,1.112156
4,4,MLP-FedProx-mu0.01,0.1,12,0.818709
4,4,MLP-FedProx-mu0.01,0.1,13,1.009998
4,4,MLP-FedProx-mu0.01,0.1,14,1.157347
4,4,MLP-FedProx-mu0.01,0.1,15,0.846105
4,4,MLP-FedProx-mu0.01,0.1,16,1.066976
4,4,MLP-FedProx-mu0.01,0.1,17,1.159448
4,4,MLP-FedProx-mu0.01,0.1,18,0.803146
4,4,MLP-FedProx-mu0.01,0.1,19,1.126762
4,4,MLP-FedProx-mu0.01,natural,0,0.701003
4,4,MLP-FedProx-mu0.01,natural,1,0.654944
4,4,MLP-FedProx-mu0.01,natural,2,0.602926
4,4,MLP-FedProx-mu0.01,natural,3,0.574121
4,4,MLP-FedProx-mu0.01,natural,4,0.553294
4,4,MLP-FedProx-mu0.01,natural,5,0.531104
4,4,MLP-FedProx-mu0.01,natural,6,0.515614
4,4,MLP-FedProx-mu0.01,natural,7,0.511225
4,4,MLP-FedProx-mu0.01,natural,8,0.508688
4,4,MLP-FedProx-mu0.01,natural,9,0.498591
4,4,MLP-FedProx-mu0.01,natural,10,0.503304
4,4,MLP-FedProx-mu0.01,natural,11,0.479463
4,4,MLP-FedProx-mu0.01,natural,12,0.446771
4,4,MLP-FedProx-mu0.01,natural,13,0.493642
4,4,MLP-FedProx-mu0.01,natural,14,0.450278
4,4,MLP-FedProx-mu0.01,natural,15,0.4903
4,4,MLP-FedProx-mu0.01,natural,16,0.453
4,4,MLP-FedProx-mu0.01,natural,17,0.488405
4,4,MLP-FedProx-mu0.01,natural,18,0.454587
4,4,MLP-FedProx-mu0.01,natural,19,0.486216
5,0,MLP-FedProx-mu0.01,100,0,0.105761
5,0,MLP-FedProx-mu0.01,100,1,0.107575
5,0,MLP-FedProx-mu0.01,100,2,0.113049
5,0,MLP-FedProx-mu0.01,100,3,0.116923
5,0,MLP-FedProx-mu0.01,100,4,0.128396
5,0,MLP-FedProx-mu0.01,100,5,0.143622
5,0,MLP-FedProx-mu0.01,100,6,0.16307
5,0,MLP-FedProx-mu0.01,100,7,0.225673
5,0,MLP-FedProx-mu0.01,100,8,0.245074
5,0,MLP-FedProx-mu0.01,100,9,0.214249
5,0,MLP-FedProx-mu0.01,100,10,0.237949
5,0,MLP-FedProx-mu0.01,100,11,0.219683
5,0,MLP-FedProx-mu0.01,100,12,0.237328
5,0,MLP-FedProx-mu0.01,100,13,0.217456
5,0,MLP-FedProx-mu0.01,100,14,0.237019
5,0,MLP-FedProx-mu0.01,100,15,0.218947
5,0,MLP-FedProx-mu0.01,100,16,0.23751
5,0,MLP-FedProx-mu0.01,100,17,0.222683
5,0,MLP-FedProx-mu0.01,100,18,0.238236
5,0,MLP-FedProx-mu0.01,100,19,0.226818
5,0,MLP-FedProx-mu0.01,1.0,0,0.885657
5,0,MLP-FedProx-mu0.01,1.0,1,0.772261
5,0,MLP-FedProx-mu0.01,1.0,2,0.687176
5,0,MLP-FedProx-mu0.01,1.0,3,0.636212
5,0,MLP-FedProx-mu0.01,1.0,4,0.601717
5,0,MLP-FedProx-mu0.01,1.0,5,0.584841
5,0,MLP-FedProx-mu0.01,1.0,6,0.57857
5,0,MLP-FedProx-mu0.01,1.0,7,0.573558
5,0,MLP-FedProx-mu0.01,1.0,8,0.585027
5,0,MLP-FedProx-mu0.01,1.0,9,0.575621
5,0,MLP-FedProx-mu0.01,1.0,10,0.597958
5,0,MLP-FedProx-mu0.01,1.0,11,0.574724
5,0,MLP-FedProx-mu0.01,1.0,12,0.590669
5,0,MLP-FedProx-mu0.01,1.0,13,0.574846
5,0,MLP-FedProx-mu0.01,1.0,14,0.589751
5,0,MLP-FedProx-mu0.01,1.0,15,0.576053
5,0,MLP-FedProx-mu0.01,1.0,16,0.590751
5,0,MLP-FedProx-mu0.01,1.0,17,0.577697
5,0,MLP-FedProx-mu0.01,1.0,18,0.592727
5,0,MLP-FedProx-mu0.01,1.0,19,0.579592
5,0,MLP-FedProx-mu0.01,0.5,0,1.325894
5,0,MLP-FedProx-mu0.01,0.5,1,1.404413
5,0,MLP-FedProx-mu0.01,0.5,2,1.353186
5,0,MLP-FedProx-mu0.01,0.5,3,1.624598
5,0,MLP-FedProx-mu0.01,0.5,4,1.291095
5,0,MLP-FedProx-mu0.01,0.5,5,1.650227
5,0,MLP-FedProx-mu0.01,0.5,6,1.364854
5,0,MLP-FedProx-mu0.01,0.5,7,1.110713
5,0,MLP-FedProx-mu0.01,0.5,8,1.08465
5,0,MLP-FedProx-mu0.01,0.5,9,1.196049
5,0,MLP-FedProx-mu0.01,0.5,10,1.27425
5,0,MLP-FedProx-mu0.01,0.5,11,1.425636
5,0,MLP-FedProx-mu0.01,0.5,12,1.381394
5,0,MLP-FedProx-mu0.01,0.5,13,1.584015
5,0,MLP-FedProx-mu0.01,0.5,14,1.233364
5,0,MLP-FedProx-mu0.01,0.5,15,1.058633
5,0,MLP-FedProx-mu0.01,0.5,16,1.100477
5,0,MLP-FedProx-mu0.01,0.5,17,1.140871
5,0,MLP-FedProx-mu0.01,0.5,18,1.194119
5,0,MLP-FedProx-mu0.01,0.5,19,1.315392
5,0,MLP-FedProx-mu0.01,0.1,0,1.296641
5,0,MLP-FedProx-mu0.01,0.1,1,1.335278
5,0,MLP-FedProx-mu0.01,0.1,2,1.28856
5,0,MLP-FedProx-mu0.01,0.1,3,1.441694
5,0,MLP-FedProx-mu0.01,0.1,4,1.190882
5,0,MLP-FedProx-mu0.01,0.1,5,1.546792
5,0,MLP-FedProx-mu0.01,0.1,6,1.185678
5,0,MLP-FedProx-mu0.01,0.1,7,1.039379
5,0,MLP-FedProx-mu0.01,0.1,8,0.950619
5,0,MLP-FedProx-mu0.01,0.1,9,0.995189
5,0,MLP-FedProx-mu0.01,0.1,10,1.032526
5,0,MLP-FedProx-mu0.01,0.1,11,1.0797
5,0,MLP-FedProx-mu0.01,0.1,12,1.099645
5,0,MLP-FedProx-mu0.01,0.1,13,1.142037
5,0,MLP-FedProx-mu0.01,0.1,14,1.129775
5,0,MLP-FedProx-mu0.01,0.1,15,1.228217
5,0,MLP-FedProx-mu0.01,0.1,16,1.151913
5,0,MLP-FedProx-mu0.01,0.1,17,1.305587
5,0,MLP-FedProx-mu0.01,0.1,18,1.108626
5,0,MLP-FedProx-mu0.01,0.1,19,1.06113
5,0,MLP-FedProx-mu0.01,natural,0,0.756547
5,0,MLP-FedProx-mu0.01,natural,1,0.657067
5,0,MLP-FedProx-mu0.01,natural,2,0.617314
5,0,MLP-FedProx-mu0.01,natural,3,0.561665
5,0,MLP-FedProx-mu0.01,natural,4,0.524001
5,0,MLP-FedProx-mu0.01,natural,5,0.50108
5,0,MLP-FedProx-mu0.01,natural,6,0.485629
5,0,MLP-FedProx-mu0.01,natural,7,0.473408
5,0,MLP-FedProx-mu0.01,natural,8,0.464064
5,0,MLP-FedProx-mu0.01,natural,9,0.455843
5,0,MLP-FedProx-mu0.01,natural,10,0.462934
5,0,MLP-FedProx-mu0.01,natural,11,0.454603
5,0,MLP-FedProx-mu0.01,natural,12,0.440075
5,0,MLP-FedProx-mu0.01,natural,13,0.465924
5,0,MLP-FedProx-mu0.01,natural,14,0.442015
5,0,MLP-FedProx-mu0.01,natural,15,0.456526
5,0,MLP-FedProx-mu0.01,natural,16,0.442546
5,0,MLP-FedProx-mu0.01,natural,17,0.44991
5,0,MLP-FedProx-mu0.01,natural,18,0.443414
5,0,MLP-FedProx-mu0.01,natural,19,0.444315
5,1,MLP-FedProx-mu0.01,100,0,0.138563
5,1,MLP-FedProx-mu0.01,100,1,0.11118
5,1,MLP-FedProx-mu0.01,100,2,0.118537
5,1,MLP-FedProx-mu0.01,100,3,0.129602
5,1,MLP-FedProx-mu0.01,100,4,0.142376
5,1,MLP-FedProx-mu0.01,100,5,0.159708
5,1,MLP-FedProx-mu0.01,100,6,0.182652
5,1,MLP-FedProx-mu0.01,100,7,0.216203
5,1,MLP-FedProx-mu0.01,100,8,0.246713
5,1,MLP-FedProx-mu0.01,100,9,0.257636
5,1,MLP-FedProx-mu0.01,100,10,0.262004
5,1,MLP-FedProx-mu0.01,100,11,0.253645
5,1,MLP-FedProx-mu0.01,100,12,0.252811
5,1,MLP-FedProx-mu0.01,100,13,0.226641
5,1,MLP-FedProx-mu0.01,100,14,0.240977
5,1,MLP-FedProx-mu0.01,100,15,0.210249
5,1,MLP-FedProx-mu0.01,100,16,0.212724
5,1,MLP-FedProx-mu0.01,100,17,0.208127
5,1,MLP-FedProx-mu0.01,100,18,0.209326
5,1,MLP-FedProx-mu0.01,100,19,0.214314
5,1,MLP-FedProx-mu0.01,1.0,0,0.901505
5,1,MLP-FedProx-mu0.01,1.0,1,0.82202
5,1,MLP-FedProx-mu0.01,1.0,2,0.72735
5,1,MLP-FedProx-mu0.01,1.0,3,0.663946
5,1,MLP-FedProx-mu0.01,1.0,4,0.631117
5,1,MLP-FedProx-mu0.01,1.0,5,0.614688
5,1,MLP-FedProx-mu0.01,1.0,6,0.608038
5,1,MLP-FedProx-mu0.01,1.0,7,0.605826
5,1,MLP-FedProx-mu0.01,1.0,8,0.605478
5,1,MLP-FedProx-mu0.01,1.0,9,0.606157
5,1,MLP-FedProx-mu0.01,1.0,10,0.607442
5,1,MLP-FedProx-mu0.01,1.0,11,0.608941
5,1,MLP-FedProx-mu0.01,1.0,12,0.610251
5,1,MLP-FedProx-mu0.01,1.0,13,0.611063
5,1,MLP-FedProx-mu0.01,1.0,14,0.611311
5,1,MLP-FedProx-mu0.01,1.0,15,0.611239
5,1,MLP-FedProx-mu0.01,1.0,16,0.611218
5,1,MLP-FedProx-mu0.01,1.0,17,0.611483
5,1,MLP-FedProx-mu0.01,1.0,18,0.612067
5,1,MLP-FedProx-mu0.01,1.0,19,0.612886
5,1,MLP-FedProx-mu0.01,0.5,0,1.34438
5,1,MLP-FedProx-mu0.01,0.5,1,1.419319
5,1,MLP-FedProx-mu0.01,0.5,2,1.393642
5,1,MLP-FedProx-mu0.01,0.5,3,1.671507
5,1,MLP-FedProx-mu0.01,0.5,4,1.360386
5,1,MLP-FedProx-mu0.01,0.5,5,1.781001
5,1,MLP-FedProx-mu0.01,0.5,6,1.452512
5,1,MLP-FedProx-mu0.01,0.5,7,1.202376
5,1,MLP-FedProx-mu0.01,0.5,8,1.174544
5,1,MLP-FedProx-mu0.01,0.5,9,1.200313
5,1,MLP-FedProx-mu0.01,0.5,10,1.339658
5,1,MLP-FedProx-mu0.01,0.5,11,1.401567
5,1,MLP-FedProx-mu0.01,0.5,12,1.416547
5,1,MLP-FedProx-mu0.01,0.5,13,1.511521
5,1,MLP-FedProx-mu0.01,0.5,14,1.432039
5,1,MLP-FedProx-mu0.01,0.5,15,1.114587
5,1,MLP-FedProx-mu0.01,0.5,16,1.109031
5,1,MLP-FedProx-mu0.01,0.5,17,1.201035
5,1,MLP-FedProx-mu0.01,0.5,18,1.281264
5,1,MLP-FedProx-mu0.01,0.5,19,1.382366
5,1,MLP-FedProx-mu0.01,0.1,0,1.326504
5,1,MLP-FedProx-mu0.01,0.1,1,1.407305
5,1,MLP-FedProx-mu0.01,0.1,2,1.37564
5,1,MLP-FedProx-mu0.01,0.1,3,1.530313
5,1,MLP-FedProx-mu0.01,0.1,4,1.331979
5,1,MLP-FedProx-mu0.01,0.1,5,1.675813
5,1,MLP-FedProx-mu0.01,0.1,6,1.183349
5,1,MLP-FedProx-mu0.01,0.1,7,1.123463
5,1,MLP-FedProx-mu0.01,0.1,8,1.154317
5,1,MLP-FedProx-mu0.01,0.1,9,1.197916
5,1,MLP-FedProx-mu0.01,0.1,10,1.240007
5,1,MLP-FedProx-mu0.01,0.1,11,1.352517
5,1,MLP-FedProx-mu0.01,0.1,12,1.293556
5,1,MLP-FedProx-mu0.01,0.1,13,1.270256
5,1,MLP-FedProx-mu0.01,0.1,14,1.17313
5,1,MLP-FedProx-mu0.01,0.1,15,1.108043
5,1,MLP-FedProx-mu0.01,0.1,16,1.107839
5,1,MLP-FedProx-mu0.01,0.1,17,1.123036
5,1,MLP-FedProx-mu0.01,0.1,18,1.130538
5,1,MLP-FedProx-mu0.01,0.1,19,1.155479
5,1,MLP-FedProx-mu0.01,natural,0,0.823533
5,1,MLP-FedProx-mu0.01,natural,1,0.696802
5,1,MLP-FedProx-mu0.01,natural,2,0.651207
5,1,MLP-FedProx-mu0.01,natural,3,0.602069
5,1,MLP-FedProx-mu0.01,natural,4,0.568188
5,1,MLP-FedProx-mu0.01,natural,5,0.550831
5,1,MLP-FedProx-mu0.01,natural,6,0.541369
5,1,MLP-FedProx-mu0.01,natural,7,0.535959
5,1,MLP-FedProx-mu0.01,natural,8,0.534647
5,1,MLP-FedProx-mu0.01,natural,9,0.536514
5,1,MLP-FedProx-mu0.01,natural,10,0.537442
5,1,MLP-FedProx-mu0.01,natural,11,0.537705
5,1,MLP-FedProx-mu0.01,natural,12,0.526725
5,1,MLP-FedProx-mu0.01,natural,13,0.552258
5,1,MLP-FedProx-mu0.01,natural,14,0.531868
5,1,MLP-FedProx-mu0.01,natural,15,0.46289
5,1,MLP-FedProx-mu0.01,natural,16,0.481868
5,1,MLP-FedProx-mu0.01,natural,17,0.501772
5,1,MLP-FedProx-mu0.01,natural,18,0.482909
5,1,MLP-FedProx-mu0.01,natural,19,0.470623
5,2,MLP-FedProx-mu0.01,100,0,0.138819
5,2,MLP-FedProx-mu0.01,100,1,0.124097
5,2,MLP-FedProx-mu0.01,100,2,0.138776
5,2,MLP-FedProx-mu0.01,100,3,0.164127
5,2,MLP-FedProx-mu0.01,100,4,0.196992
5,2,MLP-FedProx-mu0.01,100,5,0.247753
5,2,MLP-FedProx-mu0.01,100,6,0.30372
5,2,MLP-FedProx-mu0.01,100,7,0.331952
5,2,MLP-FedProx-mu0.01,100,8,0.341347
5,2,MLP-FedProx-mu0.01,100,9,0.343938
5,2,MLP-FedProx-mu0.01,100,10,0.344313
5,2,MLP-FedProx-mu0.01,100,11,0.343365
5,2,MLP-FedProx-mu0.01,100,12,0.34225
5,2,MLP-FedProx-mu0.01,100,13,0.340801
5,2,MLP-FedProx-mu0.01,100,14,0.339399
5,2,MLP-FedProx-mu0.01,100,15,0.337938
5,2,MLP-FedProx-mu0.01,100,16,0.336575
5,2,MLP-FedProx-mu0.01,100,17,0.335283
5,2,MLP-FedProx-mu0.01,100,18,0.334112
5,2,MLP-FedProx-mu0.01,100,19,0.333051
5,2,MLP-FedProx-mu0.01,1.0,0,0.912119
5,2,MLP-FedProx-mu0.01,1.0,1,0.842468
5,2,MLP-FedProx-mu0.01,1.0,2,0.739045
5,2,MLP-FedProx-mu0.01,1.0,3,0.651687
5,2,MLP-FedProx-mu0.01,1.0,4,0.622006
5,2,MLP-FedProx-mu0.01,1.0,5,0.610346
5,2,MLP-FedProx-mu0.01,1.0,6,0.603206
5,2,MLP-FedProx-mu0.01,1.0,7,0.600793
5,2,MLP-FedProx-mu0.01,1.0,8,0.599801
5,2,MLP-FedProx-mu0.01,1.0,9,0.599235
5,2,MLP-FedProx-mu0.01,1.0,10,0.598739
5,2,MLP-FedProx-mu0.01,1.0,11,0.598462
5,2,MLP-FedProx-mu0.01,1.0,12,0.598487
5,2,MLP-FedProx-mu0.01,1.0,13,0.598861
5,2,MLP-FedProx-mu0.01,1.0,14,0.599518
5,2,MLP-FedProx-mu0.01,1.0,15,0.600386
5,2,MLP-FedProx-mu0.01,1.0,16,0.601387
5,2,MLP-FedProx-mu0.01,1.0,17,0.602467
5,2,MLP-FedProx-mu0.01,1.0,18,0.603586
5,2,MLP-FedProx-mu0.01,1.0,19,0.604718
5,2,MLP-FedProx-mu0.01,0.5,0,1.328485
5,2,MLP-FedProx-mu0.01,0.5,1,1.416222
5,2,MLP-FedProx-mu0.01,0.5,2,1.403742
5,2,MLP-FedProx-mu0.01,0.5,3,1.68668
5,2,MLP-FedProx-mu0.01,0.5,4,1.357144
5,2,MLP-FedProx-mu0.01,0.5,5,1.722771
5,2,MLP-FedProx-mu0.01,0.5,6,1.46627
5,2,MLP-FedProx-mu0.01,0.5,7,1.200984
5,2,MLP-FedProx-mu0.01,0.5,8,1.216996
5,2,MLP-FedProx-mu0.01,0.5,9,1.294727
5,2,MLP-FedProx-mu0.01,0.5,10,1.399078
5,2,MLP-FedProx-mu0.01,0.5,11,1.467956
5,2,MLP-FedProx-mu0.01,0.5,12,1.489903
5,2,MLP-FedProx-mu0.01,0.5,13,1.343443
5,2,MLP-FedProx-mu0.01,0.5,14,1.299647
5,2,MLP-FedProx-mu0.01,0.5,15,1.147565
5,2,MLP-FedProx-mu0.01,0.5,16,1.24933
5,2,MLP-FedProx-mu0.01,0.5,17,1.305661
5,2,MLP-FedProx-mu0.01,0.5,18,1.391488
5,2,MLP-FedProx-mu0.01,0.5,19,1.546909
5,2,MLP-FedProx-mu0.01,0.1,0,1.28256
5,2,MLP-FedProx-mu0.01,0.1,1,1.310454
5,2,MLP-FedProx-mu0.01,0.1,2,1.291621
5,2,MLP-FedProx-mu0.01,0.1,3,1.462684
5,2,MLP-FedProx-mu0.01,0.1,4,1.263936
5,2,MLP-FedProx-mu0.01,0.1,5,1.563515
5,2,MLP-FedProx-mu0.01,0.1,6,1.203861
5,2,MLP-FedProx-mu0.01,0.1,7,1.089513
5,2,MLP-FedProx-mu0.01,0.1,8,1.111355
5,2,MLP-FedProx-mu0.01,0.1,9,1.162036
5,2,MLP-FedProx-mu0.01,0.1,10,1.19035
5,2,MLP-FedProx-mu0.01,0.1,11,1.234703
5,2,MLP-FedProx-mu0.01,0.1,12,1.227148
5,2,MLP-FedProx-mu0.01,0.1,13,1.331992
5,2,MLP-FedProx-mu0.01,0.1,14,1.254008
5,2,MLP-FedProx-mu0.01,0.1,15,1.371449
5,2,MLP-FedProx-mu0.01,0.1,16,1.252701
5,2,MLP-FedProx-mu0.01,0.1,17,1.072531
5,2,MLP-FedProx-mu0.01,0.1,18,1.040482
5,2,MLP-FedProx-mu0.01,0.1,19,1.088755
5,2,MLP-FedProx-mu0.01,natural,0,0.779723
5,2,MLP-FedProx-mu0.01,natural,1,0.671438
5,2,MLP-FedProx-mu0.01,natural,2,0.629832
5,2,MLP-FedProx-mu0.01,natural,3,0.578508
5,2,MLP-FedProx-mu0.01,natural,4,0.543518
5,2,MLP-FedProx-mu0.01,natural,5,0.523727
5,2,MLP-FedProx-mu0.01,natural,6,0.512108
5,2,MLP-FedProx-mu0.01,natural,7,0.508912
5,2,MLP-FedProx-mu0.01,natural,8,0.51616
5,2,MLP-FedProx-mu0.01,natural,9,0.520732
5,2,MLP-FedProx-mu0.01,natural,10,0.523346
5,2,MLP-FedProx-mu0.01,natural,11,0.517057
5,2,MLP-FedProx-mu0.01,natural,12,0.534219
5,2,MLP-FedProx-mu0.01,natural,13,0.514383
5,2,MLP-FedProx-mu0.01,natural,14,0.446827
5,2,MLP-FedProx-mu0.01,natural,15,0.506771
5,2,MLP-FedProx-mu0.01,natural,16,0.467228
5,2,MLP-FedProx-mu0.01,natural,17,0.504845
5,2,MLP-FedProx-mu0.01,natural,18,0.461822
5,2,MLP-FedProx-mu0.01,natural,19,0.49987
5,3,MLP-FedProx-mu0.01,100,0,0.121307
5,3,MLP-FedProx-mu0.01,100,1,0.094382
5,3,MLP-FedProx-mu0.01,100,2,0.104279
5,3,MLP-FedProx-mu0.01,100,3,0.124683
5,3,MLP-FedProx-mu0.01,100,4,0.143394
5,3,MLP-FedProx-mu0.01,100,5,0.160928
5,3,MLP-FedProx-mu0.01,100,6,0.179386
5,3,MLP-FedProx-mu0.01,100,7,0.200122
5,3,MLP-FedProx-mu0.01,100,8,0.228181
5,3,MLP-FedProx-mu0.01,100,9,0.255165
5,3,MLP-FedProx-mu0.01,100,10,0.279326
5,3,MLP-FedProx-mu0.01,100,11,0.238745
5,3,MLP-FedProx-mu0.01,100,12,0.227435
5,3,MLP-FedProx-mu0.01,100,13,0.24017
5,3,MLP-FedProx-mu0.01,100,14,0.205336
5,3,MLP-FedProx-mu0.01,100,15,0.232202
5,3,MLP-FedProx-mu0.01,100,16,0.201402
5,3,MLP-FedProx-mu0.01,100,17,0.230772
5,3,MLP-FedProx-mu0.01,100,18,0.198923
5,3,MLP-FedProx-mu0.01,100,19,0.230397
5,3,MLP-FedProx-mu0.01,1.0,0,0.91468
5,3,MLP-FedProx-mu0.01,1.0,1,0.80575
5,3,MLP-FedProx-mu0.01,1.0,2,0.713018
5,3,MLP-FedProx-mu0.01,1.0,3,0.661356
5,3,MLP-FedProx-mu0.01,1.0,4,0.634613
5,3,MLP-FedProx-mu0.01,1.0,5,0.621979
5,3,MLP-FedProx-mu0.01,1.0,6,0.617276
5,3,MLP-FedProx-mu0.01,1.0,7,0.615794
5,3,MLP-FedProx-mu0.01,1.0,8,0.615156
5,3,MLP-FedProx-mu0.01,1.0,9,0.614913
5,3,MLP-FedProx-mu0.01,1.0,10,0.614335
5,3,MLP-FedProx-mu0.01,1.0,11,0.614088
5,3,MLP-FedProx-mu0.01,1.0,12,0.612986
5,3,MLP-FedProx-mu0.01,1.0,13,0.612893
5,3,MLP-FedProx-mu0.01,1.0,14,0.611084
5,3,MLP-FedProx-mu0.01,1.0,15,0.611803
5,3,MLP-FedProx-mu0.01,1.0,16,0.608871
5,3,MLP-FedProx-mu0.01,1.0,17,0.611612
5,3,MLP-FedProx-mu0.01,1.0,18,0.606212
5,3,MLP-FedProx-mu0.01,1.0,19,0.613551
5,3,MLP-FedProx-mu0.01,0.5,0,1.323
5,3,MLP-FedProx-mu0.01,0.5,1,1.398225
5,3,MLP-FedProx-mu0.01,0.5,2,1.351432
5,3,MLP-FedProx-mu0.01,0.5,3,1.612093
5,3,MLP-FedProx-mu0.01,0.5,4,1.336861
5,3,MLP-FedProx-mu0.01,0.5,5,1.695846
5,3,MLP-FedProx-mu0.01,0.5,6,1.383985
5,3,MLP-FedProx-mu0.01,0.5,7,1.099643
5,3,MLP-FedProx-mu0.01,0.5,8,1.140821
5,3,MLP-FedProx-mu0.01,0.5,9,1.248024
5,3,MLP-FedProx-mu0.01,0.5,10,1.344984
5,3,MLP-FedProx-mu0.01,0.5,11,1.429237
5,3,MLP-FedProx-mu0.01,0.5,12,1.44791
5,3,MLP-FedProx-mu0.01,0.5,13,1.522088
5,3,MLP-FedProx-mu0.01,0.5,14,1.364417
5,3,MLP-FedProx-mu0.01,0.5,15,1.099589
5,3,MLP-FedProx-mu0.01,0.5,16,1.133263
5,3,MLP-FedProx-mu0.01,0.5,17,1.158783
5,3,MLP-FedProx-mu0.01,0.5,18,1.238574
5,3,MLP-FedProx-mu0.01,0.5,19,1.332647
5,3,MLP-FedProx-mu0.01,0.1,0,1.291204
5,3,MLP-FedProx-mu0.01,0.1,1,1.325454
5,3,MLP-FedProx-mu0.01,0.1,2,1.283052
5,3,MLP-FedProx-mu0.01,0.1,3,1.434569
5,3,MLP-FedProx-mu0.01,0.1,4,1.236846
5,3,MLP-FedProx-mu0.01,0.1,5,1.553773
5,3,MLP-FedProx-mu0.01,0.1,6,1.111604
5,3,MLP-FedProx-mu0.01,0.1,7,1.051899
5,3,MLP-FedProx-mu0.01,0.1,8,1.05948
5,3,MLP-FedProx-mu0.01,0.1,9,1.084526
5,3,MLP-FedProx-mu0.01,0.1,10,1.099025
5,3,MLP-FedProx-mu0.01,0.1,11,1.122313
5,3,MLP-FedProx-mu0.01,0.1,12,1.115398
5,3,MLP-FedProx-mu0.01,0.1,13,1.117273
5,3,MLP-FedProx-mu0.01,0.1,14,1.104437
5,3,MLP-FedProx-mu0.01,0.1,15,1.121098
5,3,MLP-FedProx-mu0.01,0.1,16,1.07538
5,3,MLP-FedProx-mu0.01,0.1,17,1.110253
5,3,MLP-FedProx-mu0.01,0.1,18,1.081194
5,3,MLP-FedProx-mu0.01,0.1,19,1.11441
5,3,MLP-FedProx-mu0.01,natural,0,0.727872
5,3,MLP-FedProx-mu0.01,natural,1,0.64809
5,3,MLP-FedProx-mu0.01,natural,2,0.610606
5,3,MLP-FedProx-mu0.01,natural,3,0.562961
5,3,MLP-FedProx-mu0.01,natural,4,0.531045
5,3,MLP-FedProx-mu0.01,natural,5,0.514702
5,3,MLP-FedProx-mu0.01,natural,6,0.505741
5,3,MLP-FedProx-mu0.01,natural,7,0.500639
5,3,MLP-FedProx-mu0.01,natural,8,0.499471
5,3,MLP-FedProx-mu0.01,natural,9,0.499546
5,3,MLP-FedProx-mu0.01,natural,10,0.499928
5,3,MLP-FedProx-mu0.01,natural,11,0.500726
5,3,MLP-FedProx-mu0.01,natural,12,0.501398
5,3,MLP-FedProx-mu0.01,natural,13,0.505032
5,3,MLP-FedProx-mu0.01,natural,14,0.498182
5,3,MLP-FedProx-mu0.01,natural,15,0.503193
5,3,MLP-FedProx-mu0.01,natural,16,0.520319
5,3,MLP-FedProx-mu0.01,natural,17,0.4842
5,3,MLP-FedProx-mu0.01,natural,18,0.510027
5,3,MLP-FedProx-mu0.01,natural,19,0.484803
5,4,MLP-FedProx-mu0.01,100,0,0.107992
5,4,MLP-FedProx-mu0.01,100,1,0.09093
5,4,MLP-FedProx-mu0.01,100,2,0.107552
5,4,MLP-FedProx-mu0.01,100,3,0.125238
5,4,MLP-FedProx-mu0.01,100,4,0.137254
5,4,MLP-FedProx-mu0.01,100,5,0.148038
5,4,MLP-FedProx-mu0.01,100,6,0.162855
5,4,MLP-FedProx-mu0.01,100,7,0.205132
5,4,MLP-FedProx-mu0.01,100,8,0.210662
5,4,MLP-FedProx-mu0.01,100,9,0.241428
5,4,MLP-FedProx-mu0.01,100,10,0.213194
5,4,MLP-FedProx-mu0.01,100,11,0.175358
5,4,MLP-FedProx-mu0.01,100,12,0.193148
5,4,MLP-FedProx-mu0.01,100,13,0.180168
5,4,MLP-FedProx-mu0.01,100,14,0.189914
5,4,MLP-FedProx-mu0.01,100,15,0.182679
5,4,MLP-FedProx-mu0.01,100,16,0.190414
5,4,MLP-FedProx-mu0.01,100,17,0.185507
5,4,MLP-FedProx-mu0.01,100,18,0.191338
5,4,MLP-FedProx-mu0.01,100,19,0.188749
5,4,MLP-FedProx-mu0.01,1.0,0,0.923513
5,4,MLP-FedProx-mu0.01,1.0,1,0.823783
5,4,MLP-FedProx-mu0.01,1.0,2,0.726917
5,4,MLP-FedProx-mu0.01,1.0,3,0.670589
5,4,MLP-FedProx-mu0.01,1.0,4,0.641577
5,4,MLP-FedProx-mu0.01,1.0,5,0.629439
5,4,MLP-FedProx-mu0.01,1.0,6,0.625844
5,4,MLP-FedProx-mu0.01,1.0,7,0.626666
5,4,MLP-FedProx-mu0.01,1.0,8,0.627307
5,4,MLP-FedProx-mu0.01,1.0,9,0.63118
5,4,MLP-FedProx-mu0.01,1.0,10,0.627191
5,4,MLP-FedProx-mu0.01,1.0,11,0.639483
5,4,MLP-FedProx-mu0.01,1.0,12,0.61562
5,4,MLP-FedProx-mu0.01,1.0,13,0.646762
5,4,MLP-FedProx-mu0.01,1.0,14,0.617663
5,4,MLP-FedProx-mu0.01,1.0,15,0.650552
5,4,MLP-FedProx-mu0.01,1.0,16,0.623744
5,4,MLP-FedProx-mu0.01,1.0,17,0.652367
5,4,MLP-FedProx-mu0.01,1.0,18,0.628822
5,4,MLP-FedProx-mu0.01,1.0,19,0.653855
5,4,MLP-FedProx-mu0.01,0.5,0,1.319396
5,4,MLP-FedProx-mu0.01,0.5,1,1.405716
5,4,MLP-FedProx-mu0.01,0.5,2,1.369768
5,4,MLP-FedProx-mu0.01,0.5,3,1.66264
5,4,MLP-FedProx-mu0.01,0.5,4,1.347501
5,4,MLP-FedProx-mu0.01,0.5,5,1.717494
5,4,MLP-FedProx-mu0.01,0.5,6,1.375906
5,4,MLP-FedProx-mu0.01,0.5,7,1.13304
5,4,MLP-FedProx-mu0.01,0.5,8,1.209495
5,4,MLP-FedProx-mu0.01,0.5,9,1.285745
5,4,MLP-FedProx-mu0.01,0.5,10,1.375374
5,4,MLP-FedProx-mu0.01,0.5,11,1.466617
5,4,MLP-FedProx-mu0.01,0.5,12,1.445261
5,4,MLP-FedProx-mu0.01,0.5,13,1.843686
5,4,MLP-FedProx-mu0.01,0.5,14,1.248218
5,4,MLP-FedProx-mu0.01,0.5,15,1.12823
5,4,MLP-FedProx-mu0.01,0.5,16,1.233188
5,4,MLP-FedProx-mu0.01,0.5,17,1.274212
5,4,MLP-FedProx-mu0.01,0.5,18,1.284832
5,4,MLP-FedProx-mu0.01,0.5,19,1.292802
5,4,MLP-FedProx-mu0.01,0.1,0,1.301973
5,4,MLP-FedProx-mu0.01,0.1,1,1.361314
5,4,MLP-FedProx-mu0.01,0.1,2,1.311112
5,4,MLP-FedProx-mu0.01,0.1,3,1.531131
5,4,MLP-FedProx-mu0.01,0.1,4,1.246963
5,4,MLP-FedProx-mu0.01,0.1,5,1.678547
5,4,MLP-FedProx-mu0.01,0.1,6,1.167452
5,4,MLP-FedProx-mu0.01,0.1,7,1.070494
5,4,MLP-FedProx-mu0.01,0.1,8,1.106521
5,4,MLP-FedProx-mu0.01,0.1,9,1.185732
5,4,MLP-FedProx-mu0.01,0.1,10,1.250615
5,4,MLP-FedProx-mu0.01,0.1,11,1.282925
5,4,MLP-FedProx-mu0.01,0.1,12,1.36668
5,4,MLP-FedProx-mu0.01,0.1,13,1.268211
5,4,MLP-FedProx-mu0.01,0.1,14,1.725686
5,4,MLP-FedProx-mu0.01,0.1,15,1.046845
5,4,MLP-FedProx-mu0.01,0.1,16,1.03983
5,4,MLP-FedProx-mu0.01,0.1,17,1.069834
5,4,MLP-FedProx-mu0.01,0.1,18,1.09664
5,4,MLP-FedProx-mu0.01,0.1,19,1.118204
5,4,MLP-FedProx-mu0.01,natural,0,0.763199
5,4,MLP-FedProx-mu0.01,natural,1,0.654683
5,4,MLP-FedProx-mu0.01,natural,2,0.618009
5,4,MLP-FedProx-mu0.01,natural,3,0.573126
5,4,MLP-FedProx-mu0.01,natural,4,0.543898
5,4,MLP-FedProx-mu0.01,natural,5,0.530991
5,4,MLP-FedProx-mu0.01,natural,6,0.526767
5,4,MLP-FedProx-mu0.01,natural,7,0.532059
5,4,MLP-FedProx-mu0.01,natural,8,0.542227
5,4,MLP-FedProx-mu0.01,natural,9,0.547988
5,4,MLP-FedProx-mu0.01,natural,10,0.541515
5,4,MLP-FedProx-mu0.01,natural,11,0.563654
5,4,MLP-FedProx-mu0.01,natural,12,0.556996
5,4,MLP-FedProx-mu0.01,natural,13,0.468961
5,4,MLP-FedProx-mu0.01,natural,14,0.511837
5,4,MLP-FedProx-mu0.01,natural,15,0.483155
5,4,MLP-FedProx-mu0.01,natural,16,0.507934
5,4,MLP-FedProx-mu0.01,natural,17,0.473926
5,4,MLP-FedProx-mu0.01,natural,18,0.49722
5,4,MLP-FedProx-mu0.01,natural,19,0.472562
6,0,MLP-FedProx-mu0.01,100,0,0.148483
6,0,MLP-FedProx-mu0.01,100,1,0.146794
6,0,MLP-FedProx-mu0.01,100,2,0.150807
6,0,MLP-FedProx-mu0.01,100,3,0.159547
6,0,MLP-FedProx-mu0.01,100,4,0.173307
6,0,MLP-FedProx-mu0.01,100,5,0.190782
6,0,MLP-FedProx-mu0.01,100,6,0.216808
6,0,MLP-FedProx-mu0.01,100,7,0.242381
6,0,MLP-FedProx-mu0.01,100,8,0.224556
6,0,MLP-FedProx-mu0.01,100,9,0.217537
6,0,MLP-FedProx-mu0.01,100,10,0.230094
6,0,MLP-FedProx-mu0.01,100,11,0.244108
6,0,MLP-FedProx-mu0.01,100,12,0.262633
6,0,MLP-FedProx-mu0.01,100,13,0.300514
6,0,MLP-FedProx-mu0.01,100,14,0.269335
6,0,MLP-FedProx-mu0.01,100,15,0.2624
6,0,MLP-FedProx-mu0.01,100,16,0.252693
6,0,MLP-FedProx-mu0.01,100,17,0.264164
6,0,MLP-FedProx-mu0.01,100,18,0.253595
6,0,MLP-FedProx-mu0.01,100,19,0.262378
6,0,MLP-FedProx-mu0.01,1.0,0,0.923261
6,0,MLP-FedProx-mu0.01,1.0,1,0.912342
6,0,MLP-FedProx-mu0.01,1.0,2,0.9026
6,0,MLP-FedProx-mu0.01,1.0,3,0.871986
6,0,MLP-FedProx-mu0.01,1.0,4,0.816443
6,0,MLP-FedProx-mu0.01,1.0,5,0.76591
6,0,MLP-FedProx-mu0.01,1.0,6,0.731261
6,0,MLP-FedProx-mu0.01,1.0,7,0.714833
6,0,MLP-FedProx-mu0.01,1.0,8,0.704103
6,0,MLP-FedProx-mu0.01,1.0,9,0.698513
6,0,MLP-FedProx-mu0.01,1.0,10,0.707808
6,0,MLP-FedProx-mu0.01,1.0,11,0.711535
6,0,MLP-FedProx-mu0.01,1.0,12,0.727431
6,0,MLP-FedProx-mu0.01,1.0,13,0.702177
6,0,MLP-FedProx-mu0.01,1.0,14,0.748236
6,0,MLP-FedProx-mu0.01,1.0,15,0.696277
6,0,MLP-FedProx-mu0.01,1.0,16,0.756982
6,0,MLP-FedProx-mu0.01,1.0,17,0.697948
6,0,MLP-FedProx-mu0.01,1.0,18,0.73925
6,0,MLP-FedProx-mu0.01,1.0,19,0.69314
6,0,MLP-FedProx-mu0.01,0.5,0,0.882712
6,0,MLP-FedProx-mu0.01,0.5,1,0.878286
6,0,MLP-FedProx-mu0.01,0.5,2,0.874378
6,0,MLP-FedProx-mu0.01,0.5,3,0.863594
6,0,MLP-FedProx-mu0.01,0.5,4,0.826464
6,0,MLP-FedProx-mu0.01,0.5,5,0.755779
6,0,MLP-FedProx-mu0.01,0.5,6,0.683689
6,0,MLP-FedProx-mu0.01,0.5,7,0.633557
6,0,MLP-FedProx-mu0.01,0.5,8,0.644691
6,0,MLP-FedProx-mu0.01,0.5,9,0.62001
6,0,MLP-FedProx-mu0.01,0.5,10,0.585729
6,0,MLP-FedProx-mu0.01,0.5,11,0.569646
6,0,MLP-FedProx-mu0.01,0.5,12,0.563583
6,0,MLP-FedProx-mu0.01,0.5,13,0.55893
6,0,MLP-FedProx-mu0.01,0.5,14,0.556771
6,0,MLP-FedProx-mu0.01,0.5,15,0.555491
6,0,MLP-FedProx-mu0.01,0.5,16,0.555332
6,0,MLP-FedProx-mu0.01,0.5,17,0.55538
6,0,MLP-FedProx-mu0.01,0.5,18,0.555698
6,0,MLP-FedProx-mu0.01,0.5,19,0.555962
6,0,MLP-FedProx-mu0.01,0.1,0,1.272005
6,0,MLP-FedProx-mu0.01,0.1,1,1.271156
6,0,MLP-FedProx-mu0.01,0.1,2,1.272078
6,0,MLP-FedProx-mu0.01,0.1,3,1.268471
6,0,MLP-FedProx-mu0.01,0.1,4,1.257482
6,0,MLP-FedProx-mu0.01,0.1,5,1.219157
6,0,MLP-FedProx-mu0.01,0.1,6,1.155088
6,0,MLP-FedProx-mu0.01,0.1,7,1.105822
6,0,MLP-FedProx-mu0.01,0.1,8,1.094258
6,0,MLP-FedProx-mu0.01,0.1,9,1.088279
6,0,MLP-FedProx-mu0.01,0.1,10,1.082111
6,0,MLP-FedProx-mu0.01,0.1,11,1.084571
6,0,MLP-FedProx-mu0.01,0.1,12,1.096421
6,0,MLP-FedProx-mu0.01,0.1,13,1.135512
6,0,MLP-FedProx-mu0.01,0.1,14,1.15374
6,0,MLP-FedProx-mu0.01,0.1,15,1.077738
6,0,MLP-FedProx-mu0.01,0.1,16,1.007723
6,0,MLP-FedProx-mu0.01,0.1,17,1.067856
6,0,MLP-FedProx-mu0.01,0.1,18,1.001408
6,0,MLP-FedProx-mu0.01,0.1,19,1.072119
6,0,MLP-FedProx-mu0.01,natural,0,0.732046
6,0,MLP-FedProx-mu0.01,natural,1,0.722858
6,0,MLP-FedProx-mu0.01,natural,2,0.718425
6,0,MLP-FedProx-mu0.01,natural,3,0.715448
6,0,MLP-FedProx-mu0.01,natural,4,0.713307
6,0,MLP-FedProx-mu0.01,natural,5,0.712846
6,0,MLP-FedProx-mu0.01,natural,6,0.716566
6,0,MLP-FedProx-mu0.01,natural,7,0.679776
6,0,MLP-FedProx-mu0.01,natural,8,0.636153
6,0,MLP-FedProx-mu0.01,natural,9,0.607491
6,0,MLP-FedProx-mu0.01,natural,10,0.595656
6,0,MLP-FedProx-mu0.01,natural,11,0.588719
6,0,MLP-FedProx-mu0.01,natural,12,0.58687
6,0,MLP-FedProx-mu0.01,natural,13,0.584862
6,0,MLP-FedProx-mu0.01,natural,14,0.585239
6,0,MLP-FedProx-mu0.01,natural,15,0.577934
6,0,MLP-FedProx-mu0.01,natural,16,0.61631
6,0,MLP-FedProx-mu0.01,natural,17,0.567552
6,0,MLP-FedProx-mu0.01,natural,18,0.529475
6,0,MLP-FedProx-mu0.01,natural,19,0.543711
6,1,MLP-FedProx-mu0.01,100,0,0.187304
6,1,MLP-FedProx-mu0.01,100,1,0.186381
6,1,MLP-FedProx-mu0.01,100,2,0.189281
6,1,MLP-FedProx-mu0.01,100,3,0.195151
6,1,MLP-FedProx-mu0.01,100,4,0.205123
6,1,MLP-FedProx-mu0.01,100,5,0.217019
6,1,MLP-FedProx-mu0.01,100,6,0.225439
6,1,MLP-FedProx-mu0.01,100,7,0.234049
6,1,MLP-FedProx-mu0.01,100,8,0.228571
6,1,MLP-FedProx-mu0.01,100,9,0.195665
6,1,MLP-FedProx-mu0.01,100,10,0.19504
6,1,MLP-FedProx-mu0.01,100,11,0.206456
6,1,MLP-FedProx-mu0.01,100,12,0.216315
6,1,MLP-FedProx-mu0.01,100,13,0.226654
6,1,MLP-FedProx-mu0.01,100,14,0.249429
6,1,MLP-FedProx-mu0.01,100,15,0.27331
6,1,MLP-FedProx-mu0.01,100,16,0.19138
6,1,MLP-FedProx-mu0.01,100,17,0.222893
6,1,MLP-FedProx-mu0.01,100,18,0.208895
6,1,MLP-FedProx-mu0.01,100,19,0.235466
6,1,MLP-FedProx-mu0.01,1.0,0,0.952932
6,1,MLP-FedProx-mu0.01,1.0,1,0.941028
6,1,MLP-FedProx-mu0.01,1.0,2,0.923266
6,1,MLP-FedProx-mu0.01,1.0,3,0.86609
6,1,MLP-FedProx-mu0.01,1.0,4,0.78978
6,1,MLP-FedProx-mu0.01,1.0,5,0.73638
6,1,MLP-FedProx-mu0.01,1.0,6,0.699203
6,1,MLP-FedProx-mu0.01,1.0,7,0.677193
6,1,MLP-FedProx-mu0.01,1.0,8,0.675212
6,1,MLP-FedProx-mu0.01,1.0,9,0.678044
6,1,MLP-FedProx-mu0.01,1.0,10,0.680888
6,1,MLP-FedProx-mu0.01,1.0,11,0.694877
6,1,MLP-FedProx-mu0.01,1.0,12,0.696875
6,1,MLP-FedProx-mu0.01,1.0,13,0.706226
6,1,MLP-FedProx-mu0.01,1.0,14,0.696597
6,1,MLP-FedProx-mu0.01,1.0,15,0.710526
6,1,MLP-FedProx-mu0.01,1.0,16,0.679609
6,1,MLP-FedProx-mu0.01,1.0,17,0.687635
6,1,MLP-FedProx-mu0.01,1.0,18,0.640636
6,1,MLP-FedProx-mu0.01,1.0,19,0.684361
6,1,MLP-FedProx-mu0.01,0.5,0,0.90381
6,1,MLP-FedProx-mu0.01,0.5,1,0.895107
6,1,MLP-FedProx-mu0.01,0.5,2,0.891336
6,1,MLP-FedProx-mu0.01,0.5,3,0.885442
6,1,MLP-FedProx-mu0.01,0.5,4,0.861128
6,1,MLP-FedProx-mu0.01,0.5,5,0.80439
6,1,MLP-FedProx-mu0.01,0.5,6,0.738819
6,1,MLP-FedProx-mu0.01,0.5,7,0.683114
6,1,MLP-FedProx-mu0.01,0.5,8,0.682308
6,1,MLP-FedProx-mu0.01,0.5,9,0.623254
6,1,MLP-FedProx-mu0.01,0.5,10,0.597936
6,1,MLP-FedProx-mu0.01,0.5,11,0.586624
6,1,MLP-FedProx-mu0.01,0.5,12,0.578497
6,1,MLP-FedProx-mu0.01,0.5,13,0.573275
6,1,MLP-FedProx-mu0.01,0.5,14,0.569615
6,1,MLP-FedProx-mu0.01,0.5,15,0.567573
6,1,MLP-FedProx-mu0.01,0.5,16,0.56616
6,1,MLP-FedProx-mu0.01,0.5,17,0.565554
6,1,MLP-FedProx-mu0.01,0.5,18,0.565391
6,1,MLP-FedProx-mu0.01,0.5,19,0.56567
6,1,MLP-FedProx-mu0.01,0.1,0,1.254181
6,1,MLP-FedProx-mu0.01,0.1,1,1.254856
6,1,MLP-FedProx-mu0.01,0.1,2,1.25897
6,1,MLP-FedProx-mu0.01,0.1,3,1.258815
6,1,MLP-FedProx-mu0.01,0.1,4,1.25574
6,1,MLP-FedProx-mu0.01,0.1,5,1.234157
6,1,MLP-FedProx-mu0.01,0.1,6,1.173535
6,1,MLP-FedProx-mu0.01,0.1,7,1.098201
6,1,MLP-FedProx-mu0.01,0.1,8,1.071244
6,1,MLP-FedProx-mu0.01,0.1,9,1.081586
6,1,MLP-FedProx-mu0.01,0.1,10,1.06527
6,1,MLP-FedProx-mu0.01,0.1,11,1.080117
6,1,MLP-FedProx-mu0.01,0.1,12,1.037064
6,1,MLP-FedProx-mu0.01,0.1,13,1.055071
6,1,MLP-FedProx-mu0.01,0.1,14,0.994653
6,1,MLP-FedProx-mu0.01,0.1,15,1.031907
6,1,MLP-FedProx-mu0.01,0.1,16,0.983554
6,1,MLP-FedProx-mu0.01,0.1,17,1.015596
6,1,MLP-FedProx-mu0.01,0.1,18,0.975418
6,1,MLP-FedProx-mu0.01,0.1,19,1.000467
6,1,MLP-FedProx-mu0.01,natural,0,0.744892
6,1,MLP-FedProx-mu0.01,natural,1,0.732883
6,1,MLP-FedProx-mu0.01,natural,2,0.727049
6,1,MLP-FedProx-mu0.01,natural,3,0.724006
6,1,MLP-FedProx-mu0.01,natural,4,0.723177
6,1,MLP-FedProx-mu0.01,natural,5,0.725051
6,1,MLP-FedProx-mu0.01,natural,6,0.731557
6,1,MLP-FedProx-mu0.01,natural,7,0.698582
6,1,MLP-FedProx-mu0.01,natural,8,0.63746
6,1,MLP-FedProx-mu0.01,natural,9,0.593997
6,1,MLP-FedProx-mu0.01,natural,10,0.573999
6,1,MLP-FedProx-mu0.01,natural,11,0.555185
6,1,MLP-FedProx-mu0.01,natural,12,0.541273
6,1,MLP-FedProx-mu0.01,natural,13,0.526692
6,1,MLP-FedProx-mu0.01,natural,14,0.533707
6,1,MLP-FedProx-mu0.01,natural,15,0.523412
6,1,MLP-FedProx-mu0.01,natural,16,0.49751
6,1,MLP-FedProx-mu0.01,natural,17,0.508563
6,1,MLP-FedProx-mu0.01,natural,18,0.490277
6,1,MLP-FedProx-mu0.01,natural,19,0.502317
6,2,MLP-FedProx-mu0.01,100,0,0.182214
6,2,MLP-FedProx-mu0.01,100,1,0.180312
6,2,MLP-FedProx-mu0.01,100,2,0.182295
6,2,MLP-FedProx-mu0.01,100,3,0.18778
6,2,MLP-FedProx-mu0.01,100,4,0.197088
6,2,MLP-FedProx-mu0.01,100,5,0.208171
6,2,MLP-FedProx-mu0.01,100,6,0.219452
6,2,MLP-FedProx-mu0.01,100,7,0.237438
6,2,MLP-FedProx-mu0.01,100,8,0.250724
6,2,MLP-FedProx-mu0.01,100,9,0.239868
6,2,MLP-FedProx-mu0.01,100,10,0.234533
6,2,MLP-FedProx-mu0.01,100,11,0.240487
6,2,MLP-FedProx-mu0.01,100,12,0.253828
6,2,MLP-FedProx-mu0.01,100,13,0.282874
6,2,MLP-FedProx-mu0.01,100,14,0.31182
6,2,MLP-FedProx-mu0.01,100,15,0.329521
6,2,MLP-FedProx-mu0.01,100,16,0.281428
6,2,MLP-FedProx-mu0.01,100,17,0.2596
6,2,MLP-FedProx-mu0.01,100,18,0.278261
6,2,MLP-FedProx-mu0.01,100,19,0.267465
6,2,MLP-FedProx-mu0.01,1.0,0,0.966507
6,2,MLP-FedProx-mu0.01,1.0,1,0.954503
6,2,MLP-FedProx-mu0.01,1.0,2,0.932369
6,2,MLP-FedProx-mu0.01,1.0,3,0.884121
6,2,MLP-FedProx-mu0.01,1.0,4,0.825063
6,2,MLP-FedProx-mu0.01,1.0,5,0.77147
6,2,MLP-FedProx-mu0.01,1.0,6,0.74904
6,2,MLP-FedProx-mu0.01,1.0,7,0.772417
6,2,MLP-FedProx-mu0.01,1.0,8,0.735386
6,2,MLP-FedProx-mu0.01,1.0,9,0.724515
6,2,MLP-FedProx-mu0.01,1.0,10,0.696733
6,2,MLP-FedProx-mu0.01,1.0,11,0.665496
6,2,MLP-FedProx-mu0.01,1.0,12,0.678518
6,2,MLP-FedProx-mu0.01,1.0,13,0.652819
6,2,MLP-FedProx-mu0.01,1.0,14,0.705305
6,2,MLP-FedProx-mu0.01,1.0,15,0.650225
6,2,MLP-FedProx-mu0.01,1.0,16,0.707768
6,2,MLP-FedProx-mu0.01,1.0,17,0.647626
6,2,MLP-FedProx-mu0.01,1.0,18,0.709987
6,2,MLP-FedProx-mu0.01,1.0,19,0.643453
6,2,MLP-FedProx-mu0.01,0.5,0,0.899178
6,2,MLP-FedProx-mu0.01,0.5,1,0.897347
6,2,MLP-FedProx-mu0.01,0.5,2,0.89728
6,2,MLP-FedProx-mu0.01,0.5,3,0.893102
6,2,MLP-FedProx-mu0.01,0.5,4,0.867323
6,2,MLP-FedProx-mu0.01,0.5,5,0.806907
6,2,MLP-FedProx-mu0.01,0.5,6,0.733883
6,2,MLP-FedProx-mu0.01,0.5,7,0.691283
6,2,MLP-FedProx-mu0.01,0.5,8,0.718302
6,2,MLP-FedProx-mu0.01,0.5,9,0.6629
6,2,MLP-FedProx-mu0.01,0.5,10,0.648854
6,2,MLP-FedProx-mu0.01,0.5,11,0.595915
6,2,MLP-FedProx-mu0.01,0.5,12,0.609542
6,2,MLP-FedProx-mu0.01,0.5,13,0.568027
6,2,MLP-FedProx-mu0.01,0.5,14,0.59344
6,2,MLP-FedProx-mu0.01,0.5,15,0.568571
6,2,MLP-FedProx-mu0.01,0.5,16,0.57818
6,2,MLP-FedProx-mu0.01,0.5,17,0.573896
6,2,MLP-FedProx-mu0.01,0.5,18,0.576204
6,2,MLP-FedProx-mu0.01,0.5,19,0.577606
6,2,MLP-FedProx-mu0.01,0.1,0,1.240976
6,2,MLP-FedProx-mu0.01,0.1,1,1.237192
6,2,MLP-FedProx-mu0.01,0.1,2,1.235445
6,2,MLP-FedProx-mu0.01,0.1,3,1.232144
6,2,MLP-FedProx-mu0.01,0.1,4,1.227026
6,2,MLP-FedProx-mu0.01,0.1,5,1.210803
6,2,MLP-FedProx-mu0.01,0.1,6,1.157646
6,2,MLP-FedProx-mu0.01,0.1,7,1.090253
6,2,MLP-FedProx-mu0.01,0.1,8,1.057307
6,2,MLP-FedProx-mu0.01,0.1,9,1.054363
6,2,MLP-FedProx-mu0.01,0.1,10,1.043478
6,2,MLP-FedProx-mu0.01,0.1,11,1.040435
6,2,MLP-FedProx-mu0.01,0.1,12,1.028803
6,2,MLP-FedProx-mu0.01,0.1,13,1.089054
6,2,MLP-FedProx-mu0.01,0.1,14,1.001348
6,2,MLP-FedProx-mu0.01,0.1,15,1.079303
6,2,MLP-FedProx-mu0.01,0.1,16,0.985402
6,2,MLP-FedProx-mu0.01,0.1,17,1.057769
6,2,MLP-FedProx-mu0.01,0.1,18,0.987401
6,2,MLP-FedProx-mu0.01,0.1,19,1.047394
6,2,MLP-FedProx-mu0.01,natural,0,0.66618
6,2,MLP-FedProx-mu0.01,natural,1,0.653636
6,2,MLP-FedProx-mu0.01,natural,2,0.647163
6,2,MLP-FedProx-mu0.01,natural,3,0.642994
6,2,MLP-FedProx-mu0.01,natural,4,0.640347
6,2,MLP-FedProx-mu0.01,natural,5,0.639648
6,2,MLP-FedProx-mu0.01,natural,6,0.643022
6,2,MLP-FedProx-mu0.01,natural,7,0.628774
6,2,MLP-FedProx-mu0.01,natural,8,0.584206
6,2,MLP-FedProx-mu0.01,natural,9,0.552995
6,2,MLP-FedProx-mu0.01,natural,10,0.528027
6,2,MLP-FedProx-mu0.01,natural,11,0.511005
6,2,MLP-FedProx-mu0.01,natural,12,0.497699
6,2,MLP-FedProx-mu0.01,natural,13,0.487763
6,2,MLP-FedProx-mu0.01,natural,14,0.481535
6,2,MLP-FedProx-mu0.01,natural,15,0.478866
6,2,MLP-FedProx-mu0.01,natural,16,0.477421
6,2,MLP-FedProx-mu0.01,natural,17,0.480704
6,2,MLP-FedProx-mu0.01,natural,18,0.478686
6,2,MLP-FedProx-mu0.01,natural,19,0.4691
6,3,MLP-FedProx-mu0.01,100,0,0.18696
6,3,MLP-FedProx-mu0.01,100,1,0.185536
6,3,MLP-FedProx-mu0.01,100,2,0.190812
6,3,MLP-FedProx-mu0.01,100,3,0.200774
6,3,MLP-FedProx-mu0.01,100,4,0.215455
6,3,MLP-FedProx-mu0.01,100,5,0.231262
6,3,MLP-FedProx-mu0.01,100,6,0.250218
6,3,MLP-FedProx-mu0.01,100,7,0.263685
6,3,MLP-FedProx-mu0.01,100,8,0.242126
6,3,MLP-FedProx-mu0.01,100,9,0.235352
6,3,MLP-FedProx-mu0.01,100,10,0.248261
6,3,MLP-FedProx-mu0.01,100,11,0.268004
6,3,MLP-FedProx-mu0.01,100,12,0.285142
6,3,MLP-FedProx-mu0.01,100,13,0.304688
6,3,MLP-FedProx-mu0.01,100,14,0.303488
6,3,MLP-FedProx-mu0.01,100,15,0.308757
6,3,MLP-FedProx-mu0.01,100,16,0.287015
6,3,MLP-FedProx-mu0.01,100,17,0.312351
6,3,MLP-FedProx-mu0.01,100,18,0.297875
6,3,MLP-FedProx-mu0.01,100,19,0.319348
6,3,MLP-FedProx-mu0.01,1.0,0,0.956424
6,3,MLP-FedProx-mu0.01,1.0,1,0.944957
6,3,MLP-FedProx-mu0.01,1.0,2,0.927427
6,3,MLP-FedProx-mu0.01,1.0,3,0.873759
6,3,MLP-FedProx-mu0.01,1.0,4,0.805393
6,3,MLP-FedProx-mu0.01,1.0,5,0.745805
6,3,MLP-FedProx-mu0.01,1.0,6,0.696973
6,3,MLP-FedProx-mu0.01,1.0,7,0.664095
6,3,MLP-FedProx-mu0.01,1.0,8,0.639091
6,3,MLP-FedProx-mu0.01,1.0,9,0.620553
6,3,MLP-FedProx-mu0.01,1.0,10,0.615252
6,3,MLP-FedProx-mu0.01,1.0,11,0.618661
6,3,MLP-FedProx-mu0.01,1.0,12,0.622416
6,3,MLP-FedProx-mu0.01,1.0,13,0.626053
6,3,MLP-FedProx-mu0.01,1.0,14,0.624813
6,3,MLP-FedProx-mu0.01,1.0,15,0.623181
6,3,MLP-FedProx-mu0.01,1.0,16,0.618796
6,3,MLP-FedProx-mu0.01,1.0,17,0.614469
6,3,MLP-FedProx-mu0.01,1.0,18,0.610117
6,3,MLP-FedProx-mu0.01,1.0,19,0.6073
6,3,MLP-FedProx-mu0.01,0.5,0,0.905535
6,3,MLP-FedProx-mu0.01,0.5,1,0.899466
6,3,MLP-FedProx-mu0.01,0.5,2,0.893364
6,3,MLP-FedProx-mu0.01,0.5,3,0.869061
6,3,MLP-FedProx-mu0.01,0.5,4,0.813247
6,3,MLP-FedProx-mu0.01,0.5,5,0.74278
6,3,MLP-FedProx-mu0.01,0.5,6,0.679546
6,3,MLP-FedProx-mu0.01,0.5,7,0.646974
6,3,MLP-FedProx-mu0.01,0.5,8,0.636004
6,3,MLP-FedProx-mu0.01,0.5,9,0.586149
6,3,MLP-FedProx-mu0.01,0.5,10,0.578399
6,3,MLP-FedProx-mu0.01,0.5,11,0.572597
6,3,MLP-FedProx-mu0.01,0.5,12,0.571442
6,3,MLP-FedProx-mu0.01,0.5,13,0.571794
6,3,MLP-FedProx-mu0.01,0.5,14,0.572691
6,3,MLP-FedProx-mu0.01,0.5,15,0.573594
6,3,MLP-FedProx-mu0.01,0.5,16,0.574365
6,3,MLP-FedProx-mu0.01,0.5,17,0.575014
6,3,MLP-FedProx-mu0.01,0.5,18,0.575586
6,3,MLP-FedProx-mu0.01,0.5,19,0.576116
6,3,MLP-FedProx-mu0.01,0.1,0,1.253189
6,3,MLP-FedProx-mu0.01,0.1,1,1.249749
6,3,MLP-FedProx-mu0.01,0.1,2,1.248648
6,3,MLP-FedProx-mu0.01,0.1,3,1.242169
6,3,MLP-FedProx-mu0.01,0.1,4,1.213934
6,3,MLP-FedProx-mu0.01,0.1,5,1.16237
6,3,MLP-FedProx-mu0.01,0.1,6,1.098962
6,3,MLP-FedProx-mu0.01,0.1,7,1.069879
6,3,MLP-FedProx-mu0.01,0.1,8,1.057996
6,3,MLP-FedProx-mu0.01,0.1,9,1.033996
6,3,MLP-FedProx-mu0.01,0.1,10,1.023701
6,3,MLP-FedProx-mu0.01,0.1,11,1.002959
6,3,MLP-FedProx-mu0.01,0.1,12,1.053875
6,3,MLP-FedProx-mu0.01,0.1,13,0.989766
6,3,MLP-FedProx-mu0.01,0.1,14,1.032199
6,3,MLP-FedProx-mu0.01,0.1,15,0.976483
6,3,MLP-FedProx-mu0.01,0.1,16,1.008155
6,3,MLP-FedProx-mu0.01,0.1,17,0.975861
6,3,MLP-FedProx-mu0.01,0.1,18,0.99917
6,3,MLP-FedProx-mu0.01,0.1,19,0.976145
6,3,MLP-FedProx-mu0.01,natural,0,0.686191
6,3,MLP-FedProx-mu0.01,natural,1,0.672438
6,3,MLP-FedProx-mu0.01,natural,2,0.663576
6,3,MLP-FedProx-mu0.01,natural,3,0.657355
6,3,MLP-FedProx-mu0.01,natural,4,0.654458
6,3,MLP-FedProx-mu0.01,natural,5,0.656024
6,3,MLP-FedProx-mu0.01,natural,6,0.663389
6,3,MLP-FedProx-mu0.01,natural,7,0.62186
6,3,MLP-FedProx-mu0.01,natural,8,0.562569
6,3,MLP-FedProx-mu0.01,natural,9,0.520265
6,3,MLP-FedProx-mu0.01,natural,10,0.493252
6,3,MLP-FedProx-mu0.01,natural,11,0.475347
6,3,MLP-FedProx-mu0.01,natural,12,0.461837
6,3,MLP-FedProx-mu0.01,natural,13,0.451047
6,3,MLP-FedProx-mu0.01,natural,14,0.442729
6,3,MLP-FedProx-mu0.01,natural,15,0.436914
6,3,MLP-FedProx-mu0.01,natural,16,0.436084
6,3,MLP-FedProx-mu0.01,natural,17,0.431934
6,3,MLP-FedProx-mu0.01,natural,18,0.431835
6,3,MLP-FedProx-mu0.01,natural,19,0.481296
6,4,MLP-FedProx-mu0.01,100,0,0.179596
6,4,MLP-FedProx-mu0.01,100,1,0.177992
6,4,MLP-FedProx-mu0.01,100,2,0.179725
6,4,MLP-FedProx-mu0.01,100,3,0.183725
6,4,MLP-FedProx-mu0.01,100,4,0.191472
6,4,MLP-FedProx-mu0.01,100,5,0.205437
6,4,MLP-FedProx-mu0.01,100,6,0.227691
6,4,MLP-FedProx-mu0.01,100,7,0.231074
6,4,MLP-FedProx-mu0.01,100,8,0.203575
6,4,MLP-FedProx-mu0.01,100,9,0.207787
6,4,MLP-FedProx-mu0.01,100,10,0.22271
6,4,MLP-FedProx-mu0.01,100,11,0.241649
6,4,MLP-FedProx-mu0.01,100,12,0.253086
6,4,MLP-FedProx-mu0.01,100,13,0.255202
6,4,MLP-FedProx-mu0.01,100,14,0.271655
6,4,MLP-FedProx-mu0.01,100,15,0.28009
6,4,MLP-FedProx-mu0.01,100,16,0.266583
6,4,MLP-FedProx-mu0.01,100,17,0.286228
6,4,MLP-FedProx-mu0.01,100,18,0.257551
6,4,MLP-FedProx-mu0.01,100,19,0.275559
6,4,MLP-FedProx-mu0.01,1.0,0,0.936411
6,4,MLP-FedProx-mu0.01,1.0,1,0.926264
6,4,MLP-FedProx-mu0.01,1.0,2,0.908129
6,4,MLP-FedProx-mu0.01,1.0,3,0.856343
6,4,MLP-FedProx-mu0.01,1.0,4,0.798138
6,4,MLP-FedProx-mu0.01,1.0,5,0.748152
6,4,MLP-FedProx-mu0.01,1.0,6,0.72411
6,4,MLP-FedProx-mu0.01,1.0,7,0.704517
6,4,MLP-FedProx-mu0.01,1.0,8,0.700462
6,4,MLP-FedProx-mu0.01,1.0,9,0.694376
6,4,MLP-FedProx-mu0.01,1.0,10,0.68447
6,4,MLP-FedProx-mu0.01,1.0,11,0.700325
6,4,MLP-FedProx-mu0.01,1.0,12,0.702596
6,4,MLP-FedProx-mu0.01,1.0,13,0.705056
6,4,MLP-FedProx-mu0.01,1.0,14,0.696248
6,4,MLP-FedProx-mu0.01,1.0,15,0.689303
6,4,MLP-FedProx-mu0.01,1.0,16,0.673109
6,4,MLP-FedProx-mu0.01,1.0,17,0.665963
6,4,MLP-FedProx-mu0.01,1.0,18,0.641128
6,4,MLP-FedProx-mu0.01,1.0,19,0.646558
6,4,MLP-FedProx-mu0.01,0.5,0,0.931878
6,4,MLP-FedProx-mu0.01,0.5,1,0.93043
6,4,MLP-FedProx-mu0.01,0.5,2,0.929473
6,4,MLP-FedProx-mu0.01,0.5,3,0.920575
6,4,MLP-FedProx-mu0.01,0.5,4,0.87755
6,4,MLP-FedProx-mu0.01,0.5,5,0.805689
6,4,MLP-FedProx-mu0.01,0.5,6,0.73997
6,4,MLP-FedProx-mu0.01,0.5,7,0.735336
6,4,MLP-FedProx-mu0.01,0.5,8,0.722857
6,4,MLP-FedProx-mu0.01,0.5,9,0.667468
6,4,MLP-FedProx-mu0.01,0.5,10,0.631058
6,4,MLP-FedProx-mu0.01,0.5,11,0.612562
6,4,MLP-FedProx-mu0.01,0.5,12,0.608257
6,4,MLP-FedProx-mu0.01,0.5,13,0.60567
6,4,MLP-FedProx-mu0.01,0.5,14,0.604313
6,4,MLP-FedProx-mu0.01,0.5,15,0.603389
6,4,MLP-FedProx-mu0.01,0.5,16,0.602731
6,4,MLP-FedProx-mu0.01,0.5,17,0.602176
6,4,MLP-FedProx-mu0.01,0.5,18,0.60171
6,4,MLP-FedProx-mu0.01,0.5,19,0.601308
6,4,MLP-FedProx-mu0.01,0.1,0,1.269445
6,4,MLP-FedProx-mu0.01,0.1,1,1.278669
6,4,MLP-FedProx-mu0.01,0.1,2,1.280779
6,4,MLP-FedProx-mu0.01,0.1,3,1.279236
6,4,MLP-FedProx-mu0.01,0.1,4,1.273717
6,4,MLP-FedProx-mu0.01,0.1,5,1.243123
6,4,MLP-FedProx-mu0.01,0.1,6,1.173499
6,4,MLP-FedProx-mu0.01,0.1,7,1.115556
6,4,MLP-FedProx-mu0.01,0.1,8,1.11252
6,4,MLP-FedProx-mu0.01,0.1,9,1.097995
6,4,MLP-FedProx-mu0.01,0.1,10,1.076589
6,4,MLP-FedProx-mu0.01,0.1,11,1.073573
6,4,MLP-FedProx-mu0.01,0.1,12,1.050198
6,4,MLP-FedProx-mu0.01,0.1,13,1.123048
6,4,MLP-FedProx-mu0.01,0.1,14,0.996392
6,4,MLP-FedProx-mu0.01,0.1,15,1.101883
6,4,MLP-FedProx-mu0.01,0.1,16,0.98732
6,4,MLP-FedProx-mu0.01,0.1,17,1.058655
6,4,MLP-FedProx-mu0.01,0.1,18,0.98289
6,4,MLP-FedProx-mu0.01,0.1,19,1.041388
6,4,MLP-FedProx-mu0.01,natural,0,0.710538
6,4,MLP-FedProx-mu0.01,natural,1,0.700286
6,4,MLP-FedProx-mu0.01,natural,2,0.695435
6,4,MLP-FedProx-mu0.01,natural,3,0.692223
6,4,MLP-FedProx-mu0.01,natural,4,0.689449
6,4,MLP-FedProx-mu0.01,natural,5,0.68741
6,4,MLP-FedProx-mu0.01,natural,6,0.687889
6,4,MLP-FedProx-mu0.01,natural,7,0.671436
6,4,MLP-FedProx-mu0.01,natural,8,0.600797
6,4,MLP-FedProx-mu0.01,natural,9,0.545813
6,4,MLP-FedProx-mu0.01,natural,10,0.511089
6,4,MLP-FedProx-mu0.01,natural,11,0.49107
6,4,MLP-FedProx-mu0.01,natural,12,0.479388
6,4,MLP-FedProx-mu0.01,natural,13,0.477531
6,4,MLP-FedProx-mu0.01,natural,14,0.493312
6,4,MLP-FedProx-mu0.01,natural,15,0.515896
6,4,MLP-FedProx-mu0.01,natural,16,0.531285
6,4,MLP-FedProx-mu0.01,natural,17,0.51952
6,4,MLP-FedProx-mu0.01,natural,18,0.472631
6,4,MLP-FedProx-mu0.01,natural,19,0.510653
7,0,MLP-FedProx-mu0.01,100,0,0.13968
7,0,MLP-FedProx-mu0.01,100,1,0.142425
7,0,MLP-FedProx-mu0.01,100,2,0.14063
7,0,MLP-FedProx-mu0.01,100,3,0.142227
7,0,MLP-FedProx-mu0.01,100,4,0.144902
7,0,MLP-FedProx-mu0.01,100,5,0.148213
7,0,MLP-FedProx-mu0.01,100,6,0.16914
7,0,MLP-FedProx-mu0.01,100,7,0.202148
7,0,MLP-FedProx-mu0.01,100,8,0.233586
7,0,MLP-FedProx-mu0.01,100,9,0.258367
7,0,MLP-FedProx-mu0.01,100,10,0.275015
7,0,MLP-FedProx-mu0.01,100,11,0.285153
7,0,MLP-FedProx-mu0.01,100,12,0.288564
7,0,MLP-FedProx-mu0.01,100,13,0.292915
7,0,MLP-FedProx-mu0.01,100,14,0.284798
7,0,MLP-FedProx-mu0.01,100,15,0.293962
7,0,MLP-FedProx-mu0.01,100,16,0.247296
7,0,MLP-FedProx-mu0.01,100,17,0.236589
7,0,MLP-FedProx-mu0.01,100,18,0.212074
7,0,MLP-FedProx-mu0.01,100,19,0.216292
7,0,MLP-FedProx-mu0.01,1.0,0,0.549158
7,0,MLP-FedProx-mu0.01,1.0,1,0.522378
7,0,MLP-FedProx-mu0.01,1.0,2,0.461241
7,0,MLP-FedProx-mu0.01,1.0,3,0.403404
7,0,MLP-FedProx-mu0.01,1.0,4,0.36774
7,0,MLP-FedProx-mu0.01,1.0,5,0.344891
7,0,MLP-FedProx-mu0.01,1.0,6,0.329863
7,0,MLP-FedProx-mu0.01,1.0,7,0.3192
7,0,MLP-FedProx-mu0.01,1.0,8,0.317667
7,0,MLP-FedProx-mu0.01,1.0,9,0.317075
7,0,MLP-FedProx-mu0.01,1.0,10,0.330658
7,0,MLP-FedProx-mu0.01,1.0,11,0.324344
7,0,MLP-FedProx-mu0.01,1.0,12,0.372024
7,0,MLP-FedProx-mu0.01,1.0,13,0.320975
7,0,MLP-FedProx-mu0.01,1.0,14,0.346317
7,0,MLP-FedProx-mu0.01,1.0,15,0.321694
7,0,MLP-FedProx-mu0.01,1.0,16,0.339385
7,0,MLP-FedProx-mu0.01,1.0,17,0.322815
7,0,MLP-FedProx-mu0.01,1.0,18,0.337081
7,0,MLP-FedProx-mu0.01,1.0,19,0.323233
7,0,MLP-FedProx-mu0.01,0.5,0,0.752439
7,0,MLP-FedProx-mu0.01,0.5,1,0.751522
7,0,MLP-FedProx-mu0.01,0.5,2,0.70033
7,0,MLP-FedProx-mu0.01,0.5,3,0.620966
7,0,MLP-FedProx-mu0.01,0.5,4,0.590754
7,0,MLP-FedProx-mu0.01,0.5,5,0.5885
7,0,MLP-FedProx-mu0.01,0.5,6,0.596345
7,0,MLP-FedProx-mu0.01,0.5,7,0.610104
7,0,MLP-FedProx-mu0.01,0.5,8,0.625516
7,0,MLP-FedProx-mu0.01,0.5,9,0.640143
7,0,MLP-FedProx-mu0.01,0.5,10,0.653274
7,0,MLP-FedProx-mu0.01,0.5,11,0.662627
7,0,MLP-FedProx-mu0.01,0.5,12,0.667109
7,0,MLP-FedProx-mu0.01,0.5,13,0.667989
7,0,MLP-FedProx-mu0.01,0.5,14,0.666808
7,0,MLP-FedProx-mu0.01,0.5,15,0.664471
7,0,MLP-FedProx-mu0.01,0.5,16,0.661505
7,0,MLP-FedProx-mu0.01,0.5,17,0.658267
7,0,MLP-FedProx-mu0.01,0.5,18,0.655018
7,0,MLP-FedProx-mu0.01,0.5,19,0.651946
7,0,MLP-FedProx-mu0.01,0.1,0,1.19943
7,0,MLP-FedProx-mu0.01,0.1,1,1.186465
7,0,MLP-FedProx-mu0.01,0.1,2,1.096732
7,0,MLP-FedProx-mu0.01,0.1,3,0.9914
7,0,MLP-FedProx-mu0.01,0.1,4,0.938189
7,0,MLP-FedProx-mu0.01,0.1,5,0.938539
7,0,MLP-FedProx-mu0.01,0.1,6,0.955281
7,0,MLP-FedProx-mu0.01,0.1,7,0.979408
7,0,MLP-FedProx-mu0.01,0.1,8,0.953155
7,0,MLP-FedProx-mu0.01,0.1,9,1.039546
7,0,MLP-FedProx-mu0.01,0.1,10,0.905968
7,0,MLP-FedProx-mu0.01,0.1,11,0.929657
7,0,MLP-FedProx-mu0.01,0.1,12,0.889222
7,0,MLP-FedProx-mu0.01,0.1,13,0.934738
7,0,MLP-FedProx-mu0.01,0.1,14,0.902343
7,0,MLP-FedProx-mu0.01,0.1,15,0.947875
7,0,MLP-FedProx-mu0.01,0.1,16,0.911487
7,0,MLP-FedProx-mu0.01,0.1,17,0.949084
7,0,MLP-FedProx-mu0.01,0.1,18,0.917337
7,0,MLP-FedProx-mu0.01,0.1,19,0.953108
7,0,MLP-FedProx-mu0.01,natural,0,0.730026
7,0,MLP-FedProx-mu0.01,natural,1,0.713744
7,0,MLP-FedProx-mu0.01,natural,2,0.655086
7,0,MLP-FedProx-mu0.01,natural,3,0.582498
7,0,MLP-FedProx-mu0.01,natural,4,0.510221
7,0,MLP-FedProx-mu0.01,natural,5,0.467274
7,0,MLP-FedProx-mu0.01,natural,6,0.44308
7,0,MLP-FedProx-mu0.01,natural,7,0.426943
7,0,MLP-FedProx-mu0.01,natural,8,0.41482
7,0,MLP-FedProx-mu0.01,natural,9,0.404491
7,0,MLP-FedProx-mu0.01,natural,10,0.403014
7,0,MLP-FedProx-mu0.01,natural,11,0.411784
7,0,MLP-FedProx-mu0.01,natural,12,0.401957
7,0,MLP-FedProx-mu0.01,natural,13,0.424231
7,0,MLP-FedProx-mu0.01,natural,14,0.378365
7,0,MLP-FedProx-mu0.01,natural,15,0.396002
7,0,MLP-FedProx-mu0.01,natural,16,0.370586
7,0,MLP-FedProx-mu0.01,natural,17,0.386447
7,0,MLP-FedProx-mu0.01,natural,18,0.367743
7,0,MLP-FedProx-mu0.01,natural,19,0.3826
7,1,MLP-FedProx-mu0.01,100,0,0.095483
7,1,MLP-FedProx-mu0.01,100,1,0.108913
7,1,MLP-FedProx-mu0.01,100,2,0.124069
7,1,MLP-FedProx-mu0.01,100,3,0.138216
7,1,MLP-FedProx-mu0.01,100,4,0.14898
7,1,MLP-FedProx-mu0.01,100,5,0.159592
7,1,MLP-FedProx-mu0.01,100,6,0.173646
7,1,MLP-FedProx-mu0.01,100,7,0.190638
7,1,MLP-FedProx-mu0.01,100,8,0.207443
7,1,MLP-FedProx-mu0.01,100,9,0.222468
7,1,MLP-FedProx-mu0.01,100,10,0.235343
7,1,MLP-FedProx-mu0.01,100,11,0.246473
7,1,MLP-FedProx-mu0.01,100,12,0.253406
7,1,MLP-FedProx-mu0.01,100,13,0.263748
7,1,MLP-FedProx-mu0.01,100,14,0.228293
7,1,MLP-FedProx-mu0.01,100,15,0.207709
7,1,MLP-FedProx-mu0.01,100,16,0.208569
7,1,MLP-FedProx-mu0.01,100,17,0.221139
7,1,MLP-FedProx-mu0.01,100,18,0.216921
7,1,MLP-FedProx-mu0.01,100,19,0.227393
7,1,MLP-FedProx-mu0.01,1.0,0,0.621376
7,1,MLP-FedProx-mu0.01,1.0,1,0.607621
7,1,MLP-FedProx-mu0.01,1.0,2,0.565873
7,1,MLP-FedProx-mu0.01,1.0,3,0.489473
7,1,MLP-FedProx-mu0.01,1.0,4,0.427204
7,1,MLP-FedProx-mu0.01,1.0,5,0.393268
7,1,MLP-FedProx-mu0.01,1.0,6,0.372986
7,1,MLP-FedProx-mu0.01,1.0,7,0.359929
7,1,MLP-FedProx-mu0.01,1.0,8,0.356705
7,1,MLP-FedProx-mu0.01,1.0,9,0.359042
7,1,MLP-FedProx-mu0.01,1.0,10,0.362455
7,1,MLP-FedProx-mu0.01,1.0,11,0.365833
7,1,MLP-FedProx-mu0.01,1.0,12,0.367666
7,1,MLP-FedProx-mu0.01,1.0,13,0.372535
7,1,MLP-FedProx-mu0.01,1.0,14,0.366626
7,1,MLP-FedProx-mu0.01,1.0,15,0.394505
7,1,MLP-FedProx-mu0.01,1.0,16,0.355316
7,1,MLP-FedProx-mu0.01,1.0,17,0.43404
7,1,MLP-FedProx-mu0.01,1.0,18,0.379912
7,1,MLP-FedProx-mu0.01,1.0,19,0.410174
7,1,MLP-FedProx-mu0.01,0.5,0,0.78921
7,1,MLP-FedProx-mu0.01,0.5,1,0.790463
7,1,MLP-FedProx-mu0.01,0.5,2,0.757438
7,1,MLP-FedProx-mu0.01,0.5,3,0.676914
7,1,MLP-FedProx-mu0.01,0.5,4,0.624516
7,1,MLP-FedProx-mu0.01,0.5,5,0.628418
7,1,MLP-FedProx-mu0.01,0.5,6,0.629899
7,1,MLP-FedProx-mu0.01,0.5,7,0.633818
7,1,MLP-FedProx-mu0.01,0.5,8,0.638332
7,1,MLP-FedProx-mu0.01,0.5,9,0.640545
7,1,MLP-FedProx-mu0.01,0.5,10,0.64162
7,1,MLP-FedProx-mu0.01,0.5,11,0.642017
7,1,MLP-FedProx-mu0.01,0.5,12,0.641936
7,1,MLP-FedProx-mu0.01,0.5,13,0.641525
7,1,MLP-FedProx-mu0.01,0.5,14,0.640872
7,1,MLP-FedProx-mu0.01,0.5,15,0.639994
7,1,MLP-FedProx-mu0.01,0.5,16,0.638873
7,1,MLP-FedProx-mu0.01,0.5,17,0.6375
7,1,MLP-FedProx-mu0.01,0.5,18,0.63592
7,1,MLP-FedProx-mu0.01,0.5,19,0.634239
7,1,MLP-FedProx-mu0.01,0.1,0,1.231869
7,1,MLP-FedProx-mu0.01,0.1,1,1.230894
7,1,MLP-FedProx-mu0.01,0.1,2,1.171645
7,1,MLP-FedProx-mu0.01,0.1,3,1.065983
7,1,MLP-FedProx-mu0.01,0.1,4,1.009264
7,1,MLP-FedProx-mu0.01,0.1,5,1.026061
7,1,MLP-FedProx-mu0.01,0.1,6,1.049747
7,1,MLP-FedProx-mu0.01,0.1,7,1.09034
7,1,MLP-FedProx-mu0.01,0.1,8,1.120361
7,1,MLP-FedProx-mu0.01,0.1,9,1.066945
7,1,MLP-FedProx-mu0.01,0.1,10,1.029402
7,1,MLP-FedProx-mu0.01,0.1,11,1.026582
7,1,MLP-FedProx-mu0.01,0.1,12,1.018972
7,1,MLP-FedProx-mu0.01,0.1,13,1.0377
7,1,MLP-FedProx-mu0.01,0.1,14,1.030727
7,1,MLP-FedProx-mu0.01,0.1,15,1.049979
7,1,MLP-FedProx-mu0.01,0.1,16,1.039299
7,1,MLP-FedProx-mu0.01,0.1,17,1.058764
7,1,MLP-FedProx-mu0.01,0.1,18,1.045708
7,1,MLP-FedProx-mu0.01,0.1,19,1.065679
7,1,MLP-FedProx-mu0.01,natural,0,0.723003
7,1,MLP-FedProx-mu0.01,natural,1,0.716412
7,1,MLP-FedProx-mu0.01,natural,2,0.67525
7,1,MLP-FedProx-mu0.01,natural,3,0.619268
7,1,MLP-FedProx-mu0.01,natural,4,0.567284
7,1,MLP-FedProx-mu0.01,natural,5,0.54194
7,1,MLP-FedProx-mu0.01,natural,6,0.5279
7,1,MLP-FedProx-mu0.01,natural,7,0.519436
7,1,MLP-FedProx-mu0.01,natural,8,0.512551
7,1,MLP-FedProx-mu0.01,natural,9,0.506338
7,1,MLP-FedProx-mu0.01,natural,10,0.500241
7,1,MLP-FedProx-mu0.01,natural,11,0.497536
7,1,MLP-FedProx-mu0.01,natural,12,0.503887
7,1,MLP-FedProx-mu0.01,natural,13,0.472639
7,1,MLP-FedProx-mu0.01,natural,14,0.519503
7,1,MLP-FedProx-mu0.01,natural,15,0.448166
7,1,MLP-FedProx-mu0.01,natural,16,0.489864
7,1,MLP-FedProx-mu0.01,natural,17,0.446073
7,1,MLP-FedProx-mu0.01,natural,18,0.47857
7,1,MLP-FedProx-mu0.01,natural,19,0.444888
7,2,MLP-FedProx-mu0.01,100,0,0.142011
7,2,MLP-FedProx-mu0.01,100,1,0.150584
7,2,MLP-FedProx-mu0.01,100,2,0.153223
7,2,MLP-FedProx-mu0.01,100,3,0.156994
7,2,MLP-FedProx-mu0.01,100,4,0.165049
7,2,MLP-FedProx-mu0.01,100,5,0.173427
7,2,MLP-FedProx-mu0.01,100,6,0.192952
7,2,MLP-FedProx-mu0.01,100,7,0.22721
7,2,MLP-FedProx-mu0.01,100,8,0.259371
7,2,MLP-FedProx-mu0.01,100,9,0.282889
7,2,MLP-FedProx-mu0.01,100,10,0.296786
7,2,MLP-FedProx-mu0.01,100,11,0.305123
7,2,MLP-FedProx-mu0.01,100,12,0.309111
7,2,MLP-FedProx-mu0.01,100,13,0.312523
7,2,MLP-FedProx-mu0.01,100,14,0.314523
7,2,MLP-FedProx-mu0.01,100,15,0.318056
7,2,MLP-FedProx-mu0.01,100,16,0.320375
7,2,MLP-FedProx-mu0.01,100,17,0.325546
7,2,MLP-FedProx-mu0.01,100,18,0.327486
7,2,MLP-FedProx-mu0.01,100,19,0.335606
7,2,MLP-FedProx-mu0.01,1.0,0,0.558252
7,2,MLP-FedProx-mu0.01,1.0,1,0.534174
7,2,MLP-FedProx-mu0.01,1.0,2,0.479992
7,2,MLP-FedProx-mu0.01,1.0,3,0.4202
7,2,MLP-FedProx-mu0.01,1.0,4,0.380451
7,2,MLP-FedProx-mu0.01,1.0,5,0.355537
7,2,MLP-FedProx-mu0.01,1.0,6,0.341676
7,2,MLP-FedProx-mu0.01,1.0,7,0.336523
7,2,MLP-FedProx-mu0.01,1.0,8,0.338917
7,2,MLP-FedProx-mu0.01,1.0,9,0.348609
7,2,MLP-FedProx-mu0.01,1.0,10,0.358003
7,2,MLP-FedProx-mu0.01,1.0,11,0.376421
7,2,MLP-FedProx-mu0.01,1.0,12,0.370868
7,2,MLP-FedProx-mu0.01,1.0,13,0.376371
7,2,MLP-FedProx-mu0.01,1.0,14,0.362818
7,2,MLP-FedProx-mu0.01,1.0,15,0.362279
7,2,MLP-FedProx-mu0.01,1.0,16,0.363365
7,2,MLP-FedProx-mu0.01,1.0,17,0.365986
7,2,MLP-FedProx-mu0.01,1.0,18,0.369153
7,2,MLP-FedProx-mu0.01,1.0,19,0.37112
7,2,MLP-FedProx-mu0.01,0.5,0,0.733561
7,2,MLP-FedProx-mu0.01,0.5,1,0.740389
7,2,MLP-FedProx-mu0.01,0.5,2,0.712962
7,2,MLP-FedProx-mu0.01,0.5,3,0.642466
7,2,MLP-FedProx-mu0.01,0.5,4,0.607415
7,2,MLP-FedProx-mu0.01,0.5,5,0.600777
7,2,MLP-FedProx-mu0.01,0.5,6,0.606347
7,2,MLP-FedProx-mu0.01,0.5,7,0.615194
7,2,MLP-FedProx-mu0.01,0.5,8,0.625481
7,2,MLP-FedProx-mu0.01,0.5,9,0.635035
7,2,MLP-FedProx-mu0.01,0.5,10,0.642037
7,2,MLP-FedProx-mu0.01,0.5,11,0.64583
7,2,MLP-FedProx-mu0.01,0.5,12,0.646812
7,2,MLP-FedProx-mu0.01,0.5,13,0.645776
7,2,MLP-FedProx-mu0.01,0.5,14,0.643459
7,2,MLP-FedProx-mu0.01,0.5,15,0.640448
7,2,MLP-FedProx-mu0.01,0.5,16,0.637207
7,2,MLP-FedProx-mu0.01,0.5,17,0.634101
7,2,MLP-FedProx-mu0.01,0.5,18,0.631384
7,2,MLP-FedProx-mu0.01,0.5,19,0.629188
7,2,MLP-FedProx-mu0.01,0.1,0,1.225869
7,2,MLP-FedProx-mu0.01,0.1,1,1.218855
7,2,MLP-FedProx-mu0.01,0.1,2,1.141717
7,2,MLP-FedProx-mu0.01,0.1,3,1.043264
7,2,MLP-FedProx-mu0.01,0.1,4,1.010919
7,2,MLP-FedProx-mu0.01,0.1,5,1.028515
7,2,MLP-FedProx-mu0.01,0.1,6,1.053253
7,2,MLP-FedProx-mu0.01,0.1,7,1.092198
7,2,MLP-FedProx-mu0.01,0.1,8,1.127462
7,2,MLP-FedProx-mu0.01,0.1,9,1.087377
7,2,MLP-FedProx-mu0.01,0.1,10,1.06867
7,2,MLP-FedProx-mu0.01,0.1,11,1.064947
7,2,MLP-FedProx-mu0.01,0.1,12,1.044322
7,2,MLP-FedProx-mu0.01,0.1,13,1.063996
7,2,MLP-FedProx-mu0.01,0.1,14,1.033484
7,2,MLP-FedProx-mu0.01,0.1,15,1.066929
7,2,MLP-FedProx-mu0.01,0.1,16,1.028995
7,2,MLP-FedProx-mu0.01,0.1,17,1.069966
7,2,MLP-FedProx-mu0.01,0.1,18,1.02882
7,2,MLP-FedProx-mu0.01,0.1,19,1.072832
7,2,MLP-FedProx-mu0.01,natural,0,0.728938
7,2,MLP-FedProx-mu0.01,natural,1,0.719425
7,2,MLP-FedProx-mu0.01,natural,2,0.672335
7,2,MLP-FedProx-mu0.01,natural,3,0.613275
7,2,MLP-FedProx-mu0.01,natural,4,0.558295
7,2,MLP-FedProx-mu0.01,natural,5,0.529281
7,2,MLP-FedProx-mu0.01,natural,6,0.514146
7,2,MLP-FedProx-mu0.01,natural,7,0.503627
7,2,MLP-FedProx-mu0.01,natural,8,0.505991
7,2,MLP-FedProx-mu0.01,natural,9,0.512434
7,2,MLP-FedProx-mu0.01,natural,10,0.501127
7,2,MLP-FedProx-mu0.01,natural,11,0.514406
7,2,MLP-FedProx-mu0.01,natural,12,0.48555
7,2,MLP-FedProx-mu0.01,natural,13,0.492734
7,2,MLP-FedProx-mu0.01,natural,14,0.478071
7,2,MLP-FedProx-mu0.01,natural,15,0.482809
7,2,MLP-FedProx-mu0.01,natural,16,0.475287
7,2,MLP-FedProx-mu0.01,natural,17,0.477959
7,2,MLP-FedProx-mu0.01,natural,18,0.474027
7,2,MLP-FedProx-mu0.01,natural,19,0.474735
7,3,MLP-FedProx-mu0.01,100,0,0.167892
7,3,MLP-FedProx-mu0.01,100,1,0.172439
7,3,MLP-FedProx-mu0.01,100,2,0.173492
7,3,MLP-FedProx-mu0.01,100,3,0.178219
7,3,MLP-FedProx-mu0.01,100,4,0.184427
7,3,MLP-FedProx-mu0.01,100,5,0.189363
7,3,MLP-FedProx-mu0.01,100,6,0.201809
7,3,MLP-FedProx-mu0.01,100,7,0.222318
7,3,MLP-FedProx-mu0.01,100,8,0.247675
7,3,MLP-FedProx-mu0.01,100,9,0.262425
7,3,MLP-FedProx-mu0.01,100,10,0.310917
7,3,MLP-FedProx-mu0.01,100,11,0.241777
7,3,MLP-FedProx-mu0.01,100,12,0.233388
7,3,MLP-FedProx-mu0.01,100,13,0.236902
7,3,MLP-FedProx-mu0.01,100,14,0.246759
7,3,MLP-FedProx-mu0.01,100,15,0.242088
7,3,MLP-FedProx-mu0.01,100,16,0.252497
7,3,MLP-FedProx-mu0.01,100,17,0.245674
7,3,MLP-FedProx-mu0.01,100,18,0.258423
7,3,MLP-FedProx-mu0.01,100,19,0.248836
7,3,MLP-FedProx-mu0.01,1.0,0,0.605802
7,3,MLP-FedProx-mu0.01,1.0,1,0.581034
7,3,MLP-FedProx-mu0.01,1.0,2,0.524423
7,3,MLP-FedProx-mu0.01,1.0,3,0.44525
7,3,MLP-FedProx-mu0.01,1.0,4,0.394601
7,3,MLP-FedProx-mu0.01,1.0,5,0.367826
7,3,MLP-FedProx-mu0.01,1.0,6,0.350855
7,3,MLP-FedProx-mu0.01,1.0,7,0.339111
7,3,MLP-FedProx-mu0.01,1.0,8,0.337993
7,3,MLP-FedProx-mu0.01,1.0,9,0.343696
7,3,MLP-FedProx-mu0.01,1.0,10,0.353882
7,3,MLP-FedProx-mu0.01,1.0,11,0.350641
7,3,MLP-FedProx-mu0.01,1.0,12,0.397054
7,3,MLP-FedProx-mu0.01,1.0,13,0.385673
7,3,MLP-FedProx-mu0.01,1.0,14,0.380736
7,3,MLP-FedProx-mu0.01,1.0,15,0.373181
7,3,MLP-FedProx-mu0.01,1.0,16,0.372273
7,3,MLP-FedProx-mu0.01,1.0,17,0.37474
7,3,MLP-FedProx-mu0.01,1.0,18,0.374088
7,3,MLP-FedProx-mu0.01,1.0,19,0.379303
7,3,MLP-FedProx-mu0.01,0.5,0,0.736984
7,3,MLP-FedProx-mu0.01,0.5,1,0.73692
7,3,MLP-FedProx-mu0.01,0.5,2,0.694865
7,3,MLP-FedProx-mu0.01,0.5,3,0.620607
7,3,MLP-FedProx-mu0.01,0.5,4,0.588849
7,3,MLP-FedProx-mu0.01,0.5,5,0.592014
7,3,MLP-FedProx-mu0.01,0.5,6,0.59592
7,3,MLP-FedProx-mu0.01,0.5,7,0.598634
7,3,MLP-FedProx-mu0.01,0.5,8,0.601788
7,3,MLP-FedProx-mu0.01,0.5,9,0.604658
7,3,MLP-FedProx-mu0.01,0.5,10,0.607257
7,3,MLP-FedProx-mu0.01,0.5,11,0.609742
7,3,MLP-FedProx-mu0.01,0.5,12,0.612208
7,3,MLP-FedProx-mu0.01,0.5,13,0.614715
7,3,MLP-FedProx-mu0.01,0.5,14,0.617265
7,3,MLP-FedProx-mu0.01,0.5,15,0.619801
7,3,MLP-FedProx-mu0.01,0.5,16,0.622226
7,3,MLP-FedProx-mu0.01,0.5,17,0.624441
7,3,MLP-FedProx-mu0.01,0.5,18,0.62636
7,3,MLP-FedProx-mu0.01,0.5,19,0.627898
7,3,MLP-FedProx-mu0.01,0.1,0,1.19682
7,3,MLP-FedProx-mu0.01,0.1,1,1.190016
7,3,MLP-FedProx-mu0.01,0.1,2,1.114062
7,3,MLP-FedProx-mu0.01,0.1,3,1.008837
7,3,MLP-FedProx-mu0.01,0.1,4,0.957195
7,3,MLP-FedProx-mu0.01,0.1,5,0.969382
7,3,MLP-FedProx-mu0.01,0.1,6,0.996098
7,3,MLP-FedProx-mu0.01,0.1,7,1.034657
7,3,MLP-FedProx-mu0.01,0.1,8,1.030407
7,3,MLP-FedProx-mu0.01,0.1,9,1.046713
7,3,MLP-FedProx-mu0.01,0.1,10,0.950555
7,3,MLP-FedProx-mu0.01,0.1,11,0.992626
7,3,MLP-FedProx-mu0.01,0.1,12,0.936503
7,3,MLP-FedProx-mu0.01,0.1,13,0.974075
7,3,MLP-FedProx-mu0.01,0.1,14,0.945521
7,3,MLP-FedProx-mu0.01,0.1,15,0.980469
7,3,MLP-FedProx-mu0.01,0.1,16,0.958863
7,3,MLP-FedProx-mu0.01,0.1,17,0.991284
7,3,MLP-FedProx-mu0.01,0.1,18,0.971174
7,3,MLP-FedProx-mu0.01,0.1,19,0.999941
7,3,MLP-FedProx-mu0.01,natural,0,0.760903
7,3,MLP-FedProx-mu0.01,natural,1,0.754543
7,3,MLP-FedProx-mu0.01,natural,2,0.709083
7,3,MLP-FedProx-mu0.01,natural,3,0.64948
7,3,MLP-FedProx-mu0.01,natural,4,0.595924
7,3,MLP-FedProx-mu0.01,natural,5,0.571411
7,3,MLP-FedProx-mu0.01,natural,6,0.563039
7,3,MLP-FedProx-mu0.01,natural,7,0.562479
7,3,MLP-FedProx-mu0.01,natural,8,0.563387
7,3,MLP-FedProx-mu0.01,natural,9,0.55597
7,3,MLP-FedProx-mu0.01,natural,10,0.579928
7,3,MLP-FedProx-mu0.01,natural,11,0.578927
7,3,MLP-FedProx-mu0.01,natural,12,0.529033
7,3,MLP-FedProx-mu0.01,natural,13,0.545234
7,3,MLP-FedProx-mu0.01,natural,14,0.531092
7,3,MLP-FedProx-mu0.01,natural,15,0.54275
7,3,MLP-FedProx-mu0.01,natural,16,0.531151
7,3,MLP-FedProx-mu0.01,natural,17,0.540393
7,3,MLP-FedProx-mu0.01,natural,18,0.531876
7,3,MLP-FedProx-mu0.01,natural,19,0.538867
7,4,MLP-FedProx-mu0.01,100,0,0.144697
7,4,MLP-FedProx-mu0.01,100,1,0.143841
7,4,MLP-FedProx-mu0.01,100,2,0.139792
7,4,MLP-FedProx-mu0.01,100,3,0.141147
7,4,MLP-FedProx-mu0.01,100,4,0.1496
7,4,MLP-FedProx-mu0.01,100,5,0.159969
7,4,MLP-FedProx-mu0.01,100,6,0.176642
7,4,MLP-FedProx-mu0.01,100,7,0.195638
7,4,MLP-FedProx-mu0.01,100,8,0.219259
7,4,MLP-FedProx-mu0.01,100,9,0.235718
7,4,MLP-FedProx-mu0.01,100,10,0.275979
7,4,MLP-FedProx-mu0.01,100,11,0.245909
7,4,MLP-FedProx-mu0.01,100,12,0.227406
7,4,MLP-FedProx-mu0.01,100,13,0.203703
7,4,MLP-FedProx-mu0.01,100,14,0.222211
7,4,MLP-FedProx-mu0.01,100,15,0.206062
7,4,MLP-FedProx-mu0.01,100,16,0.228896
7,4,MLP-FedProx-mu0.01,100,17,0.21186
7,4,MLP-FedProx-mu0.01,100,18,0.235649
7,4,MLP-FedProx-mu0.01,100,19,0.215407
7,4,MLP-FedProx-mu0.01,1.0,0,0.580525
7,4,MLP-FedProx-mu0.01,1.0,1,0.562693
7,4,MLP-FedProx-mu0.01,1.0,2,0.509074
7,4,MLP-FedProx-mu0.01,1.0,3,0.436859
7,4,MLP-FedProx-mu0.01,1.0,4,0.392567
7,4,MLP-FedProx-mu0.01,1.0,5,0.372251
7,4,MLP-FedProx-mu0.01,1.0,6,0.364492
7,4,MLP-FedProx-mu0.01,1.0,7,0.362304
7,4,MLP-FedProx-mu0.01,1.0,8,0.364251
7,4,MLP-FedProx-mu0.01,1.0,9,0.36888
7,4,MLP-FedProx-mu0.01,1.0,10,0.37654
7,4,MLP-FedProx-mu0.01,1.0,11,0.378355
7,4,MLP-FedProx-mu0.01,1.0,12,0.398614
7,4,MLP-FedProx-mu0.01,1.0,13,0.374857
7,4,MLP-FedProx-mu0.01,1.0,14,0.420927
7,4,MLP-FedProx-mu0.01,1.0,15,0.370501
7,4,MLP-FedProx-mu0.01,1.0,16,0.404836
7,4,MLP-FedProx-mu0.01,1.0,17,0.378955
7,4,MLP-FedProx-mu0.01,1.0,18,0.400831
7,4,MLP-FedProx-mu0.01,1.0,19,0.381985
7,4,MLP-FedProx-mu0.01,0.5,0,0.777502
7,4,MLP-FedProx-mu0.01,0.5,1,0.773957
7,4,MLP-FedProx-mu0.01,0.5,2,0.722427
7,4,MLP-FedProx-mu0.01,0.5,3,0.636372
7,4,MLP-FedProx-mu0.01,0.5,4,0.599889
7,4,MLP-FedProx-mu0.01,0.5,5,0.590575
7,4,MLP-FedProx-mu0.01,0.5,6,0.591798
7,4,MLP-FedProx-mu0.01,0.5,7,0.603978
7,4,MLP-FedProx-mu0.01,0.5,8,0.61801
7,4,MLP-FedProx-mu0.01,0.5,9,0.629702
7,4,MLP-FedProx-mu0.01,0.5,10,0.637189
7,4,MLP-FedProx-mu0.01,0.5,11,0.641319
7,4,MLP-FedProx-mu0.01,0.5,12,0.64352
7,4,MLP-FedProx-mu0.01,0.5,13,0.644555
7,4,MLP-FedProx-mu0.01,0.5,14,0.644839
7,4,MLP-FedProx-mu0.01,0.5,15,0.644607
7,4,MLP-FedProx-mu0.01,0.5,16,0.644012
7,4,MLP-FedProx-mu0.01,0.5,17,0.643165
7,4,MLP-FedProx-mu0.01,0.5,18,0.642152
7,4,MLP-FedProx-mu0.01,0.5,19,0.641044
7,4,MLP-FedProx-mu0.01,0.1,0,1.20116
7,4,MLP-FedProx-mu0.01,0.1,1,1.188448
7,4,MLP-FedProx-mu0.01,0.1,2,1.101064
7,4,MLP-FedProx-mu0.01,0.1,3,1.003838
7,4,MLP-FedProx-mu0.01,0.1,4,0.954982
7,4,MLP-FedProx-mu0.01,0.1,5,0.950633
7,4,MLP-FedProx-mu0.01,0.1,6,0.959598
7,4,MLP-FedProx-mu0.01,0.1,7,0.968824
7,4,MLP-FedProx-mu0.01,0.1,8,1.021102
7,4,MLP-FedProx-mu0.01,0.1,9,1.058986
7,4,MLP-FedProx-mu0.01,0.1,10,0.960521
7,4,MLP-FedProx-mu0.01,0.1,11,0.949643
7,4,MLP-FedProx-mu0.01,0.1,12,0.922814
7,4,MLP-FedProx-mu0.01,0.1,13,0.9364
7,4,MLP-FedProx-mu0.01,0.1,14,0.930546
7,4,MLP-FedProx-mu0.01,0.1,15,0.944351
7,4,MLP-FedProx-mu0.01,0.1,16,0.933192
7,4,MLP-FedProx-mu0.01,0.1,17,0.943194
7,4,MLP-FedProx-mu0.01,0.1,18,0.93731
7,4,MLP-FedProx-mu0.01,0.1,19,0.944136
7,4,MLP-FedProx-mu0.01,natural,0,0.747923
7,4,MLP-FedProx-mu0.01,natural,1,0.736201
7,4,MLP-FedProx-mu0.01,natural,2,0.683286
7,4,MLP-FedProx-mu0.01,natural,3,0.611667
7,4,MLP-FedProx-mu0.01,natural,4,0.546684
7,4,MLP-FedProx-mu0.01,natural,5,0.510499
7,4,MLP-FedProx-mu0.01,natural,6,0.489536
7,4,MLP-FedProx-mu0.01,natural,7,0.479107
7,4,MLP-FedProx-mu0.01,natural,8,0.474728
7,4,MLP-FedProx-mu0.01,natural,9,0.47211
7,4,MLP-FedProx-mu0.01,natural,10,0.469972
7,4,MLP-FedProx-mu0.01,natural,11,0.46779
7,4,MLP-FedProx-mu0.01,natural,12,0.465258
7,4,MLP-FedProx-mu0.01,natural,13,0.463384
7,4,MLP-FedProx-mu0.01,natural,14,0.46044
7,4,MLP-FedProx-mu0.01,natural,15,0.461071
7,4,MLP-FedProx-mu0.01,natural,16,0.458913
7,4,MLP-FedProx-mu0.01,natural,17,0.459724
7,4,MLP-FedProx-mu0.01,natural,18,0.462111
7,4,MLP-FedProx-mu0.01,natural,19,0.449359
8,0,MLP-FedProx-mu0.01,100,0,0.116481
8,0,MLP-FedProx-mu0.01,100,1,0.108865
8,0,MLP-FedProx-mu0.01,100,2,0.111201
8,0,MLP-FedProx-mu0.01,100,3,0.117504
8,0,MLP-FedProx-mu0.01,100,4,0.127155
8,0,MLP-FedProx-mu0.01,100,5,0.135654
8,0,MLP-FedProx-mu0.01,100,6,0.152607
8,0,MLP-FedProx-mu0.01,100,7,0.172129
8,0,MLP-FedProx-mu0.01,100,8,0.186768
8,0,MLP-FedProx-mu0.01,100,9,0.20287
8,0,MLP-FedProx-mu0.01,100,10,0.241193
8,0,MLP-FedProx-mu0.01,100,11,0.31555
8,0,MLP-FedProx-mu0.01,100,12,0.222862
8,0,MLP-FedProx-mu0.01,100,13,0.192054
8,0,MLP-FedProx-mu0.01,100,14,0.210291
8,0,MLP-FedProx-mu0.01,100,15,0.212858
8,0,MLP-FedProx-mu0.01,100,16,0.220515
8,0,MLP-FedProx-mu0.01,100,17,0.221006
8,0,MLP-FedProx-mu0.01,100,18,0.234349
8,0,MLP-FedProx-mu0.01,100,19,0.231152
8,0,MLP-FedProx-mu0.01,1.0,0,0.722391
8,0,MLP-FedProx-mu0.01,1.0,1,0.726079
8,0,MLP-FedProx-mu0.01,1.0,2,0.704339
8,0,MLP-FedProx-mu0.01,1.0,3,0.651583
8,0,MLP-FedProx-mu0.01,1.0,4,0.588633
8,0,MLP-FedProx-mu0.01,1.0,5,0.547849
8,0,MLP-FedProx-mu0.01,1.0,6,0.533632
8,0,MLP-FedProx-mu0.01,1.0,7,0.533064
8,0,MLP-FedProx-mu0.01,1.0,8,0.537082
8,0,MLP-FedProx-mu0.01,1.0,9,0.552938
8,0,MLP-FedProx-mu0.01,1.0,10,0.582647
8,0,MLP-FedProx-mu0.01,1.0,11,0.605262
8,0,MLP-FedProx-mu0.01,1.0,12,0.625058
8,0,MLP-FedProx-mu0.01,1.0,13,0.626591
8,0,MLP-FedProx-mu0.01,1.0,14,0.645518
8,0,MLP-FedProx-mu0.01,1.0,15,0.562951
8,0,MLP-FedProx-mu0.01,1.0,16,0.52367
8,0,MLP-FedProx-mu0.01,1.0,17,0.601416
8,0,MLP-FedProx-mu0.01,1.0,18,0.622259
8,0,MLP-FedProx-mu0.01,1.0,19,0.641034
8,0,MLP-FedProx-mu0.01,0.5,0,0.664449
8,0,MLP-FedProx-mu0.01,0.5,1,0.606549
8,0,MLP-FedProx-mu0.01,0.5,2,0.572513
8,0,MLP-FedProx-mu0.01,0.5,3,0.506814
8,0,MLP-FedProx-mu0.01,0.5,4,0.453634
8,0,MLP-FedProx-mu0.01,0.5,5,0.426008
8,0,MLP-FedProx-mu0.01,0.5,6,0.419308
8,0,MLP-FedProx-mu0.01,0.5,7,0.437379
8,0,MLP-FedProx-mu0.01,0.5,8,0.455657
8,0,MLP-FedProx-mu0.01,0.5,9,0.458047
8,0,MLP-FedProx-mu0.01,0.5,10,0.459161
8,0,MLP-FedProx-mu0.01,0.5,11,0.462201
8,0,MLP-FedProx-mu0.01,0.5,12,0.465318
8,0,MLP-FedProx-mu0.01,0.5,13,0.469298
8,0,MLP-FedProx-mu0.01,0.5,14,0.473573
8,0,MLP-FedProx-mu0.01,0.5,15,0.479391
8,0,MLP-FedProx-mu0.01,0.5,16,0.485393
8,0,MLP-FedProx-mu0.01,0.5,17,0.491347
8,0,MLP-FedProx-mu0.01,0.5,18,0.496262
8,0,MLP-FedProx-mu0.01,0.5,19,0.499946
8,0,MLP-FedProx-mu0.01,0.1,0,1.101446
8,0,MLP-FedProx-mu0.01,0.1,1,1.118887
8,0,MLP-FedProx-mu0.01,0.1,2,1.050371
8,0,MLP-FedProx-mu0.01,0.1,3,1.259358
8,0,MLP-FedProx-mu0.01,0.1,4,1.342018
8,0,MLP-FedProx-mu0.01,0.1,5,1.437278
8,0,MLP-FedProx-mu0.01,0.1,6,1.293073
8,0,MLP-FedProx-mu0.01,0.1,7,1.369095
8,0,MLP-FedProx-mu0.01,0.1,8,0.992553
8,0,MLP-FedProx-mu0.01,0.1,9,1.167953
8,0,MLP-FedProx-mu0.01,0.1,10,1.203755
8,0,MLP-FedProx-mu0.01,0.1,11,0.839714
8,0,MLP-FedProx-mu0.01,0.1,12,1.195805
8,0,MLP-FedProx-mu0.01,0.1,13,1.281046
8,0,MLP-FedProx-mu0.01,0.1,14,0.887277
8,0,MLP-FedProx-mu0.01,0.1,15,1.218888
8,0,MLP-FedProx-mu0.01,0.1,16,1.205241
8,0,MLP-FedProx-mu0.01,0.1,17,1.314046
8,0,MLP-FedProx-mu0.01,0.1,18,1.446158
8,0,MLP-FedProx-mu0.01,0.1,19,1.01458
8,0,MLP-FedProx-mu0.01,natural,0,0.74891
8,0,MLP-FedProx-mu0.01,natural,1,0.744752
8,0,MLP-FedProx-mu0.01,natural,2,0.717913
8,0,MLP-FedProx-mu0.01,natural,3,0.670543
8,0,MLP-FedProx-mu0.01,natural,4,0.62194
8,0,MLP-FedProx-mu0.01,natural,5,0.590702
8,0,MLP-FedProx-mu0.01,natural,6,0.56687
8,0,MLP-FedProx-mu0.01,natural,7,0.546434
8,0,MLP-FedProx-mu0.01,natural,8,0.535884
8,0,MLP-FedProx-mu0.01,natural,9,0.529654
8,0,MLP-FedProx-mu0.01,natural,10,0.521134
8,0,MLP-FedProx-mu0.01,natural,11,0.512353
8,0,MLP-FedProx-mu0.01,natural,12,0.514278
8,0,MLP-FedProx-mu0.01,natural,13,0.504989
8,0,MLP-FedProx-mu0.01,natural,14,0.478203
8,0,MLP-FedProx-mu0.01,natural,15,0.52933
8,0,MLP-FedProx-mu0.01,natural,16,0.481511
8,0,MLP-FedProx-mu0.01,natural,17,0.530603
8,0,MLP-FedProx-mu0.01,natural,18,0.484882
8,0,MLP-FedProx-mu0.01,natural,19,0.530002
8,1,MLP-FedProx-mu0.01,100,0,0.131575
8,1,MLP-FedProx-mu0.01,100,1,0.122769
8,1,MLP-FedProx-mu0.01,100,2,0.128612
8,1,MLP-FedProx-mu0.01,100,3,0.138749
8,1,MLP-FedProx-mu0.01,100,4,0.152443
8,1,MLP-FedProx-mu0.01,100,5,0.15305
8,1,MLP-FedProx-mu0.01,100,6,0.156781
8,1,MLP-FedProx-mu0.01,100,7,0.168588
8,1,MLP-FedProx-mu0.01,100,8,0.185384
8,1,MLP-FedProx-mu0.01,100,9,0.20841
8,1,MLP-FedProx-mu0.01,100,10,0.240141
8,1,MLP-FedProx-mu0.01,100,11,0.274586
8,1,MLP-FedProx-mu0.01,100,12,0.303238
8,1,MLP-FedProx-mu0.01,100,13,0.219382
8,1,MLP-FedProx-mu0.01,100,14,0.199772
8,1,MLP-FedProx-mu0.01,100,15,0.207269
8,1,MLP-FedProx-mu0.01,100,16,0.206075
8,1,MLP-FedProx-mu0.01,100,17,0.211353
8,1,MLP-FedProx-mu0.01,100,18,0.213148
8,1,MLP-FedProx-mu0.01,100,19,0.214453
8,1,MLP-FedProx-mu0.01,1.0,0,0.627811
8,1,MLP-FedProx-mu0.01,1.0,1,0.63271
8,1,MLP-FedProx-mu0.01,1.0,2,0.614363
8,1,MLP-FedProx-mu0.01,1.0,3,0.57337
8,1,MLP-FedProx-mu0.01,1.0,4,0.514555
8,1,MLP-FedProx-mu0.01,1.0,5,0.47199
8,1,MLP-FedProx-mu0.01,1.0,6,0.457436
8,1,MLP-FedProx-mu0.01,1.0,7,0.459742
8,1,MLP-FedProx-mu0.01,1.0,8,0.472678
8,1,MLP-FedProx-mu0.01,1.0,9,0.501374
8,1,MLP-FedProx-mu0.01,1.0,10,0.544078
8,1,MLP-FedProx-mu0.01,1.0,11,0.576583
8,1,MLP-FedProx-mu0.01,1.0,12,0.609142
8,1,MLP-FedProx-mu0.01,1.0,13,0.533647
8,1,MLP-FedProx-mu0.01,1.0,14,0.531936
8,1,MLP-FedProx-mu0.01,1.0,15,0.594856
8,1,MLP-FedProx-mu0.01,1.0,16,0.607998
8,1,MLP-FedProx-mu0.01,1.0,17,0.615971
8,1,MLP-FedProx-mu0.01,1.0,18,0.621511
8,1,MLP-FedProx-mu0.01,1.0,19,0.620589
8,1,MLP-FedProx-mu0.01,0.5,0,0.658362
8,1,MLP-FedProx-mu0.01,0.5,1,0.598623
8,1,MLP-FedProx-mu0.01,0.5,2,0.555358
8,1,MLP-FedProx-mu0.01,0.5,3,0.497556
8,1,MLP-FedProx-mu0.01,0.5,4,0.467629
8,1,MLP-FedProx-mu0.01,0.5,5,0.449715
8,1,MLP-FedProx-mu0.01,0.5,6,0.461478
8,1,MLP-FedProx-mu0.01,0.5,7,0.467263
8,1,MLP-FedProx-mu0.01,0.5,8,0.47149
8,1,MLP-FedProx-mu0.01,0.5,9,0.479125
8,1,MLP-FedProx-mu0.01,0.5,10,0.487341
8,1,MLP-FedProx-mu0.01,0.5,11,0.491858
8,1,MLP-FedProx-mu0.01,0.5,12,0.493223
8,1,MLP-FedProx-mu0.01,0.5,13,0.493448
8,1,MLP-FedProx-mu0.01,0.5,14,0.493475
8,1,MLP-FedProx-mu0.01,0.5,15,0.493667
8,1,MLP-FedProx-mu0.01,0.5,16,0.49394
8,1,MLP-FedProx-mu0.01,0.5,17,0.494055
8,1,MLP-FedProx-mu0.01,0.5,18,0.493853
8,1,MLP-FedProx-mu0.01,0.5,19,0.49335
8,1,MLP-FedProx-mu0.01,0.1,0,1.096021
8,1,MLP-FedProx-mu0.01,0.1,1,1.112962
8,1,MLP-FedProx-mu0.01,0.1,2,1.037803
8,1,MLP-FedProx-mu0.01,0.1,3,1.247783
8,1,MLP-FedProx-mu0.01,0.1,4,1.305911
8,1,MLP-FedProx-mu0.01,0.1,5,1.461511
8,1,MLP-FedProx-mu0.01,0.1,6,1.14326
8,1,MLP-FedProx-mu0.01,0.1,7,1.347374
8,1,MLP-FedProx-mu0.01,0.1,8,1.005179
8,1,MLP-FedProx-mu0.01,0.1,9,1.188827
8,1,MLP-FedProx-mu0.01,0.1,10,1.149091
8,1,MLP-FedProx-mu0.01,0.1,11,0.860541
8,1,MLP-FedProx-mu0.01,0.1,12,1.236502
8,1,MLP-FedProx-mu0.01,0.1,13,1.235146
8,1,MLP-FedProx-mu0.01,0.1,14,1.151712
8,1,MLP-FedProx-mu0.01,0.1,15,0.9679
8,1,MLP-FedProx-mu0.01,0.1,16,1.208864
8,1,MLP-FedProx-mu0.01,0.1,17,0.938035
8,1,MLP-FedProx-mu0.01,0.1,18,1.233091
8,1,MLP-FedProx-mu0.01,0.1,19,1.011941
8,1,MLP-FedProx-mu0.01,natural,0,0.734552
8,1,MLP-FedProx-mu0.01,natural,1,0.727799
8,1,MLP-FedProx-mu0.01,natural,2,0.702684
8,1,MLP-FedProx-mu0.01,natural,3,0.661956
8,1,MLP-FedProx-mu0.01,natural,4,0.62193
8,1,MLP-FedProx-mu0.01,natural,5,0.592685
8,1,MLP-FedProx-mu0.01,natural,6,0.567717
8,1,MLP-FedProx-mu0.01,natural,7,0.544291
8,1,MLP-FedProx-mu0.01,natural,8,0.527953
8,1,MLP-FedProx-mu0.01,natural,9,0.526395
8,1,MLP-FedProx-mu0.01,natural,10,0.538779
8,1,MLP-FedProx-mu0.01,natural,11,0.54903
8,1,MLP-FedProx-mu0.01,natural,12,0.546316
8,1,MLP-FedProx-mu0.01,natural,13,0.54476
8,1,MLP-FedProx-mu0.01,natural,14,0.52526
8,1,MLP-FedProx-mu0.01,natural,15,0.560534
8,1,MLP-FedProx-mu0.01,natural,16,0.52296
8,1,MLP-FedProx-mu0.01,natural,17,0.472407
8,1,MLP-FedProx-mu0.01,natural,18,0.48287
8,1,MLP-FedProx-mu0.01,natural,19,0.502951
8,2,MLP-FedProx-mu0.01,100,0,0.140813
8,2,MLP-FedProx-mu0.01,100,1,0.134549
8,2,MLP-FedProx-mu0.01,100,2,0.136545
8,2,MLP-FedProx-mu0.01,100,3,0.147273
8,2,MLP-FedProx-mu0.01,100,4,0.170053
8,2,MLP-FedProx-mu0.01,100,5,0.165143
8,2,MLP-FedProx-mu0.01,100,6,0.164803
8,2,MLP-FedProx-mu0.01,100,7,0.178115
8,2,MLP-FedProx-mu0.01,100,8,0.198019
8,2,MLP-FedProx-mu0.01,100,9,0.217892
8,2,MLP-FedProx-mu0.01,100,10,0.242029
8,2,MLP-FedProx-mu0.01,100,11,0.261251
8,2,MLP-FedProx-mu0.01,100,12,0.232512
8,2,MLP-FedProx-mu0.01,100,13,0.197474
8,2,MLP-FedProx-mu0.01,100,14,0.232954
8,2,MLP-FedProx-mu0.01,100,15,0.230669
8,2,MLP-FedProx-mu0.01,100,16,0.243862
8,2,MLP-FedProx-mu0.01,100,17,0.233906
8,2,MLP-FedProx-mu0.01,100,18,0.246946
8,2,MLP-FedProx-mu0.01,100,19,0.236299
8,2,MLP-FedProx-mu0.01,1.0,0,0.650229
8,2,MLP-FedProx-mu0.01,1.0,1,0.656466
8,2,MLP-FedProx-mu0.01,1.0,2,0.639997
8,2,MLP-FedProx-mu0.01,1.0,3,0.597187
8,2,MLP-FedProx-mu0.01,1.0,4,0.540001
8,2,MLP-FedProx-mu0.01,1.0,5,0.50533
8,2,MLP-FedProx-mu0.01,1.0,6,0.494606
8,2,MLP-FedProx-mu0.01,1.0,7,0.49735
8,2,MLP-FedProx-mu0.01,1.0,8,0.512663
8,2,MLP-FedProx-mu0.01,1.0,9,0.540721
8,2,MLP-FedProx-mu0.01,1.0,10,0.574655
8,2,MLP-FedProx-mu0.01,1.0,11,0.577503
8,2,MLP-FedProx-mu0.01,1.0,12,0.620496
8,2,MLP-FedProx-mu0.01,1.0,13,0.526768
8,2,MLP-FedProx-mu0.01,1.0,14,0.545184
8,2,MLP-FedProx-mu0.01,1.0,15,0.597924
8,2,MLP-FedProx-mu0.01,1.0,16,0.627775
8,2,MLP-FedProx-mu0.01,1.0,17,0.54884
8,2,MLP-FedProx-mu0.01,1.0,18,0.608677
8,2,MLP-FedProx-mu0.01,1.0,19,0.533768
8,2,MLP-FedProx-mu0.01,0.5,0,0.776117
8,2,MLP-FedProx-mu0.01,0.5,1,0.729032
8,2,MLP-FedProx-mu0.01,0.5,2,0.691823
8,2,MLP-FedProx-mu0.01,0.5,3,0.637401
8,2,MLP-FedProx-mu0.01,0.5,4,0.579742
8,2,MLP-FedProx-mu0.01,0.5,5,0.522581
8,2,MLP-FedProx-mu0.01,0.5,6,0.478264
8,2,MLP-FedProx-mu0.01,0.5,7,0.447443
8,2,MLP-FedProx-mu0.01,0.5,8,0.431358
8,2,MLP-FedProx-mu0.01,0.5,9,0.438092
8,2,MLP-FedProx-mu0.01,0.5,10,0.454007
8,2,MLP-FedProx-mu0.01,0.5,11,0.446025
8,2,MLP-FedProx-mu0.01,0.5,12,0.436835
8,2,MLP-FedProx-mu0.01,0.5,13,0.429164
8,2,MLP-FedProx-mu0.01,0.5,14,0.423592
8,2,MLP-FedProx-mu0.01,0.5,15,0.422563
8,2,MLP-FedProx-mu0.01,0.5,16,0.424833
8,2,MLP-FedProx-mu0.01,0.5,17,0.428062
8,2,MLP-FedProx-mu0.01,0.5,18,0.431725
8,2,MLP-FedProx-mu0.01,0.5,19,0.435923
8,2,MLP-FedProx-mu0.01,0.1,0,1.10317
8,2,MLP-FedProx-mu0.01,0.1,1,1.123409
8,2,MLP-FedProx-mu0.01,0.1,2,1.054105
8,2,MLP-FedProx-mu0.01,0.1,3,1.258773
8,2,MLP-FedProx-mu0.01,0.1,4,1.329493
8,2,MLP-FedProx-mu0.01,0.1,5,1.44542
8,2,MLP-FedProx-mu0.01,0.1,6,1.261175
8,2,MLP-FedProx-mu0.01,0.1,7,1.409813
8,2,MLP-FedProx-mu0.01,0.1,8,1.023263
8,2,MLP-FedProx-mu0.01,0.1,9,1.18918
8,2,MLP-FedProx-mu0.01,0.1,10,1.192758
8,2,MLP-FedProx-mu0.01,0.1,11,0.869263
8,2,MLP-FedProx-mu0.01,0.1,12,1.231278
8,2,MLP-FedProx-mu0.01,0.1,13,1.288691
8,2,MLP-FedProx-mu0.01,0.1,14,0.918526
8,2,MLP-FedProx-mu0.01,0.1,15,1.288807
8,2,MLP-FedProx-mu0.01,0.1,16,1.024251
8,2,MLP-FedProx-mu0.01,0.1,17,1.32906
8,2,MLP-FedProx-mu0.01,0.1,18,1.405788
8,2,MLP-FedProx-mu0.01,0.1,19,1.031479
8,2,MLP-FedProx-mu0.01,natural,0,0.739864
8,2,MLP-FedProx-mu0.01,natural,1,0.733143
8,2,MLP-FedProx-mu0.01,natural,2,0.70178
8,2,MLP-FedProx-mu0.01,natural,3,0.654944
8,2,MLP-FedProx-mu0.01,natural,4,0.608414
8,2,MLP-FedProx-mu0.01,natural,5,0.57506
8,2,MLP-FedProx-mu0.01,natural,6,0.549297
8,2,MLP-FedProx-mu0.01,natural,7,0.528138
8,2,MLP-FedProx-mu0.01,natural,8,0.514397
8,2,MLP-FedProx-mu0.01,natural,9,0.507297
8,2,MLP-FedProx-mu0.01,natural,10,0.505362
8,2,MLP-FedProx-mu0.01,natural,11,0.507893
8,2,MLP-FedProx-mu0.01,natural,12,0.508915
8,2,MLP-FedProx-mu0.01,natural,13,0.519962
8,2,MLP-FedProx-mu0.01,natural,14,0.524317
8,2,MLP-FedProx-mu0.01,natural,15,0.437822
8,2,MLP-FedProx-mu0.01,natural,16,0.503378
8,2,MLP-FedProx-mu0.01,natural,17,0.451751
8,2,MLP-FedProx-mu0.01,natural,18,0.511425
8,2,MLP-FedProx-mu0.01,natural,19,0.44955
8,3,MLP-FedProx-mu0.01,100,0,0.185241
8,3,MLP-FedProx-mu0.01,100,1,0.175655
8,3,MLP-FedProx-mu0.01,100,2,0.174746
8,3,MLP-FedProx-mu0.01,100,3,0.179242
8,3,MLP-FedProx-mu0.01,100,4,0.195216
8,3,MLP-FedProx-mu0.01,100,5,0.198255
8,3,MLP-FedProx-mu0.01,100,6,0.206232
8,3,MLP-FedProx-mu0.01,100,7,0.222895
8,3,MLP-FedProx-mu0.01,100,8,0.242615
8,3,MLP-FedProx-mu0.01,100,9,0.264133
8,3,MLP-FedProx-mu0.01,100,10,0.284725
8,3,MLP-FedProx-mu0.01,100,11,0.31478
8,3,MLP-FedProx-mu0.01,100,12,0.199405
8,3,MLP-FedProx-mu0.01,100,13,0.218544
8,3,MLP-FedProx-mu0.01,100,14,0.234526
8,3,MLP-FedProx-mu0.01,100,15,0.234177
8,3,MLP-FedProx-mu0.01,100,16,0.235794
8,3,MLP-FedProx-mu0.01,100,17,0.232534
8,3,MLP-FedProx-mu0.01,100,18,0.2415
8,3,MLP-FedProx-mu0.01,100,19,0.235059
8,3,MLP-FedProx-mu0.01,1.0,0,0.643555
8,3,MLP-FedProx-mu0.01,1.0,1,0.641592
8,3,MLP-FedProx-mu0.01,1.0,2,0.614305
8,3,MLP-FedProx-mu0.01,1.0,3,0.55232
8,3,MLP-FedProx-mu0.01,1.0,4,0.480704
8,3,MLP-FedProx-mu0.01,1.0,5,0.440136
8,3,MLP-FedProx-mu0.01,1.0,6,0.421633
8,3,MLP-FedProx-mu0.01,1.0,7,0.412507
8,3,MLP-FedProx-mu0.01,1.0,8,0.413954
8,3,MLP-FedProx-mu0.01,1.0,9,0.423741
8,3,MLP-FedProx-mu0.01,1.0,10,0.435992
8,3,MLP-FedProx-mu0.01,1.0,11,0.454347
8,3,MLP-FedProx-mu0.01,1.0,12,0.457012
8,3,MLP-FedProx-mu0.01,1.0,13,0.436687
8,3,MLP-FedProx-mu0.01,1.0,14,0.419252
8,3,MLP-FedProx-mu0.01,1.0,15,0.423323
8,3,MLP-FedProx-mu0.01,1.0,16,0.435535
8,3,MLP-FedProx-mu0.01,1.0,17,0.430604
8,3,MLP-FedProx-mu0.01,1.0,18,0.449167
8,3,MLP-FedProx-mu0.01,1.0,19,0.434183
8,3,MLP-FedProx-mu0.01,0.5,0,0.782718
8,3,MLP-FedProx-mu0.01,0.5,1,0.72087
8,3,MLP-FedProx-mu0.01,0.5,2,0.662106
8,3,MLP-FedProx-mu0.01,0.5,3,0.585724
8,3,MLP-FedProx-mu0.01,0.5,4,0.514934
8,3,MLP-FedProx-mu0.01,0.5,5,0.472222
8,3,MLP-FedProx-mu0.01,0.5,6,0.462099
8,3,MLP-FedProx-mu0.01,0.5,7,0.451617
8,3,MLP-FedProx-mu0.01,0.5,8,0.438107
8,3,MLP-FedProx-mu0.01,0.5,9,0.425211
8,3,MLP-FedProx-mu0.01,0.5,10,0.421331
8,3,MLP-FedProx-mu0.01,0.5,11,0.423361
8,3,MLP-FedProx-mu0.01,0.5,12,0.425001
8,3,MLP-FedProx-mu0.01,0.5,13,0.425195
8,3,MLP-FedProx-mu0.01,0.5,14,0.424913
8,3,MLP-FedProx-mu0.01,0.5,15,0.424842
8,3,MLP-FedProx-mu0.01,0.5,16,0.425282
8,3,MLP-FedProx-mu0.01,0.5,17,0.42626
8,3,MLP-FedProx-mu0.01,0.5,18,0.427665
8,3,MLP-FedProx-mu0.01,0.5,19,0.429339
8,3,MLP-FedProx-mu0.01,0.1,0,1.101547
8,3,MLP-FedProx-mu0.01,0.1,1,1.106654
8,3,MLP-FedProx-mu0.01,0.1,2,1.044565
8,3,MLP-FedProx-mu0.01,0.1,3,1.267804
8,3,MLP-FedProx-mu0.01,0.1,4,1.352739
8,3,MLP-FedProx-mu0.01,0.1,5,1.447968
8,3,MLP-FedProx-mu0.01,0.1,6,1.253509
8,3,MLP-FedProx-mu0.01,0.1,7,1.354975
8,3,MLP-FedProx-mu0.01,0.1,8,0.955826
8,3,MLP-FedProx-mu0.01,0.1,9,1.144732
8,3,MLP-FedProx-mu0.01,0.1,10,1.149572
8,3,MLP-FedProx-mu0.01,0.1,11,1.017333
8,3,MLP-FedProx-mu0.01,0.1,12,1.14544
8,3,MLP-FedProx-mu0.01,0.1,13,0.898683
8,3,MLP-FedProx-mu0.01,0.1,14,1.153281
8,3,MLP-FedProx-mu0.01,0.1,15,1.179184
8,3,MLP-FedProx-mu0.01,0.1,16,1.191193
8,3,MLP-FedProx-mu0.01,0.1,17,1.048989
8,3,MLP-FedProx-mu0.01,0.1,18,1.223832
8,3,MLP-FedProx-mu0.01,0.1,19,1.279672
8,3,MLP-FedProx-mu0.01,natural,0,0.737873
8,3,MLP-FedProx-mu0.01,natural,1,0.724144
8,3,MLP-FedProx-mu0.01,natural,2,0.687231
8,3,MLP-FedProx-mu0.01,natural,3,0.637572
8,3,MLP-FedProx-mu0.01,natural,4,0.59787
8,3,MLP-FedProx-mu0.01,natural,5,0.570088
8,3,MLP-FedProx-mu0.01,natural,6,0.544544
8,3,MLP-FedProx-mu0.01,natural,7,0.52436
8,3,MLP-FedProx-mu0.01,natural,8,0.51749
8,3,MLP-FedProx-mu0.01,natural,9,0.520463
8,3,MLP-FedProx-mu0.01,natural,10,0.498237
8,3,MLP-FedProx-mu0.01,natural,11,0.520326
8,3,MLP-FedProx-mu0.01,natural,12,0.50812
8,3,MLP-FedProx-mu0.01,natural,13,0.451311
8,3,MLP-FedProx-mu0.01,natural,14,0.467358
8,3,MLP-FedProx-mu0.01,natural,15,0.459527
8,3,MLP-FedProx-mu0.01,natural,16,0.469761
8,3,MLP-FedProx-mu0.01,natural,17,0.460796
8,3,MLP-FedProx-mu0.01,natural,18,0.466872
8,3,MLP-FedProx-mu0.01,natural,19,0.46347
8,4,MLP-FedProx-mu0.01,100,0,0.172542
8,4,MLP-FedProx-mu0.01,100,1,0.165099
8,4,MLP-FedProx-mu0.01,100,2,0.163522
8,4,MLP-FedProx-mu0.01,100,3,0.166223
8,4,MLP-FedProx-mu0.01,100,4,0.172826
8,4,MLP-FedProx-mu0.01,100,5,0.170831
8,4,MLP-FedProx-mu0.01,100,6,0.17409
8,4,MLP-FedProx-mu0.01,100,7,0.184229
8,4,MLP-FedProx-mu0.01,100,8,0.198813
8,4,MLP-FedProx-mu0.01,100,9,0.220322
8,4,MLP-FedProx-mu0.01,100,10,0.249217
8,4,MLP-FedProx-mu0.01,100,11,0.289094
8,4,MLP-FedProx-mu0.01,100,12,0.262822
8,4,MLP-FedProx-mu0.01,100,13,0.225946
8,4,MLP-FedProx-mu0.01,100,14,0.241184
8,4,MLP-FedProx-mu0.01,100,15,0.241505
8,4,MLP-FedProx-mu0.01,100,16,0.252882
8,4,MLP-FedProx-mu0.01,100,17,0.245775
8,4,MLP-FedProx-mu0.01,100,18,0.257992
8,4,MLP-FedProx-mu0.01,100,19,0.247345
8,4,MLP-FedProx-mu0.01,1.0,0,0.687674
8,4,MLP-FedProx-mu0.01,1.0,1,0.69205
8,4,MLP-FedProx-mu0.01,1.0,2,0.668241
8,4,MLP-FedProx-mu0.01,1.0,3,0.624701
8,4,MLP-FedProx-mu0.01,1.0,4,0.584252
8,4,MLP-FedProx-mu0.01,1.0,5,0.560276
8,4,MLP-FedProx-mu0.01,1.0,6,0.548155
8,4,MLP-FedProx-mu0.01,1.0,7,0.54518
8,4,MLP-FedProx-mu0.01,1.0,8,0.550458
8,4,MLP-FedProx-mu0.01,1.0,9,0.566097
8,4,MLP-FedProx-mu0.01,1.0,10,0.588568
8,4,MLP-FedProx-mu0.01,1.0,11,0.610679
8,4,MLP-FedProx-mu0.01,1.0,12,0.632982
8,4,MLP-FedProx-mu0.01,1.0,13,0.626218
8,4,MLP-FedProx-mu0.01,1.0,14,0.609014
8,4,MLP-FedProx-mu0.01,1.0,15,0.603172
8,4,MLP-FedProx-mu0.01,1.0,16,0.599909
8,4,MLP-FedProx-mu0.01,1.0,17,0.615712
8,4,MLP-FedProx-mu0.01,1.0,18,0.615757
8,4,MLP-FedProx-mu0.01,1.0,19,0.616522
8,4,MLP-FedProx-mu0.01,0.5,0,0.635424
8,4,MLP-FedProx-mu0.01,0.5,1,0.58219
8,4,MLP-FedProx-mu0.01,0.5,2,0.542954
8,4,MLP-FedProx-mu0.01,0.5,3,0.489354
8,4,MLP-FedProx-mu0.01,0.5,4,0.451811
8,4,MLP-FedProx-mu0.01,0.5,5,0.424611
8,4,MLP-FedProx-mu0.01,0.5,6,0.419798
8,4,MLP-FedProx-mu0.01,0.5,7,0.430689
8,4,MLP-FedProx-mu0.01,0.5,8,0.466693
8,4,MLP-FedProx-mu0.01,0.5,9,0.475872
8,4,MLP-FedProx-mu0.01,0.5,10,0.441871
8,4,MLP-FedProx-mu0.01,0.5,11,0.428778
8,4,MLP-FedProx-mu0.01,0.5,12,0.427085
8,4,MLP-FedProx-mu0.01,0.5,13,0.430682
8,4,MLP-FedProx-mu0.01,0.5,14,0.439342
8,4,MLP-FedProx-mu0.01,0.5,15,0.451907
8,4,MLP-FedProx-mu0.01,0.5,16,0.465963
8,4,MLP-FedProx-mu0.01,0.5,17,0.478732
8,4,MLP-FedProx-mu0.01,0.5,18,0.488567
8,4,MLP-FedProx-mu0.01,0.5,19,0.495383
8,4,MLP-FedProx-mu0.01,0.1,0,1.092466
8,4,MLP-FedProx-mu0.01,0.1,1,1.111494
8,4,MLP-FedProx-mu0.01,0.1,2,1.048624
8,4,MLP-FedProx-mu0.01,0.1,3,1.245391
8,4,MLP-FedProx-mu0.01,0.1,4,1.296996
8,4,MLP-FedProx-mu0.01,0.1,5,1.443804
8,4,MLP-FedProx-mu0.01,0.1,6,1.184596
8,4,MLP-FedProx-mu0.01,0.1,7,1.38133
8,4,MLP-FedProx-mu0.01,0.1,8,0.999256
8,4,MLP-FedProx-mu0.01,0.1,9,1.191258
8,4,MLP-FedProx-mu0.01,0.1,10,1.130667
8,4,MLP-FedProx-mu0.01,0.1,11,0.827566
8,4,MLP-FedProx-mu0.01,0.1,12,1.232511
8,4,MLP-FedProx-mu0.01,0.1,13,1.239735
8,4,MLP-FedProx-mu0.01,0.1,14,0.890827
8,4,MLP-FedProx-mu0.01,0.1,15,1.2486
8,4,MLP-FedProx-mu0.01,0.1,16,1.127177
8,4,MLP-FedProx-mu0.01,0.1,17,1.194771
8,4,MLP-FedProx-mu0.01,0.1,18,1.368674
8,4,MLP-FedProx-mu0.01,0.1,19,0.959932
8,4,MLP-FedProx-mu0.01,natural,0,0.724124
8,4,MLP-FedProx-mu0.01,natural,1,0.715031
8,4,MLP-FedProx-mu0.01,natural,2,0.684273
8,4,MLP-FedProx-mu0.01,natural,3,0.642237
8,4,MLP-FedProx-mu0.01,natural,4,0.604911
8,4,MLP-FedProx-mu0.01,natural,5,0.578111
8,4,MLP-FedProx-mu0.01,natural,6,0.555491
8,4,MLP-FedProx-mu0.01,natural,7,0.534573
8,4,MLP-FedProx-mu0.01,natural,8,0.518881
8,4,MLP-FedProx-mu0.01,natural,9,0.510402
8,4,MLP-FedProx-mu0.01,natural,10,0.507539
8,4,MLP-FedProx-mu0.01,natural,11,0.509926
8,4,MLP-FedProx-mu0.01,natural,12,0.516549
8,4,MLP-FedProx-mu0.01,natural,13,0.521915
8,4,MLP-FedProx-mu0.01,natural,14,0.524034
8,4,MLP-FedProx-mu0.01,natural,15,0.523531
8,4,MLP-FedProx-mu0.01,natural,16,0.523053
8,4,MLP-FedProx-mu0.01,natural,17,0.519893
8,4,MLP-FedProx-mu0.01,natural,18,0.522272
8,4,MLP-FedProx-mu0.01,natural,19,0.51123
9,0,MLP-FedProx-mu0.01,100,0,0.151645
9,0,MLP-FedProx-mu0.01,100,1,0.16278
9,0,MLP-FedProx-mu0.01,100,2,0.186272
9,0,MLP-FedProx-mu0.01,100,3,0.211603
9,0,MLP-FedProx-mu0.01,100,4,0.24104
9,0,MLP-FedProx-mu0.01,100,5,0.266723
9,0,MLP-FedProx-mu0.01,100,6,0.279195
9,0,MLP-FedProx-mu0.01,100,7,0.272054
9,0,MLP-FedProx-mu0.01,100,8,0.266291
9,0,MLP-FedProx-mu0.01,100,9,0.257359
9,0,MLP-FedProx-mu0.01,100,10,0.252539
9,0,MLP-FedProx-mu0.01,100,11,0.245329
9,0,MLP-FedProx-mu0.01,100,12,0.243383
9,0,MLP-FedProx-mu0.01,100,13,0.237366
9,0,MLP-FedProx-mu0.01,100,14,0.238752
9,0,MLP-FedProx-mu0.01,100,15,0.233359
9,0,MLP-FedProx-mu0.01,100,16,0.237396
9,0,MLP-FedProx-mu0.01,100,17,0.23281
9,0,MLP-FedProx-mu0.01,100,18,0.237896
9,0,MLP-FedProx-mu0.01,100,19,0.234839
9,0,MLP-FedProx-mu0.01,1.0,0,0.986481
9,0,MLP-FedProx-mu0.01,1.0,1,0.998434
9,0,MLP-FedProx-mu0.01,1.0,2,1.028441
9,0,MLP-FedProx-mu0.01,1.0,3,1.032983
9,0,MLP-FedProx-mu0.01,1.0,4,1.056173
9,0,MLP-FedProx-mu0.01,1.0,5,1.07597
9,0,MLP-FedProx-mu0.01,1.0,6,1.032211
9,0,MLP-FedProx-mu0.01,1.0,7,1.042154
9,0,MLP-FedProx-mu0.01,1.0,8,1.016027
9,0,MLP-FedProx-mu0.01,1.0,9,1.019687
9,0,MLP-FedProx-mu0.01,1.0,10,1.010387
9,0,MLP-FedProx-mu0.01,1.0,11,1.011046
9,0,MLP-FedProx-mu0.01,1.0,12,1.007698
9,0,MLP-FedProx-mu0.01,1.0,13,1.010534
9,0,MLP-FedProx-mu0.01,1.0,14,1.007348
9,0,MLP-FedProx-mu0.01,1.0,15,1.009584
9,0,MLP-FedProx-mu0.01,1.0,16,1.00499
9,0,MLP-FedProx-mu0.01,1.0,17,1.007839
9,0,MLP-FedProx-mu0.01,1.0,18,1.001127
9,0,MLP-FedProx-mu0.01,1.0,19,1.005685
9,0,MLP-FedProx-mu0.01,0.5,0,0.963972
9,0,MLP-FedProx-mu0.01,0.5,1,0.993936
9,0,MLP-FedProx-mu0.01,0.5,2,1.024006
9,0,MLP-FedProx-mu0.01,0.5,3,1.059276
9,0,MLP-FedProx-mu0.01,0.5,4,1.085313
9,0,MLP-FedProx-mu0.01,0.5,5,1.106812
9,0,MLP-FedProx-mu0.01,0.5,6,1.104749
9,0,MLP-FedProx-mu0.01,0.5,7,1.081808
9,0,MLP-FedProx-mu0.01,0.5,8,1.170119
9,0,MLP-FedProx-mu0.01,0.5,9,0.911283
9,0,MLP-FedProx-mu0.01,0.5,10,1.163108
9,0,MLP-FedProx-mu0.01,0.5,11,0.865435
9,0,MLP-FedProx-mu0.01,0.5,12,1.143683
9,0,MLP-FedProx-mu0.01,0.5,13,0.827961
9,0,MLP-FedProx-mu0.01,0.5,14,1.159225
9,0,MLP-FedProx-mu0.01,0.5,15,0.817912
9,0,MLP-FedProx-mu0.01,0.5,16,1.153159
9,0,MLP-FedProx-mu0.01,0.5,17,0.842479
9,0,MLP-FedProx-mu0.01,0.5,18,1.112448
9,0,MLP-FedProx-mu0.01,0.5,19,0.851282
9,0,MLP-FedProx-mu0.01,0.1,0,1.011738
9,0,MLP-FedProx-mu0.01,0.1,1,0.98537
9,0,MLP-FedProx-mu0.01,0.1,2,0.946137
9,0,MLP-FedProx-mu0.01,0.1,3,0.917536
9,0,MLP-FedProx-mu0.01,0.1,4,0.899898
9,0,MLP-FedProx-mu0.01,0.1,5,0.891407
9,0,MLP-FedProx-mu0.01,0.1,6,0.887999
9,0,MLP-FedProx-mu0.01,0.1,7,0.886881
9,0,MLP-FedProx-mu0.01,0.1,8,0.885981
9,0,MLP-FedProx-mu0.01,0.1,9,0.884527
9,0,MLP-FedProx-mu0.01,0.1,10,0.882636
9,0,MLP-FedProx-mu0.01,0.1,11,0.88061
9,0,MLP-FedProx-mu0.01,0.1,12,0.878687
9,0,MLP-FedProx-mu0.01,0.1,13,0.877031
9,0,MLP-FedProx-mu0.01,0.1,14,0.875742
9,0,MLP-FedProx-mu0.01,0.1,15,0.874868
9,0,MLP-FedProx-mu0.01,0.1,16,0.874419
9,0,MLP-FedProx-mu0.01,0.1,17,0.874383
9,0,MLP-FedProx-mu0.01,0.1,18,0.874732
9,0,MLP-FedProx-mu0.01,0.1,19,0.87543
9,0,MLP-FedProx-mu0.01,natural,0,0.599339
9,0,MLP-FedProx-mu0.01,natural,1,0.573812
9,0,MLP-FedProx-mu0.01,natural,2,0.560585
9,0,MLP-FedProx-mu0.01,natural,3,0.547903
9,0,MLP-FedProx-mu0.01,natural,4,0.53659
9,0,MLP-FedProx-mu0.01,natural,5,0.529321
9,0,MLP-FedProx-mu0.01,natural,6,0.523477
9,0,MLP-FedProx-mu0.01,natural,7,0.518661
9,0,MLP-FedProx-mu0.01,natural,8,0.513808
9,0,MLP-FedProx-mu0.01,natural,9,0.511539
9,0,MLP-FedProx-mu0.01,natural,10,0.500096
9,0,MLP-FedProx-mu0.01,natural,11,0.497099
9,0,MLP-FedProx-mu0.01,natural,12,0.532405
9,0,MLP-FedProx-mu0.01,natural,13,0.49017
9,0,MLP-FedProx-mu0.01,natural,14,0.512208
9,0,MLP-FedProx-mu0.01,natural,15,0.493094
9,0,MLP-FedProx-mu0.01,natural,16,0.502423
9,0,MLP-FedProx-mu0.01,natural,17,0.493768
9,0,MLP-FedProx-mu0.01,natural,18,0.494249
9,0,MLP-FedProx-mu0.01,natural,19,0.493135
9,1,MLP-FedProx-mu0.01,100,0,0.184475
9,1,MLP-FedProx-mu0.01,100,1,0.198545
9,1,MLP-FedProx-mu0.01,100,2,0.226588
9,1,MLP-FedProx-mu0.01,100,3,0.259406
9,1,MLP-FedProx-mu0.01,100,4,0.298493
9,1,MLP-FedProx-mu0.01,100,5,0.347889
9,1,MLP-FedProx-mu0.01,100,6,0.36811
9,1,MLP-FedProx-mu0.01,100,7,0.379936
9,1,MLP-FedProx-mu0.01,100,8,0.364356
9,1,MLP-FedProx-mu0.01,100,9,0.370106
9,1,MLP-FedProx-mu0.01,100,10,0.359415
9,1,MLP-FedProx-mu0.01,100,11,0.357405
9,1,MLP-FedProx-mu0.01,100,12,0.35337
9,1,MLP-FedProx-mu0.01,100,13,0.349902
9,1,MLP-FedProx-mu0.01,100,14,0.347038
9,1,MLP-FedProx-mu0.01,100,15,0.344458
9,1,MLP-FedProx-mu0.01,100,16,0.342179
9,1,MLP-FedProx-mu0.01,100,17,0.340186
9,1,MLP-FedProx-mu0.01,100,18,0.338482
9,1,MLP-FedProx-mu0.01,100,19,0.337096
9,1,MLP-FedProx-mu0.01,1.0,0,0.99552
9,1,MLP-FedProx-mu0.01,1.0,1,1.01382
9,1,MLP-FedProx-mu0.01,1.0,2,1.055264
9,1,MLP-FedProx-mu0.01,1.0,3,1.060581
9,1,MLP-FedProx-mu0.01,1.0,4,1.056785
9,1,MLP-FedProx-mu0.01,1.0,5,1.072249
9,1,MLP-FedProx-mu0.01,1.0,6,1.058919
9,1,MLP-FedProx-mu0.01,1.0,7,1.044229
9,1,MLP-FedProx-mu0.01,1.0,8,1.06903
9,1,MLP-FedProx-mu0.01,1.0,9,1.048004
9,1,MLP-FedProx-mu0.01,1.0,10,1.094164
9,1,MLP-FedProx-mu0.01,1.0,11,1.076201
9,1,MLP-FedProx-mu0.01,1.0,12,1.086633
9,1,MLP-FedProx-mu0.01,1.0,13,1.040216
9,1,MLP-FedProx-mu0.01,1.0,14,1.060576
9,1,MLP-FedProx-mu0.01,1.0,15,1.068515
9,1,MLP-FedProx-mu0.01,1.0,16,1.031398
9,1,MLP-FedProx-mu0.01,1.0,17,1.044283
9,1,MLP-FedProx-mu0.01,1.0,18,1.055986
9,1,MLP-FedProx-mu0.01,1.0,19,1.045457
9,1,MLP-FedProx-mu0.01,0.5,0,0.973985
9,1,MLP-FedProx-mu0.01,0.5,1,1.001624
9,1,MLP-FedProx-mu0.01,0.5,2,1.02901
9,1,MLP-FedProx-mu0.01,0.5,3,1.060792
9,1,MLP-FedProx-mu0.01,0.5,4,1.082999
9,1,MLP-FedProx-mu0.01,0.5,5,1.104653
9,1,MLP-FedProx-mu0.01,0.5,6,1.090703
9,1,MLP-FedProx-mu0.01,0.5,7,1.041456
9,1,MLP-FedProx-mu0.01,0.5,8,1.137691
9,1,MLP-FedProx-mu0.01,0.5,9,1.039248
9,1,MLP-FedProx-mu0.01,0.5,10,1.154216
9,1,MLP-FedProx-mu0.01,0.5,11,0.848583
9,1,MLP-FedProx-mu0.01,0.5,12,1.118624
9,1,MLP-FedProx-mu0.01,0.5,13,0.926551
9,1,MLP-FedProx-mu0.01,0.5,14,1.130574
9,1,MLP-FedProx-mu0.01,0.5,15,0.869105
9,1,MLP-FedProx-mu0.01,0.5,16,1.12414
9,1,MLP-FedProx-mu0.01,0.5,17,0.882033
9,1,MLP-FedProx-mu0.01,0.5,18,1.108637
9,1,MLP-FedProx-mu0.01,0.5,19,0.896965
9,1,MLP-FedProx-mu0.01,0.1,0,1.015114
9,1,MLP-FedProx-mu0.01,0.1,1,0.989494
9,1,MLP-FedProx-mu0.01,0.1,2,0.966807
9,1,MLP-FedProx-mu0.01,0.1,3,0.949471
9,1,MLP-FedProx-mu0.01,0.1,4,0.936499
9,1,MLP-FedProx-mu0.01,0.1,5,0.927655
9,1,MLP-FedProx-mu0.01,0.1,6,0.919386
9,1,MLP-FedProx-mu0.01,0.1,7,0.909967
9,1,MLP-FedProx-mu0.01,0.1,8,0.89922
9,1,MLP-FedProx-mu0.01,0.1,9,0.888805
9,1,MLP-FedProx-mu0.01,0.1,10,0.88067
9,1,MLP-FedProx-mu0.01,0.1,11,0.875017
9,1,MLP-FedProx-mu0.01,0.1,12,0.871105
9,1,MLP-FedProx-mu0.01,0.1,13,0.868616
9,1,MLP-FedProx-mu0.01,0.1,14,0.867279
9,1,MLP-FedProx-mu0.01,0.1,15,0.86687
9,1,MLP-FedProx-mu0.01,0.1,16,0.867211
9,1,MLP-FedProx-mu0.01,0.1,17,0.868162
9,1,MLP-FedProx-mu0.01,0.1,18,0.869608
9,1,MLP-FedProx-mu0.01,0.1,19,0.871458
9,1,MLP-FedProx-mu0.01,natural,0,0.578951
9,1,MLP-FedProx-mu0.01,natural,1,0.549702
9,1,MLP-FedProx-mu0.01,natural,2,0.536052
9,1,MLP-FedProx-mu0.01,natural,3,0.524725
9,1,MLP-FedProx-mu0.01,natural,4,0.515104
9,1,MLP-FedProx-mu0.01,natural,5,0.508197
9,1,MLP-FedProx-mu0.01,natural,6,0.507618
9,1,MLP-FedProx-mu0.01,natural,7,0.514968
9,1,MLP-FedProx-mu0.01,natural,8,0.524539
9,1,MLP-FedProx-mu0.01,natural,9,0.53159
9,1,MLP-FedProx-mu0.01,natural,10,0.534225
9,1,MLP-FedProx-mu0.01,natural,11,0.539718
9,1,MLP-FedProx-mu0.01,natural,12,0.528061
9,1,MLP-FedProx-mu0.01,natural,13,0.511217
9,1,MLP-FedProx-mu0.01,natural,14,0.527973
9,1,MLP-FedProx-mu0.01,natural,15,0.472238
9,1,MLP-FedProx-mu0.01,natural,16,0.514375
9,1,MLP-FedProx-mu0.01,natural,17,0.480892
9,1,MLP-FedProx-mu0.01,natural,18,0.506019
9,1,MLP-FedProx-mu0.01,natural,19,0.47775
9,2,MLP-FedProx-mu0.01,100,0,0.208609
9,2,MLP-FedProx-mu0.01,100,1,0.220227
9,2,MLP-FedProx-mu0.01,100,2,0.244597
9,2,MLP-FedProx-mu0.01,100,3,0.272516
9,2,MLP-FedProx-mu0.01,100,4,0.305908
9,2,MLP-FedProx-mu0.01,100,5,0.337952
9,2,MLP-FedProx-mu0.01,100,6,0.357532
9,2,MLP-FedProx-mu0.01,100,7,0.368285
9,2,MLP-FedProx-mu0.01,100,8,0.361219
9,2,MLP-FedProx-mu0.01,100,9,0.370188
9,2,MLP-FedProx-mu0.01,100,10,0.351633
9,2,MLP-FedProx-mu0.01,100,11,0.367231
9,2,MLP-FedProx-mu0.01,100,12,0.339272
9,2,MLP-FedProx-mu0.01,100,13,0.361307
9,2,MLP-FedProx-mu0.01,100,14,0.33182
9,2,MLP-FedProx-mu0.01,100,15,0.353082
9,2,MLP-FedProx-mu0.01,100,16,0.323113
9,2,MLP-FedProx-mu0.01,100,17,0.350354
9,2,MLP-FedProx-mu0.01,100,18,0.318469
9,2,MLP-FedProx-mu0.01,100,19,0.340094
9,2,MLP-FedProx-mu0.01,1.0,0,0.980372
9,2,MLP-FedProx-mu0.01,1.0,1,0.99704
9,2,MLP-FedProx-mu0.01,1.0,2,1.032958
9,2,MLP-FedProx-mu0.01,1.0,3,1.043408
9,2,MLP-FedProx-mu0.01,1.0,4,1.00619
9,2,MLP-FedProx-mu0.01,1.0,5,1.096322
9,2,MLP-FedProx-mu0.01,1.0,6,0.973594
9,2,MLP-FedProx-mu0.01,1.0,7,1.078264
9,2,MLP-FedProx-mu0.01,1.0,8,0.967219
9,2,MLP-FedProx-mu0.01,1.0,9,1.068281
9,2,MLP-FedProx-mu0.01,1.0,10,0.979127
9,2,MLP-FedProx-mu0.01,1.0,11,1.066312
9,2,MLP-FedProx-mu0.01,1.0,12,0.991924
9,2,MLP-FedProx-mu0.01,1.0,13,1.069156
9,2,MLP-FedProx-mu0.01,1.0,14,1.002713
9,2,MLP-FedProx-mu0.01,1.0,15,1.073261
9,2,MLP-FedProx-mu0.01,1.0,16,1.012369
9,2,MLP-FedProx-mu0.01,1.0,17,1.077221
9,2,MLP-FedProx-mu0.01,1.0,18,1.020426
9,2,MLP-FedProx-mu0.01,1.0,19,1.080593
9,2,MLP-FedProx-mu0.01,0.5,0,0.961897
9,2,MLP-FedProx-mu0.01,0.5,1,1.006672
9,2,MLP-FedProx-mu0.01,0.5,2,1.038319
9,2,MLP-FedProx-mu0.01,0.5,3,1.073087
9,2,MLP-FedProx-mu0.01,0.5,4,1.099672
9,2,MLP-FedProx-mu0.01,0.5,5,1.119488
9,2,MLP-FedProx-mu0.01,0.5,6,1.144587
9,2,MLP-FedProx-mu0.01,0.5,7,1.145504
9,2,MLP-FedProx-mu0.01,0.5,8,1.214718
9,2,MLP-FedProx-mu0.01,0.5,9,1.08792
9,2,MLP-FedProx-mu0.01,0.5,10,1.186507
9,2,MLP-FedProx-mu0.01,0.5,11,0.83454
9,2,MLP-FedProx-mu0.01,0.5,12,1.149956
9,2,MLP-FedProx-mu0.01,0.5,13,0.8111
9,2,MLP-FedProx-mu0.01,0.5,14,1.172323
9,2,MLP-FedProx-mu0.01,0.5,15,0.81344
9,2,MLP-FedProx-mu0.01,0.5,16,1.192577
9,2,MLP-FedProx-mu0.01,0.5,17,0.800981
9,2,MLP-FedProx-mu0.01,0.5,18,1.207092
9,2,MLP-FedProx-mu0.01,0.5,19,0.84167
9,2,MLP-FedProx-mu0.01,0.1,0,0.996496
9,2,MLP-FedProx-mu0.01,0.1,1,0.957513
9,2,MLP-FedProx-mu0.01,0.1,2,0.936026
9,2,MLP-FedProx-mu0.01,0.1,3,0.917811
9,2,MLP-FedProx-mu0.01,0.1,4,0.904517
9,2,MLP-FedProx-mu0.01,0.1,5,0.894691
9,2,MLP-FedProx-mu0.01,0.1,6,0.886189
9,2,MLP-FedProx-mu0.01,0.1,7,0.87741
9,2,MLP-FedProx-mu0.01,0.1,8,0.867462
9,2,MLP-FedProx-mu0.01,0.1,9,0.857304
9,2,MLP-FedProx-mu0.01,0.1,10,0.847948
9,2,MLP-FedProx-mu0.01,0.1,11,0.839746
9,2,MLP-FedProx-mu0.01,0.1,12,0.832893
9,2,MLP-FedProx-mu0.01,0.1,13,0.827441
9,2,MLP-FedProx-mu0.01,0.1,14,0.823248
9,2,MLP-FedProx-mu0.01,0.1,15,0.820083
9,2,MLP-FedProx-mu0.01,0.1,16,0.817745
9,2,MLP-FedProx-mu0.01,0.1,17,0.816086
9,2,MLP-FedProx-mu0.01,0.1,18,0.814996
9,2,MLP-FedProx-mu0.01,0.1,19,0.814384
9,2,MLP-FedProx-mu0.01,natural,0,0.603429
9,2,MLP-FedProx-mu0.01,natural,1,0.569126
9,2,MLP-FedProx-mu0.01,natural,2,0.557171
9,2,MLP-FedProx-mu0.01,natural,3,0.545998
9,2,MLP-FedProx-mu0.01,natural,4,0.536512
9,2,MLP-FedProx-mu0.01,natural,5,0.526736
9,2,MLP-FedProx-mu0.01,natural,6,0.519154
9,2,MLP-FedProx-mu0.01,natural,7,0.513936
9,2,MLP-FedProx-mu0.01,natural,8,0.511649
9,2,MLP-FedProx-mu0.01,natural,9,0.504873
9,2,MLP-FedProx-mu0.01,natural,10,0.515804
9,2,MLP-FedProx-mu0.01,natural,11,0.513365
9,2,MLP-FedProx-mu0.01,natural,12,0.448661
9,2,MLP-FedProx-mu0.01,natural,13,0.495899
9,2,MLP-FedProx-mu0.01,natural,14,0.445507
9,2,MLP-FedProx-mu0.01,natural,15,0.487654
9,2,MLP-FedProx-mu0.01,natural,16,0.443261
9,2,MLP-FedProx-mu0.01,natural,17,0.482664
9,2,MLP-FedProx-mu0.01,natural,18,0.442137
9,2,MLP-FedProx-mu0.01,natural,19,0.478669
9,3,MLP-FedProx-mu0.01,100,0,0.203421
9,3,MLP-FedProx-mu0.01,100,1,0.213397
9,3,MLP-FedProx-mu0.01,100,2,0.241299
9,3,MLP-FedProx-mu0.01,100,3,0.267231
9,3,MLP-FedProx-mu0.01,100,4,0.296118
9,3,MLP-FedProx-mu0.01,100,5,0.32899
9,3,MLP-FedProx-mu0.01,100,6,0.353293
9,3,MLP-FedProx-mu0.01,100,7,0.361017
9,3,MLP-FedProx-mu0.01,100,8,0.355471
9,3,MLP-FedProx-mu0.01,100,9,0.354785
9,3,MLP-FedProx-mu0.01,100,10,0.34854
9,3,MLP-FedProx-mu0.01,100,11,0.347375
9,3,MLP-FedProx-mu0.01,100,12,0.341877
9,3,MLP-FedProx-mu0.01,100,13,0.341047
9,3,MLP-FedProx-mu0.01,100,14,0.33452
9,3,MLP-FedProx-mu0.01,100,15,0.335961
9,3,MLP-FedProx-mu0.01,100,16,0.323218
9,3,MLP-FedProx-mu0.01,100,17,0.334872
9,3,MLP-FedProx-mu0.01,100,18,0.297567
9,3,MLP-FedProx-mu0.01,100,19,0.329979
9,3,MLP-FedProx-mu0.01,1.0,0,1.011988
9,3,MLP-FedProx-mu0.01,1.0,1,1.034059
9,3,MLP-FedProx-mu0.01,1.0,2,1.068475
9,3,MLP-FedProx-mu0.01,1.0,3,1.106661
9,3,MLP-FedProx-mu0.01,1.0,4,1.113699
9,3,MLP-FedProx-mu0.01,1.0,5,1.126239
9,3,MLP-FedProx-mu0.01,1.0,6,1.112484
9,3,MLP-FedProx-mu0.01,1.0,7,1.139609
9,3,MLP-FedProx-mu0.01,1.0,8,1.119943
9,3,MLP-FedProx-mu0.01,1.0,9,1.051438
9,3,MLP-FedProx-mu0.01,1.0,10,1.052943
9,3,MLP-FedProx-mu0.01,1.0,11,1.062274
9,3,MLP-FedProx-mu0.01,1.0,12,1.071699
9,3,MLP-FedProx-mu0.01,1.0,13,1.044951
9,3,MLP-FedProx-mu0.01,1.0,14,1.030238
9,3,MLP-FedProx-mu0.01,1.0,15,1.028516
9,3,MLP-FedProx-mu0.01,1.0,16,1.028519
9,3,MLP-FedProx-mu0.01,1.0,17,1.076977
9,3,MLP-FedProx-mu0.01,1.0,18,1.067511
9,3,MLP-FedProx-mu0.01,1.0,19,1.0762
9,3,MLP-FedProx-mu0.01,0.5,0,0.948253
9,3,MLP-FedProx-mu0.01,0.5,1,0.957489
9,3,MLP-FedProx-mu0.01,0.5,2,0.963515
9,3,MLP-FedProx-mu0.01,0.5,3,0.973799
9,3,MLP-FedProx-mu0.01,0.5,4,0.968688
9,3,MLP-FedProx-mu0.01,0.5,5,0.984555
9,3,MLP-FedProx-mu0.01,0.5,6,1.022937
9,3,MLP-FedProx-mu0.01,0.5,7,0.899694
9,3,MLP-FedProx-mu0.01,0.5,8,1.03897
9,3,MLP-FedProx-mu0.01,0.5,9,0.858345
9,3,MLP-FedProx-mu0.01,0.5,10,1.054958
9,3,MLP-FedProx-mu0.01,0.5,11,0.841905
9,3,MLP-FedProx-mu0.01,0.5,12,1.037521
9,3,MLP-FedProx-mu0.01,0.5,13,0.816729
9,3,MLP-FedProx-mu0.01,0.5,14,1.024459
9,3,MLP-FedProx-mu0.01,0.5,15,0.793128
9,3,MLP-FedProx-mu0.01,0.5,16,0.981489
9,3,MLP-FedProx-mu0.01,0.5,17,0.80686
9,3,MLP-FedProx-mu0.01,0.5,18,0.963229
9,3,MLP-FedProx-mu0.01,0.5,19,0.817553
9,3,MLP-FedProx-mu0.01,0.1,0,1.054044
9,3,MLP-FedProx-mu0.01,0.1,1,1.039532
9,3,MLP-FedProx-mu0.01,0.1,2,1.011086
9,3,MLP-FedProx-mu0.01,0.1,3,1.000584
9,3,MLP-FedProx-mu0.01,0.1,4,1.000812
9,3,MLP-FedProx-mu0.01,0.1,5,1.000714
9,3,MLP-FedProx-mu0.01,0.1,6,0.997652
9,3,MLP-FedProx-mu0.01,0.1,7,0.99353
9,3,MLP-FedProx-mu0.01,0.1,8,0.988937
9,3,MLP-FedProx-mu0.01,0.1,9,0.984144
9,3,MLP-FedProx-mu0.01,0.1,10,0.979365
9,3,MLP-FedProx-mu0.01,0.1,11,0.974623
9,3,MLP-FedProx-mu0.01,0.1,12,0.969855
9,3,MLP-FedProx-mu0.01,0.1,13,0.965032
9,3,MLP-FedProx-mu0.01,0.1,14,0.960193
9,3,MLP-FedProx-mu0.01,0.1,15,0.955436
9,3,MLP-FedProx-mu0.01,0.1,16,0.950894
9,3,MLP-FedProx-mu0.01,0.1,17,0.946698
9,3,MLP-FedProx-mu0.01,0.1,18,0.942947
9,3,MLP-FedProx-mu0.01,0.1,19,0.93969
9,3,MLP-FedProx-mu0.01,natural,0,0.61122
9,3,MLP-FedProx-mu0.01,natural,1,0.577817
9,3,MLP-FedProx-mu0.01,natural,2,0.561797
9,3,MLP-FedProx-mu0.01,natural,3,0.550549
9,3,MLP-FedProx-mu0.01,natural,4,0.545414
9,3,MLP-FedProx-mu0.01,natural,5,0.54737
9,3,MLP-FedProx-mu0.01,natural,6,0.561181
9,3,MLP-FedProx-mu0.01,natural,7,0.535953
9,3,MLP-FedProx-mu0.01,natural,8,0.518703
9,3,MLP-FedProx-mu0.01,natural,9,0.526032
9,3,MLP-FedProx-mu0.01,natural,10,0.506634
9,3,MLP-FedProx-mu0.01,natural,11,0.526004
9,3,MLP-FedProx-mu0.01,natural,12,0.490477
9,3,MLP-FedProx-mu0.01,natural,13,0.517636
9,3,MLP-FedProx-mu0.01,natural,14,0.512179
9,3,MLP-FedProx-mu0.01,natural,15,0.519826
9,3,MLP-FedProx-mu0.01,natural,16,0.519655
9,3,MLP-FedProx-mu0.01,natural,17,0.516878
9,3,MLP-FedProx-mu0.01,natural,18,0.523811
9,3,MLP-FedProx-mu0.01,natural,19,0.515308
9,4,MLP-FedProx-mu0.01,100,0,0.152781
9,4,MLP-FedProx-mu0.01,100,1,0.16232
9,4,MLP-FedProx-mu0.01,100,2,0.181947
9,4,MLP-FedProx-mu0.01,100,3,0.207819
9,4,MLP-FedProx-mu0.01,100,4,0.258992
9,4,MLP-FedProx-mu0.01,100,5,0.297896
9,4,MLP-FedProx-mu0.01,100,6,0.348764
9,4,MLP-FedProx-mu0.01,100,7,0.246676
9,4,MLP-FedProx-mu0.01,100,8,0.276267
9,4,MLP-FedProx-mu0.01,100,9,0.19977
9,4,MLP-FedProx-mu0.01,100,10,0.269958
9,4,MLP-FedProx-mu0.01,100,11,0.202485
9,4,MLP-FedProx-mu0.01,100,12,0.284523
9,4,MLP-FedProx-mu0.01,100,13,0.201471
9,4,MLP-FedProx-mu0.01,100,14,0.281774
9,4,MLP-FedProx-mu0.01,100,15,0.206424
9,4,MLP-FedProx-mu0.01,100,16,0.279376
9,4,MLP-FedProx-mu0.01,100,17,0.211898
9,4,MLP-FedProx-mu0.01,100,18,0.278047
9,4,MLP-FedProx-mu0.01,100,19,0.215471
9,4,MLP-FedProx-mu0.01,1.0,0,1.003771
9,4,MLP-FedProx-mu0.01,1.0,1,1.021841
9,4,MLP-FedProx-mu0.01,1.0,2,1.062447
9,4,MLP-FedProx-mu0.01,1.0,3,1.066898
9,4,MLP-FedProx-mu0.01,1.0,4,1.027369
9,4,MLP-FedProx-mu0.01,1.0,5,1.092741
9,4,MLP-FedProx-mu0.01,1.0,6,1.034487
9,4,MLP-FedProx-mu0.01,1.0,7,1.033143
9,4,MLP-FedProx-mu0.01,1.0,8,1.05872
9,4,MLP-FedProx-mu0.01,1.0,9,1.032889
9,4,MLP-FedProx-mu0.01,1.0,10,1.054406
9,4,MLP-FedProx-mu0.01,1.0,11,1.082432
9,4,MLP-FedProx-mu0.01,1.0,12,1.03065
9,4,MLP-FedProx-mu0.01,1.0,13,1.079896
9,4,MLP-FedProx-mu0.01,1.0,14,1.031874
9,4,MLP-FedProx-mu0.01,1.0,15,1.059362
9,4,MLP-FedProx-mu0.01,1.0,16,1.037712
9,4,MLP-FedProx-mu0.01,1.0,17,1.058864
9,4,MLP-FedProx-mu0.01,1.0,18,1.041529
9,4,MLP-FedProx-mu0.01,1.0,19,1.063617
9,4,MLP-FedProx-mu0.01,0.5,0,1.000024
9,4,MLP-FedProx-mu0.01,0.5,1,1.023452
9,4,MLP-FedProx-mu0.01,0.5,2,1.05012
9,4,MLP-FedProx-mu0.01,0.5,3,1.077341
9,4,MLP-FedProx-mu0.01,0.5,4,1.099814
9,4,MLP-FedProx-mu0.01,0.5,5,1.113923
9,4,MLP-FedProx-mu0.01,0.5,6,1.122511
9,4,MLP-FedProx-mu0.01,0.5,7,1.126513
9,4,MLP-FedProx-mu0.01,0.5,8,1.132962
9,4,MLP-FedProx-mu0.01,0.5,9,1.13041
9,4,MLP-FedProx-mu0.01,0.5,10,1.169272
9,4,MLP-FedProx-mu0.01,0.5,11,1.12712
9,4,MLP-FedProx-mu0.01,0.5,12,1.242533
9,4,MLP-FedProx-mu0.01,0.5,13,0.963545
9,4,MLP-FedProx-mu0.01,0.5,14,1.236145
9,4,MLP-FedProx-mu0.01,0.5,15,0.902849
9,4,MLP-FedProx-mu0.01,0.5,16,1.20636
9,4,MLP-FedProx-mu0.01,0.5,17,0.905323
9,4,MLP-FedProx-mu0.01,0.5,18,1.198053
9,4,MLP-FedProx-mu0.01,0.5,19,0.915457
9,4,MLP-FedProx-mu0.01,0.1,0,1.041469
9,4,MLP-FedProx-mu0.01,0.1,1,1.008642
9,4,MLP-FedProx-mu0.01,0.1,2,0.960433
9,4,MLP-FedProx-mu0.01,0.1,3,0.935525
9,4,MLP-FedProx-mu0.01,0.1,4,0.921428
9,4,MLP-FedProx-mu0.01,0.1,5,0.910357
9,4,MLP-FedProx-mu0.01,0.1,6,0.901955
9,4,MLP-FedProx-mu0.01,0.1,7,0.895292
9,4,MLP-FedProx-mu0.01,0.1,8,0.889914
9,4,MLP-FedProx-mu0.01,0.1,9,0.885325
9,4,MLP-FedProx-mu0.01,0.1,10,0.881415
9,4,MLP-FedProx-mu0.01,0.1,11,0.878218
9,4,MLP-FedProx-mu0.01,0.1,12,0.875692
9,4,MLP-FedProx-mu0.01,0.1,13,0.873779
9,4,MLP-FedProx-mu0.01,0.1,14,0.872404
9,4,MLP-FedProx-mu0.01,0.1,15,0.871491
9,4,MLP-FedProx-mu0.01,0.1,16,0.870965
9,4,MLP-FedProx-mu0.01,0.1,17,0.870764
9,4,MLP-FedProx-mu0.01,0.1,18,0.870832
9,4,MLP-FedProx-mu0.01,0.1,19,0.871127
9,4,MLP-FedProx-mu0.01,natural,0,0.56247
9,4,MLP-FedProx-mu0.01,natural,1,0.531319
9,4,MLP-FedProx-mu0.01,natural,2,0.514496
9,4,MLP-FedProx-mu0.01,natural,3,0.502931
9,4,MLP-FedProx-mu0.01,natural,4,0.49556
9,4,MLP-FedProx-mu0.01,natural,5,0.504369
9,4,MLP-FedProx-mu0.01,natural,6,0.520136
9,4,MLP-FedProx-mu0.01,natural,7,0.529185
9,4,MLP-FedProx-mu0.01,natural,8,0.5014
9,4,MLP-FedProx-mu0.01,natural,9,0.461966
9,4,MLP-FedProx-mu0.01,natural,10,0.476506
9,4,MLP-FedProx-mu0.01,natural,11,0.460877
9,4,MLP-FedProx-mu0.01,natural,12,0.462914
9,4,MLP-FedProx-mu0.01,natural,13,0.448833
9,4,MLP-FedProx-mu0.01,natural,14,0.451054
9,4,MLP-FedProx-mu0.01,natural,15,0.456608
9,4,MLP-FedProx-mu0.01,natural,16,0.44316
9,4,MLP-FedProx-mu0.01,natural,17,0.45138
9,4,MLP-FedProx-mu0.01,natural,18,0.437806
9,4,MLP-FedProx-mu0.01,natural,19,0.46039
0,0,MLP-FedProx-mu0.05,100,0,0.146607
0,0,MLP-FedProx-mu0.05,100,1,0.122702
0,0,MLP-FedProx-mu0.05,100,2,0.119613
0,0,MLP-FedProx-mu0.05,100,3,0.13806
0,0,MLP-FedProx-mu0.05,100,4,0.171708
0,0,MLP-FedProx-mu0.05,100,5,0.206959
0,0,MLP-FedProx-mu0.05,100,6,0.233759
0,0,MLP-FedProx-mu0.05,100,7,0.252385
0,0,MLP-FedProx-mu0.05,100,8,0.261777
0,0,MLP-FedProx-mu0.05,100,9,0.267719
0,0,MLP-FedProx-mu0.05,100,10,0.268663
0,0,MLP-FedProx-mu0.05,100,11,0.269981
0,0,MLP-FedProx-mu0.05,100,12,0.268672
0,0,MLP-FedProx-mu0.05,100,13,0.268639
0,0,MLP-FedProx-mu0.05,100,14,0.267431
0,0,MLP-FedProx-mu0.05,100,15,0.267197
0,0,MLP-FedProx-mu0.05,100,16,0.266635
0,0,MLP-FedProx-mu0.05,100,17,0.266643
0,0,MLP-FedProx-mu0.05,100,18,0.266686
0,0,MLP-FedProx-mu0.05,100,19,0.26706
0,0,MLP-FedProx-mu0.05,1.0,0,0.222376
0,0,MLP-FedProx-mu0.05,1.0,1,0.200298
0,0,MLP-FedProx-mu0.05,1.0,2,0.202834
0,0,MLP-FedProx-mu0.05,1.0,3,0.216635
0,0,MLP-FedProx-mu0.05,1.0,4,0.239692
0,0,MLP-FedProx-mu0.05,1.0,5,0.274166
0,0,MLP-FedProx-mu0.05,1.0,6,0.308312
0,0,MLP-FedProx-mu0.05,1.0,7,0.326908
0,0,MLP-FedProx-mu0.05,1.0,8,0.33402
0,0,MLP-FedProx-mu0.05,1.0,9,0.335191
0,0,MLP-FedProx-mu0.05,1.0,10,0.334375
0,0,MLP-FedProx-mu0.05,1.0,11,0.331638
0,0,MLP-FedProx-mu0.05,1.0,12,0.330392
0,0,MLP-FedProx-mu0.05,1.0,13,0.327069
0,0,MLP-FedProx-mu0.05,1.0,14,0.326828
0,0,MLP-FedProx-mu0.05,1.0,15,0.324039
0,0,MLP-FedProx-mu0.05,1.0,16,0.324342
0,0,MLP-FedProx-mu0.05,1.0,17,0.322615
0,0,MLP-FedProx-mu0.05,1.0,18,0.32295
0,0,MLP-FedProx-mu0.05,1.0,19,0.322221
0,0,MLP-FedProx-mu0.05,0.5,0,0.819066
0,0,MLP-FedProx-mu0.05,0.5,1,0.719746
0,0,MLP-FedProx-mu0.05,0.5,2,0.665265
0,0,MLP-FedProx-mu0.05,0.5,3,0.656361
0,0,MLP-FedProx-mu0.05,0.5,4,0.669614
0,0,MLP-FedProx-mu0.05,0.5,5,0.679039
0,0,MLP-FedProx-mu0.05,0.5,6,0.682253
0,0,MLP-FedProx-mu0.05,0.5,7,0.68702
0,0,MLP-FedProx-mu0.05,0.5,8,0.687976
0,0,MLP-FedProx-mu0.05,0.5,9,0.683445
0,0,MLP-FedProx-mu0.05,0.5,10,0.674471
0,0,MLP-FedProx-mu0.05,0.5,11,0.665687
0,0,MLP-FedProx-mu0.05,0.5,12,0.658471
0,0,MLP-FedProx-mu0.05,0.5,13,0.651787
0,0,MLP-FedProx-mu0.05,0.5,14,0.64533
0,0,MLP-FedProx-mu0.05,0.5,15,0.639156
0,0,MLP-FedProx-mu0.05,0.5,16,0.633354
0,0,MLP-FedProx-mu0.05,0.5,17,0.628075
0,0,MLP-FedProx-mu0.05,0.5,18,0.623556
0,0,MLP-FedProx-mu0.05,0.5,19,0.620121
0,0,MLP-FedProx-mu0.05,0.1,0,0.950138
0,0,MLP-FedProx-mu0.05,0.1,1,1.005663
0,0,MLP-FedProx-mu0.05,0.1,2,1.10123
0,0,MLP-FedProx-mu0.05,0.1,3,1.186335
0,0,MLP-FedProx-mu0.05,0.1,4,1.217842
0,0,MLP-FedProx-mu0.05,0.1,5,1.179234
0,0,MLP-FedProx-mu0.05,0.1,6,0.971236
0,0,MLP-FedProx-mu0.05,0.1,7,1.032898
0,0,MLP-FedProx-mu0.05,0.1,8,1.074365
0,0,MLP-FedProx-mu0.05,0.1,9,1.025959
0,0,MLP-FedProx-mu0.05,0.1,10,1.110363
0,0,MLP-FedProx-mu0.05,0.1,11,0.824938
0,0,MLP-FedProx-mu0.05,0.1,12,1.128638
0,0,MLP-FedProx-mu0.05,0.1,13,1.208957
0,0,MLP-FedProx-mu0.05,0.1,14,1.071523
0,0,MLP-FedProx-mu0.05,0.1,15,1.111105
0,0,MLP-FedProx-mu0.05,0.1,16,0.94189
0,0,MLP-FedProx-mu0.05,0.1,17,1.230778
0,0,MLP-FedProx-mu0.05,0.1,18,0.855688
0,0,MLP-FedProx-mu0.05,0.1,19,1.222322
0,0,MLP-FedProx-mu0.05,natural,0,0.711167
0,0,MLP-FedProx-mu0.05,natural,1,0.611715
0,0,MLP-FedProx-mu0.05,natural,2,0.558695
0,0,MLP-FedProx-mu0.05,natural,3,0.528554
0,0,MLP-FedProx-mu0.05,natural,4,0.51006
0,0,MLP-FedProx-mu0.05,natural,5,0.49542
0,0,MLP-FedProx-mu0.05,natural,6,0.489853
0,0,MLP-FedProx-mu0.05,natural,7,0.493383
0,0,MLP-FedProx-mu0.05,natural,8,0.491795
0,0,MLP-FedProx-mu0.05,natural,9,0.48907
0,0,MLP-FedProx-mu0.05,natural,10,0.477931
0,0,MLP-FedProx-mu0.05,natural,11,0.489108
0,0,MLP-FedProx-mu0.05,natural,12,0.455964
0,0,MLP-FedProx-mu0.05,natural,13,0.442073
0,0,MLP-FedProx-mu0.05,natural,14,0.456643
0,0,MLP-FedProx-mu0.05,natural,15,0.44187
0,0,MLP-FedProx-mu0.05,natural,16,0.446233
0,0,MLP-FedProx-mu0.05,natural,17,0.441037
0,0,MLP-FedProx-mu0.05,natural,18,0.442029
0,0,MLP-FedProx-mu0.05,natural,19,0.437386
0,1,MLP-FedProx-mu0.05,100,0,0.112602
0,1,MLP-FedProx-mu0.05,100,1,0.098886
0,1,MLP-FedProx-mu0.05,100,2,0.11199
0,1,MLP-FedProx-mu0.05,100,3,0.138221
0,1,MLP-FedProx-mu0.05,100,4,0.172745
0,1,MLP-FedProx-mu0.05,100,5,0.21078
0,1,MLP-FedProx-mu0.05,100,6,0.253804
0,1,MLP-FedProx-mu0.05,100,7,0.276472
0,1,MLP-FedProx-mu0.05,100,8,0.287436
0,1,MLP-FedProx-mu0.05,100,9,0.286647
0,1,MLP-FedProx-mu0.05,100,10,0.288543
0,1,MLP-FedProx-mu0.05,100,11,0.285567
0,1,MLP-FedProx-mu0.05,100,12,0.285382
0,1,MLP-FedProx-mu0.05,100,13,0.283237
0,1,MLP-FedProx-mu0.05,100,14,0.282351
0,1,MLP-FedProx-mu0.05,100,15,0.280982
0,1,MLP-FedProx-mu0.05,100,16,0.280074
0,1,MLP-FedProx-mu0.05,100,17,0.27919
0,1,MLP-FedProx-mu0.05,100,18,0.27854
0,1,MLP-FedProx-mu0.05,100,19,0.278056
0,1,MLP-FedProx-mu0.05,1.0,0,0.258374
0,1,MLP-FedProx-mu0.05,1.0,1,0.232079
0,1,MLP-FedProx-mu0.05,1.0,2,0.22835
0,1,MLP-FedProx-mu0.05,1.0,3,0.239607
0,1,MLP-FedProx-mu0.05,1.0,4,0.265637
0,1,MLP-FedProx-mu0.05,1.0,5,0.299811
0,1,MLP-FedProx-mu0.05,1.0,6,0.324693
0,1,MLP-FedProx-mu0.05,1.0,7,0.337158
0,1,MLP-FedProx-mu0.05,1.0,8,0.344546
0,1,MLP-FedProx-mu0.05,1.0,9,0.346837
0,1,MLP-FedProx-mu0.05,1.0,10,0.349246
0,1,MLP-FedProx-mu0.05,1.0,11,0.348742
0,1,MLP-FedProx-mu0.05,1.0,12,0.349503
0,1,MLP-FedProx-mu0.05,1.0,13,0.348483
0,1,MLP-FedProx-mu0.05,1.0,14,0.34821
0,1,MLP-FedProx-mu0.05,1.0,15,0.347185
0,1,MLP-FedProx-mu0.05,1.0,16,0.346312
0,1,MLP-FedProx-mu0.05,1.0,17,0.3452
0,1,MLP-FedProx-mu0.05,1.0,18,0.344029
0,1,MLP-FedProx-mu0.05,1.0,19,0.342743
0,1,MLP-FedProx-mu0.05,0.5,0,0.773078
0,1,MLP-FedProx-mu0.05,0.5,1,0.680672
0,1,MLP-FedProx-mu0.05,0.5,2,0.631429
0,1,MLP-FedProx-mu0.05,0.5,3,0.608751
0,1,MLP-FedProx-mu0.05,0.5,4,0.606207
0,1,MLP-FedProx-mu0.05,0.5,5,0.608281
0,1,MLP-FedProx-mu0.05,0.5,6,0.608024
0,1,MLP-FedProx-mu0.05,0.5,7,0.606784
0,1,MLP-FedProx-mu0.05,0.5,8,0.606123
0,1,MLP-FedProx-mu0.05,0.5,9,0.606776
0,1,MLP-FedProx-mu0.05,0.5,10,0.608759
0,1,MLP-FedProx-mu0.05,0.5,11,0.611378
0,1,MLP-FedProx-mu0.05,0.5,12,0.613882
0,1,MLP-FedProx-mu0.05,0.5,13,0.615498
0,1,MLP-FedProx-mu0.05,0.5,14,0.61459
0,1,MLP-FedProx-mu0.05,0.5,15,0.610373
0,1,MLP-FedProx-mu0.05,0.5,16,0.605209
0,1,MLP-FedProx-mu0.05,0.5,17,0.599429
0,1,MLP-FedProx-mu0.05,0.5,18,0.588336
0,1,MLP-FedProx-mu0.05,0.5,19,0.581481
0,1,MLP-FedProx-mu0.05,0.1,0,0.949675
0,1,MLP-FedProx-mu0.05,0.1,1,1.008967
0,1,MLP-FedProx-mu0.05,0.1,2,1.105919
0,1,MLP-FedProx-mu0.05,0.1,3,1.182344
0,1,MLP-FedProx-mu0.05,0.1,4,1.214009
0,1,MLP-FedProx-mu0.05,0.1,5,1.17768
0,1,MLP-FedProx-mu0.05,0.1,6,1.025094
0,1,MLP-FedProx-mu0.05,0.1,7,1.144328
0,1,MLP-FedProx-mu0.05,0.1,8,0.857876
0,1,MLP-FedProx-mu0.05,0.1,9,1.062477
0,1,MLP-FedProx-mu0.05,0.1,10,1.132475
0,1,MLP-FedProx-mu0.05,0.1,11,0.922331
0,1,MLP-FedProx-mu0.05,0.1,12,1.14264
0,1,MLP-FedProx-mu0.05,0.1,13,0.979561
0,1,MLP-FedProx-mu0.05,0.1,14,1.13705
0,1,MLP-FedProx-mu0.05,0.1,15,0.845096
0,1,MLP-FedProx-mu0.05,0.1,16,1.119443
0,1,MLP-FedProx-mu0.05,0.1,17,1.062414
0,1,MLP-FedProx-mu0.05,0.1,18,1.184948
0,1,MLP-FedProx-mu0.05,0.1,19,1.059936
0,1,MLP-FedProx-mu0.05,natural,0,0.691251
0,1,MLP-FedProx-mu0.05,natural,1,0.58829
0,1,MLP-FedProx-mu0.05,natural,2,0.528999
0,1,MLP-FedProx-mu0.05,natural,3,0.493475
0,1,MLP-FedProx-mu0.05,natural,4,0.472627
0,1,MLP-FedProx-mu0.05,natural,5,0.459969
0,1,MLP-FedProx-mu0.05,natural,6,0.45562
0,1,MLP-FedProx-mu0.05,natural,7,0.454291
0,1,MLP-FedProx-mu0.05,natural,8,0.452215
0,1,MLP-FedProx-mu0.05,natural,9,0.449452
0,1,MLP-FedProx-mu0.05,natural,10,0.446906
0,1,MLP-FedProx-mu0.05,natural,11,0.444145
0,1,MLP-FedProx-mu0.05,natural,12,0.442108
0,1,MLP-FedProx-mu0.05,natural,13,0.43978
0,1,MLP-FedProx-mu0.05,natural,14,0.438195
0,1,MLP-FedProx-mu0.05,natural,15,0.436308
0,1,MLP-FedProx-mu0.05,natural,16,0.435057
0,1,MLP-FedProx-mu0.05,natural,17,0.433582
0,1,MLP-FedProx-mu0.05,natural,18,0.432583
0,1,MLP-FedProx-mu0.05,natural,19,0.431456
0,2,MLP-FedProx-mu0.05,100,0,0.157444
0,2,MLP-FedProx-mu0.05,100,1,0.140236
0,2,MLP-FedProx-mu0.05,100,2,0.149773
0,2,MLP-FedProx-mu0.05,100,3,0.16759
0,2,MLP-FedProx-mu0.05,100,4,0.19586
0,2,MLP-FedProx-mu0.05,100,5,0.23071
0,2,MLP-FedProx-mu0.05,100,6,0.257979
0,2,MLP-FedProx-mu0.05,100,7,0.281103
0,2,MLP-FedProx-mu0.05,100,8,0.278654
0,2,MLP-FedProx-mu0.05,100,9,0.302927
0,2,MLP-FedProx-mu0.05,100,10,0.25502
0,2,MLP-FedProx-mu0.05,100,11,0.293206
0,2,MLP-FedProx-mu0.05,100,12,0.221372
0,2,MLP-FedProx-mu0.05,100,13,0.271754
0,2,MLP-FedProx-mu0.05,100,14,0.219835
0,2,MLP-FedProx-mu0.05,100,15,0.270339
0,2,MLP-FedProx-mu0.05,100,16,0.22467
0,2,MLP-FedProx-mu0.05,100,17,0.272093
0,2,MLP-FedProx-mu0.05,100,18,0.229415
0,2,MLP-FedProx-mu0.05,100,19,0.2755
0,2,MLP-FedProx-mu0.05,1.0,0,0.228543
0,2,MLP-FedProx-mu0.05,1.0,1,0.19875
0,2,MLP-FedProx-mu0.05,1.0,2,0.199488
0,2,MLP-FedProx-mu0.05,1.0,3,0.216254
0,2,MLP-FedProx-mu0.05,1.0,4,0.250423
0,2,MLP-FedProx-mu0.05,1.0,5,0.290623
0,2,MLP-FedProx-mu0.05,1.0,6,0.328255
0,2,MLP-FedProx-mu0.05,1.0,7,0.321496
0,2,MLP-FedProx-mu0.05,1.0,8,0.32746
0,2,MLP-FedProx-mu0.05,1.0,9,0.356274
0,2,MLP-FedProx-mu0.05,1.0,10,0.303012
0,2,MLP-FedProx-mu0.05,1.0,11,0.329631
0,2,MLP-FedProx-mu0.05,1.0,12,0.307614
0,2,MLP-FedProx-mu0.05,1.0,13,0.311405
0,2,MLP-FedProx-mu0.05,1.0,14,0.311072
0,2,MLP-FedProx-mu0.05,1.0,15,0.305157
0,2,MLP-FedProx-mu0.05,1.0,16,0.312103
0,2,MLP-FedProx-mu0.05,1.0,17,0.302405
0,2,MLP-FedProx-mu0.05,1.0,18,0.31223
0,2,MLP-FedProx-mu0.05,1.0,19,0.301271
0,2,MLP-FedProx-mu0.05,0.5,0,0.814231
0,2,MLP-FedProx-mu0.05,0.5,1,0.713055
0,2,MLP-FedProx-mu0.05,0.5,2,0.633382
0,2,MLP-FedProx-mu0.05,0.5,3,0.601842
0,2,MLP-FedProx-mu0.05,0.5,4,0.586169
0,2,MLP-FedProx-mu0.05,0.5,5,0.577012
0,2,MLP-FedProx-mu0.05,0.5,6,0.571747
0,2,MLP-FedProx-mu0.05,0.5,7,0.569659
0,2,MLP-FedProx-mu0.05,0.5,8,0.571152
0,2,MLP-FedProx-mu0.05,0.5,9,0.575009
0,2,MLP-FedProx-mu0.05,0.5,10,0.579721
0,2,MLP-FedProx-mu0.05,0.5,11,0.584303
0,2,MLP-FedProx-mu0.05,0.5,12,0.58813
0,2,MLP-FedProx-mu0.05,0.5,13,0.590755
0,2,MLP-FedProx-mu0.05,0.5,14,0.592004
0,2,MLP-FedProx-mu0.05,0.5,15,0.592253
0,2,MLP-FedProx-mu0.05,0.5,16,0.592383
0,2,MLP-FedProx-mu0.05,0.5,17,0.593155
0,2,MLP-FedProx-mu0.05,0.5,18,0.59477
0,2,MLP-FedProx-mu0.05,0.5,19,0.597101
0,2,MLP-FedProx-mu0.05,0.1,0,0.95637
0,2,MLP-FedProx-mu0.05,0.1,1,1.012669
0,2,MLP-FedProx-mu0.05,0.1,2,1.099262
0,2,MLP-FedProx-mu0.05,0.1,3,1.189842
0,2,MLP-FedProx-mu0.05,0.1,4,1.18793
0,2,MLP-FedProx-mu0.05,0.1,5,1.221493
0,2,MLP-FedProx-mu0.05,0.1,6,0.939063
0,2,MLP-FedProx-mu0.05,0.1,7,1.071635
0,2,MLP-FedProx-mu0.05,0.1,8,1.090699
0,2,MLP-FedProx-mu0.05,0.1,9,1.181339
0,2,MLP-FedProx-mu0.05,0.1,10,0.954946
0,2,MLP-FedProx-mu0.05,0.1,11,0.9982
0,2,MLP-FedProx-mu0.05,0.1,12,1.067192
0,2,MLP-FedProx-mu0.05,0.1,13,0.947071
0,2,MLP-FedProx-mu0.05,0.1,14,1.055487
0,2,MLP-FedProx-mu0.05,0.1,15,1.000629
0,2,MLP-FedProx-mu0.05,0.1,16,1.094072
0,2,MLP-FedProx-mu0.05,0.1,17,1.065194
0,2,MLP-FedProx-mu0.05,0.1,18,1.101761
0,2,MLP-FedProx-mu0.05,0.1,19,0.974695
0,2,MLP-FedProx-mu0.05,natural,0,0.70209
0,2,MLP-FedProx-mu0.05,natural,1,0.596049
0,2,MLP-FedProx-mu0.05,natural,2,0.540301
0,2,MLP-FedProx-mu0.05,natural,3,0.507521
0,2,MLP-FedProx-mu0.05,natural,4,0.485587
0,2,MLP-FedProx-mu0.05,natural,5,0.469951
0,2,MLP-FedProx-mu0.05,natural,6,0.462779
0,2,MLP-FedProx-mu0.05,natural,7,0.464104
0,2,MLP-FedProx-mu0.05,natural,8,0.467168
0,2,MLP-FedProx-mu0.05,natural,9,0.467137
0,2,MLP-FedProx-mu0.05,natural,10,0.464741
0,2,MLP-FedProx-mu0.05,natural,11,0.461318
0,2,MLP-FedProx-mu0.05,natural,12,0.457699
0,2,MLP-FedProx-mu0.05,natural,13,0.454187
0,2,MLP-FedProx-mu0.05,natural,14,0.450864
0,2,MLP-FedProx-mu0.05,natural,15,0.447715
0,2,MLP-FedProx-mu0.05,natural,16,0.44472
0,2,MLP-FedProx-mu0.05,natural,17,0.441862
0,2,MLP-FedProx-mu0.05,natural,18,0.439142
0,2,MLP-FedProx-mu0.05,natural,19,0.43657
0,3,MLP-FedProx-mu0.05,100,0,0.178862
0,3,MLP-FedProx-mu0.05,100,1,0.163416
0,3,MLP-FedProx-mu0.05,100,2,0.161778
0,3,MLP-FedProx-mu0.05,100,3,0.171249
0,3,MLP-FedProx-mu0.05,100,4,0.196577
0,3,MLP-FedProx-mu0.05,100,5,0.236466
0,3,MLP-FedProx-mu0.05,100,6,0.273341
0,3,MLP-FedProx-mu0.05,100,7,0.296703
0,3,MLP-FedProx-mu0.05,100,8,0.299443
0,3,MLP-FedProx-mu0.05,100,9,0.305548
0,3,MLP-FedProx-mu0.05,100,10,0.282183
0,3,MLP-FedProx-mu0.05,100,11,0.297777
0,3,MLP-FedProx-mu0.05,100,12,0.245859
0,3,MLP-FedProx-mu0.05,100,13,0.282868
0,3,MLP-FedProx-mu0.05,100,14,0.208134
0,3,MLP-FedProx-mu0.05,100,15,0.263744
0,3,MLP-FedProx-mu0.05,100,16,0.191362
0,3,MLP-FedProx-mu0.05,100,17,0.251236
0,3,MLP-FedProx-mu0.05,100,18,0.192512
0,3,MLP-FedProx-mu0.05,100,19,0.247637
0,3,MLP-FedProx-mu0.05,1.0,0,0.22618
0,3,MLP-FedProx-mu0.05,1.0,1,0.199558
0,3,MLP-FedProx-mu0.05,1.0,2,0.194639
0,3,MLP-FedProx-mu0.05,1.0,3,0.200866
0,3,MLP-FedProx-mu0.05,1.0,4,0.222863
0,3,MLP-FedProx-mu0.05,1.0,5,0.263755
0,3,MLP-FedProx-mu0.05,1.0,6,0.303333
0,3,MLP-FedProx-mu0.05,1.0,7,0.318151
0,3,MLP-FedProx-mu0.05,1.0,8,0.321585
0,3,MLP-FedProx-mu0.05,1.0,9,0.319725
0,3,MLP-FedProx-mu0.05,1.0,10,0.316672
0,3,MLP-FedProx-mu0.05,1.0,11,0.312951
0,3,MLP-FedProx-mu0.05,1.0,12,0.309239
0,3,MLP-FedProx-mu0.05,1.0,13,0.305579
0,3,MLP-FedProx-mu0.05,1.0,14,0.302148
0,3,MLP-FedProx-mu0.05,1.0,15,0.2989
0,3,MLP-FedProx-mu0.05,1.0,16,0.295918
0,3,MLP-FedProx-mu0.05,1.0,17,0.293149
0,3,MLP-FedProx-mu0.05,1.0,18,0.290622
0,3,MLP-FedProx-mu0.05,1.0,19,0.2883
0,3,MLP-FedProx-mu0.05,0.5,0,0.775986
0,3,MLP-FedProx-mu0.05,0.5,1,0.666167
0,3,MLP-FedProx-mu0.05,0.5,2,0.601508
0,3,MLP-FedProx-mu0.05,0.5,3,0.573875
0,3,MLP-FedProx-mu0.05,0.5,4,0.565262
0,3,MLP-FedProx-mu0.05,0.5,5,0.563572
0,3,MLP-FedProx-mu0.05,0.5,6,0.561818
0,3,MLP-FedProx-mu0.05,0.5,7,0.560489
0,3,MLP-FedProx-mu0.05,0.5,8,0.561282
0,3,MLP-FedProx-mu0.05,0.5,9,0.561514
0,3,MLP-FedProx-mu0.05,0.5,10,0.559274
0,3,MLP-FedProx-mu0.05,0.5,11,0.556139
0,3,MLP-FedProx-mu0.05,0.5,12,0.553889
0,3,MLP-FedProx-mu0.05,0.5,13,0.552337
0,3,MLP-FedProx-mu0.05,0.5,14,0.550967
0,3,MLP-FedProx-mu0.05,0.5,15,0.549542
0,3,MLP-FedProx-mu0.05,0.5,16,0.547951
0,3,MLP-FedProx-mu0.05,0.5,17,0.54626
0,3,MLP-FedProx-mu0.05,0.5,18,0.544815
0,3,MLP-FedProx-mu0.05,0.5,19,0.544275
0,3,MLP-FedProx-mu0.05,0.1,0,0.953136
0,3,MLP-FedProx-mu0.05,0.1,1,1.013269
0,3,MLP-FedProx-mu0.05,0.1,2,1.10961
0,3,MLP-FedProx-mu0.05,0.1,3,1.193513
0,3,MLP-FedProx-mu0.05,0.1,4,1.204239
0,3,MLP-FedProx-mu0.05,0.1,5,1.187895
0,3,MLP-FedProx-mu0.05,0.1,6,0.994518
0,3,MLP-FedProx-mu0.05,0.1,7,1.043228
0,3,MLP-FedProx-mu0.05,0.1,8,1.099745
0,3,MLP-FedProx-mu0.05,0.1,9,1.012193
0,3,MLP-FedProx-mu0.05,0.1,10,1.146575
0,3,MLP-FedProx-mu0.05,0.1,11,0.839277
0,3,MLP-FedProx-mu0.05,0.1,12,1.062464
0,3,MLP-FedProx-mu0.05,0.1,13,1.178024
0,3,MLP-FedProx-mu0.05,0.1,14,0.854057
0,3,MLP-FedProx-mu0.05,0.1,15,1.170594
0,3,MLP-FedProx-mu0.05,0.1,16,1.122659
0,3,MLP-FedProx-mu0.05,0.1,17,1.221198
0,3,MLP-FedProx-mu0.05,0.1,18,1.290174
0,3,MLP-FedProx-mu0.05,0.1,19,0.986537
0,3,MLP-FedProx-mu0.05,natural,0,0.706447
0,3,MLP-FedProx-mu0.05,natural,1,0.603532
0,3,MLP-FedProx-mu0.05,natural,2,0.547288
0,3,MLP-FedProx-mu0.05,natural,3,0.515016
0,3,MLP-FedProx-mu0.05,natural,4,0.498335
0,3,MLP-FedProx-mu0.05,natural,5,0.487145
0,3,MLP-FedProx-mu0.05,natural,6,0.482788
0,3,MLP-FedProx-mu0.05,natural,7,0.491385
0,3,MLP-FedProx-mu0.05,natural,8,0.504017
0,3,MLP-FedProx-mu0.05,natural,9,0.509642
0,3,MLP-FedProx-mu0.05,natural,10,0.508938
0,3,MLP-FedProx-mu0.05,natural,11,0.504192
0,3,MLP-FedProx-mu0.05,natural,12,0.49761
0,3,MLP-FedProx-mu0.05,natural,13,0.490788
0,3,MLP-FedProx-mu0.05,natural,14,0.484037
0,3,MLP-FedProx-mu0.05,natural,15,0.478164
0,3,MLP-FedProx-mu0.05,natural,16,0.472461
0,3,MLP-FedProx-mu0.05,natural,17,0.46805
0,3,MLP-FedProx-mu0.05,natural,18,0.463386
0,3,MLP-FedProx-mu0.05,natural,19,0.460284
0,4,MLP-FedProx-mu0.05,100,0,0.153228
0,4,MLP-FedProx-mu0.05,100,1,0.140451
0,4,MLP-FedProx-mu0.05,100,2,0.143607
0,4,MLP-FedProx-mu0.05,100,3,0.158905
0,4,MLP-FedProx-mu0.05,100,4,0.185665
0,4,MLP-FedProx-mu0.05,100,5,0.215975
0,4,MLP-FedProx-mu0.05,100,6,0.241926
0,4,MLP-FedProx-mu0.05,100,7,0.261794
0,4,MLP-FedProx-mu0.05,100,8,0.271685
0,4,MLP-FedProx-mu0.05,100,9,0.278906
0,4,MLP-FedProx-mu0.05,100,10,0.273416
0,4,MLP-FedProx-mu0.05,100,11,0.281689
0,4,MLP-FedProx-mu0.05,100,12,0.258309
0,4,MLP-FedProx-mu0.05,100,13,0.280782
0,4,MLP-FedProx-mu0.05,100,14,0.230833
0,4,MLP-FedProx-mu0.05,100,15,0.268798
0,4,MLP-FedProx-mu0.05,100,16,0.217608
0,4,MLP-FedProx-mu0.05,100,17,0.257914
0,4,MLP-FedProx-mu0.05,100,18,0.221127
0,4,MLP-FedProx-mu0.05,100,19,0.254364
0,4,MLP-FedProx-mu0.05,1.0,0,0.228391
0,4,MLP-FedProx-mu0.05,1.0,1,0.19238
0,4,MLP-FedProx-mu0.05,1.0,2,0.190844
0,4,MLP-FedProx-mu0.05,1.0,3,0.205584
0,4,MLP-FedProx-mu0.05,1.0,4,0.231623
0,4,MLP-FedProx-mu0.05,1.0,5,0.260482
0,4,MLP-FedProx-mu0.05,1.0,6,0.2847
0,4,MLP-FedProx-mu0.05,1.0,7,0.299336
0,4,MLP-FedProx-mu0.05,1.0,8,0.305123
0,4,MLP-FedProx-mu0.05,1.0,9,0.306055
0,4,MLP-FedProx-mu0.05,1.0,10,0.304893
0,4,MLP-FedProx-mu0.05,1.0,11,0.302995
0,4,MLP-FedProx-mu0.05,1.0,12,0.300896
0,4,MLP-FedProx-mu0.05,1.0,13,0.298825
0,4,MLP-FedProx-mu0.05,1.0,14,0.296842
0,4,MLP-FedProx-mu0.05,1.0,15,0.294973
0,4,MLP-FedProx-mu0.05,1.0,16,0.293215
0,4,MLP-FedProx-mu0.05,1.0,17,0.291567
0,4,MLP-FedProx-mu0.05,1.0,18,0.290024
0,4,MLP-FedProx-mu0.05,1.0,19,0.288584
0,4,MLP-FedProx-mu0.05,0.5,0,0.749668
0,4,MLP-FedProx-mu0.05,0.5,1,0.663383
0,4,MLP-FedProx-mu0.05,0.5,2,0.605837
0,4,MLP-FedProx-mu0.05,0.5,3,0.586967
0,4,MLP-FedProx-mu0.05,0.5,4,0.589428
0,4,MLP-FedProx-mu0.05,0.5,5,0.602298
0,4,MLP-FedProx-mu0.05,0.5,6,0.608909
0,4,MLP-FedProx-mu0.05,0.5,7,0.610511
0,4,MLP-FedProx-mu0.05,0.5,8,0.608137
0,4,MLP-FedProx-mu0.05,0.5,9,0.603435
0,4,MLP-FedProx-mu0.05,0.5,10,0.597816
0,4,MLP-FedProx-mu0.05,0.5,11,0.592863
0,4,MLP-FedProx-mu0.05,0.5,12,0.588888
0,4,MLP-FedProx-mu0.05,0.5,13,0.585609
0,4,MLP-FedProx-mu0.05,0.5,14,0.582623
0,4,MLP-FedProx-mu0.05,0.5,15,0.579594
0,4,MLP-FedProx-mu0.05,0.5,16,0.576301
0,4,MLP-FedProx-mu0.05,0.5,17,0.57263
0,4,MLP-FedProx-mu0.05,0.5,18,0.568571
0,4,MLP-FedProx-mu0.05,0.5,19,0.564262
0,4,MLP-FedProx-mu0.05,0.1,0,0.955661
0,4,MLP-FedProx-mu0.05,0.1,1,1.01647
0,4,MLP-FedProx-mu0.05,0.1,2,1.118057
0,4,MLP-FedProx-mu0.05,0.1,3,1.206637
0,4,MLP-FedProx-mu0.05,0.1,4,1.212259
0,4,MLP-FedProx-mu0.05,0.1,5,1.186393
0,4,MLP-FedProx-mu0.05,0.1,6,0.938956
0,4,MLP-FedProx-mu0.05,0.1,7,1.019432
0,4,MLP-FedProx-mu0.05,0.1,8,1.099063
0,4,MLP-FedProx-mu0.05,0.1,9,1.106774
0,4,MLP-FedProx-mu0.05,0.1,10,1.039134
0,4,MLP-FedProx-mu0.05,0.1,11,0.842335
0,4,MLP-FedProx-mu0.05,0.1,12,1.050459
0,4,MLP-FedProx-mu0.05,0.1,13,1.074868
0,4,MLP-FedProx-mu0.05,0.1,14,1.108788
0,4,MLP-FedProx-mu0.05,0.1,15,0.979917
0,4,MLP-FedProx-mu0.05,0.1,16,1.144608
0,4,MLP-FedProx-mu0.05,0.1,17,1.129563
0,4,MLP-FedProx-mu0.05,0.1,18,1.089772
0,4,MLP-FedProx-mu0.05,0.1,19,0.847893
0,4,MLP-FedProx-mu0.05,natural,0,0.722455
0,4,MLP-FedProx-mu0.05,natural,1,0.629017
0,4,MLP-FedProx-mu0.05,natural,2,0.578999
0,4,MLP-FedProx-mu0.05,natural,3,0.549551
0,4,MLP-FedProx-mu0.05,natural,4,0.531215
0,4,MLP-FedProx-mu0.05,natural,5,0.518846
0,4,MLP-FedProx-mu0.05,natural,6,0.514717
0,4,MLP-FedProx-mu0.05,natural,7,0.513564
0,4,MLP-FedProx-mu0.05,natural,8,0.511683
0,4,MLP-FedProx-mu0.05,natural,9,0.507355
0,4,MLP-FedProx-mu0.05,natural,10,0.513856
0,4,MLP-FedProx-mu0.05,natural,11,0.49909
0,4,MLP-FedProx-mu0.05,natural,12,0.49555
0,4,MLP-FedProx-mu0.05,natural,13,0.506615
0,4,MLP-FedProx-mu0.05,natural,14,0.499078
0,4,MLP-FedProx-mu0.05,natural,15,0.49556
0,4,MLP-FedProx-mu0.05,natural,16,0.498297
0,4,MLP-FedProx-mu0.05,natural,17,0.490957
0,4,MLP-FedProx-mu0.05,natural,18,0.495253
0,4,MLP-FedProx-mu0.05,natural,19,0.485191
1,0,MLP-FedProx-mu0.05,100,0,0.131296
1,0,MLP-FedProx-mu0.05,100,1,0.121397
1,0,MLP-FedProx-mu0.05,100,2,0.11914
1,0,MLP-FedProx-mu0.05,100,3,0.119261
1,0,MLP-FedProx-mu0.05,100,4,0.122312
1,0,MLP-FedProx-mu0.05,100,5,0.125972
1,0,MLP-FedProx-mu0.05,100,6,0.135963
1,0,MLP-FedProx-mu0.05,100,7,0.15411
1,0,MLP-FedProx-mu0.05,100,8,0.178784
1,0,MLP-FedProx-mu0.05,100,9,0.205898
1,0,MLP-FedProx-mu0.05,100,10,0.233182
1,0,MLP-FedProx-mu0.05,100,11,0.26198
1,0,MLP-FedProx-mu0.05,100,12,0.291223
1,0,MLP-FedProx-mu0.05,100,13,0.31637
1,0,MLP-FedProx-mu0.05,100,14,0.336744
1,0,MLP-FedProx-mu0.05,100,15,0.320957
1,0,MLP-FedProx-mu0.05,100,16,0.283484
1,0,MLP-FedProx-mu0.05,100,17,0.269544
1,0,MLP-FedProx-mu0.05,100,18,0.274625
1,0,MLP-FedProx-mu0.05,100,19,0.289883
1,0,MLP-FedProx-mu0.05,1.0,0,0.878281
1,0,MLP-FedProx-mu0.05,1.0,1,0.909018
1,0,MLP-FedProx-mu0.05,1.0,2,0.91314
1,0,MLP-FedProx-mu0.05,1.0,3,0.905097
1,0,MLP-FedProx-mu0.05,1.0,4,0.882254
1,0,MLP-FedProx-mu0.05,1.0,5,0.844991
1,0,MLP-FedProx-mu0.05,1.0,6,0.794851
1,0,MLP-FedProx-mu0.05,1.0,7,0.736476
1,0,MLP-FedProx-mu0.05,1.0,8,0.696466
1,0,MLP-FedProx-mu0.05,1.0,9,0.68014
1,0,MLP-FedProx-mu0.05,1.0,10,0.67262
1,0,MLP-FedProx-mu0.05,1.0,11,0.668511
1,0,MLP-FedProx-mu0.05,1.0,12,0.664186
1,0,MLP-FedProx-mu0.05,1.0,13,0.661116
1,0,MLP-FedProx-mu0.05,1.0,14,0.656758
1,0,MLP-FedProx-mu0.05,1.0,15,0.654723
1,0,MLP-FedProx-mu0.05,1.0,16,0.650342
1,0,MLP-FedProx-mu0.05,1.0,17,0.650143
1,0,MLP-FedProx-mu0.05,1.0,18,0.646676
1,0,MLP-FedProx-mu0.05,1.0,19,0.647976
1,0,MLP-FedProx-mu0.05,0.5,0,0.787168
1,0,MLP-FedProx-mu0.05,0.5,1,0.809028
1,0,MLP-FedProx-mu0.05,0.5,2,0.814147
1,0,MLP-FedProx-mu0.05,0.5,3,0.809414
1,0,MLP-FedProx-mu0.05,0.5,4,0.790888
1,0,MLP-FedProx-mu0.05,0.5,5,0.759594
1,0,MLP-FedProx-mu0.05,0.5,6,0.719704
1,0,MLP-FedProx-mu0.05,0.5,7,0.676255
1,0,MLP-FedProx-mu0.05,0.5,8,0.639619
1,0,MLP-FedProx-mu0.05,0.5,9,0.617039
1,0,MLP-FedProx-mu0.05,0.5,10,0.605179
1,0,MLP-FedProx-mu0.05,0.5,11,0.599752
1,0,MLP-FedProx-mu0.05,0.5,12,0.605585
1,0,MLP-FedProx-mu0.05,0.5,13,0.62084
1,0,MLP-FedProx-mu0.05,0.5,14,0.631166
1,0,MLP-FedProx-mu0.05,0.5,15,0.634251
1,0,MLP-FedProx-mu0.05,0.5,16,0.633672
1,0,MLP-FedProx-mu0.05,0.5,17,0.631997
1,0,MLP-FedProx-mu0.05,0.5,18,0.630085
1,0,MLP-FedProx-mu0.05,0.5,19,0.628209
1,0,MLP-FedProx-mu0.05,0.1,0,1.101274
1,0,MLP-FedProx-mu0.05,0.1,1,1.138895
1,0,MLP-FedProx-mu0.05,0.1,2,1.152408
1,0,MLP-FedProx-mu0.05,0.1,3,1.155901
1,0,MLP-FedProx-mu0.05,0.1,4,1.156729
1,0,MLP-FedProx-mu0.05,0.1,5,1.15702
1,0,MLP-FedProx-mu0.05,0.1,6,1.157171
1,0,MLP-FedProx-mu0.05,0.1,7,1.15727
1,0,MLP-FedProx-mu0.05,0.1,8,1.157343
1,0,MLP-FedProx-mu0.05,0.1,9,1.157401
1,0,MLP-FedProx-mu0.05,0.1,10,1.157448
1,0,MLP-FedProx-mu0.05,0.1,11,1.157487
1,0,MLP-FedProx-mu0.05,0.1,12,1.15752
1,0,MLP-FedProx-mu0.05,0.1,13,1.157549
1,0,MLP-FedProx-mu0.05,0.1,14,1.157574
1,0,MLP-FedProx-mu0.05,0.1,15,1.157596
1,0,MLP-FedProx-mu0.05,0.1,16,1.157616
1,0,MLP-FedProx-mu0.05,0.1,17,1.157634
1,0,MLP-FedProx-mu0.05,0.1,18,1.157651
1,0,MLP-FedProx-mu0.05,0.1,19,1.157665
1,0,MLP-FedProx-mu0.05,natural,0,0.737216
1,0,MLP-FedProx-mu0.05,natural,1,0.733768
1,0,MLP-FedProx-mu0.05,natural,2,0.730919
1,0,MLP-FedProx-mu0.05,natural,3,0.729257
1,0,MLP-FedProx-mu0.05,natural,4,0.720545
1,0,MLP-FedProx-mu0.05,natural,5,0.705243
1,0,MLP-FedProx-mu0.05,natural,6,0.685159
1,0,MLP-FedProx-mu0.05,natural,7,0.651677
1,0,MLP-FedProx-mu0.05,natural,8,0.610363
1,0,MLP-FedProx-mu0.05,natural,9,0.583799
1,0,MLP-FedProx-mu0.05,natural,10,0.564088
1,0,MLP-FedProx-mu0.05,natural,11,0.549902
1,0,MLP-FedProx-mu0.05,natural,12,0.544755
1,0,MLP-FedProx-mu0.05,natural,13,0.546281
1,0,MLP-FedProx-mu0.05,natural,14,0.550092
1,0,MLP-FedProx-mu0.05,natural,15,0.548104
1,0,MLP-FedProx-mu0.05,natural,16,0.556196
1,0,MLP-FedProx-mu0.05,natural,17,0.518499
1,0,MLP-FedProx-mu0.05,natural,18,0.486293
1,0,MLP-FedProx-mu0.05,natural,19,0.523847
1,1,MLP-FedProx-mu0.05,100,0,0.106221
1,1,MLP-FedProx-mu0.05,100,1,0.102693
1,1,MLP-FedProx-mu0.05,100,2,0.101576
1,1,MLP-FedProx-mu0.05,100,3,0.10396
1,1,MLP-FedProx-mu0.05,100,4,0.110683
1,1,MLP-FedProx-mu0.05,100,5,0.121809
1,1,MLP-FedProx-mu0.05,100,6,0.142426
1,1,MLP-FedProx-mu0.05,100,7,0.1626
1,1,MLP-FedProx-mu0.05,100,8,0.180393
1,1,MLP-FedProx-mu0.05,100,9,0.198866
1,1,MLP-FedProx-mu0.05,100,10,0.219479
1,1,MLP-FedProx-mu0.05,100,11,0.243498
1,1,MLP-FedProx-mu0.05,100,12,0.269277
1,1,MLP-FedProx-mu0.05,100,13,0.291297
1,1,MLP-FedProx-mu0.05,100,14,0.306324
1,1,MLP-FedProx-mu0.05,100,15,0.313606
1,1,MLP-FedProx-mu0.05,100,16,0.273741
1,1,MLP-FedProx-mu0.05,100,17,0.26928
1,1,MLP-FedProx-mu0.05,100,18,0.271247
1,1,MLP-FedProx-mu0.05,100,19,0.292163
1,1,MLP-FedProx-mu0.05,1.0,0,0.881882
1,1,MLP-FedProx-mu0.05,1.0,1,0.910159
1,1,MLP-FedProx-mu0.05,1.0,2,0.91612
1,1,MLP-FedProx-mu0.05,1.0,3,0.910196
1,1,MLP-FedProx-mu0.05,1.0,4,0.889865
1,1,MLP-FedProx-mu0.05,1.0,5,0.85154
1,1,MLP-FedProx-mu0.05,1.0,6,0.80008
1,1,MLP-FedProx-mu0.05,1.0,7,0.735677
1,1,MLP-FedProx-mu0.05,1.0,8,0.68666
1,1,MLP-FedProx-mu0.05,1.0,9,0.659003
1,1,MLP-FedProx-mu0.05,1.0,10,0.643336
1,1,MLP-FedProx-mu0.05,1.0,11,0.633504
1,1,MLP-FedProx-mu0.05,1.0,12,0.627197
1,1,MLP-FedProx-mu0.05,1.0,13,0.622988
1,1,MLP-FedProx-mu0.05,1.0,14,0.620177
1,1,MLP-FedProx-mu0.05,1.0,15,0.618526
1,1,MLP-FedProx-mu0.05,1.0,16,0.617818
1,1,MLP-FedProx-mu0.05,1.0,17,0.61778
1,1,MLP-FedProx-mu0.05,1.0,18,0.618166
1,1,MLP-FedProx-mu0.05,1.0,19,0.618787
1,1,MLP-FedProx-mu0.05,0.5,0,0.790367
1,1,MLP-FedProx-mu0.05,0.5,1,0.810834
1,1,MLP-FedProx-mu0.05,0.5,2,0.820121
1,1,MLP-FedProx-mu0.05,0.5,3,0.817917
1,1,MLP-FedProx-mu0.05,0.5,4,0.801145
1,1,MLP-FedProx-mu0.05,0.5,5,0.770821
1,1,MLP-FedProx-mu0.05,0.5,6,0.730166
1,1,MLP-FedProx-mu0.05,0.5,7,0.681653
1,1,MLP-FedProx-mu0.05,0.5,8,0.642232
1,1,MLP-FedProx-mu0.05,0.5,9,0.622342
1,1,MLP-FedProx-mu0.05,0.5,10,0.614743
1,1,MLP-FedProx-mu0.05,0.5,11,0.61152
1,1,MLP-FedProx-mu0.05,0.5,12,0.60866
1,1,MLP-FedProx-mu0.05,0.5,13,0.608043
1,1,MLP-FedProx-mu0.05,0.5,14,0.608414
1,1,MLP-FedProx-mu0.05,0.5,15,0.608164
1,1,MLP-FedProx-mu0.05,0.5,16,0.608068
1,1,MLP-FedProx-mu0.05,0.5,17,0.607901
1,1,MLP-FedProx-mu0.05,0.5,18,0.607588
1,1,MLP-FedProx-mu0.05,0.5,19,0.607097
1,1,MLP-FedProx-mu0.05,0.1,0,1.1196
1,1,MLP-FedProx-mu0.05,0.1,1,1.150019
1,1,MLP-FedProx-mu0.05,0.1,2,1.162158
1,1,MLP-FedProx-mu0.05,0.1,3,1.165199
1,1,MLP-FedProx-mu0.05,0.1,4,1.165834
1,1,MLP-FedProx-mu0.05,0.1,5,1.166031
1,1,MLP-FedProx-mu0.05,0.1,6,1.166122
1,1,MLP-FedProx-mu0.05,0.1,7,1.166176
1,1,MLP-FedProx-mu0.05,0.1,8,1.166215
1,1,MLP-FedProx-mu0.05,0.1,9,1.166245
1,1,MLP-FedProx-mu0.05,0.1,10,1.166268
1,1,MLP-FedProx-mu0.05,0.1,11,1.166288
1,1,MLP-FedProx-mu0.05,0.1,12,1.166305
1,1,MLP-FedProx-mu0.05,0.1,13,1.16632
1,1,MLP-FedProx-mu0.05,0.1,14,1.166332
1,1,MLP-FedProx-mu0.05,0.1,15,1.166344
1,1,MLP-FedProx-mu0.05,0.1,16,1.166354
1,1,MLP-FedProx-mu0.05,0.1,17,1.166363
1,1,MLP-FedProx-mu0.05,0.1,18,1.166372
1,1,MLP-FedProx-mu0.05,0.1,19,1.166379
1,1,MLP-FedProx-mu0.05,natural,0,0.693733
1,1,MLP-FedProx-mu0.05,natural,1,0.68914
1,1,MLP-FedProx-mu0.05,natural,2,0.691528
1,1,MLP-FedProx-mu0.05,natural,3,0.685221
1,1,MLP-FedProx-mu0.05,natural,4,0.670987
1,1,MLP-FedProx-mu0.05,natural,5,0.651856
1,1,MLP-FedProx-mu0.05,natural,6,0.62732
1,1,MLP-FedProx-mu0.05,natural,7,0.585494
1,1,MLP-FedProx-mu0.05,natural,8,0.538095
1,1,MLP-FedProx-mu0.05,natural,9,0.503477
1,1,MLP-FedProx-mu0.05,natural,10,0.476218
1,1,MLP-FedProx-mu0.05,natural,11,0.460332
1,1,MLP-FedProx-mu0.05,natural,12,0.460085
1,1,MLP-FedProx-mu0.05,natural,13,0.45991
1,1,MLP-FedProx-mu0.05,natural,14,0.482248
1,1,MLP-FedProx-mu0.05,natural,15,0.482473
1,1,MLP-FedProx-mu0.05,natural,16,0.406452
1,1,MLP-FedProx-mu0.05,natural,17,0.463769
1,1,MLP-FedProx-mu0.05,natural,18,0.417856
1,1,MLP-FedProx-mu0.05,natural,19,0.467233
1,2,MLP-FedProx-mu0.05,100,0,0.111417
1,2,MLP-FedProx-mu0.05,100,1,0.105216
1,2,MLP-FedProx-mu0.05,100,2,0.104765
1,2,MLP-FedProx-mu0.05,100,3,0.107783
1,2,MLP-FedProx-mu0.05,100,4,0.110353
1,2,MLP-FedProx-mu0.05,100,5,0.112713
1,2,MLP-FedProx-mu0.05,100,6,0.120457
1,2,MLP-FedProx-mu0.05,100,7,0.136777
1,2,MLP-FedProx-mu0.05,100,8,0.154401
1,2,MLP-FedProx-mu0.05,100,9,0.171249
1,2,MLP-FedProx-mu0.05,100,10,0.192369
1,2,MLP-FedProx-mu0.05,100,11,0.224089
1,2,MLP-FedProx-mu0.05,100,12,0.261714
1,2,MLP-FedProx-mu0.05,100,13,0.286757
1,2,MLP-FedProx-mu0.05,100,14,0.29871
1,2,MLP-FedProx-mu0.05,100,15,0.296328
1,2,MLP-FedProx-mu0.05,100,16,0.298313
1,2,MLP-FedProx-mu0.05,100,17,0.28867
1,2,MLP-FedProx-mu0.05,100,18,0.287138
1,2,MLP-FedProx-mu0.05,100,19,0.277294
1,2,MLP-FedProx-mu0.05,1.0,0,0.879889
1,2,MLP-FedProx-mu0.05,1.0,1,0.908537
1,2,MLP-FedProx-mu0.05,1.0,2,0.90942
1,2,MLP-FedProx-mu0.05,1.0,3,0.896015
1,2,MLP-FedProx-mu0.05,1.0,4,0.86346
1,2,MLP-FedProx-mu0.05,1.0,5,0.820264
1,2,MLP-FedProx-mu0.05,1.0,6,0.765878
1,2,MLP-FedProx-mu0.05,1.0,7,0.716005
1,2,MLP-FedProx-mu0.05,1.0,8,0.688014
1,2,MLP-FedProx-mu0.05,1.0,9,0.676181
1,2,MLP-FedProx-mu0.05,1.0,10,0.671034
1,2,MLP-FedProx-mu0.05,1.0,11,0.667841
1,2,MLP-FedProx-mu0.05,1.0,12,0.664545
1,2,MLP-FedProx-mu0.05,1.0,13,0.66124
1,2,MLP-FedProx-mu0.05,1.0,14,0.65844
1,2,MLP-FedProx-mu0.05,1.0,15,0.656309
1,2,MLP-FedProx-mu0.05,1.0,16,0.654637
1,2,MLP-FedProx-mu0.05,1.0,17,0.653203
1,2,MLP-FedProx-mu0.05,1.0,18,0.651955
1,2,MLP-FedProx-mu0.05,1.0,19,0.650973
1,2,MLP-FedProx-mu0.05,0.5,0,0.804029
1,2,MLP-FedProx-mu0.05,0.5,1,0.821925
1,2,MLP-FedProx-mu0.05,0.5,2,0.82999
1,2,MLP-FedProx-mu0.05,0.5,3,0.822811
1,2,MLP-FedProx-mu0.05,0.5,4,0.798429
1,2,MLP-FedProx-mu0.05,0.5,5,0.763909
1,2,MLP-FedProx-mu0.05,0.5,6,0.724406
1,2,MLP-FedProx-mu0.05,0.5,7,0.686029
1,2,MLP-FedProx-mu0.05,0.5,8,0.656567
1,2,MLP-FedProx-mu0.05,0.5,9,0.639094
1,2,MLP-FedProx-mu0.05,0.5,10,0.629374
1,2,MLP-FedProx-mu0.05,0.5,11,0.618389
1,2,MLP-FedProx-mu0.05,0.5,12,0.61071
1,2,MLP-FedProx-mu0.05,0.5,13,0.608752
1,2,MLP-FedProx-mu0.05,0.5,14,0.604002
1,2,MLP-FedProx-mu0.05,0.5,15,0.598887
1,2,MLP-FedProx-mu0.05,0.5,16,0.592639
1,2,MLP-FedProx-mu0.05,0.5,17,0.588127
1,2,MLP-FedProx-mu0.05,0.5,18,0.584109
1,2,MLP-FedProx-mu0.05,0.5,19,0.579707
1,2,MLP-FedProx-mu0.05,0.1,0,1.10238
1,2,MLP-FedProx-mu0.05,0.1,1,1.135885
1,2,MLP-FedProx-mu0.05,0.1,2,1.14915
1,2,MLP-FedProx-mu0.05,0.1,3,1.15209
1,2,MLP-FedProx-mu0.05,0.1,4,1.152669
1,2,MLP-FedProx-mu0.05,0.1,5,1.152851
1,2,MLP-FedProx-mu0.05,0.1,6,1.152942
1,2,MLP-FedProx-mu0.05,0.1,7,1.153003
1,2,MLP-FedProx-mu0.05,0.1,8,1.153048
1,2,MLP-FedProx-mu0.05,0.1,9,1.153085
1,2,MLP-FedProx-mu0.05,0.1,10,1.153114
1,2,MLP-FedProx-mu0.05,0.1,11,1.153139
1,2,MLP-FedProx-mu0.05,0.1,12,1.15316
1,2,MLP-FedProx-mu0.05,0.1,13,1.153178
1,2,MLP-FedProx-mu0.05,0.1,14,1.153193
1,2,MLP-FedProx-mu0.05,0.1,15,1.153207
1,2,MLP-FedProx-mu0.05,0.1,16,1.153219
1,2,MLP-FedProx-mu0.05,0.1,17,1.15323
1,2,MLP-FedProx-mu0.05,0.1,18,1.15324
1,2,MLP-FedProx-mu0.05,0.1,19,1.153249
1,2,MLP-FedProx-mu0.05,natural,0,0.682565
1,2,MLP-FedProx-mu0.05,natural,1,0.682818
1,2,MLP-FedProx-mu0.05,natural,2,0.684087
1,2,MLP-FedProx-mu0.05,natural,3,0.674168
1,2,MLP-FedProx-mu0.05,natural,4,0.658601
1,2,MLP-FedProx-mu0.05,natural,5,0.640284
1,2,MLP-FedProx-mu0.05,natural,6,0.615266
1,2,MLP-FedProx-mu0.05,natural,7,0.575028
1,2,MLP-FedProx-mu0.05,natural,8,0.537884
1,2,MLP-FedProx-mu0.05,natural,9,0.512235
1,2,MLP-FedProx-mu0.05,natural,10,0.495028
1,2,MLP-FedProx-mu0.05,natural,11,0.488145
1,2,MLP-FedProx-mu0.05,natural,12,0.505935
1,2,MLP-FedProx-mu0.05,natural,13,0.51074
1,2,MLP-FedProx-mu0.05,natural,14,0.557225
1,2,MLP-FedProx-mu0.05,natural,15,0.527098
1,2,MLP-FedProx-mu0.05,natural,16,0.450312
1,2,MLP-FedProx-mu0.05,natural,17,0.475301
1,2,MLP-FedProx-mu0.05,natural,18,0.522295
1,2,MLP-FedProx-mu0.05,natural,19,0.499126
1,3,MLP-FedProx-mu0.05,100,0,0.12522
1,3,MLP-FedProx-mu0.05,100,1,0.123468
1,3,MLP-FedProx-mu0.05,100,2,0.125993
1,3,MLP-FedProx-mu0.05,100,3,0.130497
1,3,MLP-FedProx-mu0.05,100,4,0.136414
1,3,MLP-FedProx-mu0.05,100,5,0.145125
1,3,MLP-FedProx-mu0.05,100,6,0.15206
1,3,MLP-FedProx-mu0.05,100,7,0.162667
1,3,MLP-FedProx-mu0.05,100,8,0.181695
1,3,MLP-FedProx-mu0.05,100,9,0.205494
1,3,MLP-FedProx-mu0.05,100,10,0.235386
1,3,MLP-FedProx-mu0.05,100,11,0.274083
1,3,MLP-FedProx-mu0.05,100,12,0.301399
1,3,MLP-FedProx-mu0.05,100,13,0.339073
1,3,MLP-FedProx-mu0.05,100,14,0.230445
1,3,MLP-FedProx-mu0.05,100,15,0.240162
1,3,MLP-FedProx-mu0.05,100,16,0.233526
1,3,MLP-FedProx-mu0.05,100,17,0.257632
1,3,MLP-FedProx-mu0.05,100,18,0.240177
1,3,MLP-FedProx-mu0.05,100,19,0.261154
1,3,MLP-FedProx-mu0.05,1.0,0,0.855141
1,3,MLP-FedProx-mu0.05,1.0,1,0.881591
1,3,MLP-FedProx-mu0.05,1.0,2,0.881713
1,3,MLP-FedProx-mu0.05,1.0,3,0.864365
1,3,MLP-FedProx-mu0.05,1.0,4,0.828386
1,3,MLP-FedProx-mu0.05,1.0,5,0.783951
1,3,MLP-FedProx-mu0.05,1.0,6,0.728762
1,3,MLP-FedProx-mu0.05,1.0,7,0.679597
1,3,MLP-FedProx-mu0.05,1.0,8,0.653236
1,3,MLP-FedProx-mu0.05,1.0,9,0.640005
1,3,MLP-FedProx-mu0.05,1.0,10,0.632861
1,3,MLP-FedProx-mu0.05,1.0,11,0.628283
1,3,MLP-FedProx-mu0.05,1.0,12,0.625012
1,3,MLP-FedProx-mu0.05,1.0,13,0.622597
1,3,MLP-FedProx-mu0.05,1.0,14,0.621048
1,3,MLP-FedProx-mu0.05,1.0,15,0.620556
1,3,MLP-FedProx-mu0.05,1.0,16,0.621151
1,3,MLP-FedProx-mu0.05,1.0,17,0.622576
1,3,MLP-FedProx-mu0.05,1.0,18,0.624419
1,3,MLP-FedProx-mu0.05,1.0,19,0.62635
1,3,MLP-FedProx-mu0.05,0.5,0,0.793409
1,3,MLP-FedProx-mu0.05,0.5,1,0.81022
1,3,MLP-FedProx-mu0.05,0.5,2,0.819097
1,3,MLP-FedProx-mu0.05,0.5,3,0.811404
1,3,MLP-FedProx-mu0.05,0.5,4,0.785159
1,3,MLP-FedProx-mu0.05,0.5,5,0.747388
1,3,MLP-FedProx-mu0.05,0.5,6,0.705428
1,3,MLP-FedProx-mu0.05,0.5,7,0.666122
1,3,MLP-FedProx-mu0.05,0.5,8,0.638772
1,3,MLP-FedProx-mu0.05,0.5,9,0.627313
1,3,MLP-FedProx-mu0.05,0.5,10,0.625166
1,3,MLP-FedProx-mu0.05,0.5,11,0.627316
1,3,MLP-FedProx-mu0.05,0.5,12,0.629152
1,3,MLP-FedProx-mu0.05,0.5,13,0.628808
1,3,MLP-FedProx-mu0.05,0.5,14,0.627937
1,3,MLP-FedProx-mu0.05,0.5,15,0.627062
1,3,MLP-FedProx-mu0.05,0.5,16,0.625929
1,3,MLP-FedProx-mu0.05,0.5,17,0.624359
1,3,MLP-FedProx-mu0.05,0.5,18,0.622511
1,3,MLP-FedProx-mu0.05,0.5,19,0.620606
1,3,MLP-FedProx-mu0.05,0.1,0,1.10808
1,3,MLP-FedProx-mu0.05,0.1,1,1.139946
1,3,MLP-FedProx-mu0.05,0.1,2,1.155724
1,3,MLP-FedProx-mu0.05,0.1,3,1.160016
1,3,MLP-FedProx-mu0.05,0.1,4,1.160747
1,3,MLP-FedProx-mu0.05,0.1,5,1.1609
1,3,MLP-FedProx-mu0.05,0.1,6,1.160953
1,3,MLP-FedProx-mu0.05,0.1,7,1.160983
1,3,MLP-FedProx-mu0.05,0.1,8,1.161007
1,3,MLP-FedProx-mu0.05,0.1,9,1.161027
1,3,MLP-FedProx-mu0.05,0.1,10,1.161045
1,3,MLP-FedProx-mu0.05,0.1,11,1.161061
1,3,MLP-FedProx-mu0.05,0.1,12,1.161075
1,3,MLP-FedProx-mu0.05,0.1,13,1.161087
1,3,MLP-FedProx-mu0.05,0.1,14,1.161099
1,3,MLP-FedProx-mu0.05,0.1,15,1.161109
1,3,MLP-FedProx-mu0.05,0.1,16,1.161119
1,3,MLP-FedProx-mu0.05,0.1,17,1.161128
1,3,MLP-FedProx-mu0.05,0.1,18,1.161136
1,3,MLP-FedProx-mu0.05,0.1,19,1.161144
1,3,MLP-FedProx-mu0.05,natural,0,0.697614
1,3,MLP-FedProx-mu0.05,natural,1,0.690613
1,3,MLP-FedProx-mu0.05,natural,2,0.69081
1,3,MLP-FedProx-mu0.05,natural,3,0.681252
1,3,MLP-FedProx-mu0.05,natural,4,0.664386
1,3,MLP-FedProx-mu0.05,natural,5,0.643269
1,3,MLP-FedProx-mu0.05,natural,6,0.612002
1,3,MLP-FedProx-mu0.05,natural,7,0.570902
1,3,MLP-FedProx-mu0.05,natural,8,0.542227
1,3,MLP-FedProx-mu0.05,natural,9,0.520614
1,3,MLP-FedProx-mu0.05,natural,10,0.504861
1,3,MLP-FedProx-mu0.05,natural,11,0.50101
1,3,MLP-FedProx-mu0.05,natural,12,0.514468
1,3,MLP-FedProx-mu0.05,natural,13,0.516046
1,3,MLP-FedProx-mu0.05,natural,14,0.530749
1,3,MLP-FedProx-mu0.05,natural,15,0.508706
1,3,MLP-FedProx-mu0.05,natural,16,0.472148
1,3,MLP-FedProx-mu0.05,natural,17,0.517258
1,3,MLP-FedProx-mu0.05,natural,18,0.463488
1,3,MLP-FedProx-mu0.05,natural,19,0.510083
1,4,MLP-FedProx-mu0.05,100,0,0.124488
1,4,MLP-FedProx-mu0.05,100,1,0.124648
1,4,MLP-FedProx-mu0.05,100,2,0.128547
1,4,MLP-FedProx-mu0.05,100,3,0.13314
1,4,MLP-FedProx-mu0.05,100,4,0.134455
1,4,MLP-FedProx-mu0.05,100,5,0.138279
1,4,MLP-FedProx-mu0.05,100,6,0.138385
1,4,MLP-FedProx-mu0.05,100,7,0.136352
1,4,MLP-FedProx-mu0.05,100,8,0.145504
1,4,MLP-FedProx-mu0.05,100,9,0.161589
1,4,MLP-FedProx-mu0.05,100,10,0.178806
1,4,MLP-FedProx-mu0.05,100,11,0.197194
1,4,MLP-FedProx-mu0.05,100,12,0.220979
1,4,MLP-FedProx-mu0.05,100,13,0.247651
1,4,MLP-FedProx-mu0.05,100,14,0.271493
1,4,MLP-FedProx-mu0.05,100,15,0.276471
1,4,MLP-FedProx-mu0.05,100,16,0.308885
1,4,MLP-FedProx-mu0.05,100,17,0.221974
1,4,MLP-FedProx-mu0.05,100,18,0.21793
1,4,MLP-FedProx-mu0.05,100,19,0.206603
1,4,MLP-FedProx-mu0.05,1.0,0,0.882596
1,4,MLP-FedProx-mu0.05,1.0,1,0.910124
1,4,MLP-FedProx-mu0.05,1.0,2,0.905154
1,4,MLP-FedProx-mu0.05,1.0,3,0.88199
1,4,MLP-FedProx-mu0.05,1.0,4,0.840446
1,4,MLP-FedProx-mu0.05,1.0,5,0.791823
1,4,MLP-FedProx-mu0.05,1.0,6,0.736161
1,4,MLP-FedProx-mu0.05,1.0,7,0.697383
1,4,MLP-FedProx-mu0.05,1.0,8,0.679202
1,4,MLP-FedProx-mu0.05,1.0,9,0.672944
1,4,MLP-FedProx-mu0.05,1.0,10,0.670743
1,4,MLP-FedProx-mu0.05,1.0,11,0.668922
1,4,MLP-FedProx-mu0.05,1.0,12,0.666785
1,4,MLP-FedProx-mu0.05,1.0,13,0.664768
1,4,MLP-FedProx-mu0.05,1.0,14,0.663014
1,4,MLP-FedProx-mu0.05,1.0,15,0.661443
1,4,MLP-FedProx-mu0.05,1.0,16,0.659976
1,4,MLP-FedProx-mu0.05,1.0,17,0.658648
1,4,MLP-FedProx-mu0.05,1.0,18,0.657583
1,4,MLP-FedProx-mu0.05,1.0,19,0.656896
1,4,MLP-FedProx-mu0.05,0.5,0,0.784853
1,4,MLP-FedProx-mu0.05,0.5,1,0.810557
1,4,MLP-FedProx-mu0.05,0.5,2,0.812966
1,4,MLP-FedProx-mu0.05,0.5,3,0.796355
1,4,MLP-FedProx-mu0.05,0.5,4,0.761846
1,4,MLP-FedProx-mu0.05,0.5,5,0.716416
1,4,MLP-FedProx-mu0.05,0.5,6,0.669869
1,4,MLP-FedProx-mu0.05,0.5,7,0.632694
1,4,MLP-FedProx-mu0.05,0.5,8,0.608814
1,4,MLP-FedProx-mu0.05,0.5,9,0.59526
1,4,MLP-FedProx-mu0.05,0.5,10,0.586594
1,4,MLP-FedProx-mu0.05,0.5,11,0.579295
1,4,MLP-FedProx-mu0.05,0.5,12,0.573527
1,4,MLP-FedProx-mu0.05,0.5,13,0.569723
1,4,MLP-FedProx-mu0.05,0.5,14,0.566388
1,4,MLP-FedProx-mu0.05,0.5,15,0.563282
1,4,MLP-FedProx-mu0.05,0.5,16,0.56039
1,4,MLP-FedProx-mu0.05,0.5,17,0.557855
1,4,MLP-FedProx-mu0.05,0.5,18,0.555639
1,4,MLP-FedProx-mu0.05,0.5,19,0.553809
1,4,MLP-FedProx-mu0.05,0.1,0,1.100036
1,4,MLP-FedProx-mu0.05,0.1,1,1.135294
1,4,MLP-FedProx-mu0.05,0.1,2,1.146939
1,4,MLP-FedProx-mu0.05,0.1,3,1.149417
1,4,MLP-FedProx-mu0.05,0.1,4,1.149847
1,4,MLP-FedProx-mu0.05,0.1,5,1.149979
1,4,MLP-FedProx-mu0.05,0.1,6,1.150059
1,4,MLP-FedProx-mu0.05,0.1,7,1.150123
1,4,MLP-FedProx-mu0.05,0.1,8,1.150176
1,4,MLP-FedProx-mu0.05,0.1,9,1.150221
1,4,MLP-FedProx-mu0.05,0.1,10,1.150259
1,4,MLP-FedProx-mu0.05,0.1,11,1.150291
1,4,MLP-FedProx-mu0.05,0.1,12,1.150318
1,4,MLP-FedProx-mu0.05,0.1,13,1.15034
1,4,MLP-FedProx-mu0.05,0.1,14,1.150359
1,4,MLP-FedProx-mu0.05,0.1,15,1.150375
1,4,MLP-FedProx-mu0.05,0.1,16,1.150388
1,4,MLP-FedProx-mu0.05,0.1,17,1.150399
1,4,MLP-FedProx-mu0.05,0.1,18,1.150408
1,4,MLP-FedProx-mu0.05,0.1,19,1.150414
1,4,MLP-FedProx-mu0.05,natural,0,0.686703
1,4,MLP-FedProx-mu0.05,natural,1,0.688403
1,4,MLP-FedProx-mu0.05,natural,2,0.682679
1,4,MLP-FedProx-mu0.05,natural,3,0.665963
1,4,MLP-FedProx-mu0.05,natural,4,0.643856
1,4,MLP-FedProx-mu0.05,natural,5,0.616821
1,4,MLP-FedProx-mu0.05,natural,6,0.576163
1,4,MLP-FedProx-mu0.05,natural,7,0.531241
1,4,MLP-FedProx-mu0.05,natural,8,0.498449
1,4,MLP-FedProx-mu0.05,natural,9,0.474134
1,4,MLP-FedProx-mu0.05,natural,10,0.457957
1,4,MLP-FedProx-mu0.05,natural,11,0.448804
1,4,MLP-FedProx-mu0.05,natural,12,0.442784
1,4,MLP-FedProx-mu0.05,natural,13,0.436549
1,4,MLP-FedProx-mu0.05,natural,14,0.433616
1,4,MLP-FedProx-mu0.05,natural,15,0.420152
1,4,MLP-FedProx-mu0.05,natural,16,0.455183
1,4,MLP-FedProx-mu0.05,natural,17,0.440666
1,4,MLP-FedProx-mu0.05,natural,18,0.431948
1,4,MLP-FedProx-mu0.05,natural,19,0.410802
2,0,MLP-FedProx-mu0.05,100,0,0.119224
2,0,MLP-FedProx-mu0.05,100,1,0.127365
2,0,MLP-FedProx-mu0.05,100,2,0.132196
2,0,MLP-FedProx-mu0.05,100,3,0.134527
2,0,MLP-FedProx-mu0.05,100,4,0.144321
2,0,MLP-FedProx-mu0.05,100,5,0.160802
2,0,MLP-FedProx-mu0.05,100,6,0.179213
2,0,MLP-FedProx-mu0.05,100,7,0.201318
2,0,MLP-FedProx-mu0.05,100,8,0.228825
2,0,MLP-FedProx-mu0.05,100,9,0.256508
2,0,MLP-FedProx-mu0.05,100,10,0.281579
2,0,MLP-FedProx-mu0.05,100,11,0.303415
2,0,MLP-FedProx-mu0.05,100,12,0.320292
2,0,MLP-FedProx-mu0.05,100,13,0.331588
2,0,MLP-FedProx-mu0.05,100,14,0.338325
2,0,MLP-FedProx-mu0.05,100,15,0.341998
2,0,MLP-FedProx-mu0.05,100,16,0.343755
2,0,MLP-FedProx-mu0.05,100,17,0.34434
2,0,MLP-FedProx-mu0.05,100,18,0.344223
2,0,MLP-FedProx-mu0.05,100,19,0.343697
2,0,MLP-FedProx-mu0.05,1.0,0,0.577279
2,0,MLP-FedProx-mu0.05,1.0,1,0.562869
2,0,MLP-FedProx-mu0.05,1.0,2,0.54777
2,0,MLP-FedProx-mu0.05,1.0,3,0.510503
2,0,MLP-FedProx-mu0.05,1.0,4,0.467092
2,0,MLP-FedProx-mu0.05,1.0,5,0.432818
2,0,MLP-FedProx-mu0.05,1.0,6,0.409222
2,0,MLP-FedProx-mu0.05,1.0,7,0.391029
2,0,MLP-FedProx-mu0.05,1.0,8,0.380707
2,0,MLP-FedProx-mu0.05,1.0,9,0.375129
2,0,MLP-FedProx-mu0.05,1.0,10,0.369864
2,0,MLP-FedProx-mu0.05,1.0,11,0.366867
2,0,MLP-FedProx-mu0.05,1.0,12,0.36895
2,0,MLP-FedProx-mu0.05,1.0,13,0.376431
2,0,MLP-FedProx-mu0.05,1.0,14,0.386588
2,0,MLP-FedProx-mu0.05,1.0,15,0.39596
2,0,MLP-FedProx-mu0.05,1.0,16,0.403005
2,0,MLP-FedProx-mu0.05,1.0,17,0.407799
2,0,MLP-FedProx-mu0.05,1.0,18,0.410901
2,0,MLP-FedProx-mu0.05,1.0,19,0.412846
2,0,MLP-FedProx-mu0.05,0.5,0,1.167186
2,0,MLP-FedProx-mu0.05,0.5,1,1.162971
2,0,MLP-FedProx-mu0.05,0.5,2,1.157238
2,0,MLP-FedProx-mu0.05,0.5,3,1.149909
2,0,MLP-FedProx-mu0.05,0.5,4,1.14238
2,0,MLP-FedProx-mu0.05,0.5,5,1.113427
2,0,MLP-FedProx-mu0.05,0.5,6,1.046985
2,0,MLP-FedProx-mu0.05,0.5,7,0.975557
2,0,MLP-FedProx-mu0.05,0.5,8,0.924272
2,0,MLP-FedProx-mu0.05,0.5,9,0.917621
2,0,MLP-FedProx-mu0.05,0.5,10,0.908755
2,0,MLP-FedProx-mu0.05,0.5,11,0.892125
2,0,MLP-FedProx-mu0.05,0.5,12,0.886664
2,0,MLP-FedProx-mu0.05,0.5,13,0.892629
2,0,MLP-FedProx-mu0.05,0.5,14,0.895072
2,0,MLP-FedProx-mu0.05,0.5,15,0.897298
2,0,MLP-FedProx-mu0.05,0.5,16,0.90915
2,0,MLP-FedProx-mu0.05,0.5,17,0.896267
2,0,MLP-FedProx-mu0.05,0.5,18,0.900362
2,0,MLP-FedProx-mu0.05,0.5,19,0.889053
2,0,MLP-FedProx-mu0.05,0.1,0,1.327715
2,0,MLP-FedProx-mu0.05,0.1,1,1.337132
2,0,MLP-FedProx-mu0.05,0.1,2,1.337031
2,0,MLP-FedProx-mu0.05,0.1,3,1.332933
2,0,MLP-FedProx-mu0.05,0.1,4,1.328002
2,0,MLP-FedProx-mu0.05,0.1,5,1.302735
2,0,MLP-FedProx-mu0.05,0.1,6,1.216391
2,0,MLP-FedProx-mu0.05,0.1,7,1.125571
2,0,MLP-FedProx-mu0.05,0.1,8,1.098163
2,0,MLP-FedProx-mu0.05,0.1,9,1.145278
2,0,MLP-FedProx-mu0.05,0.1,10,1.182871
2,0,MLP-FedProx-mu0.05,0.1,11,1.175217
2,0,MLP-FedProx-mu0.05,0.1,12,1.156193
2,0,MLP-FedProx-mu0.05,0.1,13,1.157523
2,0,MLP-FedProx-mu0.05,0.1,14,1.133034
2,0,MLP-FedProx-mu0.05,0.1,15,1.137514
2,0,MLP-FedProx-mu0.05,0.1,16,1.132519
2,0,MLP-FedProx-mu0.05,0.1,17,1.136522
2,0,MLP-FedProx-mu0.05,0.1,18,1.126849
2,0,MLP-FedProx-mu0.05,0.1,19,1.119413
2,0,MLP-FedProx-mu0.05,natural,0,0.704729
2,0,MLP-FedProx-mu0.05,natural,1,0.699187
2,0,MLP-FedProx-mu0.05,natural,2,0.693303
2,0,MLP-FedProx-mu0.05,natural,3,0.685862
2,0,MLP-FedProx-mu0.05,natural,4,0.676193
2,0,MLP-FedProx-mu0.05,natural,5,0.663327
2,0,MLP-FedProx-mu0.05,natural,6,0.638849
2,0,MLP-FedProx-mu0.05,natural,7,0.588487
2,0,MLP-FedProx-mu0.05,natural,8,0.555452
2,0,MLP-FedProx-mu0.05,natural,9,0.530762
2,0,MLP-FedProx-mu0.05,natural,10,0.516922
2,0,MLP-FedProx-mu0.05,natural,11,0.509751
2,0,MLP-FedProx-mu0.05,natural,12,0.50632
2,0,MLP-FedProx-mu0.05,natural,13,0.488002
2,0,MLP-FedProx-mu0.05,natural,14,0.496727
2,0,MLP-FedProx-mu0.05,natural,15,0.4742
2,0,MLP-FedProx-mu0.05,natural,16,0.463391
2,0,MLP-FedProx-mu0.05,natural,17,0.463298
2,0,MLP-FedProx-mu0.05,natural,18,0.475267
2,0,MLP-FedProx-mu0.05,natural,19,0.45518
2,1,MLP-FedProx-mu0.05,100,0,0.108144
2,1,MLP-FedProx-mu0.05,100,1,0.114014
2,1,MLP-FedProx-mu0.05,100,2,0.11903
2,1,MLP-FedProx-mu0.05,100,3,0.118254
2,1,MLP-FedProx-mu0.05,100,4,0.11889
2,1,MLP-FedProx-mu0.05,100,5,0.122606
2,1,MLP-FedProx-mu0.05,100,6,0.127272
2,1,MLP-FedProx-mu0.05,100,7,0.134059
2,1,MLP-FedProx-mu0.05,100,8,0.143453
2,1,MLP-FedProx-mu0.05,100,9,0.156151
2,1,MLP-FedProx-mu0.05,100,10,0.173487
2,1,MLP-FedProx-mu0.05,100,11,0.194945
2,1,MLP-FedProx-mu0.05,100,12,0.21559
2,1,MLP-FedProx-mu0.05,100,13,0.229984
2,1,MLP-FedProx-mu0.05,100,14,0.239283
2,1,MLP-FedProx-mu0.05,100,15,0.243007
2,1,MLP-FedProx-mu0.05,100,16,0.249366
2,1,MLP-FedProx-mu0.05,100,17,0.242864
2,1,MLP-FedProx-mu0.05,100,18,0.255758
2,1,MLP-FedProx-mu0.05,100,19,0.224665
2,1,MLP-FedProx-mu0.05,1.0,0,0.575883
2,1,MLP-FedProx-mu0.05,1.0,1,0.564224
2,1,MLP-FedProx-mu0.05,1.0,2,0.55534
2,1,MLP-FedProx-mu0.05,1.0,3,0.533238
2,1,MLP-FedProx-mu0.05,1.0,4,0.494069
2,1,MLP-FedProx-mu0.05,1.0,5,0.446107
2,1,MLP-FedProx-mu0.05,1.0,6,0.412816
2,1,MLP-FedProx-mu0.05,1.0,7,0.389996
2,1,MLP-FedProx-mu0.05,1.0,8,0.373424
2,1,MLP-FedProx-mu0.05,1.0,9,0.361557
2,1,MLP-FedProx-mu0.05,1.0,10,0.353796
2,1,MLP-FedProx-mu0.05,1.0,11,0.350709
2,1,MLP-FedProx-mu0.05,1.0,12,0.35296
2,1,MLP-FedProx-mu0.05,1.0,13,0.358807
2,1,MLP-FedProx-mu0.05,1.0,14,0.364679
2,1,MLP-FedProx-mu0.05,1.0,15,0.368714
2,1,MLP-FedProx-mu0.05,1.0,16,0.371085
2,1,MLP-FedProx-mu0.05,1.0,17,0.372531
2,1,MLP-FedProx-mu0.05,1.0,18,0.373727
2,1,MLP-FedProx-mu0.05,1.0,19,0.375039
2,1,MLP-FedProx-mu0.05,0.5,0,1.181443
2,1,MLP-FedProx-mu0.05,0.5,1,1.178328
2,1,MLP-FedProx-mu0.05,0.5,2,1.173286
2,1,MLP-FedProx-mu0.05,0.5,3,1.166552
2,1,MLP-FedProx-mu0.05,0.5,4,1.159704
2,1,MLP-FedProx-mu0.05,0.5,5,1.151394
2,1,MLP-FedProx-mu0.05,0.5,6,1.106918
2,1,MLP-FedProx-mu0.05,0.5,7,1.036036
2,1,MLP-FedProx-mu0.05,0.5,8,0.965227
2,1,MLP-FedProx-mu0.05,0.5,9,0.928872
2,1,MLP-FedProx-mu0.05,0.5,10,0.936241
2,1,MLP-FedProx-mu0.05,0.5,11,0.934038
2,1,MLP-FedProx-mu0.05,0.5,12,0.931513
2,1,MLP-FedProx-mu0.05,0.5,13,0.942838
2,1,MLP-FedProx-mu0.05,0.5,14,0.950569
2,1,MLP-FedProx-mu0.05,0.5,15,0.952812
2,1,MLP-FedProx-mu0.05,0.5,16,0.942721
2,1,MLP-FedProx-mu0.05,0.5,17,0.922709
2,1,MLP-FedProx-mu0.05,0.5,18,0.917888
2,1,MLP-FedProx-mu0.05,0.5,19,0.918209
2,1,MLP-FedProx-mu0.05,0.1,0,1.324122
2,1,MLP-FedProx-mu0.05,0.1,1,1.333612
2,1,MLP-FedProx-mu0.05,0.1,2,1.33366
2,1,MLP-FedProx-mu0.05,0.1,3,1.329521
2,1,MLP-FedProx-mu0.05,0.1,4,1.324408
2,1,MLP-FedProx-mu0.05,0.1,5,1.318097
2,1,MLP-FedProx-mu0.05,0.1,6,1.268661
2,1,MLP-FedProx-mu0.05,0.1,7,1.171225
2,1,MLP-FedProx-mu0.05,0.1,8,1.099135
2,1,MLP-FedProx-mu0.05,0.1,9,1.103743
2,1,MLP-FedProx-mu0.05,0.1,10,1.162458
2,1,MLP-FedProx-mu0.05,0.1,11,1.169829
2,1,MLP-FedProx-mu0.05,0.1,12,1.158545
2,1,MLP-FedProx-mu0.05,0.1,13,1.142183
2,1,MLP-FedProx-mu0.05,0.1,14,1.142907
2,1,MLP-FedProx-mu0.05,0.1,15,1.114333
2,1,MLP-FedProx-mu0.05,0.1,16,1.152083
2,1,MLP-FedProx-mu0.05,0.1,17,1.097141
2,1,MLP-FedProx-mu0.05,0.1,18,1.160107
2,1,MLP-FedProx-mu0.05,0.1,19,1.083277
2,1,MLP-FedProx-mu0.05,natural,0,0.640704
2,1,MLP-FedProx-mu0.05,natural,1,0.632496
2,1,MLP-FedProx-mu0.05,natural,2,0.623931
2,1,MLP-FedProx-mu0.05,natural,3,0.613235
2,1,MLP-FedProx-mu0.05,natural,4,0.599741
2,1,MLP-FedProx-mu0.05,natural,5,0.587542
2,1,MLP-FedProx-mu0.05,natural,6,0.552175
2,1,MLP-FedProx-mu0.05,natural,7,0.521961
2,1,MLP-FedProx-mu0.05,natural,8,0.495784
2,1,MLP-FedProx-mu0.05,natural,9,0.47689
2,1,MLP-FedProx-mu0.05,natural,10,0.4636
2,1,MLP-FedProx-mu0.05,natural,11,0.456014
2,1,MLP-FedProx-mu0.05,natural,12,0.457262
2,1,MLP-FedProx-mu0.05,natural,13,0.462575
2,1,MLP-FedProx-mu0.05,natural,14,0.466383
2,1,MLP-FedProx-mu0.05,natural,15,0.470711
2,1,MLP-FedProx-mu0.05,natural,16,0.48809
2,1,MLP-FedProx-mu0.05,natural,17,0.506867
2,1,MLP-FedProx-mu0.05,natural,18,0.446185
2,1,MLP-FedProx-mu0.05,natural,19,0.462735
2,2,MLP-FedProx-mu0.05,100,0,0.094214
2,2,MLP-FedProx-mu0.05,100,1,0.100418
2,2,MLP-FedProx-mu0.05,100,2,0.106118
2,2,MLP-FedProx-mu0.05,100,3,0.100127
2,2,MLP-FedProx-mu0.05,100,4,0.103477
2,2,MLP-FedProx-mu0.05,100,5,0.113852
2,2,MLP-FedProx-mu0.05,100,6,0.125947
2,2,MLP-FedProx-mu0.05,100,7,0.13817
2,2,MLP-FedProx-mu0.05,100,8,0.152582
2,2,MLP-FedProx-mu0.05,100,9,0.171216
2,2,MLP-FedProx-mu0.05,100,10,0.192072
2,2,MLP-FedProx-mu0.05,100,11,0.210595
2,2,MLP-FedProx-mu0.05,100,12,0.223954
2,2,MLP-FedProx-mu0.05,100,13,0.232389
2,2,MLP-FedProx-mu0.05,100,14,0.237485
2,2,MLP-FedProx-mu0.05,100,15,0.240613
2,2,MLP-FedProx-mu0.05,100,16,0.242592
2,2,MLP-FedProx-mu0.05,100,17,0.243879
2,2,MLP-FedProx-mu0.05,100,18,0.244735
2,2,MLP-FedProx-mu0.05,100,19,0.245314
2,2,MLP-FedProx-mu0.05,1.0,0,0.643574
2,2,MLP-FedProx-mu0.05,1.0,1,0.626785
2,2,MLP-FedProx-mu0.05,1.0,2,0.616073
2,2,MLP-FedProx-mu0.05,1.0,3,0.585694
2,2,MLP-FedProx-mu0.05,1.0,4,0.533643
2,2,MLP-FedProx-mu0.05,1.0,5,0.482333
2,2,MLP-FedProx-mu0.05,1.0,6,0.447674
2,2,MLP-FedProx-mu0.05,1.0,7,0.422127
2,2,MLP-FedProx-mu0.05,1.0,8,0.405036
2,2,MLP-FedProx-mu0.05,1.0,9,0.396499
2,2,MLP-FedProx-mu0.05,1.0,10,0.394609
2,2,MLP-FedProx-mu0.05,1.0,11,0.397236
2,2,MLP-FedProx-mu0.05,1.0,12,0.402778
2,2,MLP-FedProx-mu0.05,1.0,13,0.409967
2,2,MLP-FedProx-mu0.05,1.0,14,0.417759
2,2,MLP-FedProx-mu0.05,1.0,15,0.425373
2,2,MLP-FedProx-mu0.05,1.0,16,0.432318
2,2,MLP-FedProx-mu0.05,1.0,17,0.438522
2,2,MLP-FedProx-mu0.05,1.0,18,0.444246
2,2,MLP-FedProx-mu0.05,1.0,19,0.449747
2,2,MLP-FedProx-mu0.05,0.5,0,1.181028
2,2,MLP-FedProx-mu0.05,0.5,1,1.174594
2,2,MLP-FedProx-mu0.05,0.5,2,1.167082
2,2,MLP-FedProx-mu0.05,0.5,3,1.158128
2,2,MLP-FedProx-mu0.05,0.5,4,1.146264
2,2,MLP-FedProx-mu0.05,0.5,5,1.090728
2,2,MLP-FedProx-mu0.05,0.5,6,1.013783
2,2,MLP-FedProx-mu0.05,0.5,7,0.949523
2,2,MLP-FedProx-mu0.05,0.5,8,0.922381
2,2,MLP-FedProx-mu0.05,0.5,9,0.921406
2,2,MLP-FedProx-mu0.05,0.5,10,0.907219
2,2,MLP-FedProx-mu0.05,0.5,11,0.892127
2,2,MLP-FedProx-mu0.05,0.5,12,0.879215
2,2,MLP-FedProx-mu0.05,0.5,13,0.868698
2,2,MLP-FedProx-mu0.05,0.5,14,0.857791
2,2,MLP-FedProx-mu0.05,0.5,15,0.849907
2,2,MLP-FedProx-mu0.05,0.5,16,0.847032
2,2,MLP-FedProx-mu0.05,0.5,17,0.848044
2,2,MLP-FedProx-mu0.05,0.5,18,0.849837
2,2,MLP-FedProx-mu0.05,0.5,19,0.849714
2,2,MLP-FedProx-mu0.05,0.1,0,1.326449
2,2,MLP-FedProx-mu0.05,0.1,1,1.333191
2,2,MLP-FedProx-mu0.05,0.1,2,1.331341
2,2,MLP-FedProx-mu0.05,0.1,3,1.325402
2,2,MLP-FedProx-mu0.05,0.1,4,1.316999
2,2,MLP-FedProx-mu0.05,0.1,5,1.265716
2,2,MLP-FedProx-mu0.05,0.1,6,1.164678
2,2,MLP-FedProx-mu0.05,0.1,7,1.095215
2,2,MLP-FedProx-mu0.05,0.1,8,1.090671
2,2,MLP-FedProx-mu0.05,0.1,9,1.142584
2,2,MLP-FedProx-mu0.05,0.1,10,1.16042
2,2,MLP-FedProx-mu0.05,0.1,11,1.149597
2,2,MLP-FedProx-mu0.05,0.1,12,1.141411
2,2,MLP-FedProx-mu0.05,0.1,13,1.127769
2,2,MLP-FedProx-mu0.05,0.1,14,1.123942
2,2,MLP-FedProx-mu0.05,0.1,15,1.125785
2,2,MLP-FedProx-mu0.05,0.1,16,1.118525
2,2,MLP-FedProx-mu0.05,0.1,17,1.102618
2,2,MLP-FedProx-mu0.05,0.1,18,1.123154
2,2,MLP-FedProx-mu0.05,0.1,19,1.106671
2,2,MLP-FedProx-mu0.05,natural,0,0.679779
2,2,MLP-FedProx-mu0.05,natural,1,0.673939
2,2,MLP-FedProx-mu0.05,natural,2,0.665913
2,2,MLP-FedProx-mu0.05,natural,3,0.655145
2,2,MLP-FedProx-mu0.05,natural,4,0.639245
2,2,MLP-FedProx-mu0.05,natural,5,0.614667
2,2,MLP-FedProx-mu0.05,natural,6,0.567336
2,2,MLP-FedProx-mu0.05,natural,7,0.538018
2,2,MLP-FedProx-mu0.05,natural,8,0.518234
2,2,MLP-FedProx-mu0.05,natural,9,0.504169
2,2,MLP-FedProx-mu0.05,natural,10,0.495711
2,2,MLP-FedProx-mu0.05,natural,11,0.490288
2,2,MLP-FedProx-mu0.05,natural,12,0.488532
2,2,MLP-FedProx-mu0.05,natural,13,0.48679
2,2,MLP-FedProx-mu0.05,natural,14,0.518045
2,2,MLP-FedProx-mu0.05,natural,15,0.529761
2,2,MLP-FedProx-mu0.05,natural,16,0.50017
2,2,MLP-FedProx-mu0.05,natural,17,0.498082
2,2,MLP-FedProx-mu0.05,natural,18,0.49054
2,2,MLP-FedProx-mu0.05,natural,19,0.492043
2,3,MLP-FedProx-mu0.05,100,0,0.088427
2,3,MLP-FedProx-mu0.05,100,1,0.094683
2,3,MLP-FedProx-mu0.05,100,2,0.09851
2,3,MLP-FedProx-mu0.05,100,3,0.103131
2,3,MLP-FedProx-mu0.05,100,4,0.115242
2,3,MLP-FedProx-mu0.05,100,5,0.127734
2,3,MLP-FedProx-mu0.05,100,6,0.137199
2,3,MLP-FedProx-mu0.05,100,7,0.146939
2,3,MLP-FedProx-mu0.05,100,8,0.159599
2,3,MLP-FedProx-mu0.05,100,9,0.176114
2,3,MLP-FedProx-mu0.05,100,10,0.195895
2,3,MLP-FedProx-mu0.05,100,11,0.216342
2,3,MLP-FedProx-mu0.05,100,12,0.233947
2,3,MLP-FedProx-mu0.05,100,13,0.247306
2,3,MLP-FedProx-mu0.05,100,14,0.25621
2,3,MLP-FedProx-mu0.05,100,15,0.261621
2,3,MLP-FedProx-mu0.05,100,16,0.264684
2,3,MLP-FedProx-mu0.05,100,17,0.266371
2,3,MLP-FedProx-mu0.05,100,18,0.267174
2,3,MLP-FedProx-mu0.05,100,19,0.267592
2,3,MLP-FedProx-mu0.05,1.0,0,0.584224
2,3,MLP-FedProx-mu0.05,1.0,1,0.567814
2,3,MLP-FedProx-mu0.05,1.0,2,0.555765
2,3,MLP-FedProx-mu0.05,1.0,3,0.541538
2,3,MLP-FedProx-mu0.05,1.0,4,0.510817
2,3,MLP-FedProx-mu0.05,1.0,5,0.463203
2,3,MLP-FedProx-mu0.05,1.0,6,0.427372
2,3,MLP-FedProx-mu0.05,1.0,7,0.397586
2,3,MLP-FedProx-mu0.05,1.0,8,0.377247
2,3,MLP-FedProx-mu0.05,1.0,9,0.368087
2,3,MLP-FedProx-mu0.05,1.0,10,0.367633
2,3,MLP-FedProx-mu0.05,1.0,11,0.372572
2,3,MLP-FedProx-mu0.05,1.0,12,0.381507
2,3,MLP-FedProx-mu0.05,1.0,13,0.391514
2,3,MLP-FedProx-mu0.05,1.0,14,0.399171
2,3,MLP-FedProx-mu0.05,1.0,15,0.403696
2,3,MLP-FedProx-mu0.05,1.0,16,0.405958
2,3,MLP-FedProx-mu0.05,1.0,17,0.406933
2,3,MLP-FedProx-mu0.05,1.0,18,0.407243
2,3,MLP-FedProx-mu0.05,1.0,19,0.407234
2,3,MLP-FedProx-mu0.05,0.5,0,1.181875
2,3,MLP-FedProx-mu0.05,0.5,1,1.176024
2,3,MLP-FedProx-mu0.05,0.5,2,1.168977
2,3,MLP-FedProx-mu0.05,0.5,3,1.160966
2,3,MLP-FedProx-mu0.05,0.5,4,1.141935
2,3,MLP-FedProx-mu0.05,0.5,5,1.080331
2,3,MLP-FedProx-mu0.05,0.5,6,1.009264
2,3,MLP-FedProx-mu0.05,0.5,7,0.949847
2,3,MLP-FedProx-mu0.05,0.5,8,0.93019
2,3,MLP-FedProx-mu0.05,0.5,9,0.936903
2,3,MLP-FedProx-mu0.05,0.5,10,0.931038
2,3,MLP-FedProx-mu0.05,0.5,11,0.922569
2,3,MLP-FedProx-mu0.05,0.5,12,0.917756
2,3,MLP-FedProx-mu0.05,0.5,13,0.915299
2,3,MLP-FedProx-mu0.05,0.5,14,0.922863
2,3,MLP-FedProx-mu0.05,0.5,15,0.92832
2,3,MLP-FedProx-mu0.05,0.5,16,0.927524
2,3,MLP-FedProx-mu0.05,0.5,17,0.920358
2,3,MLP-FedProx-mu0.05,0.5,18,0.909007
2,3,MLP-FedProx-mu0.05,0.5,19,0.901019
2,3,MLP-FedProx-mu0.05,0.1,0,1.320689
2,3,MLP-FedProx-mu0.05,0.1,1,1.327556
2,3,MLP-FedProx-mu0.05,0.1,2,1.325332
2,3,MLP-FedProx-mu0.05,0.1,3,1.319615
2,3,MLP-FedProx-mu0.05,0.1,4,1.304907
2,3,MLP-FedProx-mu0.05,0.1,5,1.231302
2,3,MLP-FedProx-mu0.05,0.1,6,1.137737
2,3,MLP-FedProx-mu0.05,0.1,7,1.085874
2,3,MLP-FedProx-mu0.05,0.1,8,1.102027
2,3,MLP-FedProx-mu0.05,0.1,9,1.149923
2,3,MLP-FedProx-mu0.05,0.1,10,1.159697
2,3,MLP-FedProx-mu0.05,0.1,11,1.147439
2,3,MLP-FedProx-mu0.05,0.1,12,1.140982
2,3,MLP-FedProx-mu0.05,0.1,13,1.130089
2,3,MLP-FedProx-mu0.05,0.1,14,1.134279
2,3,MLP-FedProx-mu0.05,0.1,15,1.101769
2,3,MLP-FedProx-mu0.05,0.1,16,1.160904
2,3,MLP-FedProx-mu0.05,0.1,17,1.062424
2,3,MLP-FedProx-mu0.05,0.1,18,1.141251
2,3,MLP-FedProx-mu0.05,0.1,19,1.078975
2,3,MLP-FedProx-mu0.05,natural,0,0.692805
2,3,MLP-FedProx-mu0.05,natural,1,0.688531
2,3,MLP-FedProx-mu0.05,natural,2,0.682069
2,3,MLP-FedProx-mu0.05,natural,3,0.674682
2,3,MLP-FedProx-mu0.05,natural,4,0.667578
2,3,MLP-FedProx-mu0.05,natural,5,0.657307
2,3,MLP-FedProx-mu0.05,natural,6,0.62798
2,3,MLP-FedProx-mu0.05,natural,7,0.59062
2,3,MLP-FedProx-mu0.05,natural,8,0.558428
2,3,MLP-FedProx-mu0.05,natural,9,0.54086
2,3,MLP-FedProx-mu0.05,natural,10,0.530446
2,3,MLP-FedProx-mu0.05,natural,11,0.522435
2,3,MLP-FedProx-mu0.05,natural,12,0.517625
2,3,MLP-FedProx-mu0.05,natural,13,0.506898
2,3,MLP-FedProx-mu0.05,natural,14,0.521586
2,3,MLP-FedProx-mu0.05,natural,15,0.53667
2,3,MLP-FedProx-mu0.05,natural,16,0.488871
2,3,MLP-FedProx-mu0.05,natural,17,0.523328
2,3,MLP-FedProx-mu0.05,natural,18,0.480335
2,3,MLP-FedProx-mu0.05,natural,19,0.513452
2,4,MLP-FedProx-mu0.05,100,0,0.107593
2,4,MLP-FedProx-mu0.05,100,1,0.114818
2,4,MLP-FedProx-mu0.05,100,2,0.128112
2,4,MLP-FedProx-mu0.05,100,3,0.136345
2,4,MLP-FedProx-mu0.05,100,4,0.144885
2,4,MLP-FedProx-mu0.05,100,5,0.152029
2,4,MLP-FedProx-mu0.05,100,6,0.15838
2,4,MLP-FedProx-mu0.05,100,7,0.168402
2,4,MLP-FedProx-mu0.05,100,8,0.185107
2,4,MLP-FedProx-mu0.05,100,9,0.207633
2,4,MLP-FedProx-mu0.05,100,10,0.233165
2,4,MLP-FedProx-mu0.05,100,11,0.257628
2,4,MLP-FedProx-mu0.05,100,12,0.27718
2,4,MLP-FedProx-mu0.05,100,13,0.290279
2,4,MLP-FedProx-mu0.05,100,14,0.29795
2,4,MLP-FedProx-mu0.05,100,15,0.302233
2,4,MLP-FedProx-mu0.05,100,16,0.30472
2,4,MLP-FedProx-mu0.05,100,17,0.306233
2,4,MLP-FedProx-mu0.05,100,18,0.307287
2,4,MLP-FedProx-mu0.05,100,19,0.308005
2,4,MLP-FedProx-mu0.05,1.0,0,0.570666
2,4,MLP-FedProx-mu0.05,1.0,1,0.558751
2,4,MLP-FedProx-mu0.05,1.0,2,0.548613
2,4,MLP-FedProx-mu0.05,1.0,3,0.513958
2,4,MLP-FedProx-mu0.05,1.0,4,0.463215
2,4,MLP-FedProx-mu0.05,1.0,5,0.416418
2,4,MLP-FedProx-mu0.05,1.0,6,0.386307
2,4,MLP-FedProx-mu0.05,1.0,7,0.36685
2,4,MLP-FedProx-mu0.05,1.0,8,0.357283
2,4,MLP-FedProx-mu0.05,1.0,9,0.355525
2,4,MLP-FedProx-mu0.05,1.0,10,0.35927
2,4,MLP-FedProx-mu0.05,1.0,11,0.367604
2,4,MLP-FedProx-mu0.05,1.0,12,0.38028
2,4,MLP-FedProx-mu0.05,1.0,13,0.394966
2,4,MLP-FedProx-mu0.05,1.0,14,0.407837
2,4,MLP-FedProx-mu0.05,1.0,15,0.417058
2,4,MLP-FedProx-mu0.05,1.0,16,0.423329
2,4,MLP-FedProx-mu0.05,1.0,17,0.428851
2,4,MLP-FedProx-mu0.05,1.0,18,0.435861
2,4,MLP-FedProx-mu0.05,1.0,19,0.445326
2,4,MLP-FedProx-mu0.05,0.5,0,1.180174
2,4,MLP-FedProx-mu0.05,0.5,1,1.174677
2,4,MLP-FedProx-mu0.05,0.5,2,1.168924
2,4,MLP-FedProx-mu0.05,0.5,3,1.162316
2,4,MLP-FedProx-mu0.05,0.5,4,1.156366
2,4,MLP-FedProx-mu0.05,0.5,5,1.145097
2,4,MLP-FedProx-mu0.05,0.5,6,1.092622
2,4,MLP-FedProx-mu0.05,0.5,7,1.01987
2,4,MLP-FedProx-mu0.05,0.5,8,0.94936
2,4,MLP-FedProx-mu0.05,0.5,9,0.920633
2,4,MLP-FedProx-mu0.05,0.5,10,0.925719
2,4,MLP-FedProx-mu0.05,0.5,11,0.917738
2,4,MLP-FedProx-mu0.05,0.5,12,0.9114
2,4,MLP-FedProx-mu0.05,0.5,13,0.906476
2,4,MLP-FedProx-mu0.05,0.5,14,0.903788
2,4,MLP-FedProx-mu0.05,0.5,15,0.905624
2,4,MLP-FedProx-mu0.05,0.5,16,0.915823
2,4,MLP-FedProx-mu0.05,0.5,17,0.931048
2,4,MLP-FedProx-mu0.05,0.5,18,0.941666
2,4,MLP-FedProx-mu0.05,0.5,19,0.944768
2,4,MLP-FedProx-mu0.05,0.1,0,1.331777
2,4,MLP-FedProx-mu0.05,0.1,1,1.338876
2,4,MLP-FedProx-mu0.05,0.1,2,1.33862
2,4,MLP-FedProx-mu0.05,0.1,3,1.334794
2,4,MLP-FedProx-mu0.05,0.1,4,1.330246
2,4,MLP-FedProx-mu0.05,0.1,5,1.323386
2,4,MLP-FedProx-mu0.05,0.1,6,1.266459
2,4,MLP-FedProx-mu0.05,0.1,7,1.163933
2,4,MLP-FedProx-mu0.05,0.1,8,1.091178
2,4,MLP-FedProx-mu0.05,0.1,9,1.095807
2,4,MLP-FedProx-mu0.05,0.1,10,1.177178
2,4,MLP-FedProx-mu0.05,0.1,11,1.154674
2,4,MLP-FedProx-mu0.05,0.1,12,1.226047
2,4,MLP-FedProx-mu0.05,0.1,13,1.004056
2,4,MLP-FedProx-mu0.05,0.1,14,1.242602
2,4,MLP-FedProx-mu0.05,0.1,15,0.974524
2,4,MLP-FedProx-mu0.05,0.1,16,1.228577
2,4,MLP-FedProx-mu0.05,0.1,17,0.951664
2,4,MLP-FedProx-mu0.05,0.1,18,1.215268
2,4,MLP-FedProx-mu0.05,0.1,19,0.952253
2,4,MLP-FedProx-mu0.05,natural,0,0.668423
2,4,MLP-FedProx-mu0.05,natural,1,0.662492
2,4,MLP-FedProx-mu0.05,natural,2,0.655681
2,4,MLP-FedProx-mu0.05,natural,3,0.646171
2,4,MLP-FedProx-mu0.05,natural,4,0.632117
2,4,MLP-FedProx-mu0.05,natural,5,0.616665
2,4,MLP-FedProx-mu0.05,natural,6,0.574755
2,4,MLP-FedProx-mu0.05,natural,7,0.539112
2,4,MLP-FedProx-mu0.05,natural,8,0.507408
2,4,MLP-FedProx-mu0.05,natural,9,0.484047
2,4,MLP-FedProx-mu0.05,natural,10,0.472035
2,4,MLP-FedProx-mu0.05,natural,11,0.4739
2,4,MLP-FedProx-mu0.05,natural,12,0.474752
2,4,MLP-FedProx-mu0.05,natural,13,0.483999
2,4,MLP-FedProx-mu0.05,natural,14,0.487409
2,4,MLP-FedProx-mu0.05,natural,15,0.45641
2,4,MLP-FedProx-mu0.05,natural,16,0.44463
2,4,MLP-FedProx-mu0.05,natural,17,0.452145
2,4,MLP-FedProx-mu0.05,natural,18,0.434354
2,4,MLP-FedProx-mu0.05,natural,19,0.446776
3,0,MLP-FedProx-mu0.05,100,0,0.159254
3,0,MLP-FedProx-mu0.05,100,1,0.157915
3,0,MLP-FedProx-mu0.05,100,2,0.165104
3,0,MLP-FedProx-mu0.05,100,3,0.177173
3,0,MLP-FedProx-mu0.05,100,4,0.19056
3,0,MLP-FedProx-mu0.05,100,5,0.204312
3,0,MLP-FedProx-mu0.05,100,6,0.217327
3,0,MLP-FedProx-mu0.05,100,7,0.228534
3,0,MLP-FedProx-mu0.05,100,8,0.238233
3,0,MLP-FedProx-mu0.05,100,9,0.247111
3,0,MLP-FedProx-mu0.05,100,10,0.255342
3,0,MLP-FedProx-mu0.05,100,11,0.263039
3,0,MLP-FedProx-mu0.05,100,12,0.270089
3,0,MLP-FedProx-mu0.05,100,13,0.276809
3,0,MLP-FedProx-mu0.05,100,14,0.281863
3,0,MLP-FedProx-mu0.05,100,15,0.291735
3,0,MLP-FedProx-mu0.05,100,16,0.277013
3,0,MLP-FedProx-mu0.05,100,17,0.282467
3,0,MLP-FedProx-mu0.05,100,18,0.249844
3,0,MLP-FedProx-mu0.05,100,19,0.27243
3,0,MLP-FedProx-mu0.05,1.0,0,0.253153
3,0,MLP-FedProx-mu0.05,1.0,1,0.256026
3,0,MLP-FedProx-mu0.05,1.0,2,0.261021
3,0,MLP-FedProx-mu0.05,1.0,3,0.266925
3,0,MLP-FedProx-mu0.05,1.0,4,0.275954
3,0,MLP-FedProx-mu0.05,1.0,5,0.288686
3,0,MLP-FedProx-mu0.05,1.0,6,0.303266
3,0,MLP-FedProx-mu0.05,1.0,7,0.31653
3,0,MLP-FedProx-mu0.05,1.0,8,0.326621
3,0,MLP-FedProx-mu0.05,1.0,9,0.333392
3,0,MLP-FedProx-mu0.05,1.0,10,0.337582
3,0,MLP-FedProx-mu0.05,1.0,11,0.340004
3,0,MLP-FedProx-mu0.05,1.0,12,0.341279
3,0,MLP-FedProx-mu0.05,1.0,13,0.341829
3,0,MLP-FedProx-mu0.05,1.0,14,0.341932
3,0,MLP-FedProx-mu0.05,1.0,15,0.341775
3,0,MLP-FedProx-mu0.05,1.0,16,0.341487
3,0,MLP-FedProx-mu0.05,1.0,17,0.341157
3,0,MLP-FedProx-mu0.05,1.0,18,0.340852
3,0,MLP-FedProx-mu0.05,1.0,19,0.340621
3,0,MLP-FedProx-mu0.05,0.5,0,0.79593
3,0,MLP-FedProx-mu0.05,0.5,1,0.722345
3,0,MLP-FedProx-mu0.05,0.5,2,0.673955
3,0,MLP-FedProx-mu0.05,0.5,3,0.649762
3,0,MLP-FedProx-mu0.05,0.5,4,0.642623
3,0,MLP-FedProx-mu0.05,0.5,5,0.644531
3,0,MLP-FedProx-mu0.05,0.5,6,0.649528
3,0,MLP-FedProx-mu0.05,0.5,7,0.655142
3,0,MLP-FedProx-mu0.05,0.5,8,0.660952
3,0,MLP-FedProx-mu0.05,0.5,9,0.666306
3,0,MLP-FedProx-mu0.05,0.5,10,0.670721
3,0,MLP-FedProx-mu0.05,0.5,11,0.674467
3,0,MLP-FedProx-mu0.05,0.5,12,0.677041
3,0,MLP-FedProx-mu0.05,0.5,13,0.679359
3,0,MLP-FedProx-mu0.05,0.5,14,0.679924
3,0,MLP-FedProx-mu0.05,0.5,15,0.681523
3,0,MLP-FedProx-mu0.05,0.5,16,0.678183
3,0,MLP-FedProx-mu0.05,0.5,17,0.680633
3,0,MLP-FedProx-mu0.05,0.5,18,0.681586
3,0,MLP-FedProx-mu0.05,0.5,19,0.682736
3,0,MLP-FedProx-mu0.05,0.1,0,1.125812
3,0,MLP-FedProx-mu0.05,0.1,1,1.031428
3,0,MLP-FedProx-mu0.05,0.1,2,1.001105
3,0,MLP-FedProx-mu0.05,0.1,3,1.010451
3,0,MLP-FedProx-mu0.05,0.1,4,1.02377
3,0,MLP-FedProx-mu0.05,0.1,5,1.035328
3,0,MLP-FedProx-mu0.05,0.1,6,1.046564
3,0,MLP-FedProx-mu0.05,0.1,7,1.058044
3,0,MLP-FedProx-mu0.05,0.1,8,1.068878
3,0,MLP-FedProx-mu0.05,0.1,9,1.078474
3,0,MLP-FedProx-mu0.05,0.1,10,1.086401
3,0,MLP-FedProx-mu0.05,0.1,11,1.092612
3,0,MLP-FedProx-mu0.05,0.1,12,1.097144
3,0,MLP-FedProx-mu0.05,0.1,13,1.100198
3,0,MLP-FedProx-mu0.05,0.1,14,1.101946
3,0,MLP-FedProx-mu0.05,0.1,15,1.102616
3,0,MLP-FedProx-mu0.05,0.1,16,1.102373
3,0,MLP-FedProx-mu0.05,0.1,17,1.101403
3,0,MLP-FedProx-mu0.05,0.1,18,1.099837
3,0,MLP-FedProx-mu0.05,0.1,19,1.097813
3,0,MLP-FedProx-mu0.05,natural,0,0.578525
3,0,MLP-FedProx-mu0.05,natural,1,0.533378
3,0,MLP-FedProx-mu0.05,natural,2,0.500854
3,0,MLP-FedProx-mu0.05,natural,3,0.479006
3,0,MLP-FedProx-mu0.05,natural,4,0.465518
3,0,MLP-FedProx-mu0.05,natural,5,0.457835
3,0,MLP-FedProx-mu0.05,natural,6,0.454257
3,0,MLP-FedProx-mu0.05,natural,7,0.453676
3,0,MLP-FedProx-mu0.05,natural,8,0.455207
3,0,MLP-FedProx-mu0.05,natural,9,0.457933
3,0,MLP-FedProx-mu0.05,natural,10,0.460914
3,0,MLP-FedProx-mu0.05,natural,11,0.463442
3,0,MLP-FedProx-mu0.05,natural,12,0.465244
3,0,MLP-FedProx-mu0.05,natural,13,0.46635
3,0,MLP-FedProx-mu0.05,natural,14,0.466987
3,0,MLP-FedProx-mu0.05,natural,15,0.467191
3,0,MLP-FedProx-mu0.05,natural,16,0.467604
3,0,MLP-FedProx-mu0.05,natural,17,0.46666
3,0,MLP-FedProx-mu0.05,natural,18,0.475598
3,0,MLP-FedProx-mu0.05,natural,19,0.482353
3,1,MLP-FedProx-mu0.05,100,0,0.132653
3,1,MLP-FedProx-mu0.05,100,1,0.135641
3,1,MLP-FedProx-mu0.05,100,2,0.144413
3,1,MLP-FedProx-mu0.05,100,3,0.15468
3,1,MLP-FedProx-mu0.05,100,4,0.166361
3,1,MLP-FedProx-mu0.05,100,5,0.180267
3,1,MLP-FedProx-mu0.05,100,6,0.195473
3,1,MLP-FedProx-mu0.05,100,7,0.210221
3,1,MLP-FedProx-mu0.05,100,8,0.223807
3,1,MLP-FedProx-mu0.05,100,9,0.235685
3,1,MLP-FedProx-mu0.05,100,10,0.245511
3,1,MLP-FedProx-mu0.05,100,11,0.253268
3,1,MLP-FedProx-mu0.05,100,12,0.259302
3,1,MLP-FedProx-mu0.05,100,13,0.263739
3,1,MLP-FedProx-mu0.05,100,14,0.267739
3,1,MLP-FedProx-mu0.05,100,15,0.26907
3,1,MLP-FedProx-mu0.05,100,16,0.276332
3,1,MLP-FedProx-mu0.05,100,17,0.265714
3,1,MLP-FedProx-mu0.05,100,18,0.28265
3,1,MLP-FedProx-mu0.05,100,19,0.250421
3,1,MLP-FedProx-mu0.05,1.0,0,0.252324
3,1,MLP-FedProx-mu0.05,1.0,1,0.252257
3,1,MLP-FedProx-mu0.05,1.0,2,0.252019
3,1,MLP-FedProx-mu0.05,1.0,3,0.248431
3,1,MLP-FedProx-mu0.05,1.0,4,0.248625
3,1,MLP-FedProx-mu0.05,1.0,5,0.254514
3,1,MLP-FedProx-mu0.05,1.0,6,0.26455
3,1,MLP-FedProx-mu0.05,1.0,7,0.275998
3,1,MLP-FedProx-mu0.05,1.0,8,0.286838
3,1,MLP-FedProx-mu0.05,1.0,9,0.296072
3,1,MLP-FedProx-mu0.05,1.0,10,0.303429
3,1,MLP-FedProx-mu0.05,1.0,11,0.309048
3,1,MLP-FedProx-mu0.05,1.0,12,0.313234
3,1,MLP-FedProx-mu0.05,1.0,13,0.316317
3,1,MLP-FedProx-mu0.05,1.0,14,0.318581
3,1,MLP-FedProx-mu0.05,1.0,15,0.320253
3,1,MLP-FedProx-mu0.05,1.0,16,0.321506
3,1,MLP-FedProx-mu0.05,1.0,17,0.322465
3,1,MLP-FedProx-mu0.05,1.0,18,0.323222
3,1,MLP-FedProx-mu0.05,1.0,19,0.323843
3,1,MLP-FedProx-mu0.05,0.5,0,0.770757
3,1,MLP-FedProx-mu0.05,0.5,1,0.704589
3,1,MLP-FedProx-mu0.05,0.5,2,0.665707
3,1,MLP-FedProx-mu0.05,0.5,3,0.649284
3,1,MLP-FedProx-mu0.05,0.5,4,0.648147
3,1,MLP-FedProx-mu0.05,0.5,5,0.652982
3,1,MLP-FedProx-mu0.05,0.5,6,0.658116
3,1,MLP-FedProx-mu0.05,0.5,7,0.662424
3,1,MLP-FedProx-mu0.05,0.5,8,0.666049
3,1,MLP-FedProx-mu0.05,0.5,9,0.669039
3,1,MLP-FedProx-mu0.05,0.5,10,0.671403
3,1,MLP-FedProx-mu0.05,0.5,11,0.673183
3,1,MLP-FedProx-mu0.05,0.5,12,0.674465
3,1,MLP-FedProx-mu0.05,0.5,13,0.67535
3,1,MLP-FedProx-mu0.05,0.5,14,0.675936
3,1,MLP-FedProx-mu0.05,0.5,15,0.676305
3,1,MLP-FedProx-mu0.05,0.5,16,0.676515
3,1,MLP-FedProx-mu0.05,0.5,17,0.67661
3,1,MLP-FedProx-mu0.05,0.5,18,0.67662
3,1,MLP-FedProx-mu0.05,0.5,19,0.676567
3,1,MLP-FedProx-mu0.05,0.1,0,1.145627
3,1,MLP-FedProx-mu0.05,0.1,1,1.054886
3,1,MLP-FedProx-mu0.05,0.1,2,1.021414
3,1,MLP-FedProx-mu0.05,0.1,3,1.031049
3,1,MLP-FedProx-mu0.05,0.1,4,1.045888
3,1,MLP-FedProx-mu0.05,0.1,5,1.058325
3,1,MLP-FedProx-mu0.05,0.1,6,1.069252
3,1,MLP-FedProx-mu0.05,0.1,7,1.079495
3,1,MLP-FedProx-mu0.05,0.1,8,1.088748
3,1,MLP-FedProx-mu0.05,0.1,9,1.096808
3,1,MLP-FedProx-mu0.05,0.1,10,1.103626
3,1,MLP-FedProx-mu0.05,0.1,11,1.10932
3,1,MLP-FedProx-mu0.05,0.1,12,1.113996
3,1,MLP-FedProx-mu0.05,0.1,13,1.117825
3,1,MLP-FedProx-mu0.05,0.1,14,1.120891
3,1,MLP-FedProx-mu0.05,0.1,15,1.123345
3,1,MLP-FedProx-mu0.05,0.1,16,1.125217
3,1,MLP-FedProx-mu0.05,0.1,17,1.126637
3,1,MLP-FedProx-mu0.05,0.1,18,1.127595
3,1,MLP-FedProx-mu0.05,0.1,19,1.128208
3,1,MLP-FedProx-mu0.05,natural,0,0.614092
3,1,MLP-FedProx-mu0.05,natural,1,0.574872
3,1,MLP-FedProx-mu0.05,natural,2,0.543807
3,1,MLP-FedProx-mu0.05,natural,3,0.520374
3,1,MLP-FedProx-mu0.05,natural,4,0.504209
3,1,MLP-FedProx-mu0.05,natural,5,0.493399
3,1,MLP-FedProx-mu0.05,natural,6,0.486274
3,1,MLP-FedProx-mu0.05,natural,7,0.481918
3,1,MLP-FedProx-mu0.05,natural,8,0.479482
3,1,MLP-FedProx-mu0.05,natural,9,0.478059
3,1,MLP-FedProx-mu0.05,natural,10,0.477442
3,1,MLP-FedProx-mu0.05,natural,11,0.477253
3,1,MLP-FedProx-mu0.05,natural,12,0.477681
3,1,MLP-FedProx-mu0.05,natural,13,0.477489
3,1,MLP-FedProx-mu0.05,natural,14,0.504995
3,1,MLP-FedProx-mu0.05,natural,15,0.515074
3,1,MLP-FedProx-mu0.05,natural,16,0.487801
3,1,MLP-FedProx-mu0.05,natural,17,0.493773
3,1,MLP-FedProx-mu0.05,natural,18,0.485308
3,1,MLP-FedProx-mu0.05,natural,19,0.489951
3,2,MLP-FedProx-mu0.05,100,0,0.115633
3,2,MLP-FedProx-mu0.05,100,1,0.128979
3,2,MLP-FedProx-mu0.05,100,2,0.143592
3,2,MLP-FedProx-mu0.05,100,3,0.158321
3,2,MLP-FedProx-mu0.05,100,4,0.173028
3,2,MLP-FedProx-mu0.05,100,5,0.187158
3,2,MLP-FedProx-mu0.05,100,6,0.200423
3,2,MLP-FedProx-mu0.05,100,7,0.212994
3,2,MLP-FedProx-mu0.05,100,8,0.225182
3,2,MLP-FedProx-mu0.05,100,9,0.237064
3,2,MLP-FedProx-mu0.05,100,10,0.248665
3,2,MLP-FedProx-mu0.05,100,11,0.260015
3,2,MLP-FedProx-mu0.05,100,12,0.271062
3,2,MLP-FedProx-mu0.05,100,13,0.281668
3,2,MLP-FedProx-mu0.05,100,14,0.291632
3,2,MLP-FedProx-mu0.05,100,15,0.300817
3,2,MLP-FedProx-mu0.05,100,16,0.309096
3,2,MLP-FedProx-mu0.05,100,17,0.316577
3,2,MLP-FedProx-mu0.05,100,18,0.323104
3,2,MLP-FedProx-mu0.05,100,19,0.329308
3,2,MLP-FedProx-mu0.05,1.0,0,0.246134
3,2,MLP-FedProx-mu0.05,1.0,1,0.236032
3,2,MLP-FedProx-mu0.05,1.0,2,0.229592
3,2,MLP-FedProx-mu0.05,1.0,3,0.225314
3,2,MLP-FedProx-mu0.05,1.0,4,0.224576
3,2,MLP-FedProx-mu0.05,1.0,5,0.227651
3,2,MLP-FedProx-mu0.05,1.0,6,0.235218
3,2,MLP-FedProx-mu0.05,1.0,7,0.246894
3,2,MLP-FedProx-mu0.05,1.0,8,0.26018
3,2,MLP-FedProx-mu0.05,1.0,9,0.272396
3,2,MLP-FedProx-mu0.05,1.0,10,0.28228
3,2,MLP-FedProx-mu0.05,1.0,11,0.289737
3,2,MLP-FedProx-mu0.05,1.0,12,0.295161
3,2,MLP-FedProx-mu0.05,1.0,13,0.299031
3,2,MLP-FedProx-mu0.05,1.0,14,0.301765
3,2,MLP-FedProx-mu0.05,1.0,15,0.303692
3,2,MLP-FedProx-mu0.05,1.0,16,0.305056
3,2,MLP-FedProx-mu0.05,1.0,17,0.306043
3,2,MLP-FedProx-mu0.05,1.0,18,0.306793
3,2,MLP-FedProx-mu0.05,1.0,19,0.30742
3,2,MLP-FedProx-mu0.05,0.5,0,0.773087
3,2,MLP-FedProx-mu0.05,0.5,1,0.710618
3,2,MLP-FedProx-mu0.05,0.5,2,0.67587
3,2,MLP-FedProx-mu0.05,0.5,3,0.662771
3,2,MLP-FedProx-mu0.05,0.5,4,0.662503
3,2,MLP-FedProx-mu0.05,0.5,5,0.668204
3,2,MLP-FedProx-mu0.05,0.5,6,0.676083
3,2,MLP-FedProx-mu0.05,0.5,7,0.684391
3,2,MLP-FedProx-mu0.05,0.5,8,0.692172
3,2,MLP-FedProx-mu0.05,0.5,9,0.698926
3,2,MLP-FedProx-mu0.05,0.5,10,0.704518
3,2,MLP-FedProx-mu0.05,0.5,11,0.709046
3,2,MLP-FedProx-mu0.05,0.5,12,0.712699
3,2,MLP-FedProx-mu0.05,0.5,13,0.715654
3,2,MLP-FedProx-mu0.05,0.5,14,0.718045
3,2,MLP-FedProx-mu0.05,0.5,15,0.719977
3,2,MLP-FedProx-mu0.05,0.5,16,0.721533
3,2,MLP-FedProx-mu0.05,0.5,17,0.722781
3,2,MLP-FedProx-mu0.05,0.5,18,0.723781
3,2,MLP-FedProx-mu0.05,0.5,19,0.724579
3,2,MLP-FedProx-mu0.05,0.1,0,1.129095
3,2,MLP-FedProx-mu0.05,0.1,1,1.038019
3,2,MLP-FedProx-mu0.05,0.1,2,1.017531
3,2,MLP-FedProx-mu0.05,0.1,3,1.040955
3,2,MLP-FedProx-mu0.05,0.1,4,1.058648
3,2,MLP-FedProx-mu0.05,0.1,5,1.07029
3,2,MLP-FedProx-mu0.05,0.1,6,1.081676
3,2,MLP-FedProx-mu0.05,0.1,7,1.094269
3,2,MLP-FedProx-mu0.05,0.1,8,1.107407
3,2,MLP-FedProx-mu0.05,0.1,9,1.120146
3,2,MLP-FedProx-mu0.05,0.1,10,1.131919
3,2,MLP-FedProx-mu0.05,0.1,11,1.142471
3,2,MLP-FedProx-mu0.05,0.1,12,1.151724
3,2,MLP-FedProx-mu0.05,0.1,13,1.159667
3,2,MLP-FedProx-mu0.05,0.1,14,1.16633
3,2,MLP-FedProx-mu0.05,0.1,15,1.171782
3,2,MLP-FedProx-mu0.05,0.1,16,1.176124
3,2,MLP-FedProx-mu0.05,0.1,17,1.179484
3,2,MLP-FedProx-mu0.05,0.1,18,1.181999
3,2,MLP-FedProx-mu0.05,0.1,19,1.183805
3,2,MLP-FedProx-mu0.05,natural,0,0.577229
3,2,MLP-FedProx-mu0.05,natural,1,0.531983
3,2,MLP-FedProx-mu0.05,natural,2,0.497545
3,2,MLP-FedProx-mu0.05,natural,3,0.473024
3,2,MLP-FedProx-mu0.05,natural,4,0.458453
3,2,MLP-FedProx-mu0.05,natural,5,0.451552
3,2,MLP-FedProx-mu0.05,natural,6,0.449523
3,2,MLP-FedProx-mu0.05,natural,7,0.450493
3,2,MLP-FedProx-mu0.05,natural,8,0.45347
3,2,MLP-FedProx-mu0.05,natural,9,0.457812
3,2,MLP-FedProx-mu0.05,natural,10,0.462871
3,2,MLP-FedProx-mu0.05,natural,11,0.467874
3,2,MLP-FedProx-mu0.05,natural,12,0.472043
3,2,MLP-FedProx-mu0.05,natural,13,0.47508
3,2,MLP-FedProx-mu0.05,natural,14,0.477212
3,2,MLP-FedProx-mu0.05,natural,15,0.478701
3,2,MLP-FedProx-mu0.05,natural,16,0.479839
3,2,MLP-FedProx-mu0.05,natural,17,0.480574
3,2,MLP-FedProx-mu0.05,natural,18,0.481722
3,2,MLP-FedProx-mu0.05,natural,19,0.480532
3,3,MLP-FedProx-mu0.05,100,0,0.199567
3,3,MLP-FedProx-mu0.05,100,1,0.193035
3,3,MLP-FedProx-mu0.05,100,2,0.196219
3,3,MLP-FedProx-mu0.05,100,3,0.201828
3,3,MLP-FedProx-mu0.05,100,4,0.208359
3,3,MLP-FedProx-mu0.05,100,5,0.216257
3,3,MLP-FedProx-mu0.05,100,6,0.225933
3,3,MLP-FedProx-mu0.05,100,7,0.237239
3,3,MLP-FedProx-mu0.05,100,8,0.249591
3,3,MLP-FedProx-mu0.05,100,9,0.262245
3,3,MLP-FedProx-mu0.05,100,10,0.274512
3,3,MLP-FedProx-mu0.05,100,11,0.285922
3,3,MLP-FedProx-mu0.05,100,12,0.296178
3,3,MLP-FedProx-mu0.05,100,13,0.305184
3,3,MLP-FedProx-mu0.05,100,14,0.312912
3,3,MLP-FedProx-mu0.05,100,15,0.319464
3,3,MLP-FedProx-mu0.05,100,16,0.324994
3,3,MLP-FedProx-mu0.05,100,17,0.329343
3,3,MLP-FedProx-mu0.05,100,18,0.333946
3,3,MLP-FedProx-mu0.05,100,19,0.333176
3,3,MLP-FedProx-mu0.05,1.0,0,0.277891
3,3,MLP-FedProx-mu0.05,1.0,1,0.291472
3,3,MLP-FedProx-mu0.05,1.0,2,0.298713
3,3,MLP-FedProx-mu0.05,1.0,3,0.302159
3,3,MLP-FedProx-mu0.05,1.0,4,0.307023
3,3,MLP-FedProx-mu0.05,1.0,5,0.314469
3,3,MLP-FedProx-mu0.05,1.0,6,0.323421
3,3,MLP-FedProx-mu0.05,1.0,7,0.33203
3,3,MLP-FedProx-mu0.05,1.0,8,0.339053
3,3,MLP-FedProx-mu0.05,1.0,9,0.34416
3,3,MLP-FedProx-mu0.05,1.0,10,0.347564
3,3,MLP-FedProx-mu0.05,1.0,11,0.349654
3,3,MLP-FedProx-mu0.05,1.0,12,0.350805
3,3,MLP-FedProx-mu0.05,1.0,13,0.351312
3,3,MLP-FedProx-mu0.05,1.0,14,0.351396
3,3,MLP-FedProx-mu0.05,1.0,15,0.351211
3,3,MLP-FedProx-mu0.05,1.0,16,0.350869
3,3,MLP-FedProx-mu0.05,1.0,17,0.350448
3,3,MLP-FedProx-mu0.05,1.0,18,0.350004
3,3,MLP-FedProx-mu0.05,1.0,19,0.349575
3,3,MLP-FedProx-mu0.05,0.5,0,0.79217
3,3,MLP-FedProx-mu0.05,0.5,1,0.721685
3,3,MLP-FedProx-mu0.05,0.5,2,0.681457
3,3,MLP-FedProx-mu0.05,0.5,3,0.664864
3,3,MLP-FedProx-mu0.05,0.5,4,0.661565
3,3,MLP-FedProx-mu0.05,0.5,5,0.665382
3,3,MLP-FedProx-mu0.05,0.5,6,0.673121
3,3,MLP-FedProx-mu0.05,0.5,7,0.682688
3,3,MLP-FedProx-mu0.05,0.5,8,0.692367
3,3,MLP-FedProx-mu0.05,0.5,9,0.700961
3,3,MLP-FedProx-mu0.05,0.5,10,0.707909
3,3,MLP-FedProx-mu0.05,0.5,11,0.713184
3,3,MLP-FedProx-mu0.05,0.5,12,0.717065
3,3,MLP-FedProx-mu0.05,0.5,13,0.719908
3,3,MLP-FedProx-mu0.05,0.5,14,0.722004
3,3,MLP-FedProx-mu0.05,0.5,15,0.723552
3,3,MLP-FedProx-mu0.05,0.5,16,0.724693
3,3,MLP-FedProx-mu0.05,0.5,17,0.725532
3,3,MLP-FedProx-mu0.05,0.5,18,0.726149
3,3,MLP-FedProx-mu0.05,0.5,19,0.726608
3,3,MLP-FedProx-mu0.05,0.1,0,1.125249
3,3,MLP-FedProx-mu0.05,0.1,1,1.032426
3,3,MLP-FedProx-mu0.05,0.1,2,1.008739
3,3,MLP-FedProx-mu0.05,0.1,3,1.02699
3,3,MLP-FedProx-mu0.05,0.1,4,1.040288
3,3,MLP-FedProx-mu0.05,0.1,5,1.049959
3,3,MLP-FedProx-mu0.05,0.1,6,1.059982
3,3,MLP-FedProx-mu0.05,0.1,7,1.070842
3,3,MLP-FedProx-mu0.05,0.1,8,1.081623
3,3,MLP-FedProx-mu0.05,0.1,9,1.091463
3,3,MLP-FedProx-mu0.05,0.1,10,1.099862
3,3,MLP-FedProx-mu0.05,0.1,11,1.106621
3,3,MLP-FedProx-mu0.05,0.1,12,1.111728
3,3,MLP-FedProx-mu0.05,0.1,13,1.115294
3,3,MLP-FedProx-mu0.05,0.1,14,1.117493
3,3,MLP-FedProx-mu0.05,0.1,15,1.118536
3,3,MLP-FedProx-mu0.05,0.1,16,1.118636
3,3,MLP-FedProx-mu0.05,0.1,17,1.117995
3,3,MLP-FedProx-mu0.05,0.1,18,1.116792
3,3,MLP-FedProx-mu0.05,0.1,19,1.115181
3,3,MLP-FedProx-mu0.05,natural,0,0.548463
3,3,MLP-FedProx-mu0.05,natural,1,0.498734
3,3,MLP-FedProx-mu0.05,natural,2,0.461169
3,3,MLP-FedProx-mu0.05,natural,3,0.435412
3,3,MLP-FedProx-mu0.05,natural,4,0.419387
3,3,MLP-FedProx-mu0.05,natural,5,0.409696
3,3,MLP-FedProx-mu0.05,natural,6,0.403902
3,3,MLP-FedProx-mu0.05,natural,7,0.40082
3,3,MLP-FedProx-mu0.05,natural,8,0.399782
3,3,MLP-FedProx-mu0.05,natural,9,0.400073
3,3,MLP-FedProx-mu0.05,natural,10,0.400916
3,3,MLP-FedProx-mu0.05,natural,11,0.401805
3,3,MLP-FedProx-mu0.05,natural,12,0.402576
3,3,MLP-FedProx-mu0.05,natural,13,0.403188
3,3,MLP-FedProx-mu0.05,natural,14,0.403656
3,3,MLP-FedProx-mu0.05,natural,15,0.403985
3,3,MLP-FedProx-mu0.05,natural,16,0.404235
3,3,MLP-FedProx-mu0.05,natural,17,0.404353
3,3,MLP-FedProx-mu0.05,natural,18,0.404532
3,3,MLP-FedProx-mu0.05,natural,19,0.404348
3,4,MLP-FedProx-mu0.05,100,0,0.167396
3,4,MLP-FedProx-mu0.05,100,1,0.1642
3,4,MLP-FedProx-mu0.05,100,2,0.171055
3,4,MLP-FedProx-mu0.05,100,3,0.180097
3,4,MLP-FedProx-mu0.05,100,4,0.187132
3,4,MLP-FedProx-mu0.05,100,5,0.192422
3,4,MLP-FedProx-mu0.05,100,6,0.197131
3,4,MLP-FedProx-mu0.05,100,7,0.202313
3,4,MLP-FedProx-mu0.05,100,8,0.208537
3,4,MLP-FedProx-mu0.05,100,9,0.21585
3,4,MLP-FedProx-mu0.05,100,10,0.223949
3,4,MLP-FedProx-mu0.05,100,11,0.232352
3,4,MLP-FedProx-mu0.05,100,12,0.240564
3,4,MLP-FedProx-mu0.05,100,13,0.24821
3,4,MLP-FedProx-mu0.05,100,14,0.25508
3,4,MLP-FedProx-mu0.05,100,15,0.261101
3,4,MLP-FedProx-mu0.05,100,16,0.266297
3,4,MLP-FedProx-mu0.05,100,17,0.270745
3,4,MLP-FedProx-mu0.05,100,18,0.274548
3,4,MLP-FedProx-mu0.05,100,19,0.277812
3,4,MLP-FedProx-mu0.05,1.0,0,0.258662
3,4,MLP-FedProx-mu0.05,1.0,1,0.25203
3,4,MLP-FedProx-mu0.05,1.0,2,0.251417
3,4,MLP-FedProx-mu0.05,1.0,3,0.24997
3,4,MLP-FedProx-mu0.05,1.0,4,0.248883
3,4,MLP-FedProx-mu0.05,1.0,5,0.2486
3,4,MLP-FedProx-mu0.05,1.0,6,0.24972
3,4,MLP-FedProx-mu0.05,1.0,7,0.252467
3,4,MLP-FedProx-mu0.05,1.0,8,0.256304
3,4,MLP-FedProx-mu0.05,1.0,9,0.260516
3,4,MLP-FedProx-mu0.05,1.0,10,0.264581
3,4,MLP-FedProx-mu0.05,1.0,11,0.268186
3,4,MLP-FedProx-mu0.05,1.0,12,0.271197
3,4,MLP-FedProx-mu0.05,1.0,13,0.273608
3,4,MLP-FedProx-mu0.05,1.0,14,0.275486
3,4,MLP-FedProx-mu0.05,1.0,15,0.276929
3,4,MLP-FedProx-mu0.05,1.0,16,0.278033
3,4,MLP-FedProx-mu0.05,1.0,17,0.278885
3,4,MLP-FedProx-mu0.05,1.0,18,0.279556
3,4,MLP-FedProx-mu0.05,1.0,19,0.280103
3,4,MLP-FedProx-mu0.05,0.5,0,0.806956
3,4,MLP-FedProx-mu0.05,0.5,1,0.738698
3,4,MLP-FedProx-mu0.05,0.5,2,0.702168
3,4,MLP-FedProx-mu0.05,0.5,3,0.687592
3,4,MLP-FedProx-mu0.05,0.5,4,0.682943
3,4,MLP-FedProx-mu0.05,0.5,5,0.68169
3,4,MLP-FedProx-mu0.05,0.5,6,0.680392
3,4,MLP-FedProx-mu0.05,0.5,7,0.678213
3,4,MLP-FedProx-mu0.05,0.5,8,0.676316
3,4,MLP-FedProx-mu0.05,0.5,9,0.675788
3,4,MLP-FedProx-mu0.05,0.5,10,0.676518
3,4,MLP-FedProx-mu0.05,0.5,11,0.67792
3,4,MLP-FedProx-mu0.05,0.5,12,0.67954
3,4,MLP-FedProx-mu0.05,0.5,13,0.681118
3,4,MLP-FedProx-mu0.05,0.5,14,0.682545
3,4,MLP-FedProx-mu0.05,0.5,15,0.683792
3,4,MLP-FedProx-mu0.05,0.5,16,0.684883
3,4,MLP-FedProx-mu0.05,0.5,17,0.685866
3,4,MLP-FedProx-mu0.05,0.5,18,0.686806
3,4,MLP-FedProx-mu0.05,0.5,19,0.687784
3,4,MLP-FedProx-mu0.05,0.1,0,1.136237
3,4,MLP-FedProx-mu0.05,0.1,1,1.046425
3,4,MLP-FedProx-mu0.05,0.1,2,1.019622
3,4,MLP-FedProx-mu0.05,0.1,3,1.035099
3,4,MLP-FedProx-mu0.05,0.1,4,1.050516
3,4,MLP-FedProx-mu0.05,0.1,5,1.061619
3,4,MLP-FedProx-mu0.05,0.1,6,1.072394
3,4,MLP-FedProx-mu0.05,0.1,7,1.084486
3,4,MLP-FedProx-mu0.05,0.1,8,1.097282
3,4,MLP-FedProx-mu0.05,0.1,9,1.109891
3,4,MLP-FedProx-mu0.05,0.1,10,1.121598
3,4,MLP-FedProx-mu0.05,0.1,11,1.131965
3,4,MLP-FedProx-mu0.05,0.1,12,1.140787
3,4,MLP-FedProx-mu0.05,0.1,13,1.148062
3,4,MLP-FedProx-mu0.05,0.1,14,1.153912
3,4,MLP-FedProx-mu0.05,0.1,15,1.158526
3,4,MLP-FedProx-mu0.05,0.1,16,1.162107
3,4,MLP-FedProx-mu0.05,0.1,17,1.164848
3,4,MLP-FedProx-mu0.05,0.1,18,1.166919
3,4,MLP-FedProx-mu0.05,0.1,19,1.168461
3,4,MLP-FedProx-mu0.05,natural,0,0.584338
3,4,MLP-FedProx-mu0.05,natural,1,0.5476
3,4,MLP-FedProx-mu0.05,natural,2,0.518056
3,4,MLP-FedProx-mu0.05,natural,3,0.497885
3,4,MLP-FedProx-mu0.05,natural,4,0.486607
3,4,MLP-FedProx-mu0.05,natural,5,0.481091
3,4,MLP-FedProx-mu0.05,natural,6,0.478877
3,4,MLP-FedProx-mu0.05,natural,7,0.47864
3,4,MLP-FedProx-mu0.05,natural,8,0.479767
3,4,MLP-FedProx-mu0.05,natural,9,0.481844
3,4,MLP-FedProx-mu0.05,natural,10,0.484085
3,4,MLP-FedProx-mu0.05,natural,11,0.485777
3,4,MLP-FedProx-mu0.05,natural,12,0.48726
3,4,MLP-FedProx-mu0.05,natural,13,0.487815
3,4,MLP-FedProx-mu0.05,natural,14,0.492764
3,4,MLP-FedProx-mu0.05,natural,15,0.493318
3,4,MLP-FedProx-mu0.05,natural,16,0.474052
3,4,MLP-FedProx-mu0.05,natural,17,0.480773
3,4,MLP-FedProx-mu0.05,natural,18,0.481417
3,4,MLP-FedProx-mu0.05,natural,19,0.48069
4,0,MLP-FedProx-mu0.05,100,0,0.115083
4,0,MLP-FedProx-mu0.05,100,1,0.132541
4,0,MLP-FedProx-mu0.05,100,2,0.14785
4,0,MLP-FedProx-mu0.05,100,3,0.160222
4,0,MLP-FedProx-mu0.05,100,4,0.174045
4,0,MLP-FedProx-mu0.05,100,5,0.192301
4,0,MLP-FedProx-mu0.05,100,6,0.212228
4,0,MLP-FedProx-mu0.05,100,7,0.234714
4,0,MLP-FedProx-mu0.05,100,8,0.255286
4,0,MLP-FedProx-mu0.05,100,9,0.29615
4,0,MLP-FedProx-mu0.05,100,10,0.262901
4,0,MLP-FedProx-mu0.05,100,11,0.239585
4,0,MLP-FedProx-mu0.05,100,12,0.215159
4,0,MLP-FedProx-mu0.05,100,13,0.227392
4,0,MLP-FedProx-mu0.05,100,14,0.236299
4,0,MLP-FedProx-mu0.05,100,15,0.246017
4,0,MLP-FedProx-mu0.05,100,16,0.249852
4,0,MLP-FedProx-mu0.05,100,17,0.254915
4,0,MLP-FedProx-mu0.05,100,18,0.257002
4,0,MLP-FedProx-mu0.05,100,19,0.256358
4,0,MLP-FedProx-mu0.05,1.0,0,0.891743
4,0,MLP-FedProx-mu0.05,1.0,1,0.837868
4,0,MLP-FedProx-mu0.05,1.0,2,0.783052
4,0,MLP-FedProx-mu0.05,1.0,3,0.750953
4,0,MLP-FedProx-mu0.05,1.0,4,0.73678
4,0,MLP-FedProx-mu0.05,1.0,5,0.732678
4,0,MLP-FedProx-mu0.05,1.0,6,0.730765
4,0,MLP-FedProx-mu0.05,1.0,7,0.727716
4,0,MLP-FedProx-mu0.05,1.0,8,0.723811
4,0,MLP-FedProx-mu0.05,1.0,9,0.719891
4,0,MLP-FedProx-mu0.05,1.0,10,0.717779
4,0,MLP-FedProx-mu0.05,1.0,11,0.718023
4,0,MLP-FedProx-mu0.05,1.0,12,0.720182
4,0,MLP-FedProx-mu0.05,1.0,13,0.720771
4,0,MLP-FedProx-mu0.05,1.0,14,0.718849
4,0,MLP-FedProx-mu0.05,1.0,15,0.715982
4,0,MLP-FedProx-mu0.05,1.0,16,0.713593
4,0,MLP-FedProx-mu0.05,1.0,17,0.712285
4,0,MLP-FedProx-mu0.05,1.0,18,0.71194
4,0,MLP-FedProx-mu0.05,1.0,19,0.712146
4,0,MLP-FedProx-mu0.05,0.5,0,0.604083
4,0,MLP-FedProx-mu0.05,0.5,1,0.548131
4,0,MLP-FedProx-mu0.05,0.5,2,0.497904
4,0,MLP-FedProx-mu0.05,0.5,3,0.476717
4,0,MLP-FedProx-mu0.05,0.5,4,0.473642
4,0,MLP-FedProx-mu0.05,0.5,5,0.502181
4,0,MLP-FedProx-mu0.05,0.5,6,0.544835
4,0,MLP-FedProx-mu0.05,0.5,7,0.572439
4,0,MLP-FedProx-mu0.05,0.5,8,0.579725
4,0,MLP-FedProx-mu0.05,0.5,9,0.573746
4,0,MLP-FedProx-mu0.05,0.5,10,0.565963
4,0,MLP-FedProx-mu0.05,0.5,11,0.56766
4,0,MLP-FedProx-mu0.05,0.5,12,0.576946
4,0,MLP-FedProx-mu0.05,0.5,13,0.580355
4,0,MLP-FedProx-mu0.05,0.5,14,0.596284
4,0,MLP-FedProx-mu0.05,0.5,15,0.596576
4,0,MLP-FedProx-mu0.05,0.5,16,0.649955
4,0,MLP-FedProx-mu0.05,0.5,17,0.559028
4,0,MLP-FedProx-mu0.05,0.5,18,0.5718
4,0,MLP-FedProx-mu0.05,0.5,19,0.578761
4,0,MLP-FedProx-mu0.05,0.1,0,1.021396
4,0,MLP-FedProx-mu0.05,0.1,1,1.026182
4,0,MLP-FedProx-mu0.05,0.1,2,0.945877
4,0,MLP-FedProx-mu0.05,0.1,3,0.914508
4,0,MLP-FedProx-mu0.05,0.1,4,0.975956
4,0,MLP-FedProx-mu0.05,0.1,5,1.033178
4,0,MLP-FedProx-mu0.05,0.1,6,1.082837
4,0,MLP-FedProx-mu0.05,0.1,7,1.118367
4,0,MLP-FedProx-mu0.05,0.1,8,1.165583
4,0,MLP-FedProx-mu0.05,0.1,9,1.14369
4,0,MLP-FedProx-mu0.05,0.1,10,1.064319
4,0,MLP-FedProx-mu0.05,0.1,11,1.263063
4,0,MLP-FedProx-mu0.05,0.1,12,0.839994
4,0,MLP-FedProx-mu0.05,0.1,13,0.999004
4,0,MLP-FedProx-mu0.05,0.1,14,1.018633
4,0,MLP-FedProx-mu0.05,0.1,15,1.042123
4,0,MLP-FedProx-mu0.05,0.1,16,0.84433
4,0,MLP-FedProx-mu0.05,0.1,17,1.067874
4,0,MLP-FedProx-mu0.05,0.1,18,0.91629
4,0,MLP-FedProx-mu0.05,0.1,19,1.059735
4,0,MLP-FedProx-mu0.05,natural,0,0.65998
4,0,MLP-FedProx-mu0.05,natural,1,0.632136
4,0,MLP-FedProx-mu0.05,natural,2,0.589541
4,0,MLP-FedProx-mu0.05,natural,3,0.56112
4,0,MLP-FedProx-mu0.05,natural,4,0.541638
4,0,MLP-FedProx-mu0.05,natural,5,0.521717
4,0,MLP-FedProx-mu0.05,natural,6,0.504222
4,0,MLP-FedProx-mu0.05,natural,7,0.494873
4,0,MLP-FedProx-mu0.05,natural,8,0.492507
4,0,MLP-FedProx-mu0.05,natural,9,0.491069
4,0,MLP-FedProx-mu0.05,natural,10,0.486951
4,0,MLP-FedProx-mu0.05,natural,11,0.48579
4,0,MLP-FedProx-mu0.05,natural,12,0.476206
4,0,MLP-FedProx-mu0.05,natural,13,0.512103
4,0,MLP-FedProx-mu0.05,natural,14,0.512484
4,0,MLP-FedProx-mu0.05,natural,15,0.444593
4,0,MLP-FedProx-mu0.05,natural,16,0.458153
4,0,MLP-FedProx-mu0.05,natural,17,0.46742
4,0,MLP-FedProx-mu0.05,natural,18,0.466231
4,0,MLP-FedProx-mu0.05,natural,19,0.459383
4,1,MLP-FedProx-mu0.05,100,0,0.083942
4,1,MLP-FedProx-mu0.05,100,1,0.117415
4,1,MLP-FedProx-mu0.05,100,2,0.137075
4,1,MLP-FedProx-mu0.05,100,3,0.150054
4,1,MLP-FedProx-mu0.05,100,4,0.161538
4,1,MLP-FedProx-mu0.05,100,5,0.176355
4,1,MLP-FedProx-mu0.05,100,6,0.19414
4,1,MLP-FedProx-mu0.05,100,7,0.217798
4,1,MLP-FedProx-mu0.05,100,8,0.231178
4,1,MLP-FedProx-mu0.05,100,9,0.26264
4,1,MLP-FedProx-mu0.05,100,10,0.191042
4,1,MLP-FedProx-mu0.05,100,11,0.216332
4,1,MLP-FedProx-mu0.05,100,12,0.192807
4,1,MLP-FedProx-mu0.05,100,13,0.233186
4,1,MLP-FedProx-mu0.05,100,14,0.195326
4,1,MLP-FedProx-mu0.05,100,15,0.239339
4,1,MLP-FedProx-mu0.05,100,16,0.197789
4,1,MLP-FedProx-mu0.05,100,17,0.242784
4,1,MLP-FedProx-mu0.05,100,18,0.200309
4,1,MLP-FedProx-mu0.05,100,19,0.246195
4,1,MLP-FedProx-mu0.05,1.0,0,0.917281
4,1,MLP-FedProx-mu0.05,1.0,1,0.864227
4,1,MLP-FedProx-mu0.05,1.0,2,0.798488
4,1,MLP-FedProx-mu0.05,1.0,3,0.755947
4,1,MLP-FedProx-mu0.05,1.0,4,0.734587
4,1,MLP-FedProx-mu0.05,1.0,5,0.726754
4,1,MLP-FedProx-mu0.05,1.0,6,0.724262
4,1,MLP-FedProx-mu0.05,1.0,7,0.723641
4,1,MLP-FedProx-mu0.05,1.0,8,0.724416
4,1,MLP-FedProx-mu0.05,1.0,9,0.724548
4,1,MLP-FedProx-mu0.05,1.0,10,0.724817
4,1,MLP-FedProx-mu0.05,1.0,11,0.726834
4,1,MLP-FedProx-mu0.05,1.0,12,0.729969
4,1,MLP-FedProx-mu0.05,1.0,13,0.730977
4,1,MLP-FedProx-mu0.05,1.0,14,0.729793
4,1,MLP-FedProx-mu0.05,1.0,15,0.727692
4,1,MLP-FedProx-mu0.05,1.0,16,0.725319
4,1,MLP-FedProx-mu0.05,1.0,17,0.723287
4,1,MLP-FedProx-mu0.05,1.0,18,0.721914
4,1,MLP-FedProx-mu0.05,1.0,19,0.721215
4,1,MLP-FedProx-mu0.05,0.5,0,0.659282
4,1,MLP-FedProx-mu0.05,0.5,1,0.594636
4,1,MLP-FedProx-mu0.05,0.5,2,0.559364
4,1,MLP-FedProx-mu0.05,0.5,3,0.545311
4,1,MLP-FedProx-mu0.05,0.5,4,0.552973
4,1,MLP-FedProx-mu0.05,0.5,5,0.591537
4,1,MLP-FedProx-mu0.05,0.5,6,0.630597
4,1,MLP-FedProx-mu0.05,0.5,7,0.650586
4,1,MLP-FedProx-mu0.05,0.5,8,0.660265
4,1,MLP-FedProx-mu0.05,0.5,9,0.668073
4,1,MLP-FedProx-mu0.05,0.5,10,0.675742
4,1,MLP-FedProx-mu0.05,0.5,11,0.681175
4,1,MLP-FedProx-mu0.05,0.5,12,0.684783
4,1,MLP-FedProx-mu0.05,0.5,13,0.687998
4,1,MLP-FedProx-mu0.05,0.5,14,0.690588
4,1,MLP-FedProx-mu0.05,0.5,15,0.692408
4,1,MLP-FedProx-mu0.05,0.5,16,0.693497
4,1,MLP-FedProx-mu0.05,0.5,17,0.694049
4,1,MLP-FedProx-mu0.05,0.5,18,0.694237
4,1,MLP-FedProx-mu0.05,0.5,19,0.694215
4,1,MLP-FedProx-mu0.05,0.1,0,1.029224
4,1,MLP-FedProx-mu0.05,0.1,1,1.023811
4,1,MLP-FedProx-mu0.05,0.1,2,0.935724
4,1,MLP-FedProx-mu0.05,0.1,3,0.9313
4,1,MLP-FedProx-mu0.05,0.1,4,0.99502
4,1,MLP-FedProx-mu0.05,0.1,5,1.051009
4,1,MLP-FedProx-mu0.05,0.1,6,1.092493
4,1,MLP-FedProx-mu0.05,0.1,7,1.136724
4,1,MLP-FedProx-mu0.05,0.1,8,1.136947
4,1,MLP-FedProx-mu0.05,0.1,9,1.169065
4,1,MLP-FedProx-mu0.05,0.1,10,1.260526
4,1,MLP-FedProx-mu0.05,0.1,11,0.823828
4,1,MLP-FedProx-mu0.05,0.1,12,0.991781
4,1,MLP-FedProx-mu0.05,0.1,13,1.015141
4,1,MLP-FedProx-mu0.05,0.1,14,0.885481
4,1,MLP-FedProx-mu0.05,0.1,15,1.049921
4,1,MLP-FedProx-mu0.05,0.1,16,0.794785
4,1,MLP-FedProx-mu0.05,0.1,17,1.024123
4,1,MLP-FedProx-mu0.05,0.1,18,1.046533
4,1,MLP-FedProx-mu0.05,0.1,19,1.013384
4,1,MLP-FedProx-mu0.05,natural,0,0.693019
4,1,MLP-FedProx-mu0.05,natural,1,0.650826
4,1,MLP-FedProx-mu0.05,natural,2,0.601588
4,1,MLP-FedProx-mu0.05,natural,3,0.573899
4,1,MLP-FedProx-mu0.05,natural,4,0.557859
4,1,MLP-FedProx-mu0.05,natural,5,0.543035
4,1,MLP-FedProx-mu0.05,natural,6,0.530235
4,1,MLP-FedProx-mu0.05,natural,7,0.516317
4,1,MLP-FedProx-mu0.05,natural,8,0.509912
4,1,MLP-FedProx-mu0.05,natural,9,0.497779
4,1,MLP-FedProx-mu0.05,natural,10,0.497516
4,1,MLP-FedProx-mu0.05,natural,11,0.487022
4,1,MLP-FedProx-mu0.05,natural,12,0.46971
4,1,MLP-FedProx-mu0.05,natural,13,0.483792
4,1,MLP-FedProx-mu0.05,natural,14,0.453551
4,1,MLP-FedProx-mu0.05,natural,15,0.478384
4,1,MLP-FedProx-mu0.05,natural,16,0.45046
4,1,MLP-FedProx-mu0.05,natural,17,0.475586
4,1,MLP-FedProx-mu0.05,natural,18,0.450868
4,1,MLP-FedProx-mu0.05,natural,19,0.473094
4,2,MLP-FedProx-mu0.05,100,0,0.062955
4,2,MLP-FedProx-mu0.05,100,1,0.088771
4,2,MLP-FedProx-mu0.05,100,2,0.111074
4,2,MLP-FedProx-mu0.05,100,3,0.130202
4,2,MLP-FedProx-mu0.05,100,4,0.150401
4,2,MLP-FedProx-mu0.05,100,5,0.175143
4,2,MLP-FedProx-mu0.05,100,6,0.204278
4,2,MLP-FedProx-mu0.05,100,7,0.232484
4,2,MLP-FedProx-mu0.05,100,8,0.267611
4,2,MLP-FedProx-mu0.05,100,9,0.25121
4,2,MLP-FedProx-mu0.05,100,10,0.212676
4,2,MLP-FedProx-mu0.05,100,11,0.224767
4,2,MLP-FedProx-mu0.05,100,12,0.244875
4,2,MLP-FedProx-mu0.05,100,13,0.221788
4,2,MLP-FedProx-mu0.05,100,14,0.253789
4,2,MLP-FedProx-mu0.05,100,15,0.227215
4,2,MLP-FedProx-mu0.05,100,16,0.257754
4,2,MLP-FedProx-mu0.05,100,17,0.230526
4,2,MLP-FedProx-mu0.05,100,18,0.25716
4,2,MLP-FedProx-mu0.05,100,19,0.23384
4,2,MLP-FedProx-mu0.05,1.0,0,0.863031
4,2,MLP-FedProx-mu0.05,1.0,1,0.801476
4,2,MLP-FedProx-mu0.05,1.0,2,0.744406
4,2,MLP-FedProx-mu0.05,1.0,3,0.70715
4,2,MLP-FedProx-mu0.05,1.0,4,0.683201
4,2,MLP-FedProx-mu0.05,1.0,5,0.670462
4,2,MLP-FedProx-mu0.05,1.0,6,0.664826
4,2,MLP-FedProx-mu0.05,1.0,7,0.659818
4,2,MLP-FedProx-mu0.05,1.0,8,0.654835
4,2,MLP-FedProx-mu0.05,1.0,9,0.650102
4,2,MLP-FedProx-mu0.05,1.0,10,0.645783
4,2,MLP-FedProx-mu0.05,1.0,11,0.64686
4,2,MLP-FedProx-mu0.05,1.0,12,0.640881
4,2,MLP-FedProx-mu0.05,1.0,13,0.631035
4,2,MLP-FedProx-mu0.05,1.0,14,0.625029
4,2,MLP-FedProx-mu0.05,1.0,15,0.62182
4,2,MLP-FedProx-mu0.05,1.0,16,0.619915
4,2,MLP-FedProx-mu0.05,1.0,17,0.61875
4,2,MLP-FedProx-mu0.05,1.0,18,0.617971
4,2,MLP-FedProx-mu0.05,1.0,19,0.617397
4,2,MLP-FedProx-mu0.05,0.5,0,0.663805
4,2,MLP-FedProx-mu0.05,0.5,1,0.596559
4,2,MLP-FedProx-mu0.05,0.5,2,0.554443
4,2,MLP-FedProx-mu0.05,0.5,3,0.531645
4,2,MLP-FedProx-mu0.05,0.5,4,0.516538
4,2,MLP-FedProx-mu0.05,0.5,5,0.526086
4,2,MLP-FedProx-mu0.05,0.5,6,0.560536
4,2,MLP-FedProx-mu0.05,0.5,7,0.591454
4,2,MLP-FedProx-mu0.05,0.5,8,0.601991
4,2,MLP-FedProx-mu0.05,0.5,9,0.589538
4,2,MLP-FedProx-mu0.05,0.5,10,0.575864
4,2,MLP-FedProx-mu0.05,0.5,11,0.57822
4,2,MLP-FedProx-mu0.05,0.5,12,0.585019
4,2,MLP-FedProx-mu0.05,0.5,13,0.590446
4,2,MLP-FedProx-mu0.05,0.5,14,0.594765
4,2,MLP-FedProx-mu0.05,0.5,15,0.595125
4,2,MLP-FedProx-mu0.05,0.5,16,0.600763
4,2,MLP-FedProx-mu0.05,0.5,17,0.589575
4,2,MLP-FedProx-mu0.05,0.5,18,0.618483
4,2,MLP-FedProx-mu0.05,0.5,19,0.563655
4,2,MLP-FedProx-mu0.05,0.1,0,1.016481
4,2,MLP-FedProx-mu0.05,0.1,1,1.019454
4,2,MLP-FedProx-mu0.05,0.1,2,0.933644
4,2,MLP-FedProx-mu0.05,0.1,3,0.918953
4,2,MLP-FedProx-mu0.05,0.1,4,0.985048
4,2,MLP-FedProx-mu0.05,0.1,5,1.041562
4,2,MLP-FedProx-mu0.05,0.1,6,1.08838
4,2,MLP-FedProx-mu0.05,0.1,7,1.124465
4,2,MLP-FedProx-mu0.05,0.1,8,1.160021
4,2,MLP-FedProx-mu0.05,0.1,9,1.182663
4,2,MLP-FedProx-mu0.05,0.1,10,1.215985
4,2,MLP-FedProx-mu0.05,0.1,11,1.330256
4,2,MLP-FedProx-mu0.05,0.1,12,0.916911
4,2,MLP-FedProx-mu0.05,0.1,13,0.971902
4,2,MLP-FedProx-mu0.05,0.1,14,0.991477
4,2,MLP-FedProx-mu0.05,0.1,15,1.026913
4,2,MLP-FedProx-mu0.05,0.1,16,0.873501
4,2,MLP-FedProx-mu0.05,0.1,17,1.052016
4,2,MLP-FedProx-mu0.05,0.1,18,0.800566
4,2,MLP-FedProx-mu0.05,0.1,19,1.014408
4,2,MLP-FedProx-mu0.05,natural,0,0.701292
4,2,MLP-FedProx-mu0.05,natural,1,0.663882
4,2,MLP-FedProx-mu0.05,natural,2,0.616907
4,2,MLP-FedProx-mu0.05,natural,3,0.591447
4,2,MLP-FedProx-mu0.05,natural,4,0.576435
4,2,MLP-FedProx-mu0.05,natural,5,0.557833
4,2,MLP-FedProx-mu0.05,natural,6,0.539449
4,2,MLP-FedProx-mu0.05,natural,7,0.532167
4,2,MLP-FedProx-mu0.05,natural,8,0.533663
4,2,MLP-FedProx-mu0.05,natural,9,0.535543
4,2,MLP-FedProx-mu0.05,natural,10,0.537741
4,2,MLP-FedProx-mu0.05,natural,11,0.535524
4,2,MLP-FedProx-mu0.05,natural,12,0.566427
4,2,MLP-FedProx-mu0.05,natural,13,0.573841
4,2,MLP-FedProx-mu0.05,natural,14,0.453609
4,2,MLP-FedProx-mu0.05,natural,15,0.530179
4,2,MLP-FedProx-mu0.05,natural,16,0.466684
4,2,MLP-FedProx-mu0.05,natural,17,0.53227
4,2,MLP-FedProx-mu0.05,natural,18,0.466508
4,2,MLP-FedProx-mu0.05,natural,19,0.523557
4,3,MLP-FedProx-mu0.05,100,0,0.086101
4,3,MLP-FedProx-mu0.05,100,1,0.103596
4,3,MLP-FedProx-mu0.05,100,2,0.11647
4,3,MLP-FedProx-mu0.05,100,3,0.130403
4,3,MLP-FedProx-mu0.05,100,4,0.148029
4,3,MLP-FedProx-mu0.05,100,5,0.169465
4,3,MLP-FedProx-mu0.05,100,6,0.193482
4,3,MLP-FedProx-mu0.05,100,7,0.218066
4,3,MLP-FedProx-mu0.05,100,8,0.259034
4,3,MLP-FedProx-mu0.05,100,9,0.293876
4,3,MLP-FedProx-mu0.05,100,10,0.352318
4,3,MLP-FedProx-mu0.05,100,11,0.210657
4,3,MLP-FedProx-mu0.05,100,12,0.208477
4,3,MLP-FedProx-mu0.05,100,13,0.218909
4,3,MLP-FedProx-mu0.05,100,14,0.234611
4,3,MLP-FedProx-mu0.05,100,15,0.227434
4,3,MLP-FedProx-mu0.05,100,16,0.238889
4,3,MLP-FedProx-mu0.05,100,17,0.233211
4,3,MLP-FedProx-mu0.05,100,18,0.245471
4,3,MLP-FedProx-mu0.05,100,19,0.238765
4,3,MLP-FedProx-mu0.05,1.0,0,0.87128
4,3,MLP-FedProx-mu0.05,1.0,1,0.813592
4,3,MLP-FedProx-mu0.05,1.0,2,0.752739
4,3,MLP-FedProx-mu0.05,1.0,3,0.710064
4,3,MLP-FedProx-mu0.05,1.0,4,0.686361
4,3,MLP-FedProx-mu0.05,1.0,5,0.672785
4,3,MLP-FedProx-mu0.05,1.0,6,0.661992
4,3,MLP-FedProx-mu0.05,1.0,7,0.650708
4,3,MLP-FedProx-mu0.05,1.0,8,0.635773
4,3,MLP-FedProx-mu0.05,1.0,9,0.621005
4,3,MLP-FedProx-mu0.05,1.0,10,0.614035
4,3,MLP-FedProx-mu0.05,1.0,11,0.61735
4,3,MLP-FedProx-mu0.05,1.0,12,0.610648
4,3,MLP-FedProx-mu0.05,1.0,13,0.609054
4,3,MLP-FedProx-mu0.05,1.0,14,0.616371
4,3,MLP-FedProx-mu0.05,1.0,15,0.615038
4,3,MLP-FedProx-mu0.05,1.0,16,0.61458
4,3,MLP-FedProx-mu0.05,1.0,17,0.612414
4,3,MLP-FedProx-mu0.05,1.0,18,0.610117
4,3,MLP-FedProx-mu0.05,1.0,19,0.607766
4,3,MLP-FedProx-mu0.05,0.5,0,0.706556
4,3,MLP-FedProx-mu0.05,0.5,1,0.637049
4,3,MLP-FedProx-mu0.05,0.5,2,0.59179
4,3,MLP-FedProx-mu0.05,0.5,3,0.566449
4,3,MLP-FedProx-mu0.05,0.5,4,0.555251
4,3,MLP-FedProx-mu0.05,0.5,5,0.563546
4,3,MLP-FedProx-mu0.05,0.5,6,0.581488
4,3,MLP-FedProx-mu0.05,0.5,7,0.589361
4,3,MLP-FedProx-mu0.05,0.5,8,0.571341
4,3,MLP-FedProx-mu0.05,0.5,9,0.558928
4,3,MLP-FedProx-mu0.05,0.5,10,0.603421
4,3,MLP-FedProx-mu0.05,0.5,11,0.571439
4,3,MLP-FedProx-mu0.05,0.5,12,0.63261
4,3,MLP-FedProx-mu0.05,0.5,13,0.600329
4,3,MLP-FedProx-mu0.05,0.5,14,0.586864
4,3,MLP-FedProx-mu0.05,0.5,15,0.583126
4,3,MLP-FedProx-mu0.05,0.5,16,0.572536
4,3,MLP-FedProx-mu0.05,0.5,17,0.581628
4,3,MLP-FedProx-mu0.05,0.5,18,0.560086
4,3,MLP-FedProx-mu0.05,0.5,19,0.581727
4,3,MLP-FedProx-mu0.05,0.1,0,1.022495
4,3,MLP-FedProx-mu0.05,0.1,1,1.030931
4,3,MLP-FedProx-mu0.05,0.1,2,0.955891
4,3,MLP-FedProx-mu0.05,0.1,3,0.912498
4,3,MLP-FedProx-mu0.05,0.1,4,0.964234
4,3,MLP-FedProx-mu0.05,0.1,5,1.014664
4,3,MLP-FedProx-mu0.05,0.1,6,1.058169
4,3,MLP-FedProx-mu0.05,0.1,7,1.099328
4,3,MLP-FedProx-mu0.05,0.1,8,1.131723
4,3,MLP-FedProx-mu0.05,0.1,9,1.178963
4,3,MLP-FedProx-mu0.05,0.1,10,1.179274
4,3,MLP-FedProx-mu0.05,0.1,11,1.126701
4,3,MLP-FedProx-mu0.05,0.1,12,1.119843
4,3,MLP-FedProx-mu0.05,0.1,13,0.896704
4,3,MLP-FedProx-mu0.05,0.1,14,0.875071
4,3,MLP-FedProx-mu0.05,0.1,15,1.002419
4,3,MLP-FedProx-mu0.05,0.1,16,0.781026
4,3,MLP-FedProx-mu0.05,0.1,17,1.024453
4,3,MLP-FedProx-mu0.05,0.1,18,0.887902
4,3,MLP-FedProx-mu0.05,0.1,19,1.079509
4,3,MLP-FedProx-mu0.05,natural,0,0.65352
4,3,MLP-FedProx-mu0.05,natural,1,0.62025
4,3,MLP-FedProx-mu0.05,natural,2,0.575992
4,3,MLP-FedProx-mu0.05,natural,3,0.548098
4,3,MLP-FedProx-mu0.05,natural,4,0.530622
4,3,MLP-FedProx-mu0.05,natural,5,0.513939
4,3,MLP-FedProx-mu0.05,natural,6,0.500008
4,3,MLP-FedProx-mu0.05,natural,7,0.487971
4,3,MLP-FedProx-mu0.05,natural,8,0.483664
4,3,MLP-FedProx-mu0.05,natural,9,0.474663
4,3,MLP-FedProx-mu0.05,natural,10,0.490844
4,3,MLP-FedProx-mu0.05,natural,11,0.470866
4,3,MLP-FedProx-mu0.05,natural,12,0.442625
4,3,MLP-FedProx-mu0.05,natural,13,0.456375
4,3,MLP-FedProx-mu0.05,natural,14,0.438816
4,3,MLP-FedProx-mu0.05,natural,15,0.445696
4,3,MLP-FedProx-mu0.05,natural,16,0.440232
4,3,MLP-FedProx-mu0.05,natural,17,0.436232
4,3,MLP-FedProx-mu0.05,natural,18,0.442604
4,3,MLP-FedProx-mu0.05,natural,19,0.429145
4,4,MLP-FedProx-mu0.05,100,0,0.094177
4,4,MLP-FedProx-mu0.05,100,1,0.114146
4,4,MLP-FedProx-mu0.05,100,2,0.129122
4,4,MLP-FedProx-mu0.05,100,3,0.139844
4,4,MLP-FedProx-mu0.05,100,4,0.150342
4,4,MLP-FedProx-mu0.05,100,5,0.163875
4,4,MLP-FedProx-mu0.05,100,6,0.179031
4,4,MLP-FedProx-mu0.05,100,7,0.212506
4,4,MLP-FedProx-mu0.05,100,8,0.182267
4,4,MLP-FedProx-mu0.05,100,9,0.170045
4,4,MLP-FedProx-mu0.05,100,10,0.187445
4,4,MLP-FedProx-mu0.05,100,11,0.184214
4,4,MLP-FedProx-mu0.05,100,12,0.197392
4,4,MLP-FedProx-mu0.05,100,13,0.191346
4,4,MLP-FedProx-mu0.05,100,14,0.203083
4,4,MLP-FedProx-mu0.05,100,15,0.196638
4,4,MLP-FedProx-mu0.05,100,16,0.206304
4,4,MLP-FedProx-mu0.05,100,17,0.199637
4,4,MLP-FedProx-mu0.05,100,18,0.207976
4,4,MLP-FedProx-mu0.05,100,19,0.201306
4,4,MLP-FedProx-mu0.05,1.0,0,0.836389
4,4,MLP-FedProx-mu0.05,1.0,1,0.778505
4,4,MLP-FedProx-mu0.05,1.0,2,0.730916
4,4,MLP-FedProx-mu0.05,1.0,3,0.699729
4,4,MLP-FedProx-mu0.05,1.0,4,0.678342
4,4,MLP-FedProx-mu0.05,1.0,5,0.666859
4,4,MLP-FedProx-mu0.05,1.0,6,0.659858
4,4,MLP-FedProx-mu0.05,1.0,7,0.653382
4,4,MLP-FedProx-mu0.05,1.0,8,0.647084
4,4,MLP-FedProx-mu0.05,1.0,9,0.641819
4,4,MLP-FedProx-mu0.05,1.0,10,0.63921
4,4,MLP-FedProx-mu0.05,1.0,11,0.638298
4,4,MLP-FedProx-mu0.05,1.0,12,0.636804
4,4,MLP-FedProx-mu0.05,1.0,13,0.635136
4,4,MLP-FedProx-mu0.05,1.0,14,0.63351
4,4,MLP-FedProx-mu0.05,1.0,15,0.632235
4,4,MLP-FedProx-mu0.05,1.0,16,0.631312
4,4,MLP-FedProx-mu0.05,1.0,17,0.630667
4,4,MLP-FedProx-mu0.05,1.0,18,0.630299
4,4,MLP-FedProx-mu0.05,1.0,19,0.630242
4,4,MLP-FedProx-mu0.05,0.5,0,0.614934
4,4,MLP-FedProx-mu0.05,0.5,1,0.545276
4,4,MLP-FedProx-mu0.05,0.5,2,0.492286
4,4,MLP-FedProx-mu0.05,0.5,3,0.47143
4,4,MLP-FedProx-mu0.05,0.5,4,0.466483
4,4,MLP-FedProx-mu0.05,0.5,5,0.498009
4,4,MLP-FedProx-mu0.05,0.5,6,0.538886
4,4,MLP-FedProx-mu0.05,0.5,7,0.562398
4,4,MLP-FedProx-mu0.05,0.5,8,0.567717
4,4,MLP-FedProx-mu0.05,0.5,9,0.559255
4,4,MLP-FedProx-mu0.05,0.5,10,0.580892
4,4,MLP-FedProx-mu0.05,0.5,11,0.605486
4,4,MLP-FedProx-mu0.05,0.5,12,0.651689
4,4,MLP-FedProx-mu0.05,0.5,13,0.603745
4,4,MLP-FedProx-mu0.05,0.5,14,0.639656
4,4,MLP-FedProx-mu0.05,0.5,15,0.611277
4,4,MLP-FedProx-mu0.05,0.5,16,0.623268
4,4,MLP-FedProx-mu0.05,0.5,17,0.606139
4,4,MLP-FedProx-mu0.05,0.5,18,0.613368
4,4,MLP-FedProx-mu0.05,0.5,19,0.603151
4,4,MLP-FedProx-mu0.05,0.1,0,1.022693
4,4,MLP-FedProx-mu0.05,0.1,1,1.019566
4,4,MLP-FedProx-mu0.05,0.1,2,0.930404
4,4,MLP-FedProx-mu0.05,0.1,3,0.931447
4,4,MLP-FedProx-mu0.05,0.1,4,1.001806
4,4,MLP-FedProx-mu0.05,0.1,5,1.061622
4,4,MLP-FedProx-mu0.05,0.1,6,1.106424
4,4,MLP-FedProx-mu0.05,0.1,7,1.146517
4,4,MLP-FedProx-mu0.05,0.1,8,1.159134
4,4,MLP-FedProx-mu0.05,0.1,9,1.19148
4,4,MLP-FedProx-mu0.05,0.1,10,1.268883
4,4,MLP-FedProx-mu0.05,0.1,11,0.837102
4,4,MLP-FedProx-mu0.05,0.1,12,1.021533
4,4,MLP-FedProx-mu0.05,0.1,13,0.938402
4,4,MLP-FedProx-mu0.05,0.1,14,0.971261
4,4,MLP-FedProx-mu0.05,0.1,15,0.816056
4,4,MLP-FedProx-mu0.05,0.1,16,1.042728
4,4,MLP-FedProx-mu0.05,0.1,17,0.85577
4,4,MLP-FedProx-mu0.05,0.1,18,1.043392
4,4,MLP-FedProx-mu0.05,0.1,19,0.825386
4,4,MLP-FedProx-mu0.05,natural,0,0.674691
4,4,MLP-FedProx-mu0.05,natural,1,0.632494
4,4,MLP-FedProx-mu0.05,natural,2,0.581075
4,4,MLP-FedProx-mu0.05,natural,3,0.550565
4,4,MLP-FedProx-mu0.05,natural,4,0.529554
4,4,MLP-FedProx-mu0.05,natural,5,0.508863
4,4,MLP-FedProx-mu0.05,natural,6,0.494416
4,4,MLP-FedProx-mu0.05,natural,7,0.489959
4,4,MLP-FedProx-mu0.05,natural,8,0.486484
4,4,MLP-FedProx-mu0.05,natural,9,0.477671
4,4,MLP-FedProx-mu0.05,natural,10,0.47662
4,4,MLP-FedProx-mu0.05,natural,11,0.452657
4,4,MLP-FedProx-mu0.05,natural,12,0.45474
4,4,MLP-FedProx-mu0.05,natural,13,0.477213
4,4,MLP-FedProx-mu0.05,natural,14,0.438913
4,4,MLP-FedProx-mu0.05,natural,15,0.47
4,4,MLP-FedProx-mu0.05,natural,16,0.441289
4,4,MLP-FedProx-mu0.05,natural,17,0.469176
4,4,MLP-FedProx-mu0.05,natural,18,0.442352
4,4,MLP-FedProx-mu0.05,natural,19,0.467551
5,0,MLP-FedProx-mu0.05,100,0,0.102003
5,0,MLP-FedProx-mu0.05,100,1,0.104075
5,0,MLP-FedProx-mu0.05,100,2,0.109109
5,0,MLP-FedProx-mu0.05,100,3,0.112001
5,0,MLP-FedProx-mu0.05,100,4,0.121951
5,0,MLP-FedProx-mu0.05,100,5,0.135692
5,0,MLP-FedProx-mu0.05,100,6,0.153276
5,0,MLP-FedProx-mu0.05,100,7,0.209271
5,0,MLP-FedProx-mu0.05,100,8,0.240833
5,0,MLP-FedProx-mu0.05,100,9,0.207101
5,0,MLP-FedProx-mu0.05,100,10,0.230902
5,0,MLP-FedProx-mu0.05,100,11,0.214152
5,0,MLP-FedProx-mu0.05,100,12,0.230638
5,0,MLP-FedProx-mu0.05,100,13,0.211773
5,0,MLP-FedProx-mu0.05,100,14,0.229952
5,0,MLP-FedProx-mu0.05,100,15,0.212583
5,0,MLP-FedProx-mu0.05,100,16,0.230239
5,0,MLP-FedProx-mu0.05,100,17,0.21598
5,0,MLP-FedProx-mu0.05,100,18,0.230883
5,0,MLP-FedProx-mu0.05,100,19,0.220189
5,0,MLP-FedProx-mu0.05,1.0,0,0.850603
5,0,MLP-FedProx-mu0.05,1.0,1,0.74162
5,0,MLP-FedProx-mu0.05,1.0,2,0.662495
5,0,MLP-FedProx-mu0.05,1.0,3,0.61245
5,0,MLP-FedProx-mu0.05,1.0,4,0.57753
5,0,MLP-FedProx-mu0.05,1.0,5,0.559679
5,0,MLP-FedProx-mu0.05,1.0,6,0.552681
5,0,MLP-FedProx-mu0.05,1.0,7,0.547805
5,0,MLP-FedProx-mu0.05,1.0,8,0.558769
5,0,MLP-FedProx-mu0.05,1.0,9,0.552264
5,0,MLP-FedProx-mu0.05,1.0,10,0.573398
5,0,MLP-FedProx-mu0.05,1.0,11,0.553159
5,0,MLP-FedProx-mu0.05,1.0,12,0.56506
5,0,MLP-FedProx-mu0.05,1.0,13,0.554003
5,0,MLP-FedProx-mu0.05,1.0,14,0.565655
5,0,MLP-FedProx-mu0.05,1.0,15,0.555685
5,0,MLP-FedProx-mu0.05,1.0,16,0.566776
5,0,MLP-FedProx-mu0.05,1.0,17,0.557313
5,0,MLP-FedProx-mu0.05,1.0,18,0.568878
5,0,MLP-FedProx-mu0.05,1.0,19,0.559057
5,0,MLP-FedProx-mu0.05,0.5,0,1.268038
5,0,MLP-FedProx-mu0.05,0.5,1,1.315139
5,0,MLP-FedProx-mu0.05,0.5,2,1.291684
5,0,MLP-FedProx-mu0.05,0.5,3,1.483441
5,0,MLP-FedProx-mu0.05,0.5,4,1.269152
5,0,MLP-FedProx-mu0.05,0.5,5,1.603079
5,0,MLP-FedProx-mu0.05,0.5,6,1.207042
5,0,MLP-FedProx-mu0.05,0.5,7,1.017026
5,0,MLP-FedProx-mu0.05,0.5,8,1.062675
5,0,MLP-FedProx-mu0.05,0.5,9,1.155829
5,0,MLP-FedProx-mu0.05,0.5,10,1.233882
5,0,MLP-FedProx-mu0.05,0.5,11,1.363266
5,0,MLP-FedProx-mu0.05,0.5,12,1.324542
5,0,MLP-FedProx-mu0.05,0.5,13,1.722968
5,0,MLP-FedProx-mu0.05,0.5,14,1.103013
5,0,MLP-FedProx-mu0.05,0.5,15,1.042509
5,0,MLP-FedProx-mu0.05,0.5,16,1.078783
5,0,MLP-FedProx-mu0.05,0.5,17,1.098086
5,0,MLP-FedProx-mu0.05,0.5,18,1.203943
5,0,MLP-FedProx-mu0.05,0.5,19,1.184706
5,0,MLP-FedProx-mu0.05,0.1,0,1.240385
5,0,MLP-FedProx-mu0.05,0.1,1,1.255261
5,0,MLP-FedProx-mu0.05,0.1,2,1.230409
5,0,MLP-FedProx-mu0.05,0.1,3,1.322808
5,0,MLP-FedProx-mu0.05,0.1,4,1.173416
5,0,MLP-FedProx-mu0.05,0.1,5,1.38657
5,0,MLP-FedProx-mu0.05,0.1,6,1.064956
5,0,MLP-FedProx-mu0.05,0.1,7,1.118559
5,0,MLP-FedProx-mu0.05,0.1,8,0.954431
5,0,MLP-FedProx-mu0.05,0.1,9,1.001723
5,0,MLP-FedProx-mu0.05,0.1,10,0.922253
5,0,MLP-FedProx-mu0.05,0.1,11,0.982167
5,0,MLP-FedProx-mu0.05,0.1,12,0.947864
5,0,MLP-FedProx-mu0.05,0.1,13,0.991663
5,0,MLP-FedProx-mu0.05,0.1,14,0.964833
5,0,MLP-FedProx-mu0.05,0.1,15,0.984907
5,0,MLP-FedProx-mu0.05,0.1,16,0.982514
5,0,MLP-FedProx-mu0.05,0.1,17,0.9958
5,0,MLP-FedProx-mu0.05,0.1,18,0.986867
5,0,MLP-FedProx-mu0.05,0.1,19,0.995363
5,0,MLP-FedProx-mu0.05,natural,0,0.726516
5,0,MLP-FedProx-mu0.05,natural,1,0.631162
5,0,MLP-FedProx-mu0.05,natural,2,0.595963
5,0,MLP-FedProx-mu0.05,natural,3,0.542778
5,0,MLP-FedProx-mu0.05,natural,4,0.504946
5,0,MLP-FedProx-mu0.05,natural,5,0.481696
5,0,MLP-FedProx-mu0.05,natural,6,0.466216
5,0,MLP-FedProx-mu0.05,natural,7,0.454241
5,0,MLP-FedProx-mu0.05,natural,8,0.445296
5,0,MLP-FedProx-mu0.05,natural,9,0.437337
5,0,MLP-FedProx-mu0.05,natural,10,0.443858
5,0,MLP-FedProx-mu0.05,natural,11,0.432166
5,0,MLP-FedProx-mu0.05,natural,12,0.426911
5,0,MLP-FedProx-mu0.05,natural,13,0.443585
5,0,MLP-FedProx-mu0.05,natural,14,0.430046
5,0,MLP-FedProx-mu0.05,natural,15,0.436436
5,0,MLP-FedProx-mu0.05,natural,16,0.430499
5,0,MLP-FedProx-mu0.05,natural,17,0.43135
5,0,MLP-FedProx-mu0.05,natural,18,0.431411
5,0,MLP-FedProx-mu0.05,natural,19,0.426787
5,1,MLP-FedProx-mu0.05,100,0,0.133662
5,1,MLP-FedProx-mu0.05,100,1,0.108147
5,1,MLP-FedProx-mu0.05,100,2,0.114431
5,1,MLP-FedProx-mu0.05,100,3,0.124326
5,1,MLP-FedProx-mu0.05,100,4,0.135994
5,1,MLP-FedProx-mu0.05,100,5,0.151969
5,1,MLP-FedProx-mu0.05,100,6,0.173957
5,1,MLP-FedProx-mu0.05,100,7,0.206078
5,1,MLP-FedProx-mu0.05,100,8,0.240233
5,1,MLP-FedProx-mu0.05,100,9,0.254703
5,1,MLP-FedProx-mu0.05,100,10,0.26122
5,1,MLP-FedProx-mu0.05,100,11,0.257011
5,1,MLP-FedProx-mu0.05,100,12,0.255862
5,1,MLP-FedProx-mu0.05,100,13,0.235518
5,1,MLP-FedProx-mu0.05,100,14,0.241836
5,1,MLP-FedProx-mu0.05,100,15,0.210714
5,1,MLP-FedProx-mu0.05,100,16,0.221443
5,1,MLP-FedProx-mu0.05,100,17,0.203371
5,1,MLP-FedProx-mu0.05,100,18,0.204505
5,1,MLP-FedProx-mu0.05,100,19,0.207456
5,1,MLP-FedProx-mu0.05,1.0,0,0.865577
5,1,MLP-FedProx-mu0.05,1.0,1,0.788142
5,1,MLP-FedProx-mu0.05,1.0,2,0.702026
5,1,MLP-FedProx-mu0.05,1.0,3,0.640319
5,1,MLP-FedProx-mu0.05,1.0,4,0.605438
5,1,MLP-FedProx-mu0.05,1.0,5,0.587601
5,1,MLP-FedProx-mu0.05,1.0,6,0.580219
5,1,MLP-FedProx-mu0.05,1.0,7,0.577766
5,1,MLP-FedProx-mu0.05,1.0,8,0.577405
5,1,MLP-FedProx-mu0.05,1.0,9,0.578201
5,1,MLP-FedProx-mu0.05,1.0,10,0.579715
5,1,MLP-FedProx-mu0.05,1.0,11,0.5816
5,1,MLP-FedProx-mu0.05,1.0,12,0.583521
5,1,MLP-FedProx-mu0.05,1.0,13,0.585169
5,1,MLP-FedProx-mu0.05,1.0,14,0.586307
5,1,MLP-FedProx-mu0.05,1.0,15,0.586825
5,1,MLP-FedProx-mu0.05,1.0,16,0.586785
5,1,MLP-FedProx-mu0.05,1.0,17,0.586414
5,1,MLP-FedProx-mu0.05,1.0,18,0.585996
5,1,MLP-FedProx-mu0.05,1.0,19,0.585742
5,1,MLP-FedProx-mu0.05,0.5,0,1.286022
5,1,MLP-FedProx-mu0.05,0.5,1,1.328948
5,1,MLP-FedProx-mu0.05,0.5,2,1.328452
5,1,MLP-FedProx-mu0.05,0.5,3,1.520692
5,1,MLP-FedProx-mu0.05,0.5,4,1.333811
5,1,MLP-FedProx-mu0.05,0.5,5,1.709814
5,1,MLP-FedProx-mu0.05,0.5,6,1.215681
5,1,MLP-FedProx-mu0.05,0.5,7,1.096894
5,1,MLP-FedProx-mu0.05,0.5,8,1.170745
5,1,MLP-FedProx-mu0.05,0.5,9,1.299892
5,1,MLP-FedProx-mu0.05,0.5,10,1.289202
5,1,MLP-FedProx-mu0.05,0.5,11,1.695055
5,1,MLP-FedProx-mu0.05,0.5,12,1.335611
5,1,MLP-FedProx-mu0.05,0.5,13,1.045422
5,1,MLP-FedProx-mu0.05,0.5,14,1.067916
5,1,MLP-FedProx-mu0.05,0.5,15,1.136586
5,1,MLP-FedProx-mu0.05,0.5,16,1.213804
5,1,MLP-FedProx-mu0.05,0.5,17,1.296555
5,1,MLP-FedProx-mu0.05,0.5,18,1.365985
5,1,MLP-FedProx-mu0.05,0.5,19,1.460133
5,1,MLP-FedProx-mu0.05,0.1,0,1.268415
5,1,MLP-FedProx-mu0.05,0.1,1,1.320856
5,1,MLP-FedProx-mu0.05,0.1,2,1.313337
5,1,MLP-FedProx-mu0.05,0.1,3,1.403638
5,1,MLP-FedProx-mu0.05,0.1,4,1.304565
5,1,MLP-FedProx-mu0.05,0.1,5,1.44611
5,1,MLP-FedProx-mu0.05,0.1,6,1.226652
5,1,MLP-FedProx-mu0.05,0.1,7,1.503491
5,1,MLP-FedProx-mu0.05,0.1,8,1.239747
5,1,MLP-FedProx-mu0.05,0.1,9,1.081309
5,1,MLP-FedProx-mu0.05,0.1,10,1.00849
5,1,MLP-FedProx-mu0.05,0.1,11,1.01308
5,1,MLP-FedProx-mu0.05,0.1,12,1.042214
5,1,MLP-FedProx-mu0.05,0.1,13,1.061168
5,1,MLP-FedProx-mu0.05,0.1,14,1.074105
5,1,MLP-FedProx-mu0.05,0.1,15,1.097797
5,1,MLP-FedProx-mu0.05,0.1,16,1.094333
5,1,MLP-FedProx-mu0.05,0.1,17,1.112053
5,1,MLP-FedProx-mu0.05,0.1,18,1.101742
5,1,MLP-FedProx-mu0.05,0.1,19,1.117681
5,1,MLP-FedProx-mu0.05,natural,0,0.790967
5,1,MLP-FedProx-mu0.05,natural,1,0.669968
5,1,MLP-FedProx-mu0.05,natural,2,0.6279
5,1,MLP-FedProx-mu0.05,natural,3,0.581259
5,1,MLP-FedProx-mu0.05,natural,4,0.546653
5,1,MLP-FedProx-mu0.05,natural,5,0.527745
5,1,MLP-FedProx-mu0.05,natural,6,0.517462
5,1,MLP-FedProx-mu0.05,natural,7,0.511714
5,1,MLP-FedProx-mu0.05,natural,8,0.509801
5,1,MLP-FedProx-mu0.05,natural,9,0.510769
5,1,MLP-FedProx-mu0.05,natural,10,0.511255
5,1,MLP-FedProx-mu0.05,natural,11,0.512301
5,1,MLP-FedProx-mu0.05,natural,12,0.500124
5,1,MLP-FedProx-mu0.05,natural,13,0.524715
5,1,MLP-FedProx-mu0.05,natural,14,0.499163
5,1,MLP-FedProx-mu0.05,natural,15,0.454669
5,1,MLP-FedProx-mu0.05,natural,16,0.460926
5,1,MLP-FedProx-mu0.05,natural,17,0.483154
5,1,MLP-FedProx-mu0.05,natural,18,0.458793
5,1,MLP-FedProx-mu0.05,natural,19,0.462919
5,2,MLP-FedProx-mu0.05,100,0,0.133468
5,2,MLP-FedProx-mu0.05,100,1,0.120545
5,2,MLP-FedProx-mu0.05,100,2,0.133547
5,2,MLP-FedProx-mu0.05,100,3,0.156704
5,2,MLP-FedProx-mu0.05,100,4,0.187007
5,2,MLP-FedProx-mu0.05,100,5,0.235044
5,2,MLP-FedProx-mu0.05,100,6,0.291084
5,2,MLP-FedProx-mu0.05,100,7,0.323282
5,2,MLP-FedProx-mu0.05,100,8,0.334414
5,2,MLP-FedProx-mu0.05,100,9,0.337873
5,2,MLP-FedProx-mu0.05,100,10,0.338344
5,2,MLP-FedProx-mu0.05,100,11,0.33751
5,2,MLP-FedProx-mu0.05,100,12,0.336259
5,2,MLP-FedProx-mu0.05,100,13,0.334766
5,2,MLP-FedProx-mu0.05,100,14,0.333222
5,2,MLP-FedProx-mu0.05,100,15,0.331644
5,2,MLP-FedProx-mu0.05,100,16,0.330118
5,2,MLP-FedProx-mu0.05,100,17,0.328665
5,2,MLP-FedProx-mu0.05,100,18,0.32732
5,2,MLP-FedProx-mu0.05,100,19,0.326089
5,2,MLP-FedProx-mu0.05,1.0,0,0.875187
5,2,MLP-FedProx-mu0.05,1.0,1,0.806223
5,2,MLP-FedProx-mu0.05,1.0,2,0.707867
5,2,MLP-FedProx-mu0.05,1.0,3,0.626764
5,2,MLP-FedProx-mu0.05,1.0,4,0.598225
5,2,MLP-FedProx-mu0.05,1.0,5,0.582976
5,2,MLP-FedProx-mu0.05,1.0,6,0.574577
5,2,MLP-FedProx-mu0.05,1.0,7,0.571365
5,2,MLP-FedProx-mu0.05,1.0,8,0.569989
5,2,MLP-FedProx-mu0.05,1.0,9,0.569149
5,2,MLP-FedProx-mu0.05,1.0,10,0.568462
5,2,MLP-FedProx-mu0.05,1.0,11,0.56801
5,2,MLP-FedProx-mu0.05,1.0,12,0.567908
5,2,MLP-FedProx-mu0.05,1.0,13,0.568203
5,2,MLP-FedProx-mu0.05,1.0,14,0.568828
5,2,MLP-FedProx-mu0.05,1.0,15,0.569693
5,2,MLP-FedProx-mu0.05,1.0,16,0.570705
5,2,MLP-FedProx-mu0.05,1.0,17,0.571802
5,2,MLP-FedProx-mu0.05,1.0,18,0.572938
5,2,MLP-FedProx-mu0.05,1.0,19,0.574084
5,2,MLP-FedProx-mu0.05,0.5,0,1.270267
5,2,MLP-FedProx-mu0.05,0.5,1,1.324737
5,2,MLP-FedProx-mu0.05,0.5,2,1.335344
5,2,MLP-FedProx-mu0.05,0.5,3,1.539141
5,2,MLP-FedProx-mu0.05,0.5,4,1.347927
5,2,MLP-FedProx-mu0.05,0.5,5,1.680233
5,2,MLP-FedProx-mu0.05,0.5,6,1.267032
5,2,MLP-FedProx-mu0.05,0.5,7,1.109005
5,2,MLP-FedProx-mu0.05,0.5,8,1.203464
5,2,MLP-FedProx-mu0.05,0.5,9,1.308968
5,2,MLP-FedProx-mu0.05,0.5,10,1.358136
5,2,MLP-FedProx-mu0.05,0.5,11,1.581357
5,2,MLP-FedProx-mu0.05,0.5,12,1.28123
5,2,MLP-FedProx-mu0.05,0.5,13,1.344707
5,2,MLP-FedProx-mu0.05,0.5,14,1.328871
5,2,MLP-FedProx-mu0.05,0.5,15,1.149987
5,2,MLP-FedProx-mu0.05,0.5,16,1.128851
5,2,MLP-FedProx-mu0.05,0.5,17,1.172058
5,2,MLP-FedProx-mu0.05,0.5,18,1.223505
5,2,MLP-FedProx-mu0.05,0.5,19,1.339976
5,2,MLP-FedProx-mu0.05,0.1,0,1.226963
5,2,MLP-FedProx-mu0.05,0.1,1,1.231792
5,2,MLP-FedProx-mu0.05,0.1,2,1.227232
5,2,MLP-FedProx-mu0.05,0.1,3,1.337857
5,2,MLP-FedProx-mu0.05,0.1,4,1.243119
5,2,MLP-FedProx-mu0.05,0.1,5,1.435995
5,2,MLP-FedProx-mu0.05,0.1,6,1.132187
5,2,MLP-FedProx-mu0.05,0.1,7,1.23266
5,2,MLP-FedProx-mu0.05,0.1,8,1.143573
5,2,MLP-FedProx-mu0.05,0.1,9,1.059184
5,2,MLP-FedProx-mu0.05,0.1,10,0.991674
5,2,MLP-FedProx-mu0.05,0.1,11,1.038216
5,2,MLP-FedProx-mu0.05,0.1,12,1.018432
5,2,MLP-FedProx-mu0.05,0.1,13,1.073482
5,2,MLP-FedProx-mu0.05,0.1,14,1.053242
5,2,MLP-FedProx-mu0.05,0.1,15,1.088858
5,2,MLP-FedProx-mu0.05,0.1,16,1.067613
5,2,MLP-FedProx-mu0.05,0.1,17,1.09235
5,2,MLP-FedProx-mu0.05,0.1,18,1.069934
5,2,MLP-FedProx-mu0.05,0.1,19,1.086942
5,2,MLP-FedProx-mu0.05,natural,0,0.748845
5,2,MLP-FedProx-mu0.05,natural,1,0.645282
5,2,MLP-FedProx-mu0.05,natural,2,0.60763
5,2,MLP-FedProx-mu0.05,natural,3,0.558564
5,2,MLP-FedProx-mu0.05,natural,4,0.522987
5,2,MLP-FedProx-mu0.05,natural,5,0.502509
5,2,MLP-FedProx-mu0.05,natural,6,0.491027
5,2,MLP-FedProx-mu0.05,natural,7,0.487954
5,2,MLP-FedProx-mu0.05,natural,8,0.494127
5,2,MLP-FedProx-mu0.05,natural,9,0.496885
5,2,MLP-FedProx-mu0.05,natural,10,0.499807
5,2,MLP-FedProx-mu0.05,natural,11,0.493333
5,2,MLP-FedProx-mu0.05,natural,12,0.514843
5,2,MLP-FedProx-mu0.05,natural,13,0.491311
5,2,MLP-FedProx-mu0.05,natural,14,0.436356
5,2,MLP-FedProx-mu0.05,natural,15,0.482096
5,2,MLP-FedProx-mu0.05,natural,16,0.454859
5,2,MLP-FedProx-mu0.05,natural,17,0.480036
5,2,MLP-FedProx-mu0.05,natural,18,0.450155
5,2,MLP-FedProx-mu0.05,natural,19,0.474942
5,3,MLP-FedProx-mu0.05,100,0,0.116871
5,3,MLP-FedProx-mu0.05,100,1,0.092335
5,3,MLP-FedProx-mu0.05,100,2,0.100473
5,3,MLP-FedProx-mu0.05,100,3,0.118853
5,3,MLP-FedProx-mu0.05,100,4,0.136382
5,3,MLP-FedProx-mu0.05,100,5,0.152663
5,3,MLP-FedProx-mu0.05,100,6,0.170243
5,3,MLP-FedProx-mu0.05,100,7,0.189733
5,3,MLP-FedProx-mu0.05,100,8,0.216969
5,3,MLP-FedProx-mu0.05,100,9,0.240809
5,3,MLP-FedProx-mu0.05,100,10,0.261747
5,3,MLP-FedProx-mu0.05,100,11,0.238398
5,3,MLP-FedProx-mu0.05,100,12,0.212901
5,3,MLP-FedProx-mu0.05,100,13,0.229274
5,3,MLP-FedProx-mu0.05,100,14,0.198092
5,3,MLP-FedProx-mu0.05,100,15,0.224704
5,3,MLP-FedProx-mu0.05,100,16,0.194634
5,3,MLP-FedProx-mu0.05,100,17,0.223846
5,3,MLP-FedProx-mu0.05,100,18,0.192182
5,3,MLP-FedProx-mu0.05,100,19,0.223418
5,3,MLP-FedProx-mu0.05,1.0,0,0.878419
5,3,MLP-FedProx-mu0.05,1.0,1,0.773045
5,3,MLP-FedProx-mu0.05,1.0,2,0.6867
5,3,MLP-FedProx-mu0.05,1.0,3,0.636789
5,3,MLP-FedProx-mu0.05,1.0,4,0.608392
5,3,MLP-FedProx-mu0.05,1.0,5,0.593959
5,3,MLP-FedProx-mu0.05,1.0,6,0.588023
5,3,MLP-FedProx-mu0.05,1.0,7,0.585913
5,3,MLP-FedProx-mu0.05,1.0,8,0.584977
5,3,MLP-FedProx-mu0.05,1.0,9,0.584754
5,3,MLP-FedProx-mu0.05,1.0,10,0.584174
5,3,MLP-FedProx-mu0.05,1.0,11,0.58436
5,3,MLP-FedProx-mu0.05,1.0,12,0.58304
5,3,MLP-FedProx-mu0.05,1.0,13,0.584025
5,3,MLP-FedProx-mu0.05,1.0,14,0.580868
5,3,MLP-FedProx-mu0.05,1.0,15,0.584535
5,3,MLP-FedProx-mu0.05,1.0,16,0.577062
5,3,MLP-FedProx-mu0.05,1.0,17,0.58844
5,3,MLP-FedProx-mu0.05,1.0,18,0.571427
5,3,MLP-FedProx-mu0.05,1.0,19,0.597592
5,3,MLP-FedProx-mu0.05,0.5,0,1.265197
5,3,MLP-FedProx-mu0.05,0.5,1,1.309157
5,3,MLP-FedProx-mu0.05,0.5,2,1.2908
5,3,MLP-FedProx-mu0.05,0.5,3,1.466417
5,3,MLP-FedProx-mu0.05,0.5,4,1.312123
5,3,MLP-FedProx-mu0.05,0.5,5,1.590987
5,3,MLP-FedProx-mu0.05,0.5,6,1.157609
5,3,MLP-FedProx-mu0.05,0.5,7,1.07352
5,3,MLP-FedProx-mu0.05,0.5,8,1.159161
5,3,MLP-FedProx-mu0.05,0.5,9,1.184151
5,3,MLP-FedProx-mu0.05,0.5,10,1.234502
5,3,MLP-FedProx-mu0.05,0.5,11,1.259842
5,3,MLP-FedProx-mu0.05,0.5,12,1.260373
5,3,MLP-FedProx-mu0.05,0.5,13,1.102878
5,3,MLP-FedProx-mu0.05,0.5,14,1.126934
5,3,MLP-FedProx-mu0.05,0.5,15,1.062406
5,3,MLP-FedProx-mu0.05,0.5,16,1.14215
5,3,MLP-FedProx-mu0.05,0.5,17,1.120581
5,3,MLP-FedProx-mu0.05,0.5,18,1.161847
5,3,MLP-FedProx-mu0.05,0.5,19,1.171306
5,3,MLP-FedProx-mu0.05,0.1,0,1.235408
5,3,MLP-FedProx-mu0.05,0.1,1,1.246513
5,3,MLP-FedProx-mu0.05,0.1,2,1.225769
5,3,MLP-FedProx-mu0.05,0.1,3,1.312632
5,3,MLP-FedProx-mu0.05,0.1,4,1.219698
5,3,MLP-FedProx-mu0.05,0.1,5,1.340443
5,3,MLP-FedProx-mu0.05,0.1,6,1.141614
5,3,MLP-FedProx-mu0.05,0.1,7,1.380725
5,3,MLP-FedProx-mu0.05,0.1,8,1.178809
5,3,MLP-FedProx-mu0.05,0.1,9,0.991887
5,3,MLP-FedProx-mu0.05,0.1,10,0.907853
5,3,MLP-FedProx-mu0.05,0.1,11,0.92874
5,3,MLP-FedProx-mu0.05,0.1,12,0.950325
5,3,MLP-FedProx-mu0.05,0.1,13,1.001734
5,3,MLP-FedProx-mu0.05,0.1,14,0.974302
5,3,MLP-FedProx-mu0.05,0.1,15,0.990864
5,3,MLP-FedProx-mu0.05,0.1,16,1.00334
5,3,MLP-FedProx-mu0.05,0.1,17,1.015793
5,3,MLP-FedProx-mu0.05,0.1,18,1.023512
5,3,MLP-FedProx-mu0.05,0.1,19,1.034053
5,3,MLP-FedProx-mu0.05,natural,0,0.698976
5,3,MLP-FedProx-mu0.05,natural,1,0.622837
5,3,MLP-FedProx-mu0.05,natural,2,0.588834
5,3,MLP-FedProx-mu0.05,natural,3,0.542912
5,3,MLP-FedProx-mu0.05,natural,4,0.510157
5,3,MLP-FedProx-mu0.05,natural,5,0.492568
5,3,MLP-FedProx-mu0.05,natural,6,0.483405
5,3,MLP-FedProx-mu0.05,natural,7,0.478623
5,3,MLP-FedProx-mu0.05,natural,8,0.477449
5,3,MLP-FedProx-mu0.05,natural,9,0.47748
5,3,MLP-FedProx-mu0.05,natural,10,0.478084
5,3,MLP-FedProx-mu0.05,natural,11,0.478152
5,3,MLP-FedProx-mu0.05,natural,12,0.481374
5,3,MLP-FedProx-mu0.05,natural,13,0.474119
5,3,MLP-FedProx-mu0.05,natural,14,0.483791
5,3,MLP-FedProx-mu0.05,natural,15,0.486865
5,3,MLP-FedProx-mu0.05,natural,16,0.463186
5,3,MLP-FedProx-mu0.05,natural,17,0.482141
5,3,MLP-FedProx-mu0.05,natural,18,0.467489
5,3,MLP-FedProx-mu0.05,natural,19,0.478485
5,4,MLP-FedProx-mu0.05,100,0,0.10434
5,4,MLP-FedProx-mu0.05,100,1,0.08852
5,4,MLP-FedProx-mu0.05,100,2,0.103375
5,4,MLP-FedProx-mu0.05,100,3,0.119805
5,4,MLP-FedProx-mu0.05,100,4,0.131116
5,4,MLP-FedProx-mu0.05,100,5,0.141492
5,4,MLP-FedProx-mu0.05,100,6,0.155565
5,4,MLP-FedProx-mu0.05,100,7,0.192103
5,4,MLP-FedProx-mu0.05,100,8,0.221339
5,4,MLP-FedProx-mu0.05,100,9,0.259392
5,4,MLP-FedProx-mu0.05,100,10,0.220235
5,4,MLP-FedProx-mu0.05,100,11,0.168244
5,4,MLP-FedProx-mu0.05,100,12,0.190357
5,4,MLP-FedProx-mu0.05,100,13,0.178533
5,4,MLP-FedProx-mu0.05,100,14,0.185872
5,4,MLP-FedProx-mu0.05,100,15,0.179745
5,4,MLP-FedProx-mu0.05,100,16,0.187051
5,4,MLP-FedProx-mu0.05,100,17,0.181534
5,4,MLP-FedProx-mu0.05,100,18,0.186652
5,4,MLP-FedProx-mu0.05,100,19,0.184459
5,4,MLP-FedProx-mu0.05,1.0,0,0.886634
5,4,MLP-FedProx-mu0.05,1.0,1,0.790505
5,4,MLP-FedProx-mu0.05,1.0,2,0.701048
5,4,MLP-FedProx-mu0.05,1.0,3,0.645428
5,4,MLP-FedProx-mu0.05,1.0,4,0.615222
5,4,MLP-FedProx-mu0.05,1.0,5,0.601876
5,4,MLP-FedProx-mu0.05,1.0,6,0.597895
5,4,MLP-FedProx-mu0.05,1.0,7,0.598408
5,4,MLP-FedProx-mu0.05,1.0,8,0.599392
5,4,MLP-FedProx-mu0.05,1.0,9,0.60282
5,4,MLP-FedProx-mu0.05,1.0,10,0.598594
5,4,MLP-FedProx-mu0.05,1.0,11,0.613721
5,4,MLP-FedProx-mu0.05,1.0,12,0.580706
5,4,MLP-FedProx-mu0.05,1.0,13,0.621687
5,4,MLP-FedProx-mu0.05,1.0,14,0.592692
5,4,MLP-FedProx-mu0.05,1.0,15,0.628355
5,4,MLP-FedProx-mu0.05,1.0,16,0.594185
5,4,MLP-FedProx-mu0.05,1.0,17,0.629911
5,4,MLP-FedProx-mu0.05,1.0,18,0.598944
5,4,MLP-FedProx-mu0.05,1.0,19,0.631375
5,4,MLP-FedProx-mu0.05,0.5,0,1.261669
5,4,MLP-FedProx-mu0.05,0.5,1,1.315271
5,4,MLP-FedProx-mu0.05,0.5,2,1.306478
5,4,MLP-FedProx-mu0.05,0.5,3,1.512734
5,4,MLP-FedProx-mu0.05,0.5,4,1.340863
5,4,MLP-FedProx-mu0.05,0.5,5,1.654311
5,4,MLP-FedProx-mu0.05,0.5,6,1.16387
5,4,MLP-FedProx-mu0.05,0.5,7,1.093185
5,4,MLP-FedProx-mu0.05,0.5,8,1.21306
5,4,MLP-FedProx-mu0.05,0.5,9,1.291507
5,4,MLP-FedProx-mu0.05,0.5,10,1.355096
5,4,MLP-FedProx-mu0.05,0.5,11,1.532354
5,4,MLP-FedProx-mu0.05,0.5,12,1.270741
5,4,MLP-FedProx-mu0.05,0.5,13,1.299332
5,4,MLP-FedProx-mu0.05,0.5,14,1.322475
5,4,MLP-FedProx-mu0.05,0.5,15,1.094947
5,4,MLP-FedProx-mu0.05,0.5,16,1.176176
5,4,MLP-FedProx-mu0.05,0.5,17,1.136521
5,4,MLP-FedProx-mu0.05,0.5,18,1.211952
5,4,MLP-FedProx-mu0.05,0.5,19,1.270664
5,4,MLP-FedProx-mu0.05,0.1,0,1.245397
5,4,MLP-FedProx-mu0.05,0.1,1,1.276677
5,4,MLP-FedProx-mu0.05,0.1,2,1.254836
5,4,MLP-FedProx-mu0.05,0.1,3,1.392141
5,4,MLP-FedProx-mu0.05,0.1,4,1.237343
5,4,MLP-FedProx-mu0.05,0.1,5,1.513464
5,4,MLP-FedProx-mu0.05,0.1,6,1.076355
5,4,MLP-FedProx-mu0.05,0.1,7,1.242792
5,4,MLP-FedProx-mu0.05,0.1,8,1.11104
5,4,MLP-FedProx-mu0.05,0.1,9,1.201201
5,4,MLP-FedProx-mu0.05,0.1,10,1.051755
5,4,MLP-FedProx-mu0.05,0.1,11,1.014267
5,4,MLP-FedProx-mu0.05,0.1,12,0.962579
5,4,MLP-FedProx-mu0.05,0.1,13,1.028172
5,4,MLP-FedProx-mu0.05,0.1,14,1.008252
5,4,MLP-FedProx-mu0.05,0.1,15,1.082749
5,4,MLP-FedProx-mu0.05,0.1,16,1.034892
5,4,MLP-FedProx-mu0.05,0.1,17,1.123478
5,4,MLP-FedProx-mu0.05,0.1,18,1.028081
5,4,MLP-FedProx-mu0.05,0.1,19,1.147208
5,4,MLP-FedProx-mu0.05,natural,0,0.733201
5,4,MLP-FedProx-mu0.05,natural,1,0.629239
5,4,MLP-FedProx-mu0.05,natural,2,0.596013
5,4,MLP-FedProx-mu0.05,natural,3,0.552612
5,4,MLP-FedProx-mu0.05,natural,4,0.52226
5,4,MLP-FedProx-mu0.05,natural,5,0.50772
5,4,MLP-FedProx-mu0.05,natural,6,0.502846
5,4,MLP-FedProx-mu0.05,natural,7,0.506922
5,4,MLP-FedProx-mu0.05,natural,8,0.516183
5,4,MLP-FedProx-mu0.05,natural,9,0.520627
5,4,MLP-FedProx-mu0.05,natural,10,0.520982
5,4,MLP-FedProx-mu0.05,natural,11,0.515799
5,4,MLP-FedProx-mu0.05,natural,12,0.525537
5,4,MLP-FedProx-mu0.05,natural,13,0.523154
5,4,MLP-FedProx-mu0.05,natural,14,0.454023
5,4,MLP-FedProx-mu0.05,natural,15,0.483073
5,4,MLP-FedProx-mu0.05,natural,16,0.469276
5,4,MLP-FedProx-mu0.05,natural,17,0.482147
5,4,MLP-FedProx-mu0.05,natural,18,0.45954
5,4,MLP-FedProx-mu0.05,natural,19,0.470539
6,0,MLP-FedProx-mu0.05,100,0,0.142898
6,0,MLP-FedProx-mu0.05,100,1,0.141194
6,0,MLP-FedProx-mu0.05,100,2,0.144635
6,0,MLP-FedProx-mu0.05,100,3,0.152254
6,0,MLP-FedProx-mu0.05,100,4,0.164567
6,0,MLP-FedProx-mu0.05,100,5,0.180282
6,0,MLP-FedProx-mu0.05,100,6,0.20313
6,0,MLP-FedProx-mu0.05,100,7,0.231402
6,0,MLP-FedProx-mu0.05,100,8,0.225027
6,0,MLP-FedProx-mu0.05,100,9,0.208963
6,0,MLP-FedProx-mu0.05,100,10,0.219131
6,0,MLP-FedProx-mu0.05,100,11,0.232908
6,0,MLP-FedProx-mu0.05,100,12,0.249005
6,0,MLP-FedProx-mu0.05,100,13,0.270708
6,0,MLP-FedProx-mu0.05,100,14,0.295636
6,0,MLP-FedProx-mu0.05,100,15,0.267439
6,0,MLP-FedProx-mu0.05,100,16,0.260089
6,0,MLP-FedProx-mu0.05,100,17,0.24562
6,0,MLP-FedProx-mu0.05,100,18,0.257065
6,0,MLP-FedProx-mu0.05,100,19,0.247374
6,0,MLP-FedProx-mu0.05,1.0,0,0.887224
6,0,MLP-FedProx-mu0.05,1.0,1,0.877042
6,0,MLP-FedProx-mu0.05,1.0,2,0.868192
6,0,MLP-FedProx-mu0.05,1.0,3,0.839249
6,0,MLP-FedProx-mu0.05,1.0,4,0.786321
6,0,MLP-FedProx-mu0.05,1.0,5,0.738727
6,0,MLP-FedProx-mu0.05,1.0,6,0.705134
6,0,MLP-FedProx-mu0.05,1.0,7,0.686304
6,0,MLP-FedProx-mu0.05,1.0,8,0.674024
6,0,MLP-FedProx-mu0.05,1.0,9,0.666102
6,0,MLP-FedProx-mu0.05,1.0,10,0.669884
6,0,MLP-FedProx-mu0.05,1.0,11,0.675919
6,0,MLP-FedProx-mu0.05,1.0,12,0.681205
6,0,MLP-FedProx-mu0.05,1.0,13,0.675747
6,0,MLP-FedProx-mu0.05,1.0,14,0.680764
6,0,MLP-FedProx-mu0.05,1.0,15,0.661519
6,0,MLP-FedProx-mu0.05,1.0,16,0.680707
6,0,MLP-FedProx-mu0.05,1.0,17,0.643514
6,0,MLP-FedProx-mu0.05,1.0,18,0.692374
6,0,MLP-FedProx-mu0.05,1.0,19,0.653749
6,0,MLP-FedProx-mu0.05,0.5,0,0.8486
6,0,MLP-FedProx-mu0.05,0.5,1,0.844265
6,0,MLP-FedProx-mu0.05,0.5,2,0.840708
6,0,MLP-FedProx-mu0.05,0.5,3,0.831123
6,0,MLP-FedProx-mu0.05,0.5,4,0.797265
6,0,MLP-FedProx-mu0.05,0.5,5,0.731096
6,0,MLP-FedProx-mu0.05,0.5,6,0.662537
6,0,MLP-FedProx-mu0.05,0.5,7,0.610105
6,0,MLP-FedProx-mu0.05,0.5,8,0.599901
6,0,MLP-FedProx-mu0.05,0.5,9,0.59787
6,0,MLP-FedProx-mu0.05,0.5,10,0.547589
6,0,MLP-FedProx-mu0.05,0.5,11,0.547417
6,0,MLP-FedProx-mu0.05,0.5,12,0.535108
6,0,MLP-FedProx-mu0.05,0.5,13,0.533197
6,0,MLP-FedProx-mu0.05,0.5,14,0.528742
6,0,MLP-FedProx-mu0.05,0.5,15,0.528498
6,0,MLP-FedProx-mu0.05,0.5,16,0.527222
6,0,MLP-FedProx-mu0.05,0.5,17,0.527779
6,0,MLP-FedProx-mu0.05,0.5,18,0.527728
6,0,MLP-FedProx-mu0.05,0.5,19,0.528249
6,0,MLP-FedProx-mu0.05,0.1,0,1.221553
6,0,MLP-FedProx-mu0.05,0.1,1,1.22055
6,0,MLP-FedProx-mu0.05,0.1,2,1.221913
6,0,MLP-FedProx-mu0.05,0.1,3,1.218852
6,0,MLP-FedProx-mu0.05,0.1,4,1.209291
6,0,MLP-FedProx-mu0.05,0.1,5,1.174639
6,0,MLP-FedProx-mu0.05,0.1,6,1.113582
6,0,MLP-FedProx-mu0.05,0.1,7,1.059023
6,0,MLP-FedProx-mu0.05,0.1,8,1.038968
6,0,MLP-FedProx-mu0.05,0.1,9,1.029671
6,0,MLP-FedProx-mu0.05,0.1,10,1.020141
6,0,MLP-FedProx-mu0.05,0.1,11,1.018541
6,0,MLP-FedProx-mu0.05,0.1,12,1.019336
6,0,MLP-FedProx-mu0.05,0.1,13,1.065726
6,0,MLP-FedProx-mu0.05,0.1,14,0.982578
6,0,MLP-FedProx-mu0.05,0.1,15,1.025623
6,0,MLP-FedProx-mu0.05,0.1,16,0.947162
6,0,MLP-FedProx-mu0.05,0.1,17,1.001759
6,0,MLP-FedProx-mu0.05,0.1,18,0.940451
6,0,MLP-FedProx-mu0.05,0.1,19,1.008915
6,0,MLP-FedProx-mu0.05,natural,0,0.703456
6,0,MLP-FedProx-mu0.05,natural,1,0.694902
6,0,MLP-FedProx-mu0.05,natural,2,0.690763
6,0,MLP-FedProx-mu0.05,natural,3,0.688061
6,0,MLP-FedProx-mu0.05,natural,4,0.68603
6,0,MLP-FedProx-mu0.05,natural,5,0.685313
6,0,MLP-FedProx-mu0.05,natural,6,0.688209
6,0,MLP-FedProx-mu0.05,natural,7,0.667669
6,0,MLP-FedProx-mu0.05,natural,8,0.619594
6,0,MLP-FedProx-mu0.05,natural,9,0.587988
6,0,MLP-FedProx-mu0.05,natural,10,0.572396
6,0,MLP-FedProx-mu0.05,natural,11,0.564091
6,0,MLP-FedProx-mu0.05,natural,12,0.561461
6,0,MLP-FedProx-mu0.05,natural,13,0.560953
6,0,MLP-FedProx-mu0.05,natural,14,0.558588
6,0,MLP-FedProx-mu0.05,natural,15,0.564316
6,0,MLP-FedProx-mu0.05,natural,16,0.53677
6,0,MLP-FedProx-mu0.05,natural,17,0.585281
6,0,MLP-FedProx-mu0.05,natural,18,0.524762
6,0,MLP-FedProx-mu0.05,natural,19,0.53731
6,1,MLP-FedProx-mu0.05,100,0,0.180515
6,1,MLP-FedProx-mu0.05,100,1,0.179417
6,1,MLP-FedProx-mu0.05,100,2,0.181874
6,1,MLP-FedProx-mu0.05,100,3,0.186947
6,1,MLP-FedProx-mu0.05,100,4,0.195674
6,1,MLP-FedProx-mu0.05,100,5,0.206927
6,1,MLP-FedProx-mu0.05,100,6,0.215664
6,1,MLP-FedProx-mu0.05,100,7,0.223174
6,1,MLP-FedProx-mu0.05,100,8,0.22734
6,1,MLP-FedProx-mu0.05,100,9,0.195506
6,1,MLP-FedProx-mu0.05,100,10,0.186779
6,1,MLP-FedProx-mu0.05,100,11,0.196641
6,1,MLP-FedProx-mu0.05,100,12,0.208626
6,1,MLP-FedProx-mu0.05,100,13,0.21748
6,1,MLP-FedProx-mu0.05,100,14,0.233943
6,1,MLP-FedProx-mu0.05,100,15,0.264814
6,1,MLP-FedProx-mu0.05,100,16,0.269841
6,1,MLP-FedProx-mu0.05,100,17,0.182072
6,1,MLP-FedProx-mu0.05,100,18,0.220482
6,1,MLP-FedProx-mu0.05,100,19,0.203685
6,1,MLP-FedProx-mu0.05,1.0,0,0.915709
6,1,MLP-FedProx-mu0.05,1.0,1,0.904587
6,1,MLP-FedProx-mu0.05,1.0,2,0.888054
6,1,MLP-FedProx-mu0.05,1.0,3,0.833787
6,1,MLP-FedProx-mu0.05,1.0,4,0.762207
6,1,MLP-FedProx-mu0.05,1.0,5,0.711736
6,1,MLP-FedProx-mu0.05,1.0,6,0.674614
6,1,MLP-FedProx-mu0.05,1.0,7,0.648573
6,1,MLP-FedProx-mu0.05,1.0,8,0.643564
6,1,MLP-FedProx-mu0.05,1.0,9,0.642474
6,1,MLP-FedProx-mu0.05,1.0,10,0.641281
6,1,MLP-FedProx-mu0.05,1.0,11,0.648462
6,1,MLP-FedProx-mu0.05,1.0,12,0.65353
6,1,MLP-FedProx-mu0.05,1.0,13,0.662466
6,1,MLP-FedProx-mu0.05,1.0,14,0.657885
6,1,MLP-FedProx-mu0.05,1.0,15,0.662324
6,1,MLP-FedProx-mu0.05,1.0,16,0.650458
6,1,MLP-FedProx-mu0.05,1.0,17,0.654562
6,1,MLP-FedProx-mu0.05,1.0,18,0.634728
6,1,MLP-FedProx-mu0.05,1.0,19,0.627004
6,1,MLP-FedProx-mu0.05,0.5,0,0.868923
6,1,MLP-FedProx-mu0.05,0.5,1,0.860616
6,1,MLP-FedProx-mu0.05,0.5,2,0.857057
6,1,MLP-FedProx-mu0.05,0.5,3,0.851778
6,1,MLP-FedProx-mu0.05,0.5,4,0.829615
6,1,MLP-FedProx-mu0.05,0.5,5,0.776173
6,1,MLP-FedProx-mu0.05,0.5,6,0.715006
6,1,MLP-FedProx-mu0.05,0.5,7,0.65828
6,1,MLP-FedProx-mu0.05,0.5,8,0.643155
6,1,MLP-FedProx-mu0.05,0.5,9,0.601018
6,1,MLP-FedProx-mu0.05,0.5,10,0.574029
6,1,MLP-FedProx-mu0.05,0.5,11,0.565687
6,1,MLP-FedProx-mu0.05,0.5,12,0.554473
6,1,MLP-FedProx-mu0.05,0.5,13,0.553223
6,1,MLP-FedProx-mu0.05,0.5,14,0.539002
6,1,MLP-FedProx-mu0.05,0.5,15,0.550354
6,1,MLP-FedProx-mu0.05,0.5,16,0.529028
6,1,MLP-FedProx-mu0.05,0.5,17,0.549791
6,1,MLP-FedProx-mu0.05,0.5,18,0.539218
6,1,MLP-FedProx-mu0.05,0.5,19,0.544894
6,1,MLP-FedProx-mu0.05,0.1,0,1.204388
6,1,MLP-FedProx-mu0.05,0.1,1,1.20466
6,1,MLP-FedProx-mu0.05,0.1,2,1.209055
6,1,MLP-FedProx-mu0.05,0.1,3,1.209354
6,1,MLP-FedProx-mu0.05,0.1,4,1.20694
6,1,MLP-FedProx-mu0.05,0.1,5,1.188593
6,1,MLP-FedProx-mu0.05,0.1,6,1.131887
6,1,MLP-FedProx-mu0.05,0.1,7,1.060116
6,1,MLP-FedProx-mu0.05,0.1,8,1.017255
6,1,MLP-FedProx-mu0.05,0.1,9,1.021425
6,1,MLP-FedProx-mu0.05,0.1,10,1.003735
6,1,MLP-FedProx-mu0.05,0.1,11,1.01372
6,1,MLP-FedProx-mu0.05,0.1,12,0.971298
6,1,MLP-FedProx-mu0.05,0.1,13,0.991151
6,1,MLP-FedProx-mu0.05,0.1,14,0.925396
6,1,MLP-FedProx-mu0.05,0.1,15,0.970543
6,1,MLP-FedProx-mu0.05,0.1,16,0.915512
6,1,MLP-FedProx-mu0.05,0.1,17,0.95601
6,1,MLP-FedProx-mu0.05,0.1,18,0.907585
6,1,MLP-FedProx-mu0.05,0.1,19,0.941584
6,1,MLP-FedProx-mu0.05,natural,0,0.715823
6,1,MLP-FedProx-mu0.05,natural,1,0.704663
6,1,MLP-FedProx-mu0.05,natural,2,0.699119
6,1,MLP-FedProx-mu0.05,natural,3,0.696203
6,1,MLP-FedProx-mu0.05,natural,4,0.695294
6,1,MLP-FedProx-mu0.05,natural,5,0.696724
6,1,MLP-FedProx-mu0.05,natural,6,0.702381
6,1,MLP-FedProx-mu0.05,natural,7,0.686552
6,1,MLP-FedProx-mu0.05,natural,8,0.626828
6,1,MLP-FedProx-mu0.05,natural,9,0.579062
6,1,MLP-FedProx-mu0.05,natural,10,0.555386
6,1,MLP-FedProx-mu0.05,natural,11,0.53607
6,1,MLP-FedProx-mu0.05,natural,12,0.525526
6,1,MLP-FedProx-mu0.05,natural,13,0.507813
6,1,MLP-FedProx-mu0.05,natural,14,0.505806
6,1,MLP-FedProx-mu0.05,natural,15,0.495362
6,1,MLP-FedProx-mu0.05,natural,16,0.486373
6,1,MLP-FedProx-mu0.05,natural,17,0.485953
6,1,MLP-FedProx-mu0.05,natural,18,0.478073
6,1,MLP-FedProx-mu0.05,natural,19,0.481099
6,2,MLP-FedProx-mu0.05,100,0,0.175459
6,2,MLP-FedProx-mu0.05,100,1,0.173537
6,2,MLP-FedProx-mu0.05,100,2,0.175172
6,2,MLP-FedProx-mu0.05,100,3,0.179891
6,2,MLP-FedProx-mu0.05,100,4,0.188101
6,2,MLP-FedProx-mu0.05,100,5,0.198388
6,2,MLP-FedProx-mu0.05,100,6,0.208687
6,2,MLP-FedProx-mu0.05,100,7,0.223572
6,2,MLP-FedProx-mu0.05,100,8,0.241964
6,2,MLP-FedProx-mu0.05,100,9,0.235646
6,2,MLP-FedProx-mu0.05,100,10,0.226673
6,2,MLP-FedProx-mu0.05,100,11,0.229228
6,2,MLP-FedProx-mu0.05,100,12,0.240033
6,2,MLP-FedProx-mu0.05,100,13,0.262697
6,2,MLP-FedProx-mu0.05,100,14,0.297145
6,2,MLP-FedProx-mu0.05,100,15,0.335275
6,2,MLP-FedProx-mu0.05,100,16,0.271312
6,2,MLP-FedProx-mu0.05,100,17,0.257429
6,2,MLP-FedProx-mu0.05,100,18,0.270503
6,2,MLP-FedProx-mu0.05,100,19,0.260049
6,2,MLP-FedProx-mu0.05,1.0,0,0.928645
6,2,MLP-FedProx-mu0.05,1.0,1,0.917305
6,2,MLP-FedProx-mu0.05,1.0,2,0.896173
6,2,MLP-FedProx-mu0.05,1.0,3,0.849381
6,2,MLP-FedProx-mu0.05,1.0,4,0.79394
6,2,MLP-FedProx-mu0.05,1.0,5,0.744433
6,2,MLP-FedProx-mu0.05,1.0,6,0.716157
6,2,MLP-FedProx-mu0.05,1.0,7,0.723123
6,2,MLP-FedProx-mu0.05,1.0,8,0.698254
6,2,MLP-FedProx-mu0.05,1.0,9,0.677819
6,2,MLP-FedProx-mu0.05,1.0,10,0.674705
6,2,MLP-FedProx-mu0.05,1.0,11,0.63172
6,2,MLP-FedProx-mu0.05,1.0,12,0.672383
6,2,MLP-FedProx-mu0.05,1.0,13,0.637022
6,2,MLP-FedProx-mu0.05,1.0,14,0.691528
6,2,MLP-FedProx-mu0.05,1.0,15,0.625451
6,2,MLP-FedProx-mu0.05,1.0,16,0.695007
6,2,MLP-FedProx-mu0.05,1.0,17,0.620611
6,2,MLP-FedProx-mu0.05,1.0,18,0.693557
6,2,MLP-FedProx-mu0.05,1.0,19,0.61486
6,2,MLP-FedProx-mu0.05,0.5,0,0.864503
6,2,MLP-FedProx-mu0.05,0.5,1,0.862556
6,2,MLP-FedProx-mu0.05,0.5,2,0.862532
6,2,MLP-FedProx-mu0.05,0.5,3,0.859034
6,2,MLP-FedProx-mu0.05,0.5,4,0.835652
6,2,MLP-FedProx-mu0.05,0.5,5,0.778563
6,2,MLP-FedProx-mu0.05,0.5,6,0.70977
6,2,MLP-FedProx-mu0.05,0.5,7,0.658718
6,2,MLP-FedProx-mu0.05,0.5,8,0.672757
6,2,MLP-FedProx-mu0.05,0.5,9,0.637033
6,2,MLP-FedProx-mu0.05,0.5,10,0.605857
6,2,MLP-FedProx-mu0.05,0.5,11,0.575068
6,2,MLP-FedProx-mu0.05,0.5,12,0.562972
6,2,MLP-FedProx-mu0.05,0.5,13,0.553228
6,2,MLP-FedProx-mu0.05,0.5,14,0.552357
6,2,MLP-FedProx-mu0.05,0.5,15,0.552587
6,2,MLP-FedProx-mu0.05,0.5,16,0.553177
6,2,MLP-FedProx-mu0.05,0.5,17,0.553846
6,2,MLP-FedProx-mu0.05,0.5,18,0.554621
6,2,MLP-FedProx-mu0.05,0.5,19,0.555406
6,2,MLP-FedProx-mu0.05,0.1,0,1.191664
6,2,MLP-FedProx-mu0.05,0.1,1,1.188072
6,2,MLP-FedProx-mu0.05,0.1,2,1.186619
6,2,MLP-FedProx-mu0.05,0.1,3,1.18383
6,2,MLP-FedProx-mu0.05,0.1,4,1.17943
6,2,MLP-FedProx-mu0.05,0.1,5,1.166612
6,2,MLP-FedProx-mu0.05,0.1,6,1.118085
6,2,MLP-FedProx-mu0.05,0.1,7,1.052807
6,2,MLP-FedProx-mu0.05,0.1,8,1.007999
6,2,MLP-FedProx-mu0.05,0.1,9,0.999008
6,2,MLP-FedProx-mu0.05,0.1,10,0.988397
6,2,MLP-FedProx-mu0.05,0.1,11,0.979902
6,2,MLP-FedProx-mu0.05,0.1,12,0.975397
6,2,MLP-FedProx-mu0.05,0.1,13,1.011306
6,2,MLP-FedProx-mu0.05,0.1,14,0.964349
6,2,MLP-FedProx-mu0.05,0.1,15,1.018401
6,2,MLP-FedProx-mu0.05,0.1,16,0.925663
6,2,MLP-FedProx-mu0.05,0.1,17,0.995857
6,2,MLP-FedProx-mu0.05,0.1,18,0.927967
6,2,MLP-FedProx-mu0.05,0.1,19,0.989498
6,2,MLP-FedProx-mu0.05,natural,0,0.640317
6,2,MLP-FedProx-mu0.05,natural,1,0.628648
6,2,MLP-FedProx-mu0.05,natural,2,0.622534
6,2,MLP-FedProx-mu0.05,natural,3,0.618626
6,2,MLP-FedProx-mu0.05,natural,4,0.616071
6,2,MLP-FedProx-mu0.05,natural,5,0.61514
6,2,MLP-FedProx-mu0.05,natural,6,0.617501
6,2,MLP-FedProx-mu0.05,natural,7,0.617104
6,2,MLP-FedProx-mu0.05,natural,8,0.570765
6,2,MLP-FedProx-mu0.05,natural,9,0.538785
6,2,MLP-FedProx-mu0.05,natural,10,0.512252
6,2,MLP-FedProx-mu0.05,natural,11,0.493901
6,2,MLP-FedProx-mu0.05,natural,12,0.479865
6,2,MLP-FedProx-mu0.05,natural,13,0.468936
6,2,MLP-FedProx-mu0.05,natural,14,0.461504
6,2,MLP-FedProx-mu0.05,natural,15,0.458198
6,2,MLP-FedProx-mu0.05,natural,16,0.4554
6,2,MLP-FedProx-mu0.05,natural,17,0.470436
6,2,MLP-FedProx-mu0.05,natural,18,0.477384
6,2,MLP-FedProx-mu0.05,natural,19,0.443191
6,3,MLP-FedProx-mu0.05,100,0,0.180124
6,3,MLP-FedProx-mu0.05,100,1,0.1785
6,3,MLP-FedProx-mu0.05,100,2,0.183074
6,3,MLP-FedProx-mu0.05,100,3,0.191817
6,3,MLP-FedProx-mu0.05,100,4,0.205015
6,3,MLP-FedProx-mu0.05,100,5,0.219824
6,3,MLP-FedProx-mu0.05,100,6,0.236424
6,3,MLP-FedProx-mu0.05,100,7,0.254696
6,3,MLP-FedProx-mu0.05,100,8,0.240697
6,3,MLP-FedProx-mu0.05,100,9,0.226426
6,3,MLP-FedProx-mu0.05,100,10,0.23508
6,3,MLP-FedProx-mu0.05,100,11,0.252738
6,3,MLP-FedProx-mu0.05,100,12,0.270497
6,3,MLP-FedProx-mu0.05,100,13,0.287988
6,3,MLP-FedProx-mu0.05,100,14,0.2984
6,3,MLP-FedProx-mu0.05,100,15,0.313372
6,3,MLP-FedProx-mu0.05,100,16,0.267977
6,3,MLP-FedProx-mu0.05,100,17,0.298872
6,3,MLP-FedProx-mu0.05,100,18,0.288793
6,3,MLP-FedProx-mu0.05,100,19,0.307071
6,3,MLP-FedProx-mu0.05,1.0,0,0.919282
6,3,MLP-FedProx-mu0.05,1.0,1,0.908816
6,3,MLP-FedProx-mu0.05,1.0,2,0.892694
6,3,MLP-FedProx-mu0.05,1.0,3,0.841396
6,3,MLP-FedProx-mu0.05,1.0,4,0.776885
6,3,MLP-FedProx-mu0.05,1.0,5,0.721193
6,3,MLP-FedProx-mu0.05,1.0,6,0.673383
6,3,MLP-FedProx-mu0.05,1.0,7,0.638188
6,3,MLP-FedProx-mu0.05,1.0,8,0.614208
6,3,MLP-FedProx-mu0.05,1.0,9,0.590784
6,3,MLP-FedProx-mu0.05,1.0,10,0.580272
6,3,MLP-FedProx-mu0.05,1.0,11,0.578526
6,3,MLP-FedProx-mu0.05,1.0,12,0.578419
6,3,MLP-FedProx-mu0.05,1.0,13,0.578798
6,3,MLP-FedProx-mu0.05,1.0,14,0.57699
6,3,MLP-FedProx-mu0.05,1.0,15,0.574174
6,3,MLP-FedProx-mu0.05,1.0,16,0.570719
6,3,MLP-FedProx-mu0.05,1.0,17,0.568008
6,3,MLP-FedProx-mu0.05,1.0,18,0.565112
6,3,MLP-FedProx-mu0.05,1.0,19,0.561886
6,3,MLP-FedProx-mu0.05,0.5,0,0.870683
6,3,MLP-FedProx-mu0.05,0.5,1,0.864925
6,3,MLP-FedProx-mu0.05,0.5,2,0.859423
6,3,MLP-FedProx-mu0.05,0.5,3,0.836891
6,3,MLP-FedProx-mu0.05,0.5,4,0.784258
6,3,MLP-FedProx-mu0.05,0.5,5,0.718273
6,3,MLP-FedProx-mu0.05,0.5,6,0.65816
6,3,MLP-FedProx-mu0.05,0.5,7,0.615953
6,3,MLP-FedProx-mu0.05,0.5,8,0.603345
6,3,MLP-FedProx-mu0.05,0.5,9,0.561669
6,3,MLP-FedProx-mu0.05,0.5,10,0.553681
6,3,MLP-FedProx-mu0.05,0.5,11,0.548453
6,3,MLP-FedProx-mu0.05,0.5,12,0.546799
6,3,MLP-FedProx-mu0.05,0.5,13,0.54699
6,3,MLP-FedProx-mu0.05,0.5,14,0.547825
6,3,MLP-FedProx-mu0.05,0.5,15,0.548736
6,3,MLP-FedProx-mu0.05,0.5,16,0.549519
6,3,MLP-FedProx-mu0.05,0.5,17,0.550151
6,3,MLP-FedProx-mu0.05,0.5,18,0.550674
6,3,MLP-FedProx-mu0.05,0.5,19,0.551139
6,3,MLP-FedProx-mu0.05,0.1,0,1.203428
6,3,MLP-FedProx-mu0.05,0.1,1,1.200482
6,3,MLP-FedProx-mu0.05,0.1,2,1.199894
6,3,MLP-FedProx-mu0.05,0.1,3,1.194286
6,3,MLP-FedProx-mu0.05,0.1,4,1.16763
6,3,MLP-FedProx-mu0.05,0.1,5,1.118362
6,3,MLP-FedProx-mu0.05,0.1,6,1.058036
6,3,MLP-FedProx-mu0.05,0.1,7,1.019322
6,3,MLP-FedProx-mu0.05,0.1,8,1.00583
6,3,MLP-FedProx-mu0.05,0.1,9,0.982068
6,3,MLP-FedProx-mu0.05,0.1,10,0.967939
6,3,MLP-FedProx-mu0.05,0.1,11,0.946777
6,3,MLP-FedProx-mu0.05,0.1,12,0.982794
6,3,MLP-FedProx-mu0.05,0.1,13,0.938161
6,3,MLP-FedProx-mu0.05,0.1,14,0.971379
6,3,MLP-FedProx-mu0.05,0.1,15,0.915247
6,3,MLP-FedProx-mu0.05,0.1,16,0.949841
6,3,MLP-FedProx-mu0.05,0.1,17,0.916495
6,3,MLP-FedProx-mu0.05,0.1,18,0.944552
6,3,MLP-FedProx-mu0.05,0.1,19,0.916496
6,3,MLP-FedProx-mu0.05,natural,0,0.659436
6,3,MLP-FedProx-mu0.05,natural,1,0.646704
6,3,MLP-FedProx-mu0.05,natural,2,0.638381
6,3,MLP-FedProx-mu0.05,natural,3,0.632427
6,3,MLP-FedProx-mu0.05,natural,4,0.629302
6,3,MLP-FedProx-mu0.05,natural,5,0.630191
6,3,MLP-FedProx-mu0.05,natural,6,0.636565
6,3,MLP-FedProx-mu0.05,natural,7,0.613397
6,3,MLP-FedProx-mu0.05,natural,8,0.553606
6,3,MLP-FedProx-mu0.05,natural,9,0.509369
6,3,MLP-FedProx-mu0.05,natural,10,0.480019
6,3,MLP-FedProx-mu0.05,natural,11,0.460398
6,3,MLP-FedProx-mu0.05,natural,12,0.44572
6,3,MLP-FedProx-mu0.05,natural,13,0.434031
6,3,MLP-FedProx-mu0.05,natural,14,0.42482
6,3,MLP-FedProx-mu0.05,natural,15,0.418858
6,3,MLP-FedProx-mu0.05,natural,16,0.413826
6,3,MLP-FedProx-mu0.05,natural,17,0.424122
6,3,MLP-FedProx-mu0.05,natural,18,0.431574
6,3,MLP-FedProx-mu0.05,natural,19,0.394363
6,4,MLP-FedProx-mu0.05,100,0,0.17298
6,4,MLP-FedProx-mu0.05,100,1,0.171343
6,4,MLP-FedProx-mu0.05,100,2,0.172774
6,4,MLP-FedProx-mu0.05,100,3,0.176204
6,4,MLP-FedProx-mu0.05,100,4,0.182789
6,4,MLP-FedProx-mu0.05,100,5,0.194632
6,4,MLP-FedProx-mu0.05,100,6,0.21437
6,4,MLP-FedProx-mu0.05,100,7,0.227287
6,4,MLP-FedProx-mu0.05,100,8,0.201374
6,4,MLP-FedProx-mu0.05,100,9,0.19815
6,4,MLP-FedProx-mu0.05,100,10,0.209713
6,4,MLP-FedProx-mu0.05,100,11,0.226901
6,4,MLP-FedProx-mu0.05,100,12,0.241413
6,4,MLP-FedProx-mu0.05,100,13,0.247068
6,4,MLP-FedProx-mu0.05,100,14,0.250764
6,4,MLP-FedProx-mu0.05,100,15,0.272909
6,4,MLP-FedProx-mu0.05,100,16,0.229476
6,4,MLP-FedProx-mu0.05,100,17,0.276596
6,4,MLP-FedProx-mu0.05,100,18,0.249211
6,4,MLP-FedProx-mu0.05,100,19,0.269367
6,4,MLP-FedProx-mu0.05,1.0,0,0.899902
6,4,MLP-FedProx-mu0.05,1.0,1,0.890508
6,4,MLP-FedProx-mu0.05,1.0,2,0.873683
6,4,MLP-FedProx-mu0.05,1.0,3,0.824283
6,4,MLP-FedProx-mu0.05,1.0,4,0.769432
6,4,MLP-FedProx-mu0.05,1.0,5,0.722558
6,4,MLP-FedProx-mu0.05,1.0,6,0.698234
6,4,MLP-FedProx-mu0.05,1.0,7,0.67293
6,4,MLP-FedProx-mu0.05,1.0,8,0.667108
6,4,MLP-FedProx-mu0.05,1.0,9,0.659818
6,4,MLP-FedProx-mu0.05,1.0,10,0.647377
6,4,MLP-FedProx-mu0.05,1.0,11,0.658376
6,4,MLP-FedProx-mu0.05,1.0,12,0.663879
6,4,MLP-FedProx-mu0.05,1.0,13,0.664435
6,4,MLP-FedProx-mu0.05,1.0,14,0.658158
6,4,MLP-FedProx-mu0.05,1.0,15,0.652797
6,4,MLP-FedProx-mu0.05,1.0,16,0.640704
6,4,MLP-FedProx-mu0.05,1.0,17,0.629849
6,4,MLP-FedProx-mu0.05,1.0,18,0.613804
6,4,MLP-FedProx-mu0.05,1.0,19,0.602628
6,4,MLP-FedProx-mu0.05,0.5,0,0.895857
6,4,MLP-FedProx-mu0.05,0.5,1,0.894324
6,4,MLP-FedProx-mu0.05,0.5,2,0.893527
6,4,MLP-FedProx-mu0.05,0.5,3,0.885638
6,4,MLP-FedProx-mu0.05,0.5,4,0.845499
6,4,MLP-FedProx-mu0.05,0.5,5,0.777676
6,4,MLP-FedProx-mu0.05,0.5,6,0.711728
6,4,MLP-FedProx-mu0.05,0.5,7,0.693557
6,4,MLP-FedProx-mu0.05,0.5,8,0.688182
6,4,MLP-FedProx-mu0.05,0.5,9,0.635737
6,4,MLP-FedProx-mu0.05,0.5,10,0.602882
6,4,MLP-FedProx-mu0.05,0.5,11,0.588183
6,4,MLP-FedProx-mu0.05,0.5,12,0.584549
6,4,MLP-FedProx-mu0.05,0.5,13,0.581689
6,4,MLP-FedProx-mu0.05,0.5,14,0.580046
6,4,MLP-FedProx-mu0.05,0.5,15,0.578993
6,4,MLP-FedProx-mu0.05,0.5,16,0.578299
6,4,MLP-FedProx-mu0.05,0.5,17,0.577752
6,4,MLP-FedProx-mu0.05,0.5,18,0.577287
6,4,MLP-FedProx-mu0.05,0.5,19,0.57686
6,4,MLP-FedProx-mu0.05,0.1,0,1.218849
6,4,MLP-FedProx-mu0.05,0.1,1,1.227632
6,4,MLP-FedProx-mu0.05,0.1,2,1.230001
6,4,MLP-FedProx-mu0.05,0.1,3,1.228763
6,4,MLP-FedProx-mu0.05,0.1,4,1.224138
6,4,MLP-FedProx-mu0.05,0.1,5,1.1987
6,4,MLP-FedProx-mu0.05,0.1,6,1.132838
6,4,MLP-FedProx-mu0.05,0.1,7,1.06898
6,4,MLP-FedProx-mu0.05,0.1,8,1.055735
6,4,MLP-FedProx-mu0.05,0.1,9,1.042633
6,4,MLP-FedProx-mu0.05,0.1,10,1.017716
6,4,MLP-FedProx-mu0.05,0.1,11,1.0124
6,4,MLP-FedProx-mu0.05,0.1,12,0.971161
6,4,MLP-FedProx-mu0.05,0.1,13,1.062875
6,4,MLP-FedProx-mu0.05,0.1,14,0.933402
6,4,MLP-FedProx-mu0.05,0.1,15,1.013803
6,4,MLP-FedProx-mu0.05,0.1,16,0.92333
6,4,MLP-FedProx-mu0.05,0.1,17,0.993174
6,4,MLP-FedProx-mu0.05,0.1,18,0.922125
6,4,MLP-FedProx-mu0.05,0.1,19,0.982736
6,4,MLP-FedProx-mu0.05,natural,0,0.682913
6,4,MLP-FedProx-mu0.05,natural,1,0.673408
6,4,MLP-FedProx-mu0.05,natural,2,0.668813
6,4,MLP-FedProx-mu0.05,natural,3,0.665874
6,4,MLP-FedProx-mu0.05,natural,4,0.66336
6,4,MLP-FedProx-mu0.05,natural,5,0.661341
6,4,MLP-FedProx-mu0.05,natural,6,0.661287
6,4,MLP-FedProx-mu0.05,natural,7,0.658174
6,4,MLP-FedProx-mu0.05,natural,8,0.593269
6,4,MLP-FedProx-mu0.05,natural,9,0.537083
6,4,MLP-FedProx-mu0.05,natural,10,0.499118
6,4,MLP-FedProx-mu0.05,natural,11,0.476627
6,4,MLP-FedProx-mu0.05,natural,12,0.463296
6,4,MLP-FedProx-mu0.05,natural,13,0.45839
6,4,MLP-FedProx-mu0.05,natural,14,0.467963
6,4,MLP-FedProx-mu0.05,natural,15,0.488515
6,4,MLP-FedProx-mu0.05,natural,16,0.500787
6,4,MLP-FedProx-mu0.05,natural,17,0.509516
6,4,MLP-FedProx-mu0.05,natural,18,0.495886
6,4,MLP-FedProx-mu0.05,natural,19,0.46904
7,0,MLP-FedProx-mu0.05,100,0,0.134458
7,0,MLP-FedProx-mu0.05,100,1,0.137137
7,0,MLP-FedProx-mu0.05,100,2,0.135535
7,0,MLP-FedProx-mu0.05,100,3,0.137035
7,0,MLP-FedProx-mu0.05,100,4,0.139805
7,0,MLP-FedProx-mu0.05,100,5,0.142524
7,0,MLP-FedProx-mu0.05,100,6,0.160399
7,0,MLP-FedProx-mu0.05,100,7,0.193191
7,0,MLP-FedProx-mu0.05,100,8,0.225914
7,0,MLP-FedProx-mu0.05,100,9,0.252176
7,0,MLP-FedProx-mu0.05,100,10,0.270334
7,0,MLP-FedProx-mu0.05,100,11,0.281533
7,0,MLP-FedProx-mu0.05,100,12,0.286016
7,0,MLP-FedProx-mu0.05,100,13,0.29018
7,0,MLP-FedProx-mu0.05,100,14,0.283472
7,0,MLP-FedProx-mu0.05,100,15,0.29121
7,0,MLP-FedProx-mu0.05,100,16,0.247091
7,0,MLP-FedProx-mu0.05,100,17,0.231534
7,0,MLP-FedProx-mu0.05,100,18,0.203529
7,0,MLP-FedProx-mu0.05,100,19,0.205573
7,0,MLP-FedProx-mu0.05,1.0,0,0.528542
7,0,MLP-FedProx-mu0.05,1.0,1,0.503626
7,0,MLP-FedProx-mu0.05,1.0,2,0.448491
7,0,MLP-FedProx-mu0.05,1.0,3,0.394187
7,0,MLP-FedProx-mu0.05,1.0,4,0.359882
7,0,MLP-FedProx-mu0.05,1.0,5,0.337534
7,0,MLP-FedProx-mu0.05,1.0,6,0.322969
7,0,MLP-FedProx-mu0.05,1.0,7,0.312291
7,0,MLP-FedProx-mu0.05,1.0,8,0.309365
7,0,MLP-FedProx-mu0.05,1.0,9,0.309889
7,0,MLP-FedProx-mu0.05,1.0,10,0.317742
7,0,MLP-FedProx-mu0.05,1.0,11,0.310499
7,0,MLP-FedProx-mu0.05,1.0,12,0.365519
7,0,MLP-FedProx-mu0.05,1.0,13,0.322022
7,0,MLP-FedProx-mu0.05,1.0,14,0.340812
7,0,MLP-FedProx-mu0.05,1.0,15,0.312647
7,0,MLP-FedProx-mu0.05,1.0,16,0.330757
7,0,MLP-FedProx-mu0.05,1.0,17,0.314598
7,0,MLP-FedProx-mu0.05,1.0,18,0.329285
7,0,MLP-FedProx-mu0.05,1.0,19,0.31516
7,0,MLP-FedProx-mu0.05,0.5,0,0.723842
7,0,MLP-FedProx-mu0.05,0.5,1,0.722567
7,0,MLP-FedProx-mu0.05,0.5,2,0.676149
7,0,MLP-FedProx-mu0.05,0.5,3,0.598287
7,0,MLP-FedProx-mu0.05,0.5,4,0.564283
7,0,MLP-FedProx-mu0.05,0.5,5,0.559143
7,0,MLP-FedProx-mu0.05,0.5,6,0.568357
7,0,MLP-FedProx-mu0.05,0.5,7,0.586785
7,0,MLP-FedProx-mu0.05,0.5,8,0.609811
7,0,MLP-FedProx-mu0.05,0.5,9,0.635346
7,0,MLP-FedProx-mu0.05,0.5,10,0.654111
7,0,MLP-FedProx-mu0.05,0.5,11,0.658637
7,0,MLP-FedProx-mu0.05,0.5,12,0.663081
7,0,MLP-FedProx-mu0.05,0.5,13,0.661791
7,0,MLP-FedProx-mu0.05,0.5,14,0.665358
7,0,MLP-FedProx-mu0.05,0.5,15,0.660895
7,0,MLP-FedProx-mu0.05,0.5,16,0.667168
7,0,MLP-FedProx-mu0.05,0.5,17,0.657129
7,0,MLP-FedProx-mu0.05,0.5,18,0.670788
7,0,MLP-FedProx-mu0.05,0.5,19,0.648284
7,0,MLP-FedProx-mu0.05,0.1,0,1.15343
7,0,MLP-FedProx-mu0.05,0.1,1,1.141216
7,0,MLP-FedProx-mu0.05,0.1,2,1.057725
7,0,MLP-FedProx-mu0.05,0.1,3,0.952527
7,0,MLP-FedProx-mu0.05,0.1,4,0.892153
7,0,MLP-FedProx-mu0.05,0.1,5,0.879619
7,0,MLP-FedProx-mu0.05,0.1,6,0.890503
7,0,MLP-FedProx-mu0.05,0.1,7,0.907114
7,0,MLP-FedProx-mu0.05,0.1,8,0.884679
7,0,MLP-FedProx-mu0.05,0.1,9,0.992929
7,0,MLP-FedProx-mu0.05,0.1,10,0.858483
7,0,MLP-FedProx-mu0.05,0.1,11,0.883082
7,0,MLP-FedProx-mu0.05,0.1,12,0.834734
7,0,MLP-FedProx-mu0.05,0.1,13,0.880102
7,0,MLP-FedProx-mu0.05,0.1,14,0.845081
7,0,MLP-FedProx-mu0.05,0.1,15,0.89323
7,0,MLP-FedProx-mu0.05,0.1,16,0.854393
7,0,MLP-FedProx-mu0.05,0.1,17,0.895711
7,0,MLP-FedProx-mu0.05,0.1,18,0.860361
7,0,MLP-FedProx-mu0.05,0.1,19,0.899041
7,0,MLP-FedProx-mu0.05,natural,0,0.702363
7,0,MLP-FedProx-mu0.05,natural,1,0.687897
7,0,MLP-FedProx-mu0.05,natural,2,0.633488
7,0,MLP-FedProx-mu0.05,natural,3,0.568259
7,0,MLP-FedProx-mu0.05,natural,4,0.4979
7,0,MLP-FedProx-mu0.05,natural,5,0.452734
7,0,MLP-FedProx-mu0.05,natural,6,0.426218
7,0,MLP-FedProx-mu0.05,natural,7,0.408943
7,0,MLP-FedProx-mu0.05,natural,8,0.396883
7,0,MLP-FedProx-mu0.05,natural,9,0.386554
7,0,MLP-FedProx-mu0.05,natural,10,0.39202
7,0,MLP-FedProx-mu0.05,natural,11,0.406435
7,0,MLP-FedProx-mu0.05,natural,12,0.388718
7,0,MLP-FedProx-mu0.05,natural,13,0.400316
7,0,MLP-FedProx-mu0.05,natural,14,0.368145
7,0,MLP-FedProx-mu0.05,natural,15,0.37779
7,0,MLP-FedProx-mu0.05,natural,16,0.360425
7,0,MLP-FedProx-mu0.05,natural,17,0.370385
7,0,MLP-FedProx-mu0.05,natural,18,0.357264
7,0,MLP-FedProx-mu0.05,natural,19,0.367668
7,1,MLP-FedProx-mu0.05,100,0,0.091796
7,1,MLP-FedProx-mu0.05,100,1,0.10447
7,1,MLP-FedProx-mu0.05,100,2,0.11865
7,1,MLP-FedProx-mu0.05,100,3,0.132127
7,1,MLP-FedProx-mu0.05,100,4,0.14236
7,1,MLP-FedProx-mu0.05,100,5,0.151981
7,1,MLP-FedProx-mu0.05,100,6,0.164629
7,1,MLP-FedProx-mu0.05,100,7,0.180858
7,1,MLP-FedProx-mu0.05,100,8,0.197716
7,1,MLP-FedProx-mu0.05,100,9,0.213143
7,1,MLP-FedProx-mu0.05,100,10,0.226698
7,1,MLP-FedProx-mu0.05,100,11,0.237565
7,1,MLP-FedProx-mu0.05,100,12,0.249011
7,1,MLP-FedProx-mu0.05,100,13,0.225515
7,1,MLP-FedProx-mu0.05,100,14,0.208998
7,1,MLP-FedProx-mu0.05,100,15,0.194863
7,1,MLP-FedProx-mu0.05,100,16,0.207824
7,1,MLP-FedProx-mu0.05,100,17,0.204926
7,1,MLP-FedProx-mu0.05,100,18,0.216571
7,1,MLP-FedProx-mu0.05,100,19,0.208586
7,1,MLP-FedProx-mu0.05,1.0,0,0.597854
7,1,MLP-FedProx-mu0.05,1.0,1,0.585115
7,1,MLP-FedProx-mu0.05,1.0,2,0.548022
7,1,MLP-FedProx-mu0.05,1.0,3,0.478563
7,1,MLP-FedProx-mu0.05,1.0,4,0.419042
7,1,MLP-FedProx-mu0.05,1.0,5,0.38497
7,1,MLP-FedProx-mu0.05,1.0,6,0.364088
7,1,MLP-FedProx-mu0.05,1.0,7,0.350138
7,1,MLP-FedProx-mu0.05,1.0,8,0.344372
7,1,MLP-FedProx-mu0.05,1.0,9,0.346357
7,1,MLP-FedProx-mu0.05,1.0,10,0.346395
7,1,MLP-FedProx-mu0.05,1.0,11,0.358119
7,1,MLP-FedProx-mu0.05,1.0,12,0.336162
7,1,MLP-FedProx-mu0.05,1.0,13,0.404443
7,1,MLP-FedProx-mu0.05,1.0,14,0.339105
7,1,MLP-FedProx-mu0.05,1.0,15,0.400582
7,1,MLP-FedProx-mu0.05,1.0,16,0.359419
7,1,MLP-FedProx-mu0.05,1.0,17,0.387727
7,1,MLP-FedProx-mu0.05,1.0,18,0.368323
7,1,MLP-FedProx-mu0.05,1.0,19,0.387816
7,1,MLP-FedProx-mu0.05,0.5,0,0.759086
7,1,MLP-FedProx-mu0.05,0.5,1,0.759844
7,1,MLP-FedProx-mu0.05,0.5,2,0.730397
7,1,MLP-FedProx-mu0.05,0.5,3,0.654197
7,1,MLP-FedProx-mu0.05,0.5,4,0.598065
7,1,MLP-FedProx-mu0.05,0.5,5,0.595843
7,1,MLP-FedProx-mu0.05,0.5,6,0.600153
7,1,MLP-FedProx-mu0.05,0.5,7,0.60684
7,1,MLP-FedProx-mu0.05,0.5,8,0.612521
7,1,MLP-FedProx-mu0.05,0.5,9,0.615755
7,1,MLP-FedProx-mu0.05,0.5,10,0.618394
7,1,MLP-FedProx-mu0.05,0.5,11,0.621094
7,1,MLP-FedProx-mu0.05,0.5,12,0.624268
7,1,MLP-FedProx-mu0.05,0.5,13,0.628305
7,1,MLP-FedProx-mu0.05,0.5,14,0.633156
7,1,MLP-FedProx-mu0.05,0.5,15,0.637537
7,1,MLP-FedProx-mu0.05,0.5,16,0.639164
7,1,MLP-FedProx-mu0.05,0.5,17,0.637817
7,1,MLP-FedProx-mu0.05,0.5,18,0.635688
7,1,MLP-FedProx-mu0.05,0.5,19,0.633508
7,1,MLP-FedProx-mu0.05,0.1,0,1.184638
7,1,MLP-FedProx-mu0.05,0.1,1,1.183221
7,1,MLP-FedProx-mu0.05,0.1,2,1.131079
7,1,MLP-FedProx-mu0.05,0.1,3,1.026707
7,1,MLP-FedProx-mu0.05,0.1,4,0.961113
7,1,MLP-FedProx-mu0.05,0.1,5,0.961512
7,1,MLP-FedProx-mu0.05,0.1,6,0.979927
7,1,MLP-FedProx-mu0.05,0.1,7,1.012569
7,1,MLP-FedProx-mu0.05,0.1,8,1.036035
7,1,MLP-FedProx-mu0.05,0.1,9,1.007327
7,1,MLP-FedProx-mu0.05,0.1,10,0.96409
7,1,MLP-FedProx-mu0.05,0.1,11,0.970055
7,1,MLP-FedProx-mu0.05,0.1,12,0.951764
7,1,MLP-FedProx-mu0.05,0.1,13,0.977962
7,1,MLP-FedProx-mu0.05,0.1,14,0.962275
7,1,MLP-FedProx-mu0.05,0.1,15,0.98995
7,1,MLP-FedProx-mu0.05,0.1,16,0.971365
7,1,MLP-FedProx-mu0.05,0.1,17,0.998536
7,1,MLP-FedProx-mu0.05,0.1,18,0.977913
7,1,MLP-FedProx-mu0.05,0.1,19,1.005218
7,1,MLP-FedProx-mu0.05,natural,0,0.695575
7,1,MLP-FedProx-mu0.05,natural,1,0.689733
7,1,MLP-FedProx-mu0.05,natural,2,0.651903
7,1,MLP-FedProx-mu0.05,natural,3,0.602266
7,1,MLP-FedProx-mu0.05,natural,4,0.549701
7,1,MLP-FedProx-mu0.05,natural,5,0.52136
7,1,MLP-FedProx-mu0.05,natural,6,0.505939
7,1,MLP-FedProx-mu0.05,natural,7,0.496455
7,1,MLP-FedProx-mu0.05,natural,8,0.489393
7,1,MLP-FedProx-mu0.05,natural,9,0.483593
7,1,MLP-FedProx-mu0.05,natural,10,0.477497
7,1,MLP-FedProx-mu0.05,natural,11,0.480486
7,1,MLP-FedProx-mu0.05,natural,12,0.500015
7,1,MLP-FedProx-mu0.05,natural,13,0.449194
7,1,MLP-FedProx-mu0.05,natural,14,0.48467
7,1,MLP-FedProx-mu0.05,natural,15,0.435275
7,1,MLP-FedProx-mu0.05,natural,16,0.465553
7,1,MLP-FedProx-mu0.05,natural,17,0.431951
7,1,MLP-FedProx-mu0.05,natural,18,0.456327
7,1,MLP-FedProx-mu0.05,natural,19,0.430194
7,2,MLP-FedProx-mu0.05,100,0,0.136646
7,2,MLP-FedProx-mu0.05,100,1,0.144725
7,2,MLP-FedProx-mu0.05,100,2,0.147463
7,2,MLP-FedProx-mu0.05,100,3,0.15089
7,2,MLP-FedProx-mu0.05,100,4,0.158118
7,2,MLP-FedProx-mu0.05,100,5,0.166391
7,2,MLP-FedProx-mu0.05,100,6,0.183221
7,2,MLP-FedProx-mu0.05,100,7,0.216931
7,2,MLP-FedProx-mu0.05,100,8,0.250221
7,2,MLP-FedProx-mu0.05,100,9,0.275729
7,2,MLP-FedProx-mu0.05,100,10,0.290108
7,2,MLP-FedProx-mu0.05,100,11,0.299296
7,2,MLP-FedProx-mu0.05,100,12,0.302633
7,2,MLP-FedProx-mu0.05,100,13,0.306304
7,2,MLP-FedProx-mu0.05,100,14,0.306958
7,2,MLP-FedProx-mu0.05,100,15,0.310654
7,2,MLP-FedProx-mu0.05,100,16,0.310994
7,2,MLP-FedProx-mu0.05,100,17,0.316903
7,2,MLP-FedProx-mu0.05,100,18,0.315523
7,2,MLP-FedProx-mu0.05,100,19,0.325996
7,2,MLP-FedProx-mu0.05,1.0,0,0.537283
7,2,MLP-FedProx-mu0.05,1.0,1,0.5149
7,2,MLP-FedProx-mu0.05,1.0,2,0.466286
7,2,MLP-FedProx-mu0.05,1.0,3,0.410595
7,2,MLP-FedProx-mu0.05,1.0,4,0.372521
7,2,MLP-FedProx-mu0.05,1.0,5,0.347722
7,2,MLP-FedProx-mu0.05,1.0,6,0.333423
7,2,MLP-FedProx-mu0.05,1.0,7,0.328089
7,2,MLP-FedProx-mu0.05,1.0,8,0.330016
7,2,MLP-FedProx-mu0.05,1.0,9,0.340261
7,2,MLP-FedProx-mu0.05,1.0,10,0.348685
7,2,MLP-FedProx-mu0.05,1.0,11,0.372054
7,2,MLP-FedProx-mu0.05,1.0,12,0.372632
7,2,MLP-FedProx-mu0.05,1.0,13,0.359003
7,2,MLP-FedProx-mu0.05,1.0,14,0.350308
7,2,MLP-FedProx-mu0.05,1.0,15,0.351734
7,2,MLP-FedProx-mu0.05,1.0,16,0.357725
7,2,MLP-FedProx-mu0.05,1.0,17,0.357901
7,2,MLP-FedProx-mu0.05,1.0,18,0.36345
7,2,MLP-FedProx-mu0.05,1.0,19,0.362388
7,2,MLP-FedProx-mu0.05,0.5,0,0.705616
7,2,MLP-FedProx-mu0.05,0.5,1,0.711502
7,2,MLP-FedProx-mu0.05,0.5,2,0.687847
7,2,MLP-FedProx-mu0.05,0.5,3,0.619142
7,2,MLP-FedProx-mu0.05,0.5,4,0.582165
7,2,MLP-FedProx-mu0.05,0.5,5,0.572312
7,2,MLP-FedProx-mu0.05,0.5,6,0.578514
7,2,MLP-FedProx-mu0.05,0.5,7,0.591891
7,2,MLP-FedProx-mu0.05,0.5,8,0.609372
7,2,MLP-FedProx-mu0.05,0.5,9,0.626246
7,2,MLP-FedProx-mu0.05,0.5,10,0.638576
7,2,MLP-FedProx-mu0.05,0.5,11,0.646354
7,2,MLP-FedProx-mu0.05,0.5,12,0.651386
7,2,MLP-FedProx-mu0.05,0.5,13,0.654745
7,2,MLP-FedProx-mu0.05,0.5,14,0.656945
7,2,MLP-FedProx-mu0.05,0.5,15,0.658294
7,2,MLP-FedProx-mu0.05,0.5,16,0.658983
7,2,MLP-FedProx-mu0.05,0.5,17,0.659139
7,2,MLP-FedProx-mu0.05,0.5,18,0.658844
7,2,MLP-FedProx-mu0.05,0.5,19,0.658162
7,2,MLP-FedProx-mu0.05,0.1,0,1.178793
7,2,MLP-FedProx-mu0.05,0.1,1,1.171934
7,2,MLP-FedProx-mu0.05,0.1,2,1.100965
7,2,MLP-FedProx-mu0.05,0.1,3,1.002233
7,2,MLP-FedProx-mu0.05,0.1,4,0.959718
7,2,MLP-FedProx-mu0.05,0.1,5,0.964866
7,2,MLP-FedProx-mu0.05,0.1,6,0.983041
7,2,MLP-FedProx-mu0.05,0.1,7,1.021153
7,2,MLP-FedProx-mu0.05,0.1,8,1.045622
7,2,MLP-FedProx-mu0.05,0.1,9,1.017366
7,2,MLP-FedProx-mu0.05,0.1,10,0.992879
7,2,MLP-FedProx-mu0.05,0.1,11,1.002519
7,2,MLP-FedProx-mu0.05,0.1,12,0.980049
7,2,MLP-FedProx-mu0.05,0.1,13,1.002211
7,2,MLP-FedProx-mu0.05,0.1,14,0.970495
7,2,MLP-FedProx-mu0.05,0.1,15,1.003348
7,2,MLP-FedProx-mu0.05,0.1,16,0.965425
7,2,MLP-FedProx-mu0.05,0.1,17,1.006174
7,2,MLP-FedProx-mu0.05,0.1,18,0.96398
7,2,MLP-FedProx-mu0.05,0.1,19,1.008772
7,2,MLP-FedProx-mu0.05,natural,0,0.701326
7,2,MLP-FedProx-mu0.05,natural,1,0.692911
7,2,MLP-FedProx-mu0.05,natural,2,0.649339
7,2,MLP-FedProx-mu0.05,natural,3,0.596579
7,2,MLP-FedProx-mu0.05,natural,4,0.541757
7,2,MLP-FedProx-mu0.05,natural,5,0.510316
7,2,MLP-FedProx-mu0.05,natural,6,0.493218
7,2,MLP-FedProx-mu0.05,natural,7,0.481535
7,2,MLP-FedProx-mu0.05,natural,8,0.481877
7,2,MLP-FedProx-mu0.05,natural,9,0.48624
7,2,MLP-FedProx-mu0.05,natural,10,0.485381
7,2,MLP-FedProx-mu0.05,natural,11,0.490123
7,2,MLP-FedProx-mu0.05,natural,12,0.470896
7,2,MLP-FedProx-mu0.05,natural,13,0.470308
7,2,MLP-FedProx-mu0.05,natural,14,0.46239
7,2,MLP-FedProx-mu0.05,natural,15,0.459681
7,2,MLP-FedProx-mu0.05,natural,16,0.458984
7,2,MLP-FedProx-mu0.05,natural,17,0.454882
7,2,MLP-FedProx-mu0.05,natural,18,0.457414
7,2,MLP-FedProx-mu0.05,natural,19,0.451956
7,3,MLP-FedProx-mu0.05,100,0,0.161546
7,3,MLP-FedProx-mu0.05,100,1,0.166011
7,3,MLP-FedProx-mu0.05,100,2,0.167299
7,3,MLP-FedProx-mu0.05,100,3,0.171571
7,3,MLP-FedProx-mu0.05,100,4,0.177491
7,3,MLP-FedProx-mu0.05,100,5,0.181977
7,3,MLP-FedProx-mu0.05,100,6,0.192725
7,3,MLP-FedProx-mu0.05,100,7,0.212465
7,3,MLP-FedProx-mu0.05,100,8,0.237
7,3,MLP-FedProx-mu0.05,100,9,0.255276
7,3,MLP-FedProx-mu0.05,100,10,0.285141
7,3,MLP-FedProx-mu0.05,100,11,0.252218
7,3,MLP-FedProx-mu0.05,100,12,0.220501
7,3,MLP-FedProx-mu0.05,100,13,0.224547
7,3,MLP-FedProx-mu0.05,100,14,0.238866
7,3,MLP-FedProx-mu0.05,100,15,0.232509
7,3,MLP-FedProx-mu0.05,100,16,0.243921
7,3,MLP-FedProx-mu0.05,100,17,0.235731
7,3,MLP-FedProx-mu0.05,100,18,0.249247
7,3,MLP-FedProx-mu0.05,100,19,0.238906
7,3,MLP-FedProx-mu0.05,1.0,0,0.582903
7,3,MLP-FedProx-mu0.05,1.0,1,0.559933
7,3,MLP-FedProx-mu0.05,1.0,2,0.509547
7,3,MLP-FedProx-mu0.05,1.0,3,0.43638
7,3,MLP-FedProx-mu0.05,1.0,4,0.386866
7,3,MLP-FedProx-mu0.05,1.0,5,0.359818
7,3,MLP-FedProx-mu0.05,1.0,6,0.342877
7,3,MLP-FedProx-mu0.05,1.0,7,0.330948
7,3,MLP-FedProx-mu0.05,1.0,8,0.327797
7,3,MLP-FedProx-mu0.05,1.0,9,0.333916
7,3,MLP-FedProx-mu0.05,1.0,10,0.337497
7,3,MLP-FedProx-mu0.05,1.0,11,0.369504
7,3,MLP-FedProx-mu0.05,1.0,12,0.38502
7,3,MLP-FedProx-mu0.05,1.0,13,0.378622
7,3,MLP-FedProx-mu0.05,1.0,14,0.364782
7,3,MLP-FedProx-mu0.05,1.0,15,0.363884
7,3,MLP-FedProx-mu0.05,1.0,16,0.366947
7,3,MLP-FedProx-mu0.05,1.0,17,0.365853
7,3,MLP-FedProx-mu0.05,1.0,18,0.369253
7,3,MLP-FedProx-mu0.05,1.0,19,0.366341
7,3,MLP-FedProx-mu0.05,0.5,0,0.708898
7,3,MLP-FedProx-mu0.05,0.5,1,0.708693
7,3,MLP-FedProx-mu0.05,0.5,2,0.670235
7,3,MLP-FedProx-mu0.05,0.5,3,0.598745
7,3,MLP-FedProx-mu0.05,0.5,4,0.562646
7,3,MLP-FedProx-mu0.05,0.5,5,0.562504
7,3,MLP-FedProx-mu0.05,0.5,6,0.568927
7,3,MLP-FedProx-mu0.05,0.5,7,0.575714
7,3,MLP-FedProx-mu0.05,0.5,8,0.582634
7,3,MLP-FedProx-mu0.05,0.5,9,0.587882
7,3,MLP-FedProx-mu0.05,0.5,10,0.592
7,3,MLP-FedProx-mu0.05,0.5,11,0.595389
7,3,MLP-FedProx-mu0.05,0.5,12,0.597958
7,3,MLP-FedProx-mu0.05,0.5,13,0.599616
7,3,MLP-FedProx-mu0.05,0.5,14,0.600507
7,3,MLP-FedProx-mu0.05,0.5,15,0.600967
7,3,MLP-FedProx-mu0.05,0.5,16,0.601367
7,3,MLP-FedProx-mu0.05,0.5,17,0.601959
7,3,MLP-FedProx-mu0.05,0.5,18,0.602803
7,3,MLP-FedProx-mu0.05,0.5,19,0.603828
7,3,MLP-FedProx-mu0.05,0.1,0,1.150864
7,3,MLP-FedProx-mu0.05,0.1,1,1.144259
7,3,MLP-FedProx-mu0.05,0.1,2,1.075366
7,3,MLP-FedProx-mu0.05,0.1,3,0.970578
7,3,MLP-FedProx-mu0.05,0.1,4,0.910649
7,3,MLP-FedProx-mu0.05,0.1,5,0.90706
7,3,MLP-FedProx-mu0.05,0.1,6,0.927382
7,3,MLP-FedProx-mu0.05,0.1,7,0.956091
7,3,MLP-FedProx-mu0.05,0.1,8,0.942517
7,3,MLP-FedProx-mu0.05,0.1,9,0.989204
7,3,MLP-FedProx-mu0.05,0.1,10,0.883777
7,3,MLP-FedProx-mu0.05,0.1,11,0.934967
7,3,MLP-FedProx-mu0.05,0.1,12,0.875719
7,3,MLP-FedProx-mu0.05,0.1,13,0.919403
7,3,MLP-FedProx-mu0.05,0.1,14,0.884098
7,3,MLP-FedProx-mu0.05,0.1,15,0.923606
7,3,MLP-FedProx-mu0.05,0.1,16,0.896246
7,3,MLP-FedProx-mu0.05,0.1,17,0.933554
7,3,MLP-FedProx-mu0.05,0.1,18,0.908065
7,3,MLP-FedProx-mu0.05,0.1,19,0.942526
7,3,MLP-FedProx-mu0.05,natural,0,0.731975
7,3,MLP-FedProx-mu0.05,natural,1,0.726486
7,3,MLP-FedProx-mu0.05,natural,2,0.68426
7,3,MLP-FedProx-mu0.05,natural,3,0.631633
7,3,MLP-FedProx-mu0.05,natural,4,0.57744
7,3,MLP-FedProx-mu0.05,natural,5,0.550374
7,3,MLP-FedProx-mu0.05,natural,6,0.539951
7,3,MLP-FedProx-mu0.05,natural,7,0.538032
7,3,MLP-FedProx-mu0.05,natural,8,0.536639
7,3,MLP-FedProx-mu0.05,natural,9,0.538317
7,3,MLP-FedProx-mu0.05,natural,10,0.526123
7,3,MLP-FedProx-mu0.05,natural,11,0.550845
7,3,MLP-FedProx-mu0.05,natural,12,0.547919
7,3,MLP-FedProx-mu0.05,natural,13,0.511284
7,3,MLP-FedProx-mu0.05,natural,14,0.518581
7,3,MLP-FedProx-mu0.05,natural,15,0.513974
7,3,MLP-FedProx-mu0.05,natural,16,0.517475
7,3,MLP-FedProx-mu0.05,natural,17,0.513697
7,3,MLP-FedProx-mu0.05,natural,18,0.515443
7,3,MLP-FedProx-mu0.05,natural,19,0.514382
7,4,MLP-FedProx-mu0.05,100,0,0.139273
7,4,MLP-FedProx-mu0.05,100,1,0.138399
7,4,MLP-FedProx-mu0.05,100,2,0.134762
7,4,MLP-FedProx-mu0.05,100,3,0.135564
7,4,MLP-FedProx-mu0.05,100,4,0.143243
7,4,MLP-FedProx-mu0.05,100,5,0.152516
7,4,MLP-FedProx-mu0.05,100,6,0.168183
7,4,MLP-FedProx-mu0.05,100,7,0.187076
7,4,MLP-FedProx-mu0.05,100,8,0.210339
7,4,MLP-FedProx-mu0.05,100,9,0.228426
7,4,MLP-FedProx-mu0.05,100,10,0.266115
7,4,MLP-FedProx-mu0.05,100,11,0.246959
7,4,MLP-FedProx-mu0.05,100,12,0.220953
7,4,MLP-FedProx-mu0.05,100,13,0.19662
7,4,MLP-FedProx-mu0.05,100,14,0.21431
7,4,MLP-FedProx-mu0.05,100,15,0.197733
7,4,MLP-FedProx-mu0.05,100,16,0.220388
7,4,MLP-FedProx-mu0.05,100,17,0.203456
7,4,MLP-FedProx-mu0.05,100,18,0.227259
7,4,MLP-FedProx-mu0.05,100,19,0.207177
7,4,MLP-FedProx-mu0.05,1.0,0,0.558541
7,4,MLP-FedProx-mu0.05,1.0,1,0.541974
7,4,MLP-FedProx-mu0.05,1.0,2,0.49409
7,4,MLP-FedProx-mu0.05,1.0,3,0.42752
7,4,MLP-FedProx-mu0.05,1.0,4,0.384169
7,4,MLP-FedProx-mu0.05,1.0,5,0.363173
7,4,MLP-FedProx-mu0.05,1.0,6,0.355592
7,4,MLP-FedProx-mu0.05,1.0,7,0.353931
7,4,MLP-FedProx-mu0.05,1.0,8,0.356164
7,4,MLP-FedProx-mu0.05,1.0,9,0.360406
7,4,MLP-FedProx-mu0.05,1.0,10,0.368712
7,4,MLP-FedProx-mu0.05,1.0,11,0.368484
7,4,MLP-FedProx-mu0.05,1.0,12,0.397712
7,4,MLP-FedProx-mu0.05,1.0,13,0.369828
7,4,MLP-FedProx-mu0.05,1.0,14,0.402692
7,4,MLP-FedProx-mu0.05,1.0,15,0.360204
7,4,MLP-FedProx-mu0.05,1.0,16,0.391202
7,4,MLP-FedProx-mu0.05,1.0,17,0.368776
7,4,MLP-FedProx-mu0.05,1.0,18,0.390219
7,4,MLP-FedProx-mu0.05,1.0,19,0.372034
7,4,MLP-FedProx-mu0.05,0.5,0,0.747957
7,4,MLP-FedProx-mu0.05,0.5,1,0.744304
7,4,MLP-FedProx-mu0.05,0.5,2,0.697541
7,4,MLP-FedProx-mu0.05,0.5,3,0.613875
7,4,MLP-FedProx-mu0.05,0.5,4,0.572965
7,4,MLP-FedProx-mu0.05,0.5,5,0.561278
7,4,MLP-FedProx-mu0.05,0.5,6,0.565207
7,4,MLP-FedProx-mu0.05,0.5,7,0.582717
7,4,MLP-FedProx-mu0.05,0.5,8,0.602605
7,4,MLP-FedProx-mu0.05,0.5,9,0.614021
7,4,MLP-FedProx-mu0.05,0.5,10,0.617813
7,4,MLP-FedProx-mu0.05,0.5,11,0.621588
7,4,MLP-FedProx-mu0.05,0.5,12,0.62155
7,4,MLP-FedProx-mu0.05,0.5,13,0.626091
7,4,MLP-FedProx-mu0.05,0.5,14,0.621001
7,4,MLP-FedProx-mu0.05,0.5,15,0.636908
7,4,MLP-FedProx-mu0.05,0.5,16,0.619464
7,4,MLP-FedProx-mu0.05,0.5,17,0.635906
7,4,MLP-FedProx-mu0.05,0.5,18,0.60888
7,4,MLP-FedProx-mu0.05,0.5,19,0.605237
7,4,MLP-FedProx-mu0.05,0.1,0,1.155057
7,4,MLP-FedProx-mu0.05,0.1,1,1.143057
7,4,MLP-FedProx-mu0.05,0.1,2,1.061478
7,4,MLP-FedProx-mu0.05,0.1,3,0.964445
7,4,MLP-FedProx-mu0.05,0.1,4,0.908751
7,4,MLP-FedProx-mu0.05,0.1,5,0.894458
7,4,MLP-FedProx-mu0.05,0.1,6,0.897455
7,4,MLP-FedProx-mu0.05,0.1,7,0.913143
7,4,MLP-FedProx-mu0.05,0.1,8,0.909843
7,4,MLP-FedProx-mu0.05,0.1,9,0.947363
7,4,MLP-FedProx-mu0.05,0.1,10,0.891584
7,4,MLP-FedProx-mu0.05,0.1,11,0.874172
7,4,MLP-FedProx-mu0.05,0.1,12,0.876216
7,4,MLP-FedProx-mu0.05,0.1,13,0.873776
7,4,MLP-FedProx-mu0.05,0.1,14,0.879616
7,4,MLP-FedProx-mu0.05,0.1,15,0.875967
7,4,MLP-FedProx-mu0.05,0.1,16,0.880526
7,4,MLP-FedProx-mu0.05,0.1,17,0.879826
7,4,MLP-FedProx-mu0.05,0.1,18,0.881686
7,4,MLP-FedProx-mu0.05,0.1,19,0.884023
7,4,MLP-FedProx-mu0.05,natural,0,0.719575
7,4,MLP-FedProx-mu0.05,natural,1,0.709183
7,4,MLP-FedProx-mu0.05,natural,2,0.660381
7,4,MLP-FedProx-mu0.05,natural,3,0.596182
7,4,MLP-FedProx-mu0.05,natural,4,0.531329
7,4,MLP-FedProx-mu0.05,natural,5,0.49306
7,4,MLP-FedProx-mu0.05,natural,6,0.471218
7,4,MLP-FedProx-mu0.05,natural,7,0.460264
7,4,MLP-FedProx-mu0.05,natural,8,0.455698
7,4,MLP-FedProx-mu0.05,natural,9,0.45324
7,4,MLP-FedProx-mu0.05,natural,10,0.451473
7,4,MLP-FedProx-mu0.05,natural,11,0.449899
7,4,MLP-FedProx-mu0.05,natural,12,0.447664
7,4,MLP-FedProx-mu0.05,natural,13,0.446624
7,4,MLP-FedProx-mu0.05,natural,14,0.443058
7,4,MLP-FedProx-mu0.05,natural,15,0.447337
7,4,MLP-FedProx-mu0.05,natural,16,0.444757
7,4,MLP-FedProx-mu0.05,natural,17,0.444982
7,4,MLP-FedProx-mu0.05,natural,18,0.442466
7,4,MLP-FedProx-mu0.05,natural,19,0.433198
8,0,MLP-FedProx-mu0.05,100,0,0.112262
8,0,MLP-FedProx-mu0.05,100,1,0.105561
8,0,MLP-FedProx-mu0.05,100,2,0.107458
8,0,MLP-FedProx-mu0.05,100,3,0.113222
8,0,MLP-FedProx-mu0.05,100,4,0.122222
8,0,MLP-FedProx-mu0.05,100,5,0.129865
8,0,MLP-FedProx-mu0.05,100,6,0.144809
8,0,MLP-FedProx-mu0.05,100,7,0.163334
8,0,MLP-FedProx-mu0.05,100,8,0.178076
8,0,MLP-FedProx-mu0.05,100,9,0.192481
8,0,MLP-FedProx-mu0.05,100,10,0.225994
8,0,MLP-FedProx-mu0.05,100,11,0.268095
8,0,MLP-FedProx-mu0.05,100,12,0.202192
8,0,MLP-FedProx-mu0.05,100,13,0.182228
8,0,MLP-FedProx-mu0.05,100,14,0.197143
8,0,MLP-FedProx-mu0.05,100,15,0.204659
8,0,MLP-FedProx-mu0.05,100,16,0.205176
8,0,MLP-FedProx-mu0.05,100,17,0.216611
8,0,MLP-FedProx-mu0.05,100,18,0.215952
8,0,MLP-FedProx-mu0.05,100,19,0.227081
8,0,MLP-FedProx-mu0.05,1.0,0,0.692408
8,0,MLP-FedProx-mu0.05,1.0,1,0.696944
8,0,MLP-FedProx-mu0.05,1.0,2,0.677237
8,0,MLP-FedProx-mu0.05,1.0,3,0.628177
8,0,MLP-FedProx-mu0.05,1.0,4,0.567853
8,0,MLP-FedProx-mu0.05,1.0,5,0.526925
8,0,MLP-FedProx-mu0.05,1.0,6,0.510659
8,0,MLP-FedProx-mu0.05,1.0,7,0.508477
8,0,MLP-FedProx-mu0.05,1.0,8,0.512111
8,0,MLP-FedProx-mu0.05,1.0,9,0.527772
8,0,MLP-FedProx-mu0.05,1.0,10,0.556503
8,0,MLP-FedProx-mu0.05,1.0,11,0.575052
8,0,MLP-FedProx-mu0.05,1.0,12,0.598138
8,0,MLP-FedProx-mu0.05,1.0,13,0.569388
8,0,MLP-FedProx-mu0.05,1.0,14,0.579312
8,0,MLP-FedProx-mu0.05,1.0,15,0.56525
8,0,MLP-FedProx-mu0.05,1.0,16,0.560401
8,0,MLP-FedProx-mu0.05,1.0,17,0.58775
8,0,MLP-FedProx-mu0.05,1.0,18,0.588849
8,0,MLP-FedProx-mu0.05,1.0,19,0.580816
8,0,MLP-FedProx-mu0.05,0.5,0,0.637714
8,0,MLP-FedProx-mu0.05,0.5,1,0.582619
8,0,MLP-FedProx-mu0.05,0.5,2,0.550405
8,0,MLP-FedProx-mu0.05,0.5,3,0.490186
8,0,MLP-FedProx-mu0.05,0.5,4,0.440112
8,0,MLP-FedProx-mu0.05,0.5,5,0.412806
8,0,MLP-FedProx-mu0.05,0.5,6,0.406112
8,0,MLP-FedProx-mu0.05,0.5,7,0.425368
8,0,MLP-FedProx-mu0.05,0.5,8,0.445943
8,0,MLP-FedProx-mu0.05,0.5,9,0.448659
8,0,MLP-FedProx-mu0.05,0.5,10,0.450024
8,0,MLP-FedProx-mu0.05,0.5,11,0.45398
8,0,MLP-FedProx-mu0.05,0.5,12,0.45768
8,0,MLP-FedProx-mu0.05,0.5,13,0.462763
8,0,MLP-FedProx-mu0.05,0.5,14,0.466984
8,0,MLP-FedProx-mu0.05,0.5,15,0.473902
8,0,MLP-FedProx-mu0.05,0.5,16,0.479839
8,0,MLP-FedProx-mu0.05,0.5,17,0.486969
8,0,MLP-FedProx-mu0.05,0.5,18,0.492762
8,0,MLP-FedProx-mu0.05,0.5,19,0.497467
8,0,MLP-FedProx-mu0.05,0.1,0,1.051346
8,0,MLP-FedProx-mu0.05,0.1,1,1.061411
8,0,MLP-FedProx-mu0.05,0.1,2,1.002752
8,0,MLP-FedProx-mu0.05,0.1,3,1.152839
8,0,MLP-FedProx-mu0.05,0.1,4,1.264243
8,0,MLP-FedProx-mu0.05,0.1,5,1.337723
8,0,MLP-FedProx-mu0.05,0.1,6,1.331287
8,0,MLP-FedProx-mu0.05,0.1,7,1.280915
8,0,MLP-FedProx-mu0.05,0.1,8,0.908891
8,0,MLP-FedProx-mu0.05,0.1,9,1.187068
8,0,MLP-FedProx-mu0.05,0.1,10,0.897279
8,0,MLP-FedProx-mu0.05,0.1,11,1.193615
8,0,MLP-FedProx-mu0.05,0.1,12,0.918422
8,0,MLP-FedProx-mu0.05,0.1,13,1.199623
8,0,MLP-FedProx-mu0.05,0.1,14,0.872784
8,0,MLP-FedProx-mu0.05,0.1,15,1.174826
8,0,MLP-FedProx-mu0.05,0.1,16,1.121025
8,0,MLP-FedProx-mu0.05,0.1,17,1.472689
8,0,MLP-FedProx-mu0.05,0.1,18,1.015458
8,0,MLP-FedProx-mu0.05,0.1,19,0.951277
8,0,MLP-FedProx-mu0.05,natural,0,0.718061
8,0,MLP-FedProx-mu0.05,natural,1,0.715913
8,0,MLP-FedProx-mu0.05,natural,2,0.691243
8,0,MLP-FedProx-mu0.05,natural,3,0.646271
8,0,MLP-FedProx-mu0.05,natural,4,0.598873
8,0,MLP-FedProx-mu0.05,natural,5,0.567331
8,0,MLP-FedProx-mu0.05,natural,6,0.544432
8,0,MLP-FedProx-mu0.05,natural,7,0.525555
8,0,MLP-FedProx-mu0.05,natural,8,0.515331
8,0,MLP-FedProx-mu0.05,natural,9,0.508279
8,0,MLP-FedProx-mu0.05,natural,10,0.49949
8,0,MLP-FedProx-mu0.05,natural,11,0.489839
8,0,MLP-FedProx-mu0.05,natural,12,0.497315
8,0,MLP-FedProx-mu0.05,natural,13,0.486693
8,0,MLP-FedProx-mu0.05,natural,14,0.460854
8,0,MLP-FedProx-mu0.05,natural,15,0.499591
8,0,MLP-FedProx-mu0.05,natural,16,0.469366
8,0,MLP-FedProx-mu0.05,natural,17,0.505169
8,0,MLP-FedProx-mu0.05,natural,18,0.471161
8,0,MLP-FedProx-mu0.05,natural,19,0.505249
8,1,MLP-FedProx-mu0.05,100,0,0.126828
8,1,MLP-FedProx-mu0.05,100,1,0.119204
8,1,MLP-FedProx-mu0.05,100,2,0.124308
8,1,MLP-FedProx-mu0.05,100,3,0.133326
8,1,MLP-FedProx-mu0.05,100,4,0.146393
8,1,MLP-FedProx-mu0.05,100,5,0.147538
8,1,MLP-FedProx-mu0.05,100,6,0.150063
8,1,MLP-FedProx-mu0.05,100,7,0.160411
8,1,MLP-FedProx-mu0.05,100,8,0.175775
8,1,MLP-FedProx-mu0.05,100,9,0.197252
8,1,MLP-FedProx-mu0.05,100,10,0.227275
8,1,MLP-FedProx-mu0.05,100,11,0.262488
8,1,MLP-FedProx-mu0.05,100,12,0.292855
8,1,MLP-FedProx-mu0.05,100,13,0.211488
8,1,MLP-FedProx-mu0.05,100,14,0.192288
8,1,MLP-FedProx-mu0.05,100,15,0.198422
8,1,MLP-FedProx-mu0.05,100,16,0.19629
8,1,MLP-FedProx-mu0.05,100,17,0.202173
8,1,MLP-FedProx-mu0.05,100,18,0.203504
8,1,MLP-FedProx-mu0.05,100,19,0.205212
8,1,MLP-FedProx-mu0.05,1.0,0,0.601986
8,1,MLP-FedProx-mu0.05,1.0,1,0.607671
8,1,MLP-FedProx-mu0.05,1.0,2,0.59116
8,1,MLP-FedProx-mu0.05,1.0,3,0.553377
8,1,MLP-FedProx-mu0.05,1.0,4,0.497899
8,1,MLP-FedProx-mu0.05,1.0,5,0.455411
8,1,MLP-FedProx-mu0.05,1.0,6,0.438798
8,1,MLP-FedProx-mu0.05,1.0,7,0.439006
8,1,MLP-FedProx-mu0.05,1.0,8,0.450558
8,1,MLP-FedProx-mu0.05,1.0,9,0.47726
8,1,MLP-FedProx-mu0.05,1.0,10,0.517116
8,1,MLP-FedProx-mu0.05,1.0,11,0.547475
8,1,MLP-FedProx-mu0.05,1.0,12,0.585729
8,1,MLP-FedProx-mu0.05,1.0,13,0.454027
8,1,MLP-FedProx-mu0.05,1.0,14,0.493477
8,1,MLP-FedProx-mu0.05,1.0,15,0.568202
8,1,MLP-FedProx-mu0.05,1.0,16,0.586625
8,1,MLP-FedProx-mu0.05,1.0,17,0.593436
8,1,MLP-FedProx-mu0.05,1.0,18,0.603212
8,1,MLP-FedProx-mu0.05,1.0,19,0.597477
8,1,MLP-FedProx-mu0.05,0.5,0,0.631549
8,1,MLP-FedProx-mu0.05,0.5,1,0.575047
8,1,MLP-FedProx-mu0.05,0.5,2,0.534318
8,1,MLP-FedProx-mu0.05,0.5,3,0.480809
8,1,MLP-FedProx-mu0.05,0.5,4,0.452736
8,1,MLP-FedProx-mu0.05,0.5,5,0.434962
8,1,MLP-FedProx-mu0.05,0.5,6,0.44706
8,1,MLP-FedProx-mu0.05,0.5,7,0.455741
8,1,MLP-FedProx-mu0.05,0.5,8,0.461476
8,1,MLP-FedProx-mu0.05,0.5,9,0.469844
8,1,MLP-FedProx-mu0.05,0.5,10,0.478545
8,1,MLP-FedProx-mu0.05,0.5,11,0.482923
8,1,MLP-FedProx-mu0.05,0.5,12,0.484348
8,1,MLP-FedProx-mu0.05,0.5,13,0.484608
8,1,MLP-FedProx-mu0.05,0.5,14,0.48474
8,1,MLP-FedProx-mu0.05,0.5,15,0.485306
8,1,MLP-FedProx-mu0.05,0.5,16,0.486295
8,1,MLP-FedProx-mu0.05,0.5,17,0.487422
8,1,MLP-FedProx-mu0.05,0.5,18,0.488392
8,1,MLP-FedProx-mu0.05,0.5,19,0.489008
8,1,MLP-FedProx-mu0.05,0.1,0,1.046043
8,1,MLP-FedProx-mu0.05,0.1,1,1.055995
8,1,MLP-FedProx-mu0.05,0.1,2,0.990219
8,1,MLP-FedProx-mu0.05,0.1,3,1.14106
8,1,MLP-FedProx-mu0.05,0.1,4,1.236134
8,1,MLP-FedProx-mu0.05,0.1,5,1.349634
8,1,MLP-FedProx-mu0.05,0.1,6,1.276524
8,1,MLP-FedProx-mu0.05,0.1,7,1.286608
8,1,MLP-FedProx-mu0.05,0.1,8,0.835944
8,1,MLP-FedProx-mu0.05,0.1,9,1.197164
8,1,MLP-FedProx-mu0.05,0.1,10,1.163486
8,1,MLP-FedProx-mu0.05,0.1,11,0.882451
8,1,MLP-FedProx-mu0.05,0.1,12,1.229672
8,1,MLP-FedProx-mu0.05,0.1,13,0.935205
8,1,MLP-FedProx-mu0.05,0.1,14,1.236158
8,1,MLP-FedProx-mu0.05,0.1,15,0.824073
8,1,MLP-FedProx-mu0.05,0.1,16,1.161993
8,1,MLP-FedProx-mu0.05,0.1,17,1.262157
8,1,MLP-FedProx-mu0.05,0.1,18,1.156943
8,1,MLP-FedProx-mu0.05,0.1,19,1.587982
8,1,MLP-FedProx-mu0.05,natural,0,0.704187
8,1,MLP-FedProx-mu0.05,natural,1,0.69976
8,1,MLP-FedProx-mu0.05,natural,2,0.676547
8,1,MLP-FedProx-mu0.05,natural,3,0.637489
8,1,MLP-FedProx-mu0.05,natural,4,0.598166
8,1,MLP-FedProx-mu0.05,natural,5,0.56913
8,1,MLP-FedProx-mu0.05,natural,6,0.545441
8,1,MLP-FedProx-mu0.05,natural,7,0.523812
8,1,MLP-FedProx-mu0.05,natural,8,0.50924
8,1,MLP-FedProx-mu0.05,natural,9,0.50877
8,1,MLP-FedProx-mu0.05,natural,10,0.520087
8,1,MLP-FedProx-mu0.05,natural,11,0.526668
8,1,MLP-FedProx-mu0.05,natural,12,0.52499
8,1,MLP-FedProx-mu0.05,natural,13,0.508278
8,1,MLP-FedProx-mu0.05,natural,14,0.550037
8,1,MLP-FedProx-mu0.05,natural,15,0.508496
8,1,MLP-FedProx-mu0.05,natural,16,0.462459
8,1,MLP-FedProx-mu0.05,natural,17,0.464939
8,1,MLP-FedProx-mu0.05,natural,18,0.482684
8,1,MLP-FedProx-mu0.05,natural,19,0.465962
8,2,MLP-FedProx-mu0.05,100,0,0.135387
8,2,MLP-FedProx-mu0.05,100,1,0.129838
8,2,MLP-FedProx-mu0.05,100,2,0.131638
8,2,MLP-FedProx-mu0.05,100,3,0.141091
8,2,MLP-FedProx-mu0.05,100,4,0.163152
8,2,MLP-FedProx-mu0.05,100,5,0.159631
8,2,MLP-FedProx-mu0.05,100,6,0.157789
8,2,MLP-FedProx-mu0.05,100,7,0.168864
8,2,MLP-FedProx-mu0.05,100,8,0.187346
8,2,MLP-FedProx-mu0.05,100,9,0.207043
8,2,MLP-FedProx-mu0.05,100,10,0.230179
8,2,MLP-FedProx-mu0.05,100,11,0.254203
8,2,MLP-FedProx-mu0.05,100,12,0.261193
8,2,MLP-FedProx-mu0.05,100,13,0.185345
8,2,MLP-FedProx-mu0.05,100,14,0.216261
8,2,MLP-FedProx-mu0.05,100,15,0.220438
8,2,MLP-FedProx-mu0.05,100,16,0.234927
8,2,MLP-FedProx-mu0.05,100,17,0.224917
8,2,MLP-FedProx-mu0.05,100,18,0.238044
8,2,MLP-FedProx-mu0.05,100,19,0.227277
8,2,MLP-FedProx-mu0.05,1.0,0,0.623492
8,2,MLP-FedProx-mu0.05,1.0,1,0.630366
8,2,MLP-FedProx-mu0.05,1.0,2,0.615606
8,2,MLP-FedProx-mu0.05,1.0,3,0.576283
8,2,MLP-FedProx-mu0.05,1.0,4,0.521889
8,2,MLP-FedProx-mu0.05,1.0,5,0.486535
8,2,MLP-FedProx-mu0.05,1.0,6,0.473934
8,2,MLP-FedProx-mu0.05,1.0,7,0.475134
8,2,MLP-FedProx-mu0.05,1.0,8,0.489135
8,2,MLP-FedProx-mu0.05,1.0,9,0.515368
8,2,MLP-FedProx-mu0.05,1.0,10,0.546649
8,2,MLP-FedProx-mu0.05,1.0,11,0.542923
8,2,MLP-FedProx-mu0.05,1.0,12,0.594955
8,2,MLP-FedProx-mu0.05,1.0,13,0.48875
8,2,MLP-FedProx-mu0.05,1.0,14,0.518357
8,2,MLP-FedProx-mu0.05,1.0,15,0.572862
8,2,MLP-FedProx-mu0.05,1.0,16,0.60412
8,2,MLP-FedProx-mu0.05,1.0,17,0.509863
8,2,MLP-FedProx-mu0.05,1.0,18,0.574615
8,2,MLP-FedProx-mu0.05,1.0,19,0.507733
8,2,MLP-FedProx-mu0.05,0.5,0,0.744722
8,2,MLP-FedProx-mu0.05,0.5,1,0.699627
8,2,MLP-FedProx-mu0.05,0.5,2,0.665203
8,2,MLP-FedProx-mu0.05,0.5,3,0.614901
8,2,MLP-FedProx-mu0.05,0.5,4,0.560005
8,2,MLP-FedProx-mu0.05,0.5,5,0.504806
8,2,MLP-FedProx-mu0.05,0.5,6,0.462084
8,2,MLP-FedProx-mu0.05,0.5,7,0.434044
8,2,MLP-FedProx-mu0.05,0.5,8,0.422281
8,2,MLP-FedProx-mu0.05,0.5,9,0.432608
8,2,MLP-FedProx-mu0.05,0.5,10,0.44374
8,2,MLP-FedProx-mu0.05,0.5,11,0.434244
8,2,MLP-FedProx-mu0.05,0.5,12,0.427249
8,2,MLP-FedProx-mu0.05,0.5,13,0.420896
8,2,MLP-FedProx-mu0.05,0.5,14,0.416005
8,2,MLP-FedProx-mu0.05,0.5,15,0.415351
8,2,MLP-FedProx-mu0.05,0.5,16,0.417949
8,2,MLP-FedProx-mu0.05,0.5,17,0.421567
8,2,MLP-FedProx-mu0.05,0.5,18,0.425355
8,2,MLP-FedProx-mu0.05,0.5,19,0.429218
8,2,MLP-FedProx-mu0.05,0.1,0,1.053313
8,2,MLP-FedProx-mu0.05,0.1,1,1.065135
8,2,MLP-FedProx-mu0.05,0.1,2,1.006124
8,2,MLP-FedProx-mu0.05,0.1,3,1.151502
8,2,MLP-FedProx-mu0.05,0.1,4,1.25449
8,2,MLP-FedProx-mu0.05,0.1,5,1.341204
8,2,MLP-FedProx-mu0.05,0.1,6,1.319968
8,2,MLP-FedProx-mu0.05,0.1,7,1.302242
8,2,MLP-FedProx-mu0.05,0.1,8,0.858695
8,2,MLP-FedProx-mu0.05,0.1,9,1.281119
8,2,MLP-FedProx-mu0.05,0.1,10,1.223142
8,2,MLP-FedProx-mu0.05,0.1,11,1.436394
8,2,MLP-FedProx-mu0.05,0.1,12,0.999976
8,2,MLP-FedProx-mu0.05,0.1,13,1.07342
8,2,MLP-FedProx-mu0.05,0.1,14,1.100331
8,2,MLP-FedProx-mu0.05,0.1,15,1.139436
8,2,MLP-FedProx-mu0.05,0.1,16,1.036057
8,2,MLP-FedProx-mu0.05,0.1,17,1.027847
8,2,MLP-FedProx-mu0.05,0.1,18,1.122228
8,2,MLP-FedProx-mu0.05,0.1,19,0.95323
8,2,MLP-FedProx-mu0.05,natural,0,0.709249
8,2,MLP-FedProx-mu0.05,natural,1,0.704305
8,2,MLP-FedProx-mu0.05,natural,2,0.675634
8,2,MLP-FedProx-mu0.05,natural,3,0.631306
8,2,MLP-FedProx-mu0.05,natural,4,0.586103
8,2,MLP-FedProx-mu0.05,natural,5,0.553031
8,2,MLP-FedProx-mu0.05,natural,6,0.528206
8,2,MLP-FedProx-mu0.05,natural,7,0.508411
8,2,MLP-FedProx-mu0.05,natural,8,0.495673
8,2,MLP-FedProx-mu0.05,natural,9,0.488618
8,2,MLP-FedProx-mu0.05,natural,10,0.48544
8,2,MLP-FedProx-mu0.05,natural,11,0.486266
8,2,MLP-FedProx-mu0.05,natural,12,0.486293
8,2,MLP-FedProx-mu0.05,natural,13,0.497978
8,2,MLP-FedProx-mu0.05,natural,14,0.502422
8,2,MLP-FedProx-mu0.05,natural,15,0.42649
8,2,MLP-FedProx-mu0.05,natural,16,0.48133
8,2,MLP-FedProx-mu0.05,natural,17,0.43946
8,2,MLP-FedProx-mu0.05,natural,18,0.488007
8,2,MLP-FedProx-mu0.05,natural,19,0.437983
8,3,MLP-FedProx-mu0.05,100,0,0.178227
8,3,MLP-FedProx-mu0.05,100,1,0.169928
8,3,MLP-FedProx-mu0.05,100,2,0.168752
8,3,MLP-FedProx-mu0.05,100,3,0.172363
8,3,MLP-FedProx-mu0.05,100,4,0.187761
8,3,MLP-FedProx-mu0.05,100,5,0.190871
8,3,MLP-FedProx-mu0.05,100,6,0.197924
8,3,MLP-FedProx-mu0.05,100,7,0.21387
8,3,MLP-FedProx-mu0.05,100,8,0.234001
8,3,MLP-FedProx-mu0.05,100,9,0.255534
8,3,MLP-FedProx-mu0.05,100,10,0.273155
8,3,MLP-FedProx-mu0.05,100,11,0.301153
8,3,MLP-FedProx-mu0.05,100,12,0.19111
8,3,MLP-FedProx-mu0.05,100,13,0.209308
8,3,MLP-FedProx-mu0.05,100,14,0.222795
8,3,MLP-FedProx-mu0.05,100,15,0.225378
8,3,MLP-FedProx-mu0.05,100,16,0.225797
8,3,MLP-FedProx-mu0.05,100,17,0.224722
8,3,MLP-FedProx-mu0.05,100,18,0.231627
8,3,MLP-FedProx-mu0.05,100,19,0.226954
8,3,MLP-FedProx-mu0.05,1.0,0,0.616598
8,3,MLP-FedProx-mu0.05,1.0,1,0.616105
8,3,MLP-FedProx-mu0.05,1.0,2,0.591267
8,3,MLP-FedProx-mu0.05,1.0,3,0.533942
8,3,MLP-FedProx-mu0.05,1.0,4,0.46579
8,3,MLP-FedProx-mu0.05,1.0,5,0.425651
8,3,MLP-FedProx-mu0.05,1.0,6,0.407468
8,3,MLP-FedProx-mu0.05,1.0,7,0.399015
8,3,MLP-FedProx-mu0.05,1.0,8,0.400483
8,3,MLP-FedProx-mu0.05,1.0,9,0.408875
8,3,MLP-FedProx-mu0.05,1.0,10,0.419285
8,3,MLP-FedProx-mu0.05,1.0,11,0.439472
8,3,MLP-FedProx-mu0.05,1.0,12,0.434919
8,3,MLP-FedProx-mu0.05,1.0,13,0.421446
8,3,MLP-FedProx-mu0.05,1.0,14,0.3984
8,3,MLP-FedProx-mu0.05,1.0,15,0.415562
8,3,MLP-FedProx-mu0.05,1.0,16,0.411179
8,3,MLP-FedProx-mu0.05,1.0,17,0.420369
8,3,MLP-FedProx-mu0.05,1.0,18,0.415892
8,3,MLP-FedProx-mu0.05,1.0,19,0.420956
8,3,MLP-FedProx-mu0.05,0.5,0,0.750358
8,3,MLP-FedProx-mu0.05,0.5,1,0.692409
8,3,MLP-FedProx-mu0.05,0.5,2,0.636507
8,3,MLP-FedProx-mu0.05,0.5,3,0.565628
8,3,MLP-FedProx-mu0.05,0.5,4,0.499638
8,3,MLP-FedProx-mu0.05,0.5,5,0.459057
8,3,MLP-FedProx-mu0.05,0.5,6,0.450267
8,3,MLP-FedProx-mu0.05,0.5,7,0.441853
8,3,MLP-FedProx-mu0.05,0.5,8,0.429701
8,3,MLP-FedProx-mu0.05,0.5,9,0.419252
8,3,MLP-FedProx-mu0.05,0.5,10,0.417957
8,3,MLP-FedProx-mu0.05,0.5,11,0.421516
8,3,MLP-FedProx-mu0.05,0.5,12,0.424059
8,3,MLP-FedProx-mu0.05,0.5,13,0.425018
8,3,MLP-FedProx-mu0.05,0.5,14,0.425182
8,3,MLP-FedProx-mu0.05,0.5,15,0.425149
8,3,MLP-FedProx-mu0.05,0.5,16,0.425247
8,3,MLP-FedProx-mu0.05,0.5,17,0.425627
8,3,MLP-FedProx-mu0.05,0.5,18,0.426332
8,3,MLP-FedProx-mu0.05,0.5,19,0.427325
8,3,MLP-FedProx-mu0.05,0.1,0,1.051279
8,3,MLP-FedProx-mu0.05,0.1,1,1.051778
8,3,MLP-FedProx-mu0.05,0.1,2,0.994459
8,3,MLP-FedProx-mu0.05,0.1,3,1.160405
8,3,MLP-FedProx-mu0.05,0.1,4,1.275313
8,3,MLP-FedProx-mu0.05,0.1,5,1.343061
8,3,MLP-FedProx-mu0.05,0.1,6,1.321293
8,3,MLP-FedProx-mu0.05,0.1,7,1.310564
8,3,MLP-FedProx-mu0.05,0.1,8,0.881934
8,3,MLP-FedProx-mu0.05,0.1,9,1.218173
8,3,MLP-FedProx-mu0.05,0.1,10,0.903912
8,3,MLP-FedProx-mu0.05,0.1,11,1.200237
8,3,MLP-FedProx-mu0.05,0.1,12,0.8779
8,3,MLP-FedProx-mu0.05,0.1,13,1.194595
8,3,MLP-FedProx-mu0.05,0.1,14,1.012214
8,3,MLP-FedProx-mu0.05,0.1,15,1.222748
8,3,MLP-FedProx-mu0.05,0.1,16,0.811733
8,3,MLP-FedProx-mu0.05,0.1,17,1.016516
8,3,MLP-FedProx-mu0.05,0.1,18,1.144345
8,3,MLP-FedProx-mu0.05,0.1,19,1.063198
8,3,MLP-FedProx-mu0.05,natural,0,0.70721
8,3,MLP-FedProx-mu0.05,natural,1,0.696545
8,3,MLP-FedProx-mu0.05,natural,2,0.661978
8,3,MLP-FedProx-mu0.05,natural,3,0.613933
8,3,MLP-FedProx-mu0.05,natural,4,0.574336
8,3,MLP-FedProx-mu0.05,natural,5,0.547048
8,3,MLP-FedProx-mu0.05,natural,6,0.523382
8,3,MLP-FedProx-mu0.05,natural,7,0.505083
8,3,MLP-FedProx-mu0.05,natural,8,0.49895
8,3,MLP-FedProx-mu0.05,natural,9,0.500241
8,3,MLP-FedProx-mu0.05,natural,10,0.478552
8,3,MLP-FedProx-mu0.05,natural,11,0.50785
8,3,MLP-FedProx-mu0.05,natural,12,0.489033
8,3,MLP-FedProx-mu0.05,natural,13,0.441761
8,3,MLP-FedProx-mu0.05,natural,14,0.449002
8,3,MLP-FedProx-mu0.05,natural,15,0.449244
8,3,MLP-FedProx-mu0.05,natural,16,0.449952
8,3,MLP-FedProx-mu0.05,natural,17,0.450913
8,3,MLP-FedProx-mu0.05,natural,18,0.447486
8,3,MLP-FedProx-mu0.05,natural,19,0.453026
8,4,MLP-FedProx-mu0.05,100,0,0.165642
8,4,MLP-FedProx-mu0.05,100,1,0.159539
8,4,MLP-FedProx-mu0.05,100,2,0.157958
8,4,MLP-FedProx-mu0.05,100,3,0.15999
8,4,MLP-FedProx-mu0.05,100,4,0.16642
8,4,MLP-FedProx-mu0.05,100,5,0.164698
8,4,MLP-FedProx-mu0.05,100,6,0.16686
8,4,MLP-FedProx-mu0.05,100,7,0.175758
8,4,MLP-FedProx-mu0.05,100,8,0.188917
8,4,MLP-FedProx-mu0.05,100,9,0.208387
8,4,MLP-FedProx-mu0.05,100,10,0.236425
8,4,MLP-FedProx-mu0.05,100,11,0.266871
8,4,MLP-FedProx-mu0.05,100,12,0.318616
8,4,MLP-FedProx-mu0.05,100,13,0.234923
8,4,MLP-FedProx-mu0.05,100,14,0.223956
8,4,MLP-FedProx-mu0.05,100,15,0.236107
8,4,MLP-FedProx-mu0.05,100,16,0.235483
8,4,MLP-FedProx-mu0.05,100,17,0.245518
8,4,MLP-FedProx-mu0.05,100,18,0.238939
8,4,MLP-FedProx-mu0.05,100,19,0.250086
8,4,MLP-FedProx-mu0.05,1.0,0,0.659304
8,4,MLP-FedProx-mu0.05,1.0,1,0.66423
8,4,MLP-FedProx-mu0.05,1.0,2,0.642841
8,4,MLP-FedProx-mu0.05,1.0,3,0.60228
8,4,MLP-FedProx-mu0.05,1.0,4,0.562925
8,4,MLP-FedProx-mu0.05,1.0,5,0.538232
8,4,MLP-FedProx-mu0.05,1.0,6,0.525159
8,4,MLP-FedProx-mu0.05,1.0,7,0.521402
8,4,MLP-FedProx-mu0.05,1.0,8,0.525858
8,4,MLP-FedProx-mu0.05,1.0,9,0.539798
8,4,MLP-FedProx-mu0.05,1.0,10,0.559553
8,4,MLP-FedProx-mu0.05,1.0,11,0.579964
8,4,MLP-FedProx-mu0.05,1.0,12,0.603544
8,4,MLP-FedProx-mu0.05,1.0,13,0.590786
8,4,MLP-FedProx-mu0.05,1.0,14,0.576706
8,4,MLP-FedProx-mu0.05,1.0,15,0.575456
8,4,MLP-FedProx-mu0.05,1.0,16,0.585287
8,4,MLP-FedProx-mu0.05,1.0,17,0.578557
8,4,MLP-FedProx-mu0.05,1.0,18,0.585871
8,4,MLP-FedProx-mu0.05,1.0,19,0.589271
8,4,MLP-FedProx-mu0.05,0.5,0,0.609915
8,4,MLP-FedProx-mu0.05,0.5,1,0.55911
8,4,MLP-FedProx-mu0.05,0.5,2,0.522886
8,4,MLP-FedProx-mu0.05,0.5,3,0.473997
8,4,MLP-FedProx-mu0.05,0.5,4,0.438555
8,4,MLP-FedProx-mu0.05,0.5,5,0.411875
8,4,MLP-FedProx-mu0.05,0.5,6,0.408306
8,4,MLP-FedProx-mu0.05,0.5,7,0.424048
8,4,MLP-FedProx-mu0.05,0.5,8,0.460179
8,4,MLP-FedProx-mu0.05,0.5,9,0.461809
8,4,MLP-FedProx-mu0.05,0.5,10,0.423787
8,4,MLP-FedProx-mu0.05,0.5,11,0.41442
8,4,MLP-FedProx-mu0.05,0.5,12,0.413811
8,4,MLP-FedProx-mu0.05,0.5,13,0.417584
8,4,MLP-FedProx-mu0.05,0.5,14,0.426299
8,4,MLP-FedProx-mu0.05,0.5,15,0.439497
8,4,MLP-FedProx-mu0.05,0.5,16,0.455478
8,4,MLP-FedProx-mu0.05,0.5,17,0.471293
8,4,MLP-FedProx-mu0.05,0.5,18,0.484066
8,4,MLP-FedProx-mu0.05,0.5,19,0.492908
8,4,MLP-FedProx-mu0.05,0.1,0,1.042788
8,4,MLP-FedProx-mu0.05,0.1,1,1.054616
8,4,MLP-FedProx-mu0.05,0.1,2,0.998976
8,4,MLP-FedProx-mu0.05,0.1,3,1.141012
8,4,MLP-FedProx-mu0.05,0.1,4,1.228432
8,4,MLP-FedProx-mu0.05,0.1,5,1.326757
8,4,MLP-FedProx-mu0.05,0.1,6,1.280123
8,4,MLP-FedProx-mu0.05,0.1,7,1.316471
8,4,MLP-FedProx-mu0.05,0.1,8,0.802573
8,4,MLP-FedProx-mu0.05,0.1,9,1.254399
8,4,MLP-FedProx-mu0.05,0.1,10,1.317836
8,4,MLP-FedProx-mu0.05,0.1,11,1.124264
8,4,MLP-FedProx-mu0.05,0.1,12,1.461899
8,4,MLP-FedProx-mu0.05,0.1,13,1.029999
8,4,MLP-FedProx-mu0.05,0.1,14,1.023767
8,4,MLP-FedProx-mu0.05,0.1,15,1.055815
8,4,MLP-FedProx-mu0.05,0.1,16,1.059581
8,4,MLP-FedProx-mu0.05,0.1,17,1.147543
8,4,MLP-FedProx-mu0.05,0.1,18,1.083899
8,4,MLP-FedProx-mu0.05,0.1,19,0.822265
8,4,MLP-FedProx-mu0.05,natural,0,0.694123
8,4,MLP-FedProx-mu0.05,natural,1,0.687703
8,4,MLP-FedProx-mu0.05,natural,2,0.659049
8,4,MLP-FedProx-mu0.05,natural,3,0.61869
8,4,MLP-FedProx-mu0.05,natural,4,0.581856
8,4,MLP-FedProx-mu0.05,natural,5,0.555036
8,4,MLP-FedProx-mu0.05,natural,6,0.53329
8,4,MLP-FedProx-mu0.05,natural,7,0.513876
8,4,MLP-FedProx-mu0.05,natural,8,0.499629
8,4,MLP-FedProx-mu0.05,natural,9,0.492186
8,4,MLP-FedProx-mu0.05,natural,10,0.490009
8,4,MLP-FedProx-mu0.05,natural,11,0.492726
8,4,MLP-FedProx-mu0.05,natural,12,0.499005
8,4,MLP-FedProx-mu0.05,natural,13,0.503553
8,4,MLP-FedProx-mu0.05,natural,14,0.505371
8,4,MLP-FedProx-mu0.05,natural,15,0.504216
8,4,MLP-FedProx-mu0.05,natural,16,0.504456
8,4,MLP-FedProx-mu0.05,natural,17,0.498698
8,4,MLP-FedProx-mu0.05,natural,18,0.507003
8,4,MLP-FedProx-mu0.05,natural,19,0.479912
9,0,MLP-FedProx-mu0.05,100,0,0.146461
9,0,MLP-FedProx-mu0.05,100,1,0.157142
9,0,MLP-FedProx-mu0.05,100,2,0.180291
9,0,MLP-FedProx-mu0.05,100,3,0.205719
9,0,MLP-FedProx-mu0.05,100,4,0.234875
9,0,MLP-FedProx-mu0.05,100,5,0.260384
9,0,MLP-FedProx-mu0.05,100,6,0.276137
9,0,MLP-FedProx-mu0.05,100,7,0.268686
9,0,MLP-FedProx-mu0.05,100,8,0.264303
9,0,MLP-FedProx-mu0.05,100,9,0.25361
9,0,MLP-FedProx-mu0.05,100,10,0.24974
9,0,MLP-FedProx-mu0.05,100,11,0.240695
9,0,MLP-FedProx-mu0.05,100,12,0.240208
9,0,MLP-FedProx-mu0.05,100,13,0.231964
9,0,MLP-FedProx-mu0.05,100,14,0.235379
9,0,MLP-FedProx-mu0.05,100,15,0.227189
9,0,MLP-FedProx-mu0.05,100,16,0.233546
9,0,MLP-FedProx-mu0.05,100,17,0.225747
9,0,MLP-FedProx-mu0.05,100,18,0.233283
9,0,MLP-FedProx-mu0.05,100,19,0.226907
9,0,MLP-FedProx-mu0.05,1.0,0,0.93879
9,0,MLP-FedProx-mu0.05,1.0,1,0.941731
9,0,MLP-FedProx-mu0.05,1.0,2,0.966185
9,0,MLP-FedProx-mu0.05,1.0,3,0.970422
9,0,MLP-FedProx-mu0.05,1.0,4,1.002534
9,0,MLP-FedProx-mu0.05,1.0,5,1.015008
9,0,MLP-FedProx-mu0.05,1.0,6,0.97933
9,0,MLP-FedProx-mu0.05,1.0,7,0.979555
9,0,MLP-FedProx-mu0.05,1.0,8,0.96369
9,0,MLP-FedProx-mu0.05,1.0,9,0.964584
9,0,MLP-FedProx-mu0.05,1.0,10,0.954401
9,0,MLP-FedProx-mu0.05,1.0,11,0.961728
9,0,MLP-FedProx-mu0.05,1.0,12,0.951348
9,0,MLP-FedProx-mu0.05,1.0,13,0.956115
9,0,MLP-FedProx-mu0.05,1.0,14,0.949065
9,0,MLP-FedProx-mu0.05,1.0,15,0.951274
9,0,MLP-FedProx-mu0.05,1.0,16,0.946037
9,0,MLP-FedProx-mu0.05,1.0,17,0.947368
9,0,MLP-FedProx-mu0.05,1.0,18,0.942291
9,0,MLP-FedProx-mu0.05,1.0,19,0.944378
9,0,MLP-FedProx-mu0.05,0.5,0,0.914908
9,0,MLP-FedProx-mu0.05,0.5,1,0.933349
9,0,MLP-FedProx-mu0.05,0.5,2,0.957047
9,0,MLP-FedProx-mu0.05,0.5,3,0.986554
9,0,MLP-FedProx-mu0.05,0.5,4,1.010711
9,0,MLP-FedProx-mu0.05,0.5,5,1.030104
9,0,MLP-FedProx-mu0.05,0.5,6,1.03679
9,0,MLP-FedProx-mu0.05,0.5,7,1.03694
9,0,MLP-FedProx-mu0.05,0.5,8,1.03184
9,0,MLP-FedProx-mu0.05,0.5,9,0.939088
9,0,MLP-FedProx-mu0.05,0.5,10,1.090498
9,0,MLP-FedProx-mu0.05,0.5,11,0.819247
9,0,MLP-FedProx-mu0.05,0.5,12,1.088649
9,0,MLP-FedProx-mu0.05,0.5,13,0.803526
9,0,MLP-FedProx-mu0.05,0.5,14,1.099502
9,0,MLP-FedProx-mu0.05,0.5,15,0.779308
9,0,MLP-FedProx-mu0.05,0.5,16,1.077593
9,0,MLP-FedProx-mu0.05,0.5,17,0.823248
9,0,MLP-FedProx-mu0.05,0.5,18,1.096635
9,0,MLP-FedProx-mu0.05,0.5,19,0.815832
9,0,MLP-FedProx-mu0.05,0.1,0,0.963544
9,0,MLP-FedProx-mu0.05,0.1,1,0.934224
9,0,MLP-FedProx-mu0.05,0.1,2,0.89867
9,0,MLP-FedProx-mu0.05,0.1,3,0.871223
9,0,MLP-FedProx-mu0.05,0.1,4,0.854663
9,0,MLP-FedProx-mu0.05,0.1,5,0.846161
9,0,MLP-FedProx-mu0.05,0.1,6,0.842314
9,0,MLP-FedProx-mu0.05,0.1,7,0.840513
9,0,MLP-FedProx-mu0.05,0.1,8,0.838991
9,0,MLP-FedProx-mu0.05,0.1,9,0.837169
9,0,MLP-FedProx-mu0.05,0.1,10,0.83516
9,0,MLP-FedProx-mu0.05,0.1,11,0.833174
9,0,MLP-FedProx-mu0.05,0.1,12,0.831361
9,0,MLP-FedProx-mu0.05,0.1,13,0.829823
9,0,MLP-FedProx-mu0.05,0.1,14,0.828627
9,0,MLP-FedProx-mu0.05,0.1,15,0.827811
9,0,MLP-FedProx-mu0.05,0.1,16,0.827392
9,0,MLP-FedProx-mu0.05,0.1,17,0.827362
9,0,MLP-FedProx-mu0.05,0.1,18,0.827704
9,0,MLP-FedProx-mu0.05,0.1,19,0.828387
9,0,MLP-FedProx-mu0.05,natural,0,0.572982
9,0,MLP-FedProx-mu0.05,natural,1,0.548522
9,0,MLP-FedProx-mu0.05,natural,2,0.53485
9,0,MLP-FedProx-mu0.05,natural,3,0.523206
9,0,MLP-FedProx-mu0.05,natural,4,0.513391
9,0,MLP-FedProx-mu0.05,natural,5,0.50681
9,0,MLP-FedProx-mu0.05,natural,6,0.501338
9,0,MLP-FedProx-mu0.05,natural,7,0.496387
9,0,MLP-FedProx-mu0.05,natural,8,0.494968
9,0,MLP-FedProx-mu0.05,natural,9,0.481325
9,0,MLP-FedProx-mu0.05,natural,10,0.483875
9,0,MLP-FedProx-mu0.05,natural,11,0.513146
9,0,MLP-FedProx-mu0.05,natural,12,0.475438
9,0,MLP-FedProx-mu0.05,natural,13,0.496102
9,0,MLP-FedProx-mu0.05,natural,14,0.478251
9,0,MLP-FedProx-mu0.05,natural,15,0.487856
9,0,MLP-FedProx-mu0.05,natural,16,0.479692
9,0,MLP-FedProx-mu0.05,natural,17,0.480724
9,0,MLP-FedProx-mu0.05,natural,18,0.479812
9,0,MLP-FedProx-mu0.05,natural,19,0.474463
9,1,MLP-FedProx-mu0.05,100,0,0.177772
9,1,MLP-FedProx-mu0.05,100,1,0.191148
9,1,MLP-FedProx-mu0.05,100,2,0.218181
9,1,MLP-FedProx-mu0.05,100,3,0.250367
9,1,MLP-FedProx-mu0.05,100,4,0.287758
9,1,MLP-FedProx-mu0.05,100,5,0.335846
9,1,MLP-FedProx-mu0.05,100,6,0.359771
9,1,MLP-FedProx-mu0.05,100,7,0.374721
9,1,MLP-FedProx-mu0.05,100,8,0.35701
9,1,MLP-FedProx-mu0.05,100,9,0.367459
9,1,MLP-FedProx-mu0.05,100,10,0.352023
9,1,MLP-FedProx-mu0.05,100,11,0.352947
9,1,MLP-FedProx-mu0.05,100,12,0.347395
9,1,MLP-FedProx-mu0.05,100,13,0.344188
9,1,MLP-FedProx-mu0.05,100,14,0.341105
9,1,MLP-FedProx-mu0.05,100,15,0.338346
9,1,MLP-FedProx-mu0.05,100,16,0.335936
9,1,MLP-FedProx-mu0.05,100,17,0.333798
9,1,MLP-FedProx-mu0.05,100,18,0.331926
9,1,MLP-FedProx-mu0.05,100,19,0.330333
9,1,MLP-FedProx-mu0.05,1.0,0,0.946964
9,1,MLP-FedProx-mu0.05,1.0,1,0.956148
9,1,MLP-FedProx-mu0.05,1.0,2,0.991713
9,1,MLP-FedProx-mu0.05,1.0,3,0.988125
9,1,MLP-FedProx-mu0.05,1.0,4,1.000122
9,1,MLP-FedProx-mu0.05,1.0,5,0.999458
9,1,MLP-FedProx-mu0.05,1.0,6,1.006304
9,1,MLP-FedProx-mu0.05,1.0,7,0.992351
9,1,MLP-FedProx-mu0.05,1.0,8,0.990399
9,1,MLP-FedProx-mu0.05,1.0,9,1.045712
9,1,MLP-FedProx-mu0.05,1.0,10,0.994021
9,1,MLP-FedProx-mu0.05,1.0,11,0.984178
9,1,MLP-FedProx-mu0.05,1.0,12,0.95937
9,1,MLP-FedProx-mu0.05,1.0,13,1.00882
9,1,MLP-FedProx-mu0.05,1.0,14,0.964921
9,1,MLP-FedProx-mu0.05,1.0,15,0.975331
9,1,MLP-FedProx-mu0.05,1.0,16,0.98836
9,1,MLP-FedProx-mu0.05,1.0,17,0.974193
9,1,MLP-FedProx-mu0.05,1.0,18,0.980714
9,1,MLP-FedProx-mu0.05,1.0,19,0.966268
9,1,MLP-FedProx-mu0.05,0.5,0,0.924862
9,1,MLP-FedProx-mu0.05,0.5,1,0.942345
9,1,MLP-FedProx-mu0.05,0.5,2,0.963864
9,1,MLP-FedProx-mu0.05,0.5,3,0.989494
9,1,MLP-FedProx-mu0.05,0.5,4,1.010562
9,1,MLP-FedProx-mu0.05,0.5,5,1.02826
9,1,MLP-FedProx-mu0.05,0.5,6,1.030603
9,1,MLP-FedProx-mu0.05,0.5,7,1.032685
9,1,MLP-FedProx-mu0.05,0.5,8,1.018501
9,1,MLP-FedProx-mu0.05,0.5,9,0.969806
9,1,MLP-FedProx-mu0.05,0.5,10,1.077791
9,1,MLP-FedProx-mu0.05,0.5,11,0.834726
9,1,MLP-FedProx-mu0.05,0.5,12,1.061549
9,1,MLP-FedProx-mu0.05,0.5,13,0.847305
9,1,MLP-FedProx-mu0.05,0.5,14,1.053448
9,1,MLP-FedProx-mu0.05,0.5,15,0.875572
9,1,MLP-FedProx-mu0.05,0.5,16,1.019129
9,1,MLP-FedProx-mu0.05,0.5,17,0.873763
9,1,MLP-FedProx-mu0.05,0.5,18,0.982926
9,1,MLP-FedProx-mu0.05,0.5,19,0.877438
9,1,MLP-FedProx-mu0.05,0.1,0,0.966935
9,1,MLP-FedProx-mu0.05,0.1,1,0.938571
9,1,MLP-FedProx-mu0.05,0.1,2,0.91597
9,1,MLP-FedProx-mu0.05,0.1,3,0.898322
9,1,MLP-FedProx-mu0.05,0.1,4,0.886323
9,1,MLP-FedProx-mu0.05,0.1,5,0.878009
9,1,MLP-FedProx-mu0.05,0.1,6,0.869996
9,1,MLP-FedProx-mu0.05,0.1,7,0.860341
9,1,MLP-FedProx-mu0.05,0.1,8,0.849246
9,1,MLP-FedProx-mu0.05,0.1,9,0.839108
9,1,MLP-FedProx-mu0.05,0.1,10,0.831665
9,1,MLP-FedProx-mu0.05,0.1,11,0.82639
9,1,MLP-FedProx-mu0.05,0.1,12,0.822623
9,1,MLP-FedProx-mu0.05,0.1,13,0.820196
9,1,MLP-FedProx-mu0.05,0.1,14,0.818876
9,1,MLP-FedProx-mu0.05,0.1,15,0.818475
9,1,MLP-FedProx-mu0.05,0.1,16,0.818822
9,1,MLP-FedProx-mu0.05,0.1,17,0.819778
9,1,MLP-FedProx-mu0.05,0.1,18,0.821231
9,1,MLP-FedProx-mu0.05,0.1,19,0.823086
9,1,MLP-FedProx-mu0.05,natural,0,0.553885
9,1,MLP-FedProx-mu0.05,natural,1,0.526066
9,1,MLP-FedProx-mu0.05,natural,2,0.511643
9,1,MLP-FedProx-mu0.05,natural,3,0.501023
9,1,MLP-FedProx-mu0.05,natural,4,0.492867
9,1,MLP-FedProx-mu0.05,natural,5,0.487143
9,1,MLP-FedProx-mu0.05,natural,6,0.486796
9,1,MLP-FedProx-mu0.05,natural,7,0.49319
9,1,MLP-FedProx-mu0.05,natural,8,0.501364
9,1,MLP-FedProx-mu0.05,natural,9,0.507827
9,1,MLP-FedProx-mu0.05,natural,10,0.510193
9,1,MLP-FedProx-mu0.05,natural,11,0.515909
9,1,MLP-FedProx-mu0.05,natural,12,0.504562
9,1,MLP-FedProx-mu0.05,natural,13,0.501324
9,1,MLP-FedProx-mu0.05,natural,14,0.506563
9,1,MLP-FedProx-mu0.05,natural,15,0.458413
9,1,MLP-FedProx-mu0.05,natural,16,0.489633
9,1,MLP-FedProx-mu0.05,natural,17,0.469907
9,1,MLP-FedProx-mu0.05,natural,18,0.483494
9,1,MLP-FedProx-mu0.05,natural,19,0.465577
9,2,MLP-FedProx-mu0.05,100,0,0.201462
9,2,MLP-FedProx-mu0.05,100,1,0.212775
9,2,MLP-FedProx-mu0.05,100,2,0.236558
9,2,MLP-FedProx-mu0.05,100,3,0.26417
9,2,MLP-FedProx-mu0.05,100,4,0.297375
9,2,MLP-FedProx-mu0.05,100,5,0.328824
9,2,MLP-FedProx-mu0.05,100,6,0.350395
9,2,MLP-FedProx-mu0.05,100,7,0.362133
9,2,MLP-FedProx-mu0.05,100,8,0.355307
9,2,MLP-FedProx-mu0.05,100,9,0.36561
9,2,MLP-FedProx-mu0.05,100,10,0.344308
9,2,MLP-FedProx-mu0.05,100,11,0.362335
9,2,MLP-FedProx-mu0.05,100,12,0.33083
9,2,MLP-FedProx-mu0.05,100,13,0.355386
9,2,MLP-FedProx-mu0.05,100,14,0.323068
9,2,MLP-FedProx-mu0.05,100,15,0.347292
9,2,MLP-FedProx-mu0.05,100,16,0.315289
9,2,MLP-FedProx-mu0.05,100,17,0.343301
9,2,MLP-FedProx-mu0.05,100,18,0.309954
9,2,MLP-FedProx-mu0.05,100,19,0.335109
9,2,MLP-FedProx-mu0.05,1.0,0,0.932522
9,2,MLP-FedProx-mu0.05,1.0,1,0.939619
9,2,MLP-FedProx-mu0.05,1.0,2,0.971284
9,2,MLP-FedProx-mu0.05,1.0,3,0.971711
9,2,MLP-FedProx-mu0.05,1.0,4,0.953626
9,2,MLP-FedProx-mu0.05,1.0,5,1.025521
9,2,MLP-FedProx-mu0.05,1.0,6,0.929653
9,2,MLP-FedProx-mu0.05,1.0,7,1.009805
9,2,MLP-FedProx-mu0.05,1.0,8,0.922922
9,2,MLP-FedProx-mu0.05,1.0,9,0.997738
9,2,MLP-FedProx-mu0.05,1.0,10,0.930723
9,2,MLP-FedProx-mu0.05,1.0,11,0.994552
9,2,MLP-FedProx-mu0.05,1.0,12,0.94128
9,2,MLP-FedProx-mu0.05,1.0,13,0.99663
9,2,MLP-FedProx-mu0.05,1.0,14,0.951548
9,2,MLP-FedProx-mu0.05,1.0,15,1.000376
9,2,MLP-FedProx-mu0.05,1.0,16,0.961297
9,2,MLP-FedProx-mu0.05,1.0,17,1.00423
9,2,MLP-FedProx-mu0.05,1.0,18,0.969674
9,2,MLP-FedProx-mu0.05,1.0,19,1.007684
9,2,MLP-FedProx-mu0.05,0.5,0,0.911359
9,2,MLP-FedProx-mu0.05,0.5,1,0.943464
9,2,MLP-FedProx-mu0.05,0.5,2,0.967975
9,2,MLP-FedProx-mu0.05,0.5,3,0.997216
9,2,MLP-FedProx-mu0.05,0.5,4,1.019026
9,2,MLP-FedProx-mu0.05,0.5,5,1.040083
9,2,MLP-FedProx-mu0.05,0.5,6,1.05719
9,2,MLP-FedProx-mu0.05,0.5,7,1.076725
9,2,MLP-FedProx-mu0.05,0.5,8,1.1155
9,2,MLP-FedProx-mu0.05,0.5,9,0.934928
9,2,MLP-FedProx-mu0.05,0.5,10,1.062973
9,2,MLP-FedProx-mu0.05,0.5,11,0.803525
9,2,MLP-FedProx-mu0.05,0.5,12,1.065825
9,2,MLP-FedProx-mu0.05,0.5,13,0.790456
9,2,MLP-FedProx-mu0.05,0.5,14,1.109523
9,2,MLP-FedProx-mu0.05,0.5,15,0.799204
9,2,MLP-FedProx-mu0.05,0.5,16,1.130985
9,2,MLP-FedProx-mu0.05,0.5,17,0.845837
9,2,MLP-FedProx-mu0.05,0.5,18,1.117317
9,2,MLP-FedProx-mu0.05,0.5,19,0.911845
9,2,MLP-FedProx-mu0.05,0.1,0,0.948583
9,2,MLP-FedProx-mu0.05,0.1,1,0.908603
9,2,MLP-FedProx-mu0.05,0.1,2,0.886017
9,2,MLP-FedProx-mu0.05,0.1,3,0.867653
9,2,MLP-FedProx-mu0.05,0.1,4,0.854732
9,2,MLP-FedProx-mu0.05,0.1,5,0.845467
9,2,MLP-FedProx-mu0.05,0.1,6,0.837698
9,2,MLP-FedProx-mu0.05,0.1,7,0.829511
9,2,MLP-FedProx-mu0.05,0.1,8,0.820179
9,2,MLP-FedProx-mu0.05,0.1,9,0.810741
9,2,MLP-FedProx-mu0.05,0.1,10,0.802025
9,2,MLP-FedProx-mu0.05,0.1,11,0.794319
9,2,MLP-FedProx-mu0.05,0.1,12,0.787895
9,2,MLP-FedProx-mu0.05,0.1,13,0.782866
9,2,MLP-FedProx-mu0.05,0.1,14,0.779067
9,2,MLP-FedProx-mu0.05,0.1,15,0.776241
9,2,MLP-FedProx-mu0.05,0.1,16,0.77419
9,2,MLP-FedProx-mu0.05,0.1,17,0.772775
9,2,MLP-FedProx-mu0.05,0.1,18,0.771891
9,2,MLP-FedProx-mu0.05,0.1,19,0.771455
9,2,MLP-FedProx-mu0.05,natural,0,0.576798
9,2,MLP-FedProx-mu0.05,natural,1,0.544719
9,2,MLP-FedProx-mu0.05,natural,2,0.53108
9,2,MLP-FedProx-mu0.05,natural,3,0.519831
9,2,MLP-FedProx-mu0.05,natural,4,0.510161
9,2,MLP-FedProx-mu0.05,natural,5,0.500835
9,2,MLP-FedProx-mu0.05,natural,6,0.493842
9,2,MLP-FedProx-mu0.05,natural,7,0.488783
9,2,MLP-FedProx-mu0.05,natural,8,0.487434
9,2,MLP-FedProx-mu0.05,natural,9,0.479497
9,2,MLP-FedProx-mu0.05,natural,10,0.494261
9,2,MLP-FedProx-mu0.05,natural,11,0.486201
9,2,MLP-FedProx-mu0.05,natural,12,0.436573
9,2,MLP-FedProx-mu0.05,natural,13,0.469177
9,2,MLP-FedProx-mu0.05,natural,14,0.432219
9,2,MLP-FedProx-mu0.05,natural,15,0.462106
9,2,MLP-FedProx-mu0.05,natural,16,0.429334
9,2,MLP-FedProx-mu0.05,natural,17,0.457815
9,2,MLP-FedProx-mu0.05,natural,18,0.428003
9,2,MLP-FedProx-mu0.05,natural,19,0.454413
9,3,MLP-FedProx-mu0.05,100,0,0.19664
9,3,MLP-FedProx-mu0.05,100,1,0.206764
9,3,MLP-FedProx-mu0.05,100,2,0.234647
9,3,MLP-FedProx-mu0.05,100,3,0.26072
9,3,MLP-FedProx-mu0.05,100,4,0.288898
9,3,MLP-FedProx-mu0.05,100,5,0.320274
9,3,MLP-FedProx-mu0.05,100,6,0.346632
9,3,MLP-FedProx-mu0.05,100,7,0.356582
9,3,MLP-FedProx-mu0.05,100,8,0.352313
9,3,MLP-FedProx-mu0.05,100,9,0.351929
9,3,MLP-FedProx-mu0.05,100,10,0.345336
9,3,MLP-FedProx-mu0.05,100,11,0.344206
9,3,MLP-FedProx-mu0.05,100,12,0.338801
9,3,MLP-FedProx-mu0.05,100,13,0.337746
9,3,MLP-FedProx-mu0.05,100,14,0.332245
9,3,MLP-FedProx-mu0.05,100,15,0.332209
9,3,MLP-FedProx-mu0.05,100,16,0.323898
9,3,MLP-FedProx-mu0.05,100,17,0.32861
9,3,MLP-FedProx-mu0.05,100,18,0.307447
9,3,MLP-FedProx-mu0.05,100,19,0.329086
9,3,MLP-FedProx-mu0.05,1.0,0,0.962709
9,3,MLP-FedProx-mu0.05,1.0,1,0.975841
9,3,MLP-FedProx-mu0.05,1.0,2,1.007912
9,3,MLP-FedProx-mu0.05,1.0,3,1.040932
9,3,MLP-FedProx-mu0.05,1.0,4,1.0581
9,3,MLP-FedProx-mu0.05,1.0,5,1.034166
9,3,MLP-FedProx-mu0.05,1.0,6,1.002811
9,3,MLP-FedProx-mu0.05,1.0,7,1.018263
9,3,MLP-FedProx-mu0.05,1.0,8,1.027479
9,3,MLP-FedProx-mu0.05,1.0,9,0.982145
9,3,MLP-FedProx-mu0.05,1.0,10,0.985229
9,3,MLP-FedProx-mu0.05,1.0,11,0.983248
9,3,MLP-FedProx-mu0.05,1.0,12,0.993091
9,3,MLP-FedProx-mu0.05,1.0,13,0.990635
9,3,MLP-FedProx-mu0.05,1.0,14,0.98119
9,3,MLP-FedProx-mu0.05,1.0,15,1.008001
9,3,MLP-FedProx-mu0.05,1.0,16,1.007581
9,3,MLP-FedProx-mu0.05,1.0,17,0.997791
9,3,MLP-FedProx-mu0.05,1.0,18,0.973584
9,3,MLP-FedProx-mu0.05,1.0,19,0.968516
9,3,MLP-FedProx-mu0.05,0.5,0,0.900996
9,3,MLP-FedProx-mu0.05,0.5,1,0.90179
9,3,MLP-FedProx-mu0.05,0.5,2,0.904747
9,3,MLP-FedProx-mu0.05,0.5,3,0.910939
9,3,MLP-FedProx-mu0.05,0.5,4,0.907145
9,3,MLP-FedProx-mu0.05,0.5,5,0.921783
9,3,MLP-FedProx-mu0.05,0.5,6,0.927688
9,3,MLP-FedProx-mu0.05,0.5,7,0.864253
9,3,MLP-FedProx-mu0.05,0.5,8,0.979458
9,3,MLP-FedProx-mu0.05,0.5,9,0.827914
9,3,MLP-FedProx-mu0.05,0.5,10,0.979973
9,3,MLP-FedProx-mu0.05,0.5,11,0.80357
9,3,MLP-FedProx-mu0.05,0.5,12,0.973742
9,3,MLP-FedProx-mu0.05,0.5,13,0.786811
9,3,MLP-FedProx-mu0.05,0.5,14,0.984715
9,3,MLP-FedProx-mu0.05,0.5,15,0.772607
9,3,MLP-FedProx-mu0.05,0.5,16,0.948463
9,3,MLP-FedProx-mu0.05,0.5,17,0.775965
9,3,MLP-FedProx-mu0.05,0.5,18,0.929218
9,3,MLP-FedProx-mu0.05,0.5,19,0.794525
9,3,MLP-FedProx-mu0.05,0.1,0,1.002566
9,3,MLP-FedProx-mu0.05,0.1,1,0.984049
9,3,MLP-FedProx-mu0.05,0.1,2,0.959035
9,3,MLP-FedProx-mu0.05,0.1,3,0.948052
9,3,MLP-FedProx-mu0.05,0.1,4,0.946722
9,3,MLP-FedProx-mu0.05,0.1,5,0.944749
9,3,MLP-FedProx-mu0.05,0.1,6,0.940975
9,3,MLP-FedProx-mu0.05,0.1,7,0.937106
9,3,MLP-FedProx-mu0.05,0.1,8,0.93338
9,3,MLP-FedProx-mu0.05,0.1,9,0.929802
9,3,MLP-FedProx-mu0.05,0.1,10,0.926354
9,3,MLP-FedProx-mu0.05,0.1,11,0.922923
9,3,MLP-FedProx-mu0.05,0.1,12,0.919388
9,3,MLP-FedProx-mu0.05,0.1,13,0.915695
9,3,MLP-FedProx-mu0.05,0.1,14,0.911851
9,3,MLP-FedProx-mu0.05,0.1,15,0.907909
9,3,MLP-FedProx-mu0.05,0.1,16,0.903951
9,3,MLP-FedProx-mu0.05,0.1,17,0.900078
9,3,MLP-FedProx-mu0.05,0.1,18,0.896406
9,3,MLP-FedProx-mu0.05,0.1,19,0.893038
9,3,MLP-FedProx-mu0.05,natural,0,0.585075
9,3,MLP-FedProx-mu0.05,natural,1,0.553594
9,3,MLP-FedProx-mu0.05,natural,2,0.537068
9,3,MLP-FedProx-mu0.05,natural,3,0.526366
9,3,MLP-FedProx-mu0.05,natural,4,0.520485
9,3,MLP-FedProx-mu0.05,natural,5,0.521568
9,3,MLP-FedProx-mu0.05,natural,6,0.533846
9,3,MLP-FedProx-mu0.05,natural,7,0.512276
9,3,MLP-FedProx-mu0.05,natural,8,0.521025
9,3,MLP-FedProx-mu0.05,natural,9,0.499969
9,3,MLP-FedProx-mu0.05,natural,10,0.498489
9,3,MLP-FedProx-mu0.05,natural,11,0.506524
9,3,MLP-FedProx-mu0.05,natural,12,0.485719
9,3,MLP-FedProx-mu0.05,natural,13,0.495615
9,3,MLP-FedProx-mu0.05,natural,14,0.491378
9,3,MLP-FedProx-mu0.05,natural,15,0.496083
9,3,MLP-FedProx-mu0.05,natural,16,0.50389
9,3,MLP-FedProx-mu0.05,natural,17,0.495224
9,3,MLP-FedProx-mu0.05,natural,18,0.50975
9,3,MLP-FedProx-mu0.05,natural,19,0.493936
9,4,MLP-FedProx-mu0.05,100,0,0.147661
9,4,MLP-FedProx-mu0.05,100,1,0.156848
9,4,MLP-FedProx-mu0.05,100,2,0.176019
9,4,MLP-FedProx-mu0.05,100,3,0.201623
9,4,MLP-FedProx-mu0.05,100,4,0.24956
9,4,MLP-FedProx-mu0.05,100,5,0.294245
9,4,MLP-FedProx-mu0.05,100,6,0.341805
9,4,MLP-FedProx-mu0.05,100,7,0.254395
9,4,MLP-FedProx-mu0.05,100,8,0.280019
9,4,MLP-FedProx-mu0.05,100,9,0.197175
9,4,MLP-FedProx-mu0.05,100,10,0.258956
9,4,MLP-FedProx-mu0.05,100,11,0.195947
9,4,MLP-FedProx-mu0.05,100,12,0.279725
9,4,MLP-FedProx-mu0.05,100,13,0.192423
9,4,MLP-FedProx-mu0.05,100,14,0.274738
9,4,MLP-FedProx-mu0.05,100,15,0.19762
9,4,MLP-FedProx-mu0.05,100,16,0.273271
9,4,MLP-FedProx-mu0.05,100,17,0.203105
9,4,MLP-FedProx-mu0.05,100,18,0.272582
9,4,MLP-FedProx-mu0.05,100,19,0.206655
9,4,MLP-FedProx-mu0.05,1.0,0,0.955125
9,4,MLP-FedProx-mu0.05,1.0,1,0.96443
9,4,MLP-FedProx-mu0.05,1.0,2,1.000117
9,4,MLP-FedProx-mu0.05,1.0,3,0.994734
9,4,MLP-FedProx-mu0.05,1.0,4,0.970251
9,4,MLP-FedProx-mu0.05,1.0,5,0.996987
9,4,MLP-FedProx-mu0.05,1.0,6,0.968981
9,4,MLP-FedProx-mu0.05,1.0,7,0.967037
9,4,MLP-FedProx-mu0.05,1.0,8,1.007537
9,4,MLP-FedProx-mu0.05,1.0,9,0.98577
9,4,MLP-FedProx-mu0.05,1.0,10,1.002154
9,4,MLP-FedProx-mu0.05,1.0,11,0.966284
9,4,MLP-FedProx-mu0.05,1.0,12,0.987262
9,4,MLP-FedProx-mu0.05,1.0,13,1.046119
9,4,MLP-FedProx-mu0.05,1.0,14,1.062883
9,4,MLP-FedProx-mu0.05,1.0,15,1.089237
9,4,MLP-FedProx-mu0.05,1.0,16,1.017552
9,4,MLP-FedProx-mu0.05,1.0,17,0.993495
9,4,MLP-FedProx-mu0.05,1.0,18,1.011037
9,4,MLP-FedProx-mu0.05,1.0,19,0.977529
9,4,MLP-FedProx-mu0.05,0.5,0,0.950227
9,4,MLP-FedProx-mu0.05,0.5,1,0.963564
9,4,MLP-FedProx-mu0.05,0.5,2,0.984848
9,4,MLP-FedProx-mu0.05,0.5,3,1.00574
9,4,MLP-FedProx-mu0.05,0.5,4,1.024014
9,4,MLP-FedProx-mu0.05,0.5,5,1.035854
9,4,MLP-FedProx-mu0.05,0.5,6,1.042754
9,4,MLP-FedProx-mu0.05,0.5,7,1.047088
9,4,MLP-FedProx-mu0.05,0.5,8,1.049423
9,4,MLP-FedProx-mu0.05,0.5,9,1.05013
9,4,MLP-FedProx-mu0.05,0.5,10,1.052268
9,4,MLP-FedProx-mu0.05,0.5,11,1.054151
9,4,MLP-FedProx-mu0.05,0.5,12,1.072745
9,4,MLP-FedProx-mu0.05,0.5,13,0.955566
9,4,MLP-FedProx-mu0.05,0.5,14,1.121819
9,4,MLP-FedProx-mu0.05,0.5,15,0.936723
9,4,MLP-FedProx-mu0.05,0.5,16,1.179164
9,4,MLP-FedProx-mu0.05,0.5,17,0.815047
9,4,MLP-FedProx-mu0.05,0.5,18,1.041201
9,4,MLP-FedProx-mu0.05,0.5,19,0.901046
9,4,MLP-FedProx-mu0.05,0.1,0,0.991468
9,4,MLP-FedProx-mu0.05,0.1,1,0.957759
9,4,MLP-FedProx-mu0.05,0.1,2,0.915054
9,4,MLP-FedProx-mu0.05,0.1,3,0.890443
9,4,MLP-FedProx-mu0.05,0.1,4,0.875
9,4,MLP-FedProx-mu0.05,0.1,5,0.862736
9,4,MLP-FedProx-mu0.05,0.1,6,0.853314
9,4,MLP-FedProx-mu0.05,0.1,7,0.845761
9,4,MLP-FedProx-mu0.05,0.1,8,0.839944
9,4,MLP-FedProx-mu0.05,0.1,9,0.835256
9,4,MLP-FedProx-mu0.05,0.1,10,0.831426
9,4,MLP-FedProx-mu0.05,0.1,11,0.828394
9,4,MLP-FedProx-mu0.05,0.1,12,0.826048
9,4,MLP-FedProx-mu0.05,0.1,13,0.824301
9,4,MLP-FedProx-mu0.05,0.1,14,0.823075
9,4,MLP-FedProx-mu0.05,0.1,15,0.822297
9,4,MLP-FedProx-mu0.05,0.1,16,0.821898
9,4,MLP-FedProx-mu0.05,0.1,17,0.821814
9,4,MLP-FedProx-mu0.05,0.1,18,0.821994
9,4,MLP-FedProx-mu0.05,0.1,19,0.822396
9,4,MLP-FedProx-mu0.05,natural,0,0.538262
9,4,MLP-FedProx-mu0.05,natural,1,0.508537
9,4,MLP-FedProx-mu0.05,natural,2,0.491398
9,4,MLP-FedProx-mu0.05,natural,3,0.480607
9,4,MLP-FedProx-mu0.05,natural,4,0.474577
9,4,MLP-FedProx-mu0.05,natural,5,0.48315
9,4,MLP-FedProx-mu0.05,natural,6,0.495988
9,4,MLP-FedProx-mu0.05,natural,7,0.49778
9,4,MLP-FedProx-mu0.05,natural,8,0.507787
9,4,MLP-FedProx-mu0.05,natural,9,0.510831
9,4,MLP-FedProx-mu0.05,natural,10,0.402347
9,4,MLP-FedProx-mu0.05,natural,11,0.4399
9,4,MLP-FedProx-mu0.05,natural,12,0.472621
9,4,MLP-FedProx-mu0.05,natural,13,0.464488
9,4,MLP-FedProx-mu0.05,natural,14,0.420667
9,4,MLP-FedProx-mu0.05,natural,15,0.424001
9,4,MLP-FedProx-mu0.05,natural,16,0.452478
9,4,MLP-FedProx-mu0.05,natural,17,0.42761
9,4,MLP-FedProx-mu0.05,natural,18,0.436626
9,4,MLP-FedProx-mu0.05,natural,19,0.417784
0,0,MLP-FedProx-mu0.1,100,0,0.140325
0,0,MLP-FedProx-mu0.1,100,1,0.119088
0,0,MLP-FedProx-mu0.1,100,2,0.115631
0,0,MLP-FedProx-mu0.1,100,3,0.132516
0,0,MLP-FedProx-mu0.1,100,4,0.165651
0,0,MLP-FedProx-mu0.1,100,5,0.201564
0,0,MLP-FedProx-mu0.1,100,6,0.229152
0,0,MLP-FedProx-mu0.1,100,7,0.249098
0,0,MLP-FedProx-mu0.1,100,8,0.259327
0,0,MLP-FedProx-mu0.1,100,9,0.266426
0,0,MLP-FedProx-mu0.1,100,10,0.267306
0,0,MLP-FedProx-mu0.1,100,11,0.269497
0,0,MLP-FedProx-mu0.1,100,12,0.267481
0,0,MLP-FedProx-mu0.1,100,13,0.267992
0,0,MLP-FedProx-mu0.1,100,14,0.26597
0,0,MLP-FedProx-mu0.1,100,15,0.265885
0,0,MLP-FedProx-mu0.1,100,16,0.264675
0,0,MLP-FedProx-mu0.1,100,17,0.264546
0,0,MLP-FedProx-mu0.1,100,18,0.264106
0,0,MLP-FedProx-mu0.1,100,19,0.264214
0,0,MLP-FedProx-mu0.1,1.0,0,0.212897
0,0,MLP-FedProx-mu0.1,1.0,1,0.193104
0,0,MLP-FedProx-mu0.1,1.0,2,0.194934
0,0,MLP-FedProx-mu0.1,1.0,3,0.207962
0,0,MLP-FedProx-mu0.1,1.0,4,0.230621
0,0,MLP-FedProx-mu0.1,1.0,5,0.264726
0,0,MLP-FedProx-mu0.1,1.0,6,0.300053
0,0,MLP-FedProx-mu0.1,1.0,7,0.32074
0,0,MLP-FedProx-mu0.1,1.0,8,0.329502
0,0,MLP-FedProx-mu0.1,1.0,9,0.331233
0,0,MLP-FedProx-mu0.1,1.0,10,0.331226
0,0,MLP-FedProx-mu0.1,1.0,11,0.327322
0,0,MLP-FedProx-mu0.1,1.0,12,0.327612
0,0,MLP-FedProx-mu0.1,1.0,13,0.321077
0,0,MLP-FedProx-mu0.1,1.0,14,0.323742
0,0,MLP-FedProx-mu0.1,1.0,15,0.3168
0,0,MLP-FedProx-mu0.1,1.0,16,0.3202
0,0,MLP-FedProx-mu0.1,1.0,17,0.315129
0,0,MLP-FedProx-mu0.1,1.0,18,0.317614
0,0,MLP-FedProx-mu0.1,1.0,19,0.314867
0,0,MLP-FedProx-mu0.1,0.5,0,0.767696
0,0,MLP-FedProx-mu0.1,0.5,1,0.678057
0,0,MLP-FedProx-mu0.1,0.5,2,0.629817
0,0,MLP-FedProx-mu0.1,0.5,3,0.617062
0,0,MLP-FedProx-mu0.1,0.5,4,0.624839
0,0,MLP-FedProx-mu0.1,0.5,5,0.633199
0,0,MLP-FedProx-mu0.1,0.5,6,0.63626
0,0,MLP-FedProx-mu0.1,0.5,7,0.641789
0,0,MLP-FedProx-mu0.1,0.5,8,0.643041
0,0,MLP-FedProx-mu0.1,0.5,9,0.638123
0,0,MLP-FedProx-mu0.1,0.5,10,0.629389
0,0,MLP-FedProx-mu0.1,0.5,11,0.622017
0,0,MLP-FedProx-mu0.1,0.5,12,0.616837
0,0,MLP-FedProx-mu0.1,0.5,13,0.612296
0,0,MLP-FedProx-mu0.1,0.5,14,0.60785
0,0,MLP-FedProx-mu0.1,0.5,15,0.603514
0,0,MLP-FedProx-mu0.1,0.5,16,0.59936
0,0,MLP-FedProx-mu0.1,0.5,17,0.595476
0,0,MLP-FedProx-mu0.1,0.5,18,0.591983
0,0,MLP-FedProx-mu0.1,0.5,19,0.589057
0,0,MLP-FedProx-mu0.1,0.1,0,0.891243
0,0,MLP-FedProx-mu0.1,0.1,1,0.93475
0,0,MLP-FedProx-mu0.1,0.1,2,1.001371
0,0,MLP-FedProx-mu0.1,0.1,3,1.084672
0,0,MLP-FedProx-mu0.1,0.1,4,1.109335
0,0,MLP-FedProx-mu0.1,0.1,5,1.099968
0,0,MLP-FedProx-mu0.1,0.1,6,1.067982
0,0,MLP-FedProx-mu0.1,0.1,7,1.114348
0,0,MLP-FedProx-mu0.1,0.1,8,0.84922
0,0,MLP-FedProx-mu0.1,0.1,9,0.962793
0,0,MLP-FedProx-mu0.1,0.1,10,1.099104
0,0,MLP-FedProx-mu0.1,0.1,11,0.756029
0,0,MLP-FedProx-mu0.1,0.1,12,1.078571
0,0,MLP-FedProx-mu0.1,0.1,13,1.103124
0,0,MLP-FedProx-mu0.1,0.1,14,1.151871
0,0,MLP-FedProx-mu0.1,0.1,15,1.102241
0,0,MLP-FedProx-mu0.1,0.1,16,1.082325
0,0,MLP-FedProx-mu0.1,0.1,17,1.058831
0,0,MLP-FedProx-mu0.1,0.1,18,1.019144
0,0,MLP-FedProx-mu0.1,0.1,19,0.798394
0,0,MLP-FedProx-mu0.1,natural,0,0.672829
0,0,MLP-FedProx-mu0.1,natural,1,0.585025
0,0,MLP-FedProx-mu0.1,natural,2,0.531902
0,0,MLP-FedProx-mu0.1,natural,3,0.501452
0,0,MLP-FedProx-mu0.1,natural,4,0.483537
0,0,MLP-FedProx-mu0.1,natural,5,0.470723
0,0,MLP-FedProx-mu0.1,natural,6,0.466321
0,0,MLP-FedProx-mu0.1,natural,7,0.469508
0,0,MLP-FedProx-mu0.1,natural,8,0.467053
0,0,MLP-FedProx-mu0.1,natural,9,0.466323
0,0,MLP-FedProx-mu0.1,natural,10,0.450848
0,0,MLP-FedProx-mu0.1,natural,11,0.476168
0,0,MLP-FedProx-mu0.1,natural,12,0.432243
0,0,MLP-FedProx-mu0.1,natural,13,0.41674
0,0,MLP-FedProx-mu0.1,natural,14,0.42558
0,0,MLP-FedProx-mu0.1,natural,15,0.427623
0,0,MLP-FedProx-mu0.1,natural,16,0.416941
0,0,MLP-FedProx-mu0.1,natural,17,0.425645
0,0,MLP-FedProx-mu0.1,natural,18,0.413346
0,0,MLP-FedProx-mu0.1,natural,19,0.420484
0,1,MLP-FedProx-mu0.1,100,0,0.107995
0,1,MLP-FedProx-mu0.1,100,1,0.095362
0,1,MLP-FedProx-mu0.1,100,2,0.106249
0,1,MLP-FedProx-mu0.1,100,3,0.130518
0,1,MLP-FedProx-mu0.1,100,4,0.16382
0,1,MLP-FedProx-mu0.1,100,5,0.201361
0,1,MLP-FedProx-mu0.1,100,6,0.24478
0,1,MLP-FedProx-mu0.1,100,7,0.271224
0,1,MLP-FedProx-mu0.1,100,8,0.283658
0,1,MLP-FedProx-mu0.1,100,9,0.283805
0,1,MLP-FedProx-mu0.1,100,10,0.285629
0,1,MLP-FedProx-mu0.1,100,11,0.282359
0,1,MLP-FedProx-mu0.1,100,12,0.282135
0,1,MLP-FedProx-mu0.1,100,13,0.279484
0,1,MLP-FedProx-mu0.1,100,14,0.278517
0,1,MLP-FedProx-mu0.1,100,15,0.276766
0,1,MLP-FedProx-mu0.1,100,16,0.275707
0,1,MLP-FedProx-mu0.1,100,17,0.274561
0,1,MLP-FedProx-mu0.1,100,18,0.273722
0,1,MLP-FedProx-mu0.1,100,19,0.273009
0,1,MLP-FedProx-mu0.1,1.0,0,0.247657
0,1,MLP-FedProx-mu0.1,1.0,1,0.223545
0,1,MLP-FedProx-mu0.1,1.0,2,0.219564
0,1,MLP-FedProx-mu0.1,1.0,3,0.230113
0,1,MLP-FedProx-mu0.1,1.0,4,0.254811
0,1,MLP-FedProx-mu0.1,1.0,5,0.287627
0,1,MLP-FedProx-mu0.1,1.0,6,0.313344
0,1,MLP-FedProx-mu0.1,1.0,7,0.326354
0,1,MLP-FedProx-mu0.1,1.0,8,0.334869
0,1,MLP-FedProx-mu0.1,1.0,9,0.336941
0,1,MLP-FedProx-mu0.1,1.0,10,0.3407
0,1,MLP-FedProx-mu0.1,1.0,11,0.339143
0,1,MLP-FedProx-mu0.1,1.0,12,0.341522
0,1,MLP-FedProx-mu0.1,1.0,13,0.339344
0,1,MLP-FedProx-mu0.1,1.0,14,0.340296
0,1,MLP-FedProx-mu0.1,1.0,15,0.33872
0,1,MLP-FedProx-mu0.1,1.0,16,0.338414
0,1,MLP-FedProx-mu0.1,1.0,17,0.337268
0,1,MLP-FedProx-mu0.1,1.0,18,0.336346
0,1,MLP-FedProx-mu0.1,1.0,19,0.335211
0,1,MLP-FedProx-mu0.1,0.5,0,0.726568
0,1,MLP-FedProx-mu0.1,0.5,1,0.644714
0,1,MLP-FedProx-mu0.1,0.5,2,0.597803
0,1,MLP-FedProx-mu0.1,0.5,3,0.57415
0,1,MLP-FedProx-mu0.1,0.5,4,0.566182
0,1,MLP-FedProx-mu0.1,0.5,5,0.566367
0,1,MLP-FedProx-mu0.1,0.5,6,0.564769
0,1,MLP-FedProx-mu0.1,0.5,7,0.562756
0,1,MLP-FedProx-mu0.1,0.5,8,0.562516
0,1,MLP-FedProx-mu0.1,0.5,9,0.564593
0,1,MLP-FedProx-mu0.1,0.5,10,0.568652
0,1,MLP-FedProx-mu0.1,0.5,11,0.573346
0,1,MLP-FedProx-mu0.1,0.5,12,0.577818
0,1,MLP-FedProx-mu0.1,0.5,13,0.581794
0,1,MLP-FedProx-mu0.1,0.5,14,0.584182
0,1,MLP-FedProx-mu0.1,0.5,15,0.582661
0,1,MLP-FedProx-mu0.1,0.5,16,0.578621
0,1,MLP-FedProx-mu0.1,0.5,17,0.574211
0,1,MLP-FedProx-mu0.1,0.5,18,0.563167
0,1,MLP-FedProx-mu0.1,0.5,19,0.547467
0,1,MLP-FedProx-mu0.1,0.1,0,0.891934
0,1,MLP-FedProx-mu0.1,0.1,1,0.937166
0,1,MLP-FedProx-mu0.1,0.1,2,1.00714
0,1,MLP-FedProx-mu0.1,0.1,3,1.082372
0,1,MLP-FedProx-mu0.1,0.1,4,1.109383
0,1,MLP-FedProx-mu0.1,0.1,5,1.104456
0,1,MLP-FedProx-mu0.1,0.1,6,1.094933
0,1,MLP-FedProx-mu0.1,0.1,7,1.100636
0,1,MLP-FedProx-mu0.1,0.1,8,0.821396
0,1,MLP-FedProx-mu0.1,0.1,9,0.966575
0,1,MLP-FedProx-mu0.1,0.1,10,1.046073
0,1,MLP-FedProx-mu0.1,0.1,11,0.863287
0,1,MLP-FedProx-mu0.1,0.1,12,1.049079
0,1,MLP-FedProx-mu0.1,0.1,13,0.847866
0,1,MLP-FedProx-mu0.1,0.1,14,1.074651
0,1,MLP-FedProx-mu0.1,0.1,15,0.859624
0,1,MLP-FedProx-mu0.1,0.1,16,1.095342
0,1,MLP-FedProx-mu0.1,0.1,17,0.921532
0,1,MLP-FedProx-mu0.1,0.1,18,1.084501
0,1,MLP-FedProx-mu0.1,0.1,19,0.842792
0,1,MLP-FedProx-mu0.1,natural,0,0.654316
0,1,MLP-FedProx-mu0.1,natural,1,0.564175
0,1,MLP-FedProx-mu0.1,natural,2,0.506012
0,1,MLP-FedProx-mu0.1,natural,3,0.471134
0,1,MLP-FedProx-mu0.1,natural,4,0.450867
0,1,MLP-FedProx-mu0.1,natural,5,0.438866
0,1,MLP-FedProx-mu0.1,natural,6,0.434588
0,1,MLP-FedProx-mu0.1,natural,7,0.433122
0,1,MLP-FedProx-mu0.1,natural,8,0.431481
0,1,MLP-FedProx-mu0.1,natural,9,0.4292
0,1,MLP-FedProx-mu0.1,natural,10,0.427104
0,1,MLP-FedProx-mu0.1,natural,11,0.424617
0,1,MLP-FedProx-mu0.1,natural,12,0.423011
0,1,MLP-FedProx-mu0.1,natural,13,0.4207
0,1,MLP-FedProx-mu0.1,natural,14,0.419622
0,1,MLP-FedProx-mu0.1,natural,15,0.417493
0,1,MLP-FedProx-mu0.1,natural,16,0.416795
0,1,MLP-FedProx-mu0.1,natural,17,0.414945
0,1,MLP-FedProx-mu0.1,natural,18,0.414451
0,1,MLP-FedProx-mu0.1,natural,19,0.412972
0,2,MLP-FedProx-mu0.1,100,0,0.15066
0,2,MLP-FedProx-mu0.1,100,1,0.135111
0,2,MLP-FedProx-mu0.1,100,2,0.1434
0,2,MLP-FedProx-mu0.1,100,3,0.160493
0,2,MLP-FedProx-mu0.1,100,4,0.188563
0,2,MLP-FedProx-mu0.1,100,5,0.223099
0,2,MLP-FedProx-mu0.1,100,6,0.251311
0,2,MLP-FedProx-mu0.1,100,7,0.275784
0,2,MLP-FedProx-mu0.1,100,8,0.276308
0,2,MLP-FedProx-mu0.1,100,9,0.299768
0,2,MLP-FedProx-mu0.1,100,10,0.254023
0,2,MLP-FedProx-mu0.1,100,11,0.288324
0,2,MLP-FedProx-mu0.1,100,12,0.214369
0,2,MLP-FedProx-mu0.1,100,13,0.262285
0,2,MLP-FedProx-mu0.1,100,14,0.211847
0,2,MLP-FedProx-mu0.1,100,15,0.262177
0,2,MLP-FedProx-mu0.1,100,16,0.217358
0,2,MLP-FedProx-mu0.1,100,17,0.264673
0,2,MLP-FedProx-mu0.1,100,18,0.22231
0,2,MLP-FedProx-mu0.1,100,19,0.267733
0,2,MLP-FedProx-mu0.1,1.0,0,0.219002
0,2,MLP-FedProx-mu0.1,1.0,1,0.191591
0,2,MLP-FedProx-mu0.1,1.0,2,0.191488
0,2,MLP-FedProx-mu0.1,1.0,3,0.207364
0,2,MLP-FedProx-mu0.1,1.0,4,0.240666
0,2,MLP-FedProx-mu0.1,1.0,5,0.281173
0,2,MLP-FedProx-mu0.1,1.0,6,0.3193
0,2,MLP-FedProx-mu0.1,1.0,7,0.31734
0,2,MLP-FedProx-mu0.1,1.0,8,0.327315
0,2,MLP-FedProx-mu0.1,1.0,9,0.353097
0,2,MLP-FedProx-mu0.1,1.0,10,0.294107
0,2,MLP-FedProx-mu0.1,1.0,11,0.332213
0,2,MLP-FedProx-mu0.1,1.0,12,0.298711
0,2,MLP-FedProx-mu0.1,1.0,13,0.309704
0,2,MLP-FedProx-mu0.1,1.0,14,0.30312
0,2,MLP-FedProx-mu0.1,1.0,15,0.300973
0,2,MLP-FedProx-mu0.1,1.0,16,0.304833
0,2,MLP-FedProx-mu0.1,1.0,17,0.297007
0,2,MLP-FedProx-mu0.1,1.0,18,0.305315
0,2,MLP-FedProx-mu0.1,1.0,19,0.294967
0,2,MLP-FedProx-mu0.1,0.5,0,0.765153
0,2,MLP-FedProx-mu0.1,0.5,1,0.671931
0,2,MLP-FedProx-mu0.1,0.5,2,0.595288
0,2,MLP-FedProx-mu0.1,0.5,3,0.562824
0,2,MLP-FedProx-mu0.1,0.5,4,0.547248
0,2,MLP-FedProx-mu0.1,0.5,5,0.537179
0,2,MLP-FedProx-mu0.1,0.5,6,0.530922
0,2,MLP-FedProx-mu0.1,0.5,7,0.528653
0,2,MLP-FedProx-mu0.1,0.5,8,0.530458
0,2,MLP-FedProx-mu0.1,0.5,9,0.534228
0,2,MLP-FedProx-mu0.1,0.5,10,0.538559
0,2,MLP-FedProx-mu0.1,0.5,11,0.542984
0,2,MLP-FedProx-mu0.1,0.5,12,0.547083
0,2,MLP-FedProx-mu0.1,0.5,13,0.55045
0,2,MLP-FedProx-mu0.1,0.5,14,0.552765
0,2,MLP-FedProx-mu0.1,0.5,15,0.553916
0,2,MLP-FedProx-mu0.1,0.5,16,0.554272
0,2,MLP-FedProx-mu0.1,0.5,17,0.554736
0,2,MLP-FedProx-mu0.1,0.5,18,0.556036
0,2,MLP-FedProx-mu0.1,0.5,19,0.558169
0,2,MLP-FedProx-mu0.1,0.1,0,0.897687
0,2,MLP-FedProx-mu0.1,0.1,1,0.942016
0,2,MLP-FedProx-mu0.1,0.1,2,1.001668
0,2,MLP-FedProx-mu0.1,0.1,3,1.088858
0,2,MLP-FedProx-mu0.1,0.1,4,1.092385
0,2,MLP-FedProx-mu0.1,0.1,5,1.120673
0,2,MLP-FedProx-mu0.1,0.1,6,1.042738
0,2,MLP-FedProx-mu0.1,0.1,7,1.163793
0,2,MLP-FedProx-mu0.1,0.1,8,0.843762
0,2,MLP-FedProx-mu0.1,0.1,9,0.944985
0,2,MLP-FedProx-mu0.1,0.1,10,0.986103
0,2,MLP-FedProx-mu0.1,0.1,11,0.877105
0,2,MLP-FedProx-mu0.1,0.1,12,1.036601
0,2,MLP-FedProx-mu0.1,0.1,13,0.956185
0,2,MLP-FedProx-mu0.1,0.1,14,1.021081
0,2,MLP-FedProx-mu0.1,0.1,15,0.875579
0,2,MLP-FedProx-mu0.1,0.1,16,0.994422
0,2,MLP-FedProx-mu0.1,0.1,17,1.004265
0,2,MLP-FedProx-mu0.1,0.1,18,1.091762
0,2,MLP-FedProx-mu0.1,0.1,19,1.161424
0,2,MLP-FedProx-mu0.1,natural,0,0.663761
0,2,MLP-FedProx-mu0.1,natural,1,0.570773
0,2,MLP-FedProx-mu0.1,natural,2,0.514734
0,2,MLP-FedProx-mu0.1,natural,3,0.482297
0,2,MLP-FedProx-mu0.1,natural,4,0.461584
0,2,MLP-FedProx-mu0.1,natural,5,0.44754
0,2,MLP-FedProx-mu0.1,natural,6,0.441422
0,2,MLP-FedProx-mu0.1,natural,7,0.443106
0,2,MLP-FedProx-mu0.1,natural,8,0.446438
0,2,MLP-FedProx-mu0.1,natural,9,0.447003
0,2,MLP-FedProx-mu0.1,natural,10,0.445293
0,2,MLP-FedProx-mu0.1,natural,11,0.442536
0,2,MLP-FedProx-mu0.1,natural,12,0.439512
0,2,MLP-FedProx-mu0.1,natural,13,0.436539
0,2,MLP-FedProx-mu0.1,natural,14,0.433693
0,2,MLP-FedProx-mu0.1,natural,15,0.430967
0,2,MLP-FedProx-mu0.1,natural,16,0.428337
0,2,MLP-FedProx-mu0.1,natural,17,0.425791
0,2,MLP-FedProx-mu0.1,natural,18,0.423328
0,2,MLP-FedProx-mu0.1,natural,19,0.420964
0,3,MLP-FedProx-mu0.1,100,0,0.171093
0,3,MLP-FedProx-mu0.1,100,1,0.156805
0,3,MLP-FedProx-mu0.1,100,2,0.155068
0,3,MLP-FedProx-mu0.1,100,3,0.163752
0,3,MLP-FedProx-mu0.1,100,4,0.18805
0,3,MLP-FedProx-mu0.1,100,5,0.22703
0,3,MLP-FedProx-mu0.1,100,6,0.26493
0,3,MLP-FedProx-mu0.1,100,7,0.291619
0,3,MLP-FedProx-mu0.1,100,8,0.296269
0,3,MLP-FedProx-mu0.1,100,9,0.306576
0,3,MLP-FedProx-mu0.1,100,10,0.278105
0,3,MLP-FedProx-mu0.1,100,11,0.299684
0,3,MLP-FedProx-mu0.1,100,12,0.23441
0,3,MLP-FedProx-mu0.1,100,13,0.278522
0,3,MLP-FedProx-mu0.1,100,14,0.194592
0,3,MLP-FedProx-mu0.1,100,15,0.254494
0,3,MLP-FedProx-mu0.1,100,16,0.179417
0,3,MLP-FedProx-mu0.1,100,17,0.242079
0,3,MLP-FedProx-mu0.1,100,18,0.183182
0,3,MLP-FedProx-mu0.1,100,19,0.241204
0,3,MLP-FedProx-mu0.1,1.0,0,0.216719
0,3,MLP-FedProx-mu0.1,1.0,1,0.192595
0,3,MLP-FedProx-mu0.1,1.0,2,0.187729
0,3,MLP-FedProx-mu0.1,1.0,3,0.193904
0,3,MLP-FedProx-mu0.1,1.0,4,0.215564
0,3,MLP-FedProx-mu0.1,1.0,5,0.25558
0,3,MLP-FedProx-mu0.1,1.0,6,0.296417
0,3,MLP-FedProx-mu0.1,1.0,7,0.313619
0,3,MLP-FedProx-mu0.1,1.0,8,0.318526
0,3,MLP-FedProx-mu0.1,1.0,9,0.317093
0,3,MLP-FedProx-mu0.1,1.0,10,0.314553
0,3,MLP-FedProx-mu0.1,1.0,11,0.310915
0,3,MLP-FedProx-mu0.1,1.0,12,0.307364
0,3,MLP-FedProx-mu0.1,1.0,13,0.303714
0,3,MLP-FedProx-mu0.1,1.0,14,0.300315
0,3,MLP-FedProx-mu0.1,1.0,15,0.297036
0,3,MLP-FedProx-mu0.1,1.0,16,0.294026
0,3,MLP-FedProx-mu0.1,1.0,17,0.291197
0,3,MLP-FedProx-mu0.1,1.0,18,0.28861
0,3,MLP-FedProx-mu0.1,1.0,19,0.286212
0,3,MLP-FedProx-mu0.1,0.5,0,0.727211
0,3,MLP-FedProx-mu0.1,0.5,1,0.630379
0,3,MLP-FedProx-mu0.1,0.5,2,0.570409
0,3,MLP-FedProx-mu0.1,0.5,3,0.541725
0,3,MLP-FedProx-mu0.1,0.5,4,0.529554
0,3,MLP-FedProx-mu0.1,0.5,5,0.524953
0,3,MLP-FedProx-mu0.1,0.5,6,0.521922
0,3,MLP-FedProx-mu0.1,0.5,7,0.520452
0,3,MLP-FedProx-mu0.1,0.5,8,0.522193
0,3,MLP-FedProx-mu0.1,0.5,9,0.52443
0,3,MLP-FedProx-mu0.1,0.5,10,0.523631
0,3,MLP-FedProx-mu0.1,0.5,11,0.52101
0,3,MLP-FedProx-mu0.1,0.5,12,0.518914
0,3,MLP-FedProx-mu0.1,0.5,13,0.51778
0,3,MLP-FedProx-mu0.1,0.5,14,0.517078
0,3,MLP-FedProx-mu0.1,0.5,15,0.516407
0,3,MLP-FedProx-mu0.1,0.5,16,0.515581
0,3,MLP-FedProx-mu0.1,0.5,17,0.514563
0,3,MLP-FedProx-mu0.1,0.5,18,0.513478
0,3,MLP-FedProx-mu0.1,0.5,19,0.512661
0,3,MLP-FedProx-mu0.1,0.1,0,0.894457
0,3,MLP-FedProx-mu0.1,0.1,1,0.942394
0,3,MLP-FedProx-mu0.1,0.1,2,1.009594
0,3,MLP-FedProx-mu0.1,0.1,3,1.093226
0,3,MLP-FedProx-mu0.1,0.1,4,1.102526
0,3,MLP-FedProx-mu0.1,0.1,5,1.105793
0,3,MLP-FedProx-mu0.1,0.1,6,1.064844
0,3,MLP-FedProx-mu0.1,0.1,7,1.124966
0,3,MLP-FedProx-mu0.1,0.1,8,0.868429
0,3,MLP-FedProx-mu0.1,0.1,9,0.948985
0,3,MLP-FedProx-mu0.1,0.1,10,1.046723
0,3,MLP-FedProx-mu0.1,0.1,11,0.783689
0,3,MLP-FedProx-mu0.1,0.1,12,1.044534
0,3,MLP-FedProx-mu0.1,0.1,13,1.021673
0,3,MLP-FedProx-mu0.1,0.1,14,1.114657
0,3,MLP-FedProx-mu0.1,0.1,15,1.013092
0,3,MLP-FedProx-mu0.1,0.1,16,1.090654
0,3,MLP-FedProx-mu0.1,0.1,17,0.761097
0,3,MLP-FedProx-mu0.1,0.1,18,1.010668
0,3,MLP-FedProx-mu0.1,0.1,19,1.11048
0,3,MLP-FedProx-mu0.1,natural,0,0.668614
0,3,MLP-FedProx-mu0.1,natural,1,0.577807
0,3,MLP-FedProx-mu0.1,natural,2,0.521935
0,3,MLP-FedProx-mu0.1,natural,3,0.489181
0,3,MLP-FedProx-mu0.1,natural,4,0.472469
0,3,MLP-FedProx-mu0.1,natural,5,0.462435
0,3,MLP-FedProx-mu0.1,natural,6,0.458797
0,3,MLP-FedProx-mu0.1,natural,7,0.466771
0,3,MLP-FedProx-mu0.1,natural,8,0.478773
0,3,MLP-FedProx-mu0.1,natural,9,0.48458
0,3,MLP-FedProx-mu0.1,natural,10,0.485988
0,3,MLP-FedProx-mu0.1,natural,11,0.481172
0,3,MLP-FedProx-mu0.1,natural,12,0.478023
0,3,MLP-FedProx-mu0.1,natural,13,0.467161
0,3,MLP-FedProx-mu0.1,natural,14,0.469062
0,3,MLP-FedProx-mu0.1,natural,15,0.449499
0,3,MLP-FedProx-mu0.1,natural,16,0.462931
0,3,MLP-FedProx-mu0.1,natural,17,0.430944
0,3,MLP-FedProx-mu0.1,natural,18,0.451265
0,3,MLP-FedProx-mu0.1,natural,19,0.420028
0,4,MLP-FedProx-mu0.1,100,0,0.146827
0,4,MLP-FedProx-mu0.1,100,1,0.135415
0,4,MLP-FedProx-mu0.1,100,2,0.138438
0,4,MLP-FedProx-mu0.1,100,3,0.152761
0,4,MLP-FedProx-mu0.1,100,4,0.178732
0,4,MLP-FedProx-mu0.1,100,5,0.209091
0,4,MLP-FedProx-mu0.1,100,6,0.235508
0,4,MLP-FedProx-mu0.1,100,7,0.256698
0,4,MLP-FedProx-mu0.1,100,8,0.267814
0,4,MLP-FedProx-mu0.1,100,9,0.277231
0,4,MLP-FedProx-mu0.1,100,10,0.270451
0,4,MLP-FedProx-mu0.1,100,11,0.282879
0,4,MLP-FedProx-mu0.1,100,12,0.249332
0,4,MLP-FedProx-mu0.1,100,13,0.279883
0,4,MLP-FedProx-mu0.1,100,14,0.21498
0,4,MLP-FedProx-mu0.1,100,15,0.260206
0,4,MLP-FedProx-mu0.1,100,16,0.209458
0,4,MLP-FedProx-mu0.1,100,17,0.252451
0,4,MLP-FedProx-mu0.1,100,18,0.216007
0,4,MLP-FedProx-mu0.1,100,19,0.250623
0,4,MLP-FedProx-mu0.1,1.0,0,0.218552
0,4,MLP-FedProx-mu0.1,1.0,1,0.18595
0,4,MLP-FedProx-mu0.1,1.0,2,0.184473
0,4,MLP-FedProx-mu0.1,1.0,3,0.199
0,4,MLP-FedProx-mu0.1,1.0,4,0.225143
0,4,MLP-FedProx-mu0.1,1.0,5,0.254456
0,4,MLP-FedProx-mu0.1,1.0,6,0.279324
0,4,MLP-FedProx-mu0.1,1.0,7,0.294981
0,4,MLP-FedProx-mu0.1,1.0,8,0.301768
0,4,MLP-FedProx-mu0.1,1.0,9,0.30326
0,4,MLP-FedProx-mu0.1,1.0,10,0.302305
0,4,MLP-FedProx-mu0.1,1.0,11,0.300386
0,4,MLP-FedProx-mu0.1,1.0,12,0.298166
0,4,MLP-FedProx-mu0.1,1.0,13,0.295938
0,4,MLP-FedProx-mu0.1,1.0,14,0.293799
0,4,MLP-FedProx-mu0.1,1.0,15,0.291785
0,4,MLP-FedProx-mu0.1,1.0,16,0.289897
0,4,MLP-FedProx-mu0.1,1.0,17,0.28813
0,4,MLP-FedProx-mu0.1,1.0,18,0.286477
0,4,MLP-FedProx-mu0.1,1.0,19,0.284934
0,4,MLP-FedProx-mu0.1,0.5,0,0.704745
0,4,MLP-FedProx-mu0.1,0.5,1,0.628895
0,4,MLP-FedProx-mu0.1,0.5,2,0.573373
0,4,MLP-FedProx-mu0.1,0.5,3,0.55253
0,4,MLP-FedProx-mu0.1,0.5,4,0.55081
0,4,MLP-FedProx-mu0.1,0.5,5,0.559598
0,4,MLP-FedProx-mu0.1,0.5,6,0.565731
0,4,MLP-FedProx-mu0.1,0.5,7,0.566648
0,4,MLP-FedProx-mu0.1,0.5,8,0.563787
0,4,MLP-FedProx-mu0.1,0.5,9,0.559206
0,4,MLP-FedProx-mu0.1,0.5,10,0.554556
0,4,MLP-FedProx-mu0.1,0.5,11,0.550821
0,4,MLP-FedProx-mu0.1,0.5,12,0.548076
0,4,MLP-FedProx-mu0.1,0.5,13,0.546065
0,4,MLP-FedProx-mu0.1,0.5,14,0.544476
0,4,MLP-FedProx-mu0.1,0.5,15,0.543024
0,4,MLP-FedProx-mu0.1,0.5,16,0.541474
0,4,MLP-FedProx-mu0.1,0.5,17,0.539661
0,4,MLP-FedProx-mu0.1,0.5,18,0.537498
0,4,MLP-FedProx-mu0.1,0.5,19,0.534997
0,4,MLP-FedProx-mu0.1,0.1,0,0.896225
0,4,MLP-FedProx-mu0.1,0.1,1,0.944897
0,4,MLP-FedProx-mu0.1,0.1,2,1.015864
0,4,MLP-FedProx-mu0.1,0.1,3,1.104539
0,4,MLP-FedProx-mu0.1,0.1,4,1.113465
0,4,MLP-FedProx-mu0.1,0.1,5,1.104256
0,4,MLP-FedProx-mu0.1,0.1,6,1.017025
0,4,MLP-FedProx-mu0.1,0.1,7,1.085551
0,4,MLP-FedProx-mu0.1,0.1,8,0.896565
0,4,MLP-FedProx-mu0.1,0.1,9,0.87656
0,4,MLP-FedProx-mu0.1,0.1,10,1.018506
0,4,MLP-FedProx-mu0.1,0.1,11,0.819866
0,4,MLP-FedProx-mu0.1,0.1,12,1.017037
0,4,MLP-FedProx-mu0.1,0.1,13,0.969624
0,4,MLP-FedProx-mu0.1,0.1,14,1.056703
0,4,MLP-FedProx-mu0.1,0.1,15,0.985474
0,4,MLP-FedProx-mu0.1,0.1,16,1.029489
0,4,MLP-FedProx-mu0.1,0.1,17,0.783041
0,4,MLP-FedProx-mu0.1,0.1,18,0.984525
0,4,MLP-FedProx-mu0.1,0.1,19,1.007791
0,4,MLP-FedProx-mu0.1,natural,0,0.683858
0,4,MLP-FedProx-mu0.1,natural,1,0.600959
0,4,MLP-FedProx-mu0.1,natural,2,0.551036
0,4,MLP-FedProx-mu0.1,natural,3,0.521656
0,4,MLP-FedProx-mu0.1,natural,4,0.504091
0,4,MLP-FedProx-mu0.1,natural,5,0.492678
0,4,MLP-FedProx-mu0.1,natural,6,0.488562
0,4,MLP-FedProx-mu0.1,natural,7,0.487186
0,4,MLP-FedProx-mu0.1,natural,8,0.485637
0,4,MLP-FedProx-mu0.1,natural,9,0.481631
0,4,MLP-FedProx-mu0.1,natural,10,0.487311
0,4,MLP-FedProx-mu0.1,natural,11,0.469527
0,4,MLP-FedProx-mu0.1,natural,12,0.479894
0,4,MLP-FedProx-mu0.1,natural,13,0.477533
0,4,MLP-FedProx-mu0.1,natural,14,0.477438
0,4,MLP-FedProx-mu0.1,natural,15,0.466646
0,4,MLP-FedProx-mu0.1,natural,16,0.477081
0,4,MLP-FedProx-mu0.1,natural,17,0.462345
0,4,MLP-FedProx-mu0.1,natural,18,0.47355
0,4,MLP-FedProx-mu0.1,natural,19,0.457128
1,0,MLP-FedProx-mu0.1,100,0,0.125189
1,0,MLP-FedProx-mu0.1,100,1,0.115947
1,0,MLP-FedProx-mu0.1,100,2,0.113682
1,0,MLP-FedProx-mu0.1,100,3,0.11345
1,0,MLP-FedProx-mu0.1,100,4,0.116141
1,0,MLP-FedProx-mu0.1,100,5,0.119235
1,0,MLP-FedProx-mu0.1,100,6,0.126574
1,0,MLP-FedProx-mu0.1,100,7,0.141258
1,0,MLP-FedProx-mu0.1,100,8,0.161856
1,0,MLP-FedProx-mu0.1,100,9,0.186499
1,0,MLP-FedProx-mu0.1,100,10,0.212175
1,0,MLP-FedProx-mu0.1,100,11,0.23986
1,0,MLP-FedProx-mu0.1,100,12,0.26936
1,0,MLP-FedProx-mu0.1,100,13,0.297173
1,0,MLP-FedProx-mu0.1,100,14,0.320752
1,0,MLP-FedProx-mu0.1,100,15,0.328891
1,0,MLP-FedProx-mu0.1,100,16,0.280444
1,0,MLP-FedProx-mu0.1,100,17,0.256672
1,0,MLP-FedProx-mu0.1,100,18,0.253875
1,0,MLP-FedProx-mu0.1,100,19,0.26913
1,0,MLP-FedProx-mu0.1,1.0,0,0.836784
1,0,MLP-FedProx-mu0.1,1.0,1,0.86561
1,0,MLP-FedProx-mu0.1,1.0,2,0.869562
1,0,MLP-FedProx-mu0.1,1.0,3,0.862216
1,0,MLP-FedProx-mu0.1,1.0,4,0.842273
1,0,MLP-FedProx-mu0.1,1.0,5,0.808991
1,0,MLP-FedProx-mu0.1,1.0,6,0.765076
1,0,MLP-FedProx-mu0.1,1.0,7,0.709593
1,0,MLP-FedProx-mu0.1,1.0,8,0.666969
1,0,MLP-FedProx-mu0.1,1.0,9,0.648129
1,0,MLP-FedProx-mu0.1,1.0,10,0.639298
1,0,MLP-FedProx-mu0.1,1.0,11,0.634448
1,0,MLP-FedProx-mu0.1,1.0,12,0.629869
1,0,MLP-FedProx-mu0.1,1.0,13,0.626291
1,0,MLP-FedProx-mu0.1,1.0,14,0.622144
1,0,MLP-FedProx-mu0.1,1.0,15,0.619364
1,0,MLP-FedProx-mu0.1,1.0,16,0.615632
1,0,MLP-FedProx-mu0.1,1.0,17,0.614979
1,0,MLP-FedProx-mu0.1,1.0,18,0.61262
1,0,MLP-FedProx-mu0.1,1.0,19,0.614051
1,0,MLP-FedProx-mu0.1,0.5,0,0.750012
1,0,MLP-FedProx-mu0.1,0.5,1,0.770215
1,0,MLP-FedProx-mu0.1,0.5,2,0.775153
1,0,MLP-FedProx-mu0.1,0.5,3,0.770809
1,0,MLP-FedProx-mu0.1,0.5,4,0.754891
1,0,MLP-FedProx-mu0.1,0.5,5,0.727056
1,0,MLP-FedProx-mu0.1,0.5,6,0.691641
1,0,MLP-FedProx-mu0.1,0.5,7,0.650288
1,0,MLP-FedProx-mu0.1,0.5,8,0.6133
1,0,MLP-FedProx-mu0.1,0.5,9,0.588157
1,0,MLP-FedProx-mu0.1,0.5,10,0.575068
1,0,MLP-FedProx-mu0.1,0.5,11,0.570863
1,0,MLP-FedProx-mu0.1,0.5,12,0.58102
1,0,MLP-FedProx-mu0.1,0.5,13,0.603464
1,0,MLP-FedProx-mu0.1,0.5,14,0.618998
1,0,MLP-FedProx-mu0.1,0.5,15,0.623164
1,0,MLP-FedProx-mu0.1,0.5,16,0.622433
1,0,MLP-FedProx-mu0.1,0.5,17,0.62053
1,0,MLP-FedProx-mu0.1,0.5,18,0.61816
1,0,MLP-FedProx-mu0.1,0.5,19,0.61566
1,0,MLP-FedProx-mu0.1,0.1,0,1.049345
1,0,MLP-FedProx-mu0.1,0.1,1,1.084487
1,0,MLP-FedProx-mu0.1,0.1,2,1.096588
1,0,MLP-FedProx-mu0.1,0.1,3,1.099235
1,0,MLP-FedProx-mu0.1,0.1,4,1.099818
1,0,MLP-FedProx-mu0.1,0.1,5,1.100006
1,0,MLP-FedProx-mu0.1,0.1,6,1.100099
1,0,MLP-FedProx-mu0.1,0.1,7,1.100161
1,0,MLP-FedProx-mu0.1,0.1,8,1.100208
1,0,MLP-FedProx-mu0.1,0.1,9,1.100247
1,0,MLP-FedProx-mu0.1,0.1,10,1.100281
1,0,MLP-FedProx-mu0.1,0.1,11,1.100309
1,0,MLP-FedProx-mu0.1,0.1,12,1.100334
1,0,MLP-FedProx-mu0.1,0.1,13,1.100356
1,0,MLP-FedProx-mu0.1,0.1,14,1.100376
1,0,MLP-FedProx-mu0.1,0.1,15,1.100393
1,0,MLP-FedProx-mu0.1,0.1,16,1.100409
1,0,MLP-FedProx-mu0.1,0.1,17,1.100423
1,0,MLP-FedProx-mu0.1,0.1,18,1.100437
1,0,MLP-FedProx-mu0.1,0.1,19,1.100449
1,0,MLP-FedProx-mu0.1,natural,0,0.703303
1,0,MLP-FedProx-mu0.1,natural,1,0.699586
1,0,MLP-FedProx-mu0.1,natural,2,0.696871
1,0,MLP-FedProx-mu0.1,natural,3,0.694976
1,0,MLP-FedProx-mu0.1,natural,4,0.688959
1,0,MLP-FedProx-mu0.1,natural,5,0.675617
1,0,MLP-FedProx-mu0.1,natural,6,0.658355
1,0,MLP-FedProx-mu0.1,natural,7,0.631353
1,0,MLP-FedProx-mu0.1,natural,8,0.59053
1,0,MLP-FedProx-mu0.1,natural,9,0.558742
1,0,MLP-FedProx-mu0.1,natural,10,0.538137
1,0,MLP-FedProx-mu0.1,natural,11,0.522732
1,0,MLP-FedProx-mu0.1,natural,12,0.515697
1,0,MLP-FedProx-mu0.1,natural,13,0.516503
1,0,MLP-FedProx-mu0.1,natural,14,0.520384
1,0,MLP-FedProx-mu0.1,natural,15,0.519495
1,0,MLP-FedProx-mu0.1,natural,16,0.525442
1,0,MLP-FedProx-mu0.1,natural,17,0.490307
1,0,MLP-FedProx-mu0.1,natural,18,0.470402
1,0,MLP-FedProx-mu0.1,natural,19,0.493136
1,1,MLP-FedProx-mu0.1,100,0,0.101295
1,1,MLP-FedProx-mu0.1,100,1,0.097899
1,1,MLP-FedProx-mu0.1,100,2,0.09674
1,1,MLP-FedProx-mu0.1,100,3,0.098603
1,1,MLP-FedProx-mu0.1,100,4,0.104438
1,1,MLP-FedProx-mu0.1,100,5,0.113383
1,1,MLP-FedProx-mu0.1,100,6,0.130578
1,1,MLP-FedProx-mu0.1,100,7,0.149989
1,1,MLP-FedProx-mu0.1,100,8,0.166301
1,1,MLP-FedProx-mu0.1,100,9,0.182714
1,1,MLP-FedProx-mu0.1,100,10,0.200944
1,1,MLP-FedProx-mu0.1,100,11,0.222731
1,1,MLP-FedProx-mu0.1,100,12,0.248282
1,1,MLP-FedProx-mu0.1,100,13,0.272521
1,1,MLP-FedProx-mu0.1,100,14,0.294557
1,1,MLP-FedProx-mu0.1,100,15,0.310995
1,1,MLP-FedProx-mu0.1,100,16,0.241131
1,1,MLP-FedProx-mu0.1,100,17,0.271377
1,1,MLP-FedProx-mu0.1,100,18,0.258642
1,1,MLP-FedProx-mu0.1,100,19,0.278245
1,1,MLP-FedProx-mu0.1,1.0,0,0.840202
1,1,MLP-FedProx-mu0.1,1.0,1,0.866621
1,1,MLP-FedProx-mu0.1,1.0,2,0.872439
1,1,MLP-FedProx-mu0.1,1.0,3,0.867037
1,1,MLP-FedProx-mu0.1,1.0,4,0.849434
1,1,MLP-FedProx-mu0.1,1.0,5,0.81549
1,1,MLP-FedProx-mu0.1,1.0,6,0.7706
1,1,MLP-FedProx-mu0.1,1.0,7,0.710529
1,1,MLP-FedProx-mu0.1,1.0,8,0.659798
1,1,MLP-FedProx-mu0.1,1.0,9,0.629688
1,1,MLP-FedProx-mu0.1,1.0,10,0.612902
1,1,MLP-FedProx-mu0.1,1.0,11,0.602595
1,1,MLP-FedProx-mu0.1,1.0,12,0.596119
1,1,MLP-FedProx-mu0.1,1.0,13,0.591822
1,1,MLP-FedProx-mu0.1,1.0,14,0.589124
1,1,MLP-FedProx-mu0.1,1.0,15,0.587808
1,1,MLP-FedProx-mu0.1,1.0,16,0.58753
1,1,MLP-FedProx-mu0.1,1.0,17,0.587956
1,1,MLP-FedProx-mu0.1,1.0,18,0.58884
1,1,MLP-FedProx-mu0.1,1.0,19,0.589995
1,1,MLP-FedProx-mu0.1,0.5,0,0.753071
1,1,MLP-FedProx-mu0.1,0.5,1,0.771947
1,1,MLP-FedProx-mu0.1,0.5,2,0.780779
1,1,MLP-FedProx-mu0.1,0.5,3,0.778832
1,1,MLP-FedProx-mu0.1,0.5,4,0.764533
1,1,MLP-FedProx-mu0.1,0.5,5,0.737675
1,1,MLP-FedProx-mu0.1,0.5,6,0.702094
1,1,MLP-FedProx-mu0.1,0.5,7,0.656709
1,1,MLP-FedProx-mu0.1,0.5,8,0.615818
1,1,MLP-FedProx-mu0.1,0.5,9,0.592592
1,1,MLP-FedProx-mu0.1,0.5,10,0.582869
1,1,MLP-FedProx-mu0.1,0.5,11,0.578877
1,1,MLP-FedProx-mu0.1,0.5,12,0.574286
1,1,MLP-FedProx-mu0.1,0.5,13,0.575518
1,1,MLP-FedProx-mu0.1,0.5,14,0.57942
1,1,MLP-FedProx-mu0.1,0.5,15,0.578721
1,1,MLP-FedProx-mu0.1,0.5,16,0.579204
1,1,MLP-FedProx-mu0.1,0.5,17,0.578227
1,1,MLP-FedProx-mu0.1,0.5,18,0.57804
1,1,MLP-FedProx-mu0.1,0.5,19,0.57706
1,1,MLP-FedProx-mu0.1,0.1,0,1.066902
1,1,MLP-FedProx-mu0.1,0.1,1,1.095236
1,1,MLP-FedProx-mu0.1,0.1,2,1.105964
1,1,MLP-FedProx-mu0.1,0.1,3,1.108251
1,1,MLP-FedProx-mu0.1,0.1,4,1.108659
1,1,MLP-FedProx-mu0.1,0.1,5,1.108758
1,1,MLP-FedProx-mu0.1,0.1,6,1.108793
1,1,MLP-FedProx-mu0.1,0.1,7,1.108812
1,1,MLP-FedProx-mu0.1,0.1,8,1.108827
1,1,MLP-FedProx-mu0.1,0.1,9,1.108839
1,1,MLP-FedProx-mu0.1,0.1,10,1.10885
1,1,MLP-FedProx-mu0.1,0.1,11,1.10886
1,1,MLP-FedProx-mu0.1,0.1,12,1.108869
1,1,MLP-FedProx-mu0.1,0.1,13,1.108877
1,1,MLP-FedProx-mu0.1,0.1,14,1.108884
1,1,MLP-FedProx-mu0.1,0.1,15,1.108891
1,1,MLP-FedProx-mu0.1,0.1,16,1.108898
1,1,MLP-FedProx-mu0.1,0.1,17,1.108904
1,1,MLP-FedProx-mu0.1,0.1,18,1.108909
1,1,MLP-FedProx-mu0.1,0.1,19,1.108914
1,1,MLP-FedProx-mu0.1,natural,0,0.661233
1,1,MLP-FedProx-mu0.1,natural,1,0.656441
1,1,MLP-FedProx-mu0.1,natural,2,0.658871
1,1,MLP-FedProx-mu0.1,natural,3,0.653987
1,1,MLP-FedProx-mu0.1,natural,4,0.641384
1,1,MLP-FedProx-mu0.1,natural,5,0.624365
1,1,MLP-FedProx-mu0.1,natural,6,0.603316
1,1,MLP-FedProx-mu0.1,natural,7,0.568149
1,1,MLP-FedProx-mu0.1,natural,8,0.520874
1,1,MLP-FedProx-mu0.1,natural,9,0.484655
1,1,MLP-FedProx-mu0.1,natural,10,0.457619
1,1,MLP-FedProx-mu0.1,natural,11,0.439665
1,1,MLP-FedProx-mu0.1,natural,12,0.435049
1,1,MLP-FedProx-mu0.1,natural,13,0.435573
1,1,MLP-FedProx-mu0.1,natural,14,0.442115
1,1,MLP-FedProx-mu0.1,natural,15,0.4279
1,1,MLP-FedProx-mu0.1,natural,16,0.427793
1,1,MLP-FedProx-mu0.1,natural,17,0.441439
1,1,MLP-FedProx-mu0.1,natural,18,0.409884
1,1,MLP-FedProx-mu0.1,natural,19,0.441964
1,2,MLP-FedProx-mu0.1,100,0,0.106202
1,2,MLP-FedProx-mu0.1,100,1,0.100323
1,2,MLP-FedProx-mu0.1,100,2,0.099727
1,2,MLP-FedProx-mu0.1,100,3,0.102486
1,2,MLP-FedProx-mu0.1,100,4,0.105145
1,2,MLP-FedProx-mu0.1,100,5,0.107099
1,2,MLP-FedProx-mu0.1,100,6,0.112496
1,2,MLP-FedProx-mu0.1,100,7,0.125528
1,2,MLP-FedProx-mu0.1,100,8,0.141793
1,2,MLP-FedProx-mu0.1,100,9,0.157318
1,2,MLP-FedProx-mu0.1,100,10,0.175602
1,2,MLP-FedProx-mu0.1,100,11,0.202748
1,2,MLP-FedProx-mu0.1,100,12,0.240252
1,2,MLP-FedProx-mu0.1,100,13,0.272723
1,2,MLP-FedProx-mu0.1,100,14,0.291688
1,2,MLP-FedProx-mu0.1,100,15,0.291621
1,2,MLP-FedProx-mu0.1,100,16,0.296471
1,2,MLP-FedProx-mu0.1,100,17,0.283322
1,2,MLP-FedProx-mu0.1,100,18,0.285511
1,2,MLP-FedProx-mu0.1,100,19,0.26848
1,2,MLP-FedProx-mu0.1,1.0,0,0.838247
1,2,MLP-FedProx-mu0.1,1.0,1,0.86527
1,2,MLP-FedProx-mu0.1,1.0,2,0.866201
1,2,MLP-FedProx-mu0.1,1.0,3,0.854344
1,2,MLP-FedProx-mu0.1,1.0,4,0.825715
1,2,MLP-FedProx-mu0.1,1.0,5,0.787259
1,2,MLP-FedProx-mu0.1,1.0,6,0.73795
1,2,MLP-FedProx-mu0.1,1.0,7,0.687939
1,2,MLP-FedProx-mu0.1,1.0,8,0.656795
1,2,MLP-FedProx-mu0.1,1.0,9,0.642893
1,2,MLP-FedProx-mu0.1,1.0,10,0.636283
1,2,MLP-FedProx-mu0.1,1.0,11,0.632876
1,2,MLP-FedProx-mu0.1,1.0,12,0.630373
1,2,MLP-FedProx-mu0.1,1.0,13,0.628365
1,2,MLP-FedProx-mu0.1,1.0,14,0.627091
1,2,MLP-FedProx-mu0.1,1.0,15,0.626541
1,2,MLP-FedProx-mu0.1,1.0,16,0.626345
1,2,MLP-FedProx-mu0.1,1.0,17,0.626087
1,2,MLP-FedProx-mu0.1,1.0,18,0.625593
1,2,MLP-FedProx-mu0.1,1.0,19,0.624972
1,2,MLP-FedProx-mu0.1,0.5,0,0.765991
1,2,MLP-FedProx-mu0.1,0.5,1,0.782138
1,2,MLP-FedProx-mu0.1,0.5,2,0.790375
1,2,MLP-FedProx-mu0.1,0.5,3,0.784358
1,2,MLP-FedProx-mu0.1,0.5,4,0.763346
1,2,MLP-FedProx-mu0.1,0.5,5,0.732587
1,2,MLP-FedProx-mu0.1,0.5,6,0.6963
1,2,MLP-FedProx-mu0.1,0.5,7,0.658463
1,2,MLP-FedProx-mu0.1,0.5,8,0.627222
1,2,MLP-FedProx-mu0.1,0.5,9,0.606656
1,2,MLP-FedProx-mu0.1,0.5,10,0.5946
1,2,MLP-FedProx-mu0.1,0.5,11,0.58352
1,2,MLP-FedProx-mu0.1,0.5,12,0.57649
1,2,MLP-FedProx-mu0.1,0.5,13,0.578008
1,2,MLP-FedProx-mu0.1,0.5,14,0.573099
1,2,MLP-FedProx-mu0.1,0.5,15,0.570674
1,2,MLP-FedProx-mu0.1,0.5,16,0.562917
1,2,MLP-FedProx-mu0.1,0.5,17,0.55487
1,2,MLP-FedProx-mu0.1,0.5,18,0.567604
1,2,MLP-FedProx-mu0.1,0.5,19,0.549767
1,2,MLP-FedProx-mu0.1,0.1,0,1.050369
1,2,MLP-FedProx-mu0.1,0.1,1,1.081627
1,2,MLP-FedProx-mu0.1,0.1,2,1.093608
1,2,MLP-FedProx-mu0.1,0.1,3,1.09577
1,2,MLP-FedProx-mu0.1,0.1,4,1.096105
1,2,MLP-FedProx-mu0.1,0.1,5,1.096178
1,2,MLP-FedProx-mu0.1,0.1,6,1.096207
1,2,MLP-FedProx-mu0.1,0.1,7,1.096229
1,2,MLP-FedProx-mu0.1,0.1,8,1.096249
1,2,MLP-FedProx-mu0.1,0.1,9,1.096266
1,2,MLP-FedProx-mu0.1,0.1,10,1.096282
1,2,MLP-FedProx-mu0.1,0.1,11,1.096296
1,2,MLP-FedProx-mu0.1,0.1,12,1.096308
1,2,MLP-FedProx-mu0.1,0.1,13,1.096319
1,2,MLP-FedProx-mu0.1,0.1,14,1.096329
1,2,MLP-FedProx-mu0.1,0.1,15,1.096338
1,2,MLP-FedProx-mu0.1,0.1,16,1.096346
1,2,MLP-FedProx-mu0.1,0.1,17,1.096354
1,2,MLP-FedProx-mu0.1,0.1,18,1.096361
1,2,MLP-FedProx-mu0.1,0.1,19,1.096367
1,2,MLP-FedProx-mu0.1,natural,0,0.650302
1,2,MLP-FedProx-mu0.1,natural,1,0.650183
1,2,MLP-FedProx-mu0.1,natural,2,0.65219
1,2,MLP-FedProx-mu0.1,natural,3,0.643444
1,2,MLP-FedProx-mu0.1,natural,4,0.629578
1,2,MLP-FedProx-mu0.1,natural,5,0.612956
1,2,MLP-FedProx-mu0.1,natural,6,0.591995
1,2,MLP-FedProx-mu0.1,natural,7,0.556638
1,2,MLP-FedProx-mu0.1,natural,8,0.518943
1,2,MLP-FedProx-mu0.1,natural,9,0.492164
1,2,MLP-FedProx-mu0.1,natural,10,0.474115
1,2,MLP-FedProx-mu0.1,natural,11,0.464822
1,2,MLP-FedProx-mu0.1,natural,12,0.47421
1,2,MLP-FedProx-mu0.1,natural,13,0.489868
1,2,MLP-FedProx-mu0.1,natural,14,0.489273
1,2,MLP-FedProx-mu0.1,natural,15,0.541438
1,2,MLP-FedProx-mu0.1,natural,16,0.506224
1,2,MLP-FedProx-mu0.1,natural,17,0.444464
1,2,MLP-FedProx-mu0.1,natural,18,0.447718
1,2,MLP-FedProx-mu0.1,natural,19,0.486309
1,3,MLP-FedProx-mu0.1,100,0,0.119359
1,3,MLP-FedProx-mu0.1,100,1,0.117682
1,3,MLP-FedProx-mu0.1,100,2,0.119934
1,3,MLP-FedProx-mu0.1,100,3,0.123968
1,3,MLP-FedProx-mu0.1,100,4,0.1292
1,3,MLP-FedProx-mu0.1,100,5,0.136928
1,3,MLP-FedProx-mu0.1,100,6,0.143793
1,3,MLP-FedProx-mu0.1,100,7,0.151362
1,3,MLP-FedProx-mu0.1,100,8,0.166874
1,3,MLP-FedProx-mu0.1,100,9,0.187826
1,3,MLP-FedProx-mu0.1,100,10,0.214797
1,3,MLP-FedProx-mu0.1,100,11,0.250288
1,3,MLP-FedProx-mu0.1,100,12,0.288967
1,3,MLP-FedProx-mu0.1,100,13,0.299616
1,3,MLP-FedProx-mu0.1,100,14,0.340476
1,3,MLP-FedProx-mu0.1,100,15,0.215953
1,3,MLP-FedProx-mu0.1,100,16,0.239013
1,3,MLP-FedProx-mu0.1,100,17,0.223016
1,3,MLP-FedProx-mu0.1,100,18,0.249017
1,3,MLP-FedProx-mu0.1,100,19,0.228645
1,3,MLP-FedProx-mu0.1,1.0,0,0.814647
1,3,MLP-FedProx-mu0.1,1.0,1,0.839472
1,3,MLP-FedProx-mu0.1,1.0,2,0.840029
1,3,MLP-FedProx-mu0.1,1.0,3,0.824717
1,3,MLP-FedProx-mu0.1,1.0,4,0.792992
1,3,MLP-FedProx-mu0.1,1.0,5,0.753132
1,3,MLP-FedProx-mu0.1,1.0,6,0.702827
1,3,MLP-FedProx-mu0.1,1.0,7,0.653246
1,3,MLP-FedProx-mu0.1,1.0,8,0.624314
1,3,MLP-FedProx-mu0.1,1.0,9,0.609638
1,3,MLP-FedProx-mu0.1,1.0,10,0.601236
1,3,MLP-FedProx-mu0.1,1.0,11,0.59631
1,3,MLP-FedProx-mu0.1,1.0,12,0.59337
1,3,MLP-FedProx-mu0.1,1.0,13,0.59175
1,3,MLP-FedProx-mu0.1,1.0,14,0.591258
1,3,MLP-FedProx-mu0.1,1.0,15,0.591977
1,3,MLP-FedProx-mu0.1,1.0,16,0.593921
1,3,MLP-FedProx-mu0.1,1.0,17,0.596762
1,3,MLP-FedProx-mu0.1,1.0,18,0.599913
1,3,MLP-FedProx-mu0.1,1.0,19,0.602881
1,3,MLP-FedProx-mu0.1,0.5,0,0.755928
1,3,MLP-FedProx-mu0.1,0.5,1,0.770999
1,3,MLP-FedProx-mu0.1,0.5,2,0.78001
1,3,MLP-FedProx-mu0.1,0.5,3,0.773621
1,3,MLP-FedProx-mu0.1,0.5,4,0.750961
1,3,MLP-FedProx-mu0.1,0.5,5,0.717179
1,3,MLP-FedProx-mu0.1,0.5,6,0.678348
1,3,MLP-FedProx-mu0.1,0.5,7,0.63942
1,3,MLP-FedProx-mu0.1,0.5,8,0.609574
1,3,MLP-FedProx-mu0.1,0.5,9,0.595643
1,3,MLP-FedProx-mu0.1,0.5,10,0.593083
1,3,MLP-FedProx-mu0.1,0.5,11,0.595524
1,3,MLP-FedProx-mu0.1,0.5,12,0.597845
1,3,MLP-FedProx-mu0.1,0.5,13,0.59797
1,3,MLP-FedProx-mu0.1,0.5,14,0.597064
1,3,MLP-FedProx-mu0.1,0.5,15,0.596505
1,3,MLP-FedProx-mu0.1,0.5,16,0.596524
1,3,MLP-FedProx-mu0.1,0.5,17,0.596071
1,3,MLP-FedProx-mu0.1,0.5,18,0.594659
1,3,MLP-FedProx-mu0.1,0.5,19,0.593139
1,3,MLP-FedProx-mu0.1,0.1,0,1.055749
1,3,MLP-FedProx-mu0.1,0.1,1,1.085347
1,3,MLP-FedProx-mu0.1,0.1,2,1.100072
1,3,MLP-FedProx-mu0.1,0.1,3,1.103318
1,3,MLP-FedProx-mu0.1,0.1,4,1.103735
1,3,MLP-FedProx-mu0.1,0.1,5,1.103761
1,3,MLP-FedProx-mu0.1,0.1,6,1.103744
1,3,MLP-FedProx-mu0.1,0.1,7,1.103731
1,3,MLP-FedProx-mu0.1,0.1,8,1.103725
1,3,MLP-FedProx-mu0.1,0.1,9,1.103724
1,3,MLP-FedProx-mu0.1,0.1,10,1.103726
1,3,MLP-FedProx-mu0.1,0.1,11,1.10373
1,3,MLP-FedProx-mu0.1,0.1,12,1.103735
1,3,MLP-FedProx-mu0.1,0.1,13,1.10374
1,3,MLP-FedProx-mu0.1,0.1,14,1.103745
1,3,MLP-FedProx-mu0.1,0.1,15,1.103751
1,3,MLP-FedProx-mu0.1,0.1,16,1.103756
1,3,MLP-FedProx-mu0.1,0.1,17,1.103761
1,3,MLP-FedProx-mu0.1,0.1,18,1.103766
1,3,MLP-FedProx-mu0.1,0.1,19,1.10377
1,3,MLP-FedProx-mu0.1,natural,0,0.665037
1,3,MLP-FedProx-mu0.1,natural,1,0.65798
1,3,MLP-FedProx-mu0.1,natural,2,0.65839
1,3,MLP-FedProx-mu0.1,natural,3,0.650561
1,3,MLP-FedProx-mu0.1,natural,4,0.635614
1,3,MLP-FedProx-mu0.1,natural,5,0.616772
1,3,MLP-FedProx-mu0.1,natural,6,0.590333
1,3,MLP-FedProx-mu0.1,natural,7,0.550675
1,3,MLP-FedProx-mu0.1,natural,8,0.518757
1,3,MLP-FedProx-mu0.1,natural,9,0.497471
1,3,MLP-FedProx-mu0.1,natural,10,0.481617
1,3,MLP-FedProx-mu0.1,natural,11,0.47511
1,3,MLP-FedProx-mu0.1,natural,12,0.484746
1,3,MLP-FedProx-mu0.1,natural,13,0.487635
1,3,MLP-FedProx-mu0.1,natural,14,0.49806
1,3,MLP-FedProx-mu0.1,natural,15,0.47596
1,3,MLP-FedProx-mu0.1,natural,16,0.485566
1,3,MLP-FedProx-mu0.1,natural,17,0.483337
1,3,MLP-FedProx-mu0.1,natural,18,0.452572
1,3,MLP-FedProx-mu0.1,natural,19,0.481229
1,4,MLP-FedProx-mu0.1,100,0,0.118694
1,4,MLP-FedProx-mu0.1,100,1,0.118775
1,4,MLP-FedProx-mu0.1,100,2,0.122246
1,4,MLP-FedProx-mu0.1,100,3,0.126775
1,4,MLP-FedProx-mu0.1,100,4,0.128225
1,4,MLP-FedProx-mu0.1,100,5,0.131409
1,4,MLP-FedProx-mu0.1,100,6,0.133101
1,4,MLP-FedProx-mu0.1,100,7,0.129845
1,4,MLP-FedProx-mu0.1,100,8,0.134894
1,4,MLP-FedProx-mu0.1,100,9,0.148283
1,4,MLP-FedProx-mu0.1,100,10,0.164412
1,4,MLP-FedProx-mu0.1,100,11,0.181528
1,4,MLP-FedProx-mu0.1,100,12,0.202986
1,4,MLP-FedProx-mu0.1,100,13,0.229703
1,4,MLP-FedProx-mu0.1,100,14,0.256292
1,4,MLP-FedProx-mu0.1,100,15,0.269825
1,4,MLP-FedProx-mu0.1,100,16,0.299364
1,4,MLP-FedProx-mu0.1,100,17,0.211892
1,4,MLP-FedProx-mu0.1,100,18,0.199844
1,4,MLP-FedProx-mu0.1,100,19,0.198215
1,4,MLP-FedProx-mu0.1,1.0,0,0.840994
1,4,MLP-FedProx-mu0.1,1.0,1,0.866911
1,4,MLP-FedProx-mu0.1,1.0,2,0.862351
1,4,MLP-FedProx-mu0.1,1.0,3,0.842088
1,4,MLP-FedProx-mu0.1,1.0,4,0.805015
1,4,MLP-FedProx-mu0.1,1.0,5,0.761618
1,4,MLP-FedProx-mu0.1,1.0,6,0.708836
1,4,MLP-FedProx-mu0.1,1.0,7,0.667742
1,4,MLP-FedProx-mu0.1,1.0,8,0.646952
1,4,MLP-FedProx-mu0.1,1.0,9,0.639361
1,4,MLP-FedProx-mu0.1,1.0,10,0.635773
1,4,MLP-FedProx-mu0.1,1.0,11,0.632368
1,4,MLP-FedProx-mu0.1,1.0,12,0.62845
1,4,MLP-FedProx-mu0.1,1.0,13,0.62491
1,4,MLP-FedProx-mu0.1,1.0,14,0.622313
1,4,MLP-FedProx-mu0.1,1.0,15,0.620551
1,4,MLP-FedProx-mu0.1,1.0,16,0.619276
1,4,MLP-FedProx-mu0.1,1.0,17,0.618287
1,4,MLP-FedProx-mu0.1,1.0,18,0.617585
1,4,MLP-FedProx-mu0.1,1.0,19,0.617235
1,4,MLP-FedProx-mu0.1,0.5,0,0.747809
1,4,MLP-FedProx-mu0.1,0.5,1,0.771848
1,4,MLP-FedProx-mu0.1,0.5,2,0.77407
1,4,MLP-FedProx-mu0.1,0.5,3,0.759813
1,4,MLP-FedProx-mu0.1,0.5,4,0.729301
1,4,MLP-FedProx-mu0.1,0.5,5,0.688802
1,4,MLP-FedProx-mu0.1,0.5,6,0.644035
1,4,MLP-FedProx-mu0.1,0.5,7,0.606602
1,4,MLP-FedProx-mu0.1,0.5,8,0.580754
1,4,MLP-FedProx-mu0.1,0.5,9,0.565969
1,4,MLP-FedProx-mu0.1,0.5,10,0.557617
1,4,MLP-FedProx-mu0.1,0.5,11,0.551263
1,4,MLP-FedProx-mu0.1,0.5,12,0.545011
1,4,MLP-FedProx-mu0.1,0.5,13,0.541998
1,4,MLP-FedProx-mu0.1,0.5,14,0.538331
1,4,MLP-FedProx-mu0.1,0.5,15,0.535459
1,4,MLP-FedProx-mu0.1,0.5,16,0.531659
1,4,MLP-FedProx-mu0.1,0.5,17,0.529543
1,4,MLP-FedProx-mu0.1,0.5,18,0.526134
1,4,MLP-FedProx-mu0.1,0.5,19,0.524746
1,4,MLP-FedProx-mu0.1,0.1,0,1.048277
1,4,MLP-FedProx-mu0.1,0.1,1,1.081085
1,4,MLP-FedProx-mu0.1,0.1,2,1.091289
1,4,MLP-FedProx-mu0.1,0.1,3,1.09327
1,4,MLP-FedProx-mu0.1,0.1,4,1.093503
1,4,MLP-FedProx-mu0.1,0.1,5,1.093524
1,4,MLP-FedProx-mu0.1,0.1,6,1.093534
1,4,MLP-FedProx-mu0.1,0.1,7,1.093552
1,4,MLP-FedProx-mu0.1,0.1,8,1.093574
1,4,MLP-FedProx-mu0.1,0.1,9,1.093598
1,4,MLP-FedProx-mu0.1,0.1,10,1.09362
1,4,MLP-FedProx-mu0.1,0.1,11,1.09364
1,4,MLP-FedProx-mu0.1,0.1,12,1.093658
1,4,MLP-FedProx-mu0.1,0.1,13,1.093673
1,4,MLP-FedProx-mu0.1,0.1,14,1.093687
1,4,MLP-FedProx-mu0.1,0.1,15,1.093698
1,4,MLP-FedProx-mu0.1,0.1,16,1.093708
1,4,MLP-FedProx-mu0.1,0.1,17,1.093716
1,4,MLP-FedProx-mu0.1,0.1,18,1.093723
1,4,MLP-FedProx-mu0.1,0.1,19,1.093728
1,4,MLP-FedProx-mu0.1,natural,0,0.654319
1,4,MLP-FedProx-mu0.1,natural,1,0.655852
1,4,MLP-FedProx-mu0.1,natural,2,0.651387
1,4,MLP-FedProx-mu0.1,natural,3,0.636419
1,4,MLP-FedProx-mu0.1,natural,4,0.616637
1,4,MLP-FedProx-mu0.1,natural,5,0.592932
1,4,MLP-FedProx-mu0.1,natural,6,0.55826
1,4,MLP-FedProx-mu0.1,natural,7,0.514414
1,4,MLP-FedProx-mu0.1,natural,8,0.479941
1,4,MLP-FedProx-mu0.1,natural,9,0.455027
1,4,MLP-FedProx-mu0.1,natural,10,0.43798
1,4,MLP-FedProx-mu0.1,natural,11,0.427965
1,4,MLP-FedProx-mu0.1,natural,12,0.421433
1,4,MLP-FedProx-mu0.1,natural,13,0.415562
1,4,MLP-FedProx-mu0.1,natural,14,0.411646
1,4,MLP-FedProx-mu0.1,natural,15,0.404972
1,4,MLP-FedProx-mu0.1,natural,16,0.414199
1,4,MLP-FedProx-mu0.1,natural,17,0.400418
1,4,MLP-FedProx-mu0.1,natural,18,0.430066
1,4,MLP-FedProx-mu0.1,natural,19,0.394738
2,0,MLP-FedProx-mu0.1,100,0,0.113514
2,0,MLP-FedProx-mu0.1,100,1,0.120961
2,0,MLP-FedProx-mu0.1,100,2,0.12557
2,0,MLP-FedProx-mu0.1,100,3,0.128028
2,0,MLP-FedProx-mu0.1,100,4,0.135603
2,0,MLP-FedProx-mu0.1,100,5,0.150169
2,0,MLP-FedProx-mu0.1,100,6,0.166718
2,0,MLP-FedProx-mu0.1,100,7,0.186155
2,0,MLP-FedProx-mu0.1,100,8,0.211399
2,0,MLP-FedProx-mu0.1,100,9,0.238871
2,0,MLP-FedProx-mu0.1,100,10,0.26441
2,0,MLP-FedProx-mu0.1,100,11,0.28731
2,0,MLP-FedProx-mu0.1,100,12,0.305962
2,0,MLP-FedProx-mu0.1,100,13,0.319223
2,0,MLP-FedProx-mu0.1,100,14,0.327576
2,0,MLP-FedProx-mu0.1,100,15,0.332382
2,0,MLP-FedProx-mu0.1,100,16,0.334878
2,0,MLP-FedProx-mu0.1,100,17,0.335916
2,0,MLP-FedProx-mu0.1,100,18,0.336051
2,0,MLP-FedProx-mu0.1,100,19,0.335644
2,0,MLP-FedProx-mu0.1,1.0,0,0.550501
2,0,MLP-FedProx-mu0.1,1.0,1,0.537428
2,0,MLP-FedProx-mu0.1,1.0,2,0.52424
2,0,MLP-FedProx-mu0.1,1.0,3,0.492626
2,0,MLP-FedProx-mu0.1,1.0,4,0.454415
2,0,MLP-FedProx-mu0.1,1.0,5,0.420907
2,0,MLP-FedProx-mu0.1,1.0,6,0.3984
2,0,MLP-FedProx-mu0.1,1.0,7,0.380502
2,0,MLP-FedProx-mu0.1,1.0,8,0.369257
2,0,MLP-FedProx-mu0.1,1.0,9,0.363693
2,0,MLP-FedProx-mu0.1,1.0,10,0.358854
2,0,MLP-FedProx-mu0.1,1.0,11,0.355201
2,0,MLP-FedProx-mu0.1,1.0,12,0.355895
2,0,MLP-FedProx-mu0.1,1.0,13,0.362381
2,0,MLP-FedProx-mu0.1,1.0,14,0.373076
2,0,MLP-FedProx-mu0.1,1.0,15,0.38435
2,0,MLP-FedProx-mu0.1,1.0,16,0.393616
2,0,MLP-FedProx-mu0.1,1.0,17,0.40031
2,0,MLP-FedProx-mu0.1,1.0,18,0.404838
2,0,MLP-FedProx-mu0.1,1.0,19,0.407766
2,0,MLP-FedProx-mu0.1,0.5,0,1.111113
2,0,MLP-FedProx-mu0.1,0.5,1,1.107056
2,0,MLP-FedProx-mu0.1,0.5,2,1.101765
2,0,MLP-FedProx-mu0.1,0.5,3,1.09507
2,0,MLP-FedProx-mu0.1,0.5,4,1.088754
2,0,MLP-FedProx-mu0.1,0.5,5,1.069373
2,0,MLP-FedProx-mu0.1,0.5,6,1.008488
2,0,MLP-FedProx-mu0.1,0.5,7,0.940506
2,0,MLP-FedProx-mu0.1,0.5,8,0.881966
2,0,MLP-FedProx-mu0.1,0.5,9,0.859658
2,0,MLP-FedProx-mu0.1,0.5,10,0.852131
2,0,MLP-FedProx-mu0.1,0.5,11,0.835174
2,0,MLP-FedProx-mu0.1,0.5,12,0.827636
2,0,MLP-FedProx-mu0.1,0.5,13,0.835627
2,0,MLP-FedProx-mu0.1,0.5,14,0.837825
2,0,MLP-FedProx-mu0.1,0.5,15,0.832931
2,0,MLP-FedProx-mu0.1,0.5,16,0.862408
2,0,MLP-FedProx-mu0.1,0.5,17,0.824007
2,0,MLP-FedProx-mu0.1,0.5,18,0.849447
2,0,MLP-FedProx-mu0.1,0.5,19,0.823791
2,0,MLP-FedProx-mu0.1,0.1,0,1.26363
2,0,MLP-FedProx-mu0.1,0.1,1,1.271704
2,0,MLP-FedProx-mu0.1,0.1,2,1.27169
2,0,MLP-FedProx-mu0.1,0.1,3,1.268091
2,0,MLP-FedProx-mu0.1,0.1,4,1.264034
2,0,MLP-FedProx-mu0.1,0.1,5,1.249428
2,0,MLP-FedProx-mu0.1,0.1,6,1.174211
2,0,MLP-FedProx-mu0.1,0.1,7,1.081241
2,0,MLP-FedProx-mu0.1,0.1,8,1.033088
2,0,MLP-FedProx-mu0.1,0.1,9,1.050983
2,0,MLP-FedProx-mu0.1,0.1,10,1.09114
2,0,MLP-FedProx-mu0.1,0.1,11,1.091703
2,0,MLP-FedProx-mu0.1,0.1,12,1.077751
2,0,MLP-FedProx-mu0.1,0.1,13,1.070035
2,0,MLP-FedProx-mu0.1,0.1,14,1.055497
2,0,MLP-FedProx-mu0.1,0.1,15,1.058895
2,0,MLP-FedProx-mu0.1,0.1,16,1.040331
2,0,MLP-FedProx-mu0.1,0.1,17,1.040545
2,0,MLP-FedProx-mu0.1,0.1,18,1.044803
2,0,MLP-FedProx-mu0.1,0.1,19,1.045906
2,0,MLP-FedProx-mu0.1,natural,0,0.671155
2,0,MLP-FedProx-mu0.1,natural,1,0.666289
2,0,MLP-FedProx-mu0.1,natural,2,0.661164
2,0,MLP-FedProx-mu0.1,natural,3,0.654739
2,0,MLP-FedProx-mu0.1,natural,4,0.646669
2,0,MLP-FedProx-mu0.1,natural,5,0.635963
2,0,MLP-FedProx-mu0.1,natural,6,0.623931
2,0,MLP-FedProx-mu0.1,natural,7,0.576165
2,0,MLP-FedProx-mu0.1,natural,8,0.540564
2,0,MLP-FedProx-mu0.1,natural,9,0.513957
2,0,MLP-FedProx-mu0.1,natural,10,0.496228
2,0,MLP-FedProx-mu0.1,natural,11,0.486643
2,0,MLP-FedProx-mu0.1,natural,12,0.479956
2,0,MLP-FedProx-mu0.1,natural,13,0.467097
2,0,MLP-FedProx-mu0.1,natural,14,0.487593
2,0,MLP-FedProx-mu0.1,natural,15,0.465542
2,0,MLP-FedProx-mu0.1,natural,16,0.436046
2,0,MLP-FedProx-mu0.1,natural,17,0.443522
2,0,MLP-FedProx-mu0.1,natural,18,0.465611
2,0,MLP-FedProx-mu0.1,natural,19,0.440007
2,1,MLP-FedProx-mu0.1,100,0,0.102975
2,1,MLP-FedProx-mu0.1,100,1,0.108299
2,1,MLP-FedProx-mu0.1,100,2,0.11301
2,1,MLP-FedProx-mu0.1,100,3,0.113113
2,1,MLP-FedProx-mu0.1,100,4,0.113008
2,1,MLP-FedProx-mu0.1,100,5,0.116306
2,1,MLP-FedProx-mu0.1,100,6,0.120319
2,1,MLP-FedProx-mu0.1,100,7,0.125997
2,1,MLP-FedProx-mu0.1,100,8,0.133957
2,1,MLP-FedProx-mu0.1,100,9,0.144847
2,1,MLP-FedProx-mu0.1,100,10,0.159922
2,1,MLP-FedProx-mu0.1,100,11,0.179819
2,1,MLP-FedProx-mu0.1,100,12,0.201426
2,1,MLP-FedProx-mu0.1,100,13,0.218755
2,1,MLP-FedProx-mu0.1,100,14,0.230019
2,1,MLP-FedProx-mu0.1,100,15,0.235852
2,1,MLP-FedProx-mu0.1,100,16,0.240942
2,1,MLP-FedProx-mu0.1,100,17,0.239178
2,1,MLP-FedProx-mu0.1,100,18,0.24968
2,1,MLP-FedProx-mu0.1,100,19,0.229835
2,1,MLP-FedProx-mu0.1,1.0,0,0.549206
2,1,MLP-FedProx-mu0.1,1.0,1,0.538633
2,1,MLP-FedProx-mu0.1,1.0,2,0.530797
2,1,MLP-FedProx-mu0.1,1.0,3,0.51341
2,1,MLP-FedProx-mu0.1,1.0,4,0.479181
2,1,MLP-FedProx-mu0.1,1.0,5,0.436721
2,1,MLP-FedProx-mu0.1,1.0,6,0.403731
2,1,MLP-FedProx-mu0.1,1.0,7,0.381111
2,1,MLP-FedProx-mu0.1,1.0,8,0.364562
2,1,MLP-FedProx-mu0.1,1.0,9,0.352651
2,1,MLP-FedProx-mu0.1,1.0,10,0.344579
2,1,MLP-FedProx-mu0.1,1.0,11,0.340594
2,1,MLP-FedProx-mu0.1,1.0,12,0.341842
2,1,MLP-FedProx-mu0.1,1.0,13,0.347993
2,1,MLP-FedProx-mu0.1,1.0,14,0.355646
2,1,MLP-FedProx-mu0.1,1.0,15,0.361836
2,1,MLP-FedProx-mu0.1,1.0,16,0.366127
2,1,MLP-FedProx-mu0.1,1.0,17,0.369003
2,1,MLP-FedProx-mu0.1,1.0,18,0.371017
2,1,MLP-FedProx-mu0.1,1.0,19,0.372622
2,1,MLP-FedProx-mu0.1,0.5,0,1.124624
2,1,MLP-FedProx-mu0.1,0.5,1,1.121558
2,1,MLP-FedProx-mu0.1,0.5,2,1.116899
2,1,MLP-FedProx-mu0.1,0.5,3,1.110767
2,1,MLP-FedProx-mu0.1,0.5,4,1.104424
2,1,MLP-FedProx-mu0.1,0.5,5,1.099012
2,1,MLP-FedProx-mu0.1,0.5,6,1.067003
2,1,MLP-FedProx-mu0.1,0.5,7,0.999614
2,1,MLP-FedProx-mu0.1,0.5,8,0.93068
2,1,MLP-FedProx-mu0.1,0.5,9,0.881663
2,1,MLP-FedProx-mu0.1,0.5,10,0.873272
2,1,MLP-FedProx-mu0.1,0.5,11,0.872045
2,1,MLP-FedProx-mu0.1,0.5,12,0.867566
2,1,MLP-FedProx-mu0.1,0.5,13,0.876279
2,1,MLP-FedProx-mu0.1,0.5,14,0.889265
2,1,MLP-FedProx-mu0.1,0.5,15,0.891854
2,1,MLP-FedProx-mu0.1,0.5,16,0.896007
2,1,MLP-FedProx-mu0.1,0.5,17,0.873107
2,1,MLP-FedProx-mu0.1,0.5,18,0.857247
2,1,MLP-FedProx-mu0.1,0.5,19,0.860829
2,1,MLP-FedProx-mu0.1,0.1,0,1.260166
2,1,MLP-FedProx-mu0.1,0.1,1,1.268352
2,1,MLP-FedProx-mu0.1,0.1,2,1.268506
2,1,MLP-FedProx-mu0.1,0.1,3,1.264903
2,1,MLP-FedProx-mu0.1,0.1,4,1.260273
2,1,MLP-FedProx-mu0.1,0.1,5,1.256587
2,1,MLP-FedProx-mu0.1,0.1,6,1.224104
2,1,MLP-FedProx-mu0.1,0.1,7,1.133701
2,1,MLP-FedProx-mu0.1,0.1,8,1.049502
2,1,MLP-FedProx-mu0.1,0.1,9,1.026442
2,1,MLP-FedProx-mu0.1,0.1,10,1.063497
2,1,MLP-FedProx-mu0.1,0.1,11,1.08687
2,1,MLP-FedProx-mu0.1,0.1,12,1.081086
2,1,MLP-FedProx-mu0.1,0.1,13,1.062721
2,1,MLP-FedProx-mu0.1,0.1,14,1.074024
2,1,MLP-FedProx-mu0.1,0.1,15,1.022855
2,1,MLP-FedProx-mu0.1,0.1,16,1.097671
2,1,MLP-FedProx-mu0.1,0.1,17,0.995577
2,1,MLP-FedProx-mu0.1,0.1,18,1.063737
2,1,MLP-FedProx-mu0.1,0.1,19,1.016416
2,1,MLP-FedProx-mu0.1,natural,0,0.61003
2,1,MLP-FedProx-mu0.1,natural,1,0.602713
2,1,MLP-FedProx-mu0.1,natural,2,0.595122
2,1,MLP-FedProx-mu0.1,natural,3,0.585747
2,1,MLP-FedProx-mu0.1,natural,4,0.57387
2,1,MLP-FedProx-mu0.1,natural,5,0.563617
2,1,MLP-FedProx-mu0.1,natural,6,0.536876
2,1,MLP-FedProx-mu0.1,natural,7,0.507206
2,1,MLP-FedProx-mu0.1,natural,8,0.481045
2,1,MLP-FedProx-mu0.1,natural,9,0.460212
2,1,MLP-FedProx-mu0.1,natural,10,0.4457
2,1,MLP-FedProx-mu0.1,natural,11,0.436559
2,1,MLP-FedProx-mu0.1,natural,12,0.434959
2,1,MLP-FedProx-mu0.1,natural,13,0.439264
2,1,MLP-FedProx-mu0.1,natural,14,0.442573
2,1,MLP-FedProx-mu0.1,natural,15,0.447664
2,1,MLP-FedProx-mu0.1,natural,16,0.475068
2,1,MLP-FedProx-mu0.1,natural,17,0.455125
2,1,MLP-FedProx-mu0.1,natural,18,0.45879
2,1,MLP-FedProx-mu0.1,natural,19,0.431696
2,2,MLP-FedProx-mu0.1,100,0,0.089716
2,2,MLP-FedProx-mu0.1,100,1,0.095292
2,2,MLP-FedProx-mu0.1,100,2,0.100995
2,2,MLP-FedProx-mu0.1,100,3,0.096053
2,2,MLP-FedProx-mu0.1,100,4,0.097476
2,2,MLP-FedProx-mu0.1,100,5,0.106243
2,2,MLP-FedProx-mu0.1,100,6,0.117228
2,2,MLP-FedProx-mu0.1,100,7,0.12848
2,2,MLP-FedProx-mu0.1,100,8,0.141329
2,2,MLP-FedProx-mu0.1,100,9,0.158214
2,2,MLP-FedProx-mu0.1,100,10,0.17852
2,2,MLP-FedProx-mu0.1,100,11,0.198245
2,2,MLP-FedProx-mu0.1,100,12,0.213653
2,2,MLP-FedProx-mu0.1,100,13,0.223857
2,2,MLP-FedProx-mu0.1,100,14,0.230056
2,2,MLP-FedProx-mu0.1,100,15,0.233776
2,2,MLP-FedProx-mu0.1,100,16,0.236056
2,2,MLP-FedProx-mu0.1,100,17,0.237487
2,2,MLP-FedProx-mu0.1,100,18,0.238401
2,2,MLP-FedProx-mu0.1,100,19,0.238993
2,2,MLP-FedProx-mu0.1,1.0,0,0.613671
2,2,MLP-FedProx-mu0.1,1.0,1,0.598353
2,2,MLP-FedProx-mu0.1,1.0,2,0.58888
2,2,MLP-FedProx-mu0.1,1.0,3,0.566438
2,2,MLP-FedProx-mu0.1,1.0,4,0.521242
2,2,MLP-FedProx-mu0.1,1.0,5,0.472384
2,2,MLP-FedProx-mu0.1,1.0,6,0.438449
2,2,MLP-FedProx-mu0.1,1.0,7,0.413043
2,2,MLP-FedProx-mu0.1,1.0,8,0.394961
2,2,MLP-FedProx-mu0.1,1.0,9,0.385231
2,2,MLP-FedProx-mu0.1,1.0,10,0.382502
2,2,MLP-FedProx-mu0.1,1.0,11,0.384499
2,2,MLP-FedProx-mu0.1,1.0,12,0.389516
2,2,MLP-FedProx-mu0.1,1.0,13,0.396387
2,2,MLP-FedProx-mu0.1,1.0,14,0.404045
2,2,MLP-FedProx-mu0.1,1.0,15,0.411611
2,2,MLP-FedProx-mu0.1,1.0,16,0.418592
2,2,MLP-FedProx-mu0.1,1.0,17,0.424916
2,2,MLP-FedProx-mu0.1,1.0,18,0.430769
2,2,MLP-FedProx-mu0.1,1.0,19,0.436321
2,2,MLP-FedProx-mu0.1,0.5,0,1.124256
2,2,MLP-FedProx-mu0.1,0.5,1,1.118148
2,2,MLP-FedProx-mu0.1,0.5,2,1.111209
2,2,MLP-FedProx-mu0.1,0.5,3,1.103047
2,2,MLP-FedProx-mu0.1,0.5,4,1.094295
2,2,MLP-FedProx-mu0.1,0.5,5,1.05142
2,2,MLP-FedProx-mu0.1,0.5,6,0.975965
2,2,MLP-FedProx-mu0.1,0.5,7,0.910041
2,2,MLP-FedProx-mu0.1,0.5,8,0.870452
2,2,MLP-FedProx-mu0.1,0.5,9,0.860256
2,2,MLP-FedProx-mu0.1,0.5,10,0.84882
2,2,MLP-FedProx-mu0.1,0.5,11,0.833419
2,2,MLP-FedProx-mu0.1,0.5,12,0.820563
2,2,MLP-FedProx-mu0.1,0.5,13,0.809996
2,2,MLP-FedProx-mu0.1,0.5,14,0.800176
2,2,MLP-FedProx-mu0.1,0.5,15,0.79377
2,2,MLP-FedProx-mu0.1,0.5,16,0.794683
2,2,MLP-FedProx-mu0.1,0.5,17,0.801197
2,2,MLP-FedProx-mu0.1,0.5,18,0.806553
2,2,MLP-FedProx-mu0.1,0.5,19,0.807833
2,2,MLP-FedProx-mu0.1,0.1,0,1.262372
2,2,MLP-FedProx-mu0.1,0.1,1,1.268026
2,2,MLP-FedProx-mu0.1,0.1,2,1.266409
2,2,MLP-FedProx-mu0.1,0.1,3,1.261176
2,2,MLP-FedProx-mu0.1,0.1,4,1.254664
2,2,MLP-FedProx-mu0.1,0.1,5,1.220128
2,2,MLP-FedProx-mu0.1,0.1,6,1.122462
2,2,MLP-FedProx-mu0.1,0.1,7,1.044419
2,2,MLP-FedProx-mu0.1,0.1,8,1.017718
2,2,MLP-FedProx-mu0.1,0.1,9,1.047259
2,2,MLP-FedProx-mu0.1,0.1,10,1.074441
2,2,MLP-FedProx-mu0.1,0.1,11,1.069242
2,2,MLP-FedProx-mu0.1,0.1,12,1.057539
2,2,MLP-FedProx-mu0.1,0.1,13,1.051563
2,2,MLP-FedProx-mu0.1,0.1,14,1.037095
2,2,MLP-FedProx-mu0.1,0.1,15,1.037651
2,2,MLP-FedProx-mu0.1,0.1,16,1.030285
2,2,MLP-FedProx-mu0.1,0.1,17,1.034319
2,2,MLP-FedProx-mu0.1,0.1,18,1.015062
2,2,MLP-FedProx-mu0.1,0.1,19,1.051143
2,2,MLP-FedProx-mu0.1,natural,0,0.647282
2,2,MLP-FedProx-mu0.1,natural,1,0.64212
2,2,MLP-FedProx-mu0.1,natural,2,0.635116
2,2,MLP-FedProx-mu0.1,natural,3,0.625798
2,2,MLP-FedProx-mu0.1,natural,4,0.612625
2,2,MLP-FedProx-mu0.1,natural,5,0.594448
2,2,MLP-FedProx-mu0.1,natural,6,0.552061
2,2,MLP-FedProx-mu0.1,natural,7,0.5201
2,2,MLP-FedProx-mu0.1,natural,8,0.498251
2,2,MLP-FedProx-mu0.1,natural,9,0.482923
2,2,MLP-FedProx-mu0.1,natural,10,0.472656
2,2,MLP-FedProx-mu0.1,natural,11,0.466242
2,2,MLP-FedProx-mu0.1,natural,12,0.463719
2,2,MLP-FedProx-mu0.1,natural,13,0.461923
2,2,MLP-FedProx-mu0.1,natural,14,0.494265
2,2,MLP-FedProx-mu0.1,natural,15,0.505157
2,2,MLP-FedProx-mu0.1,natural,16,0.481183
2,2,MLP-FedProx-mu0.1,natural,17,0.47689
2,2,MLP-FedProx-mu0.1,natural,18,0.46899
2,2,MLP-FedProx-mu0.1,natural,19,0.470437
2,3,MLP-FedProx-mu0.1,100,0,0.084176
2,3,MLP-FedProx-mu0.1,100,1,0.08991
2,3,MLP-FedProx-mu0.1,100,2,0.093459
2,3,MLP-FedProx-mu0.1,100,3,0.097434
2,3,MLP-FedProx-mu0.1,100,4,0.10766
2,3,MLP-FedProx-mu0.1,100,5,0.119822
2,3,MLP-FedProx-mu0.1,100,6,0.129021
2,3,MLP-FedProx-mu0.1,100,7,0.137793
2,3,MLP-FedProx-mu0.1,100,8,0.148814
2,3,MLP-FedProx-mu0.1,100,9,0.163681
2,3,MLP-FedProx-mu0.1,100,10,0.182377
2,3,MLP-FedProx-mu0.1,100,11,0.203015
2,3,MLP-FedProx-mu0.1,100,12,0.222075
2,3,MLP-FedProx-mu0.1,100,13,0.23727
2,3,MLP-FedProx-mu0.1,100,14,0.248016
2,3,MLP-FedProx-mu0.1,100,15,0.254699
2,3,MLP-FedProx-mu0.1,100,16,0.258578
2,3,MLP-FedProx-mu0.1,100,17,0.260571
2,3,MLP-FedProx-mu0.1,100,18,0.261619
2,3,MLP-FedProx-mu0.1,100,19,0.261836
2,3,MLP-FedProx-mu0.1,1.0,0,0.557128
2,3,MLP-FedProx-mu0.1,1.0,1,0.542189
2,3,MLP-FedProx-mu0.1,1.0,2,0.531084
2,3,MLP-FedProx-mu0.1,1.0,3,0.519
2,3,MLP-FedProx-mu0.1,1.0,4,0.49594
2,3,MLP-FedProx-mu0.1,1.0,5,0.45266
2,3,MLP-FedProx-mu0.1,1.0,6,0.41865
2,3,MLP-FedProx-mu0.1,1.0,7,0.389755
2,3,MLP-FedProx-mu0.1,1.0,8,0.368254
2,3,MLP-FedProx-mu0.1,1.0,9,0.356952
2,3,MLP-FedProx-mu0.1,1.0,10,0.354863
2,3,MLP-FedProx-mu0.1,1.0,11,0.358695
2,3,MLP-FedProx-mu0.1,1.0,12,0.367062
2,3,MLP-FedProx-mu0.1,1.0,13,0.378267
2,3,MLP-FedProx-mu0.1,1.0,14,0.388313
2,3,MLP-FedProx-mu0.1,1.0,15,0.395034
2,3,MLP-FedProx-mu0.1,1.0,16,0.398737
2,3,MLP-FedProx-mu0.1,1.0,17,0.4005
2,3,MLP-FedProx-mu0.1,1.0,18,0.401179
2,3,MLP-FedProx-mu0.1,1.0,19,0.40128
2,3,MLP-FedProx-mu0.1,0.5,0,1.12507
2,3,MLP-FedProx-mu0.1,0.5,1,1.119494
2,3,MLP-FedProx-mu0.1,0.5,2,1.112994
2,3,MLP-FedProx-mu0.1,0.5,3,1.105915
2,3,MLP-FedProx-mu0.1,0.5,4,1.092875
2,3,MLP-FedProx-mu0.1,0.5,5,1.038878
2,3,MLP-FedProx-mu0.1,0.5,6,0.970208
2,3,MLP-FedProx-mu0.1,0.5,7,0.909326
2,3,MLP-FedProx-mu0.1,0.5,8,0.876626
2,3,MLP-FedProx-mu0.1,0.5,9,0.874164
2,3,MLP-FedProx-mu0.1,0.5,10,0.869519
2,3,MLP-FedProx-mu0.1,0.5,11,0.860697
2,3,MLP-FedProx-mu0.1,0.5,12,0.856794
2,3,MLP-FedProx-mu0.1,0.5,13,0.858211
2,3,MLP-FedProx-mu0.1,0.5,14,0.871383
2,3,MLP-FedProx-mu0.1,0.5,15,0.875343
2,3,MLP-FedProx-mu0.1,0.5,16,0.880424
2,3,MLP-FedProx-mu0.1,0.5,17,0.875507
2,3,MLP-FedProx-mu0.1,0.5,18,0.859743
2,3,MLP-FedProx-mu0.1,0.5,19,0.850691
2,3,MLP-FedProx-mu0.1,0.1,0,1.256945
2,3,MLP-FedProx-mu0.1,0.1,1,1.262719
2,3,MLP-FedProx-mu0.1,0.1,2,1.260741
2,3,MLP-FedProx-mu0.1,0.1,3,1.255771
2,3,MLP-FedProx-mu0.1,0.1,4,1.246463
2,3,MLP-FedProx-mu0.1,0.1,5,1.186366
2,3,MLP-FedProx-mu0.1,0.1,6,1.092717
2,3,MLP-FedProx-mu0.1,0.1,7,1.030127
2,3,MLP-FedProx-mu0.1,0.1,8,1.022156
2,3,MLP-FedProx-mu0.1,0.1,9,1.057007
2,3,MLP-FedProx-mu0.1,0.1,10,1.073888
2,3,MLP-FedProx-mu0.1,0.1,11,1.073341
2,3,MLP-FedProx-mu0.1,0.1,12,1.052328
2,3,MLP-FedProx-mu0.1,0.1,13,1.072889
2,3,MLP-FedProx-mu0.1,0.1,14,1.012104
2,3,MLP-FedProx-mu0.1,0.1,15,1.098911
2,3,MLP-FedProx-mu0.1,0.1,16,0.983569
2,3,MLP-FedProx-mu0.1,0.1,17,1.042922
2,3,MLP-FedProx-mu0.1,0.1,18,1.043552
2,3,MLP-FedProx-mu0.1,0.1,19,1.02426
2,3,MLP-FedProx-mu0.1,natural,0,0.659648
2,3,MLP-FedProx-mu0.1,natural,1,0.655898
2,3,MLP-FedProx-mu0.1,natural,2,0.650267
2,3,MLP-FedProx-mu0.1,natural,3,0.643691
2,3,MLP-FedProx-mu0.1,natural,4,0.637413
2,3,MLP-FedProx-mu0.1,natural,5,0.629998
2,3,MLP-FedProx-mu0.1,natural,6,0.608554
2,3,MLP-FedProx-mu0.1,natural,7,0.573391
2,3,MLP-FedProx-mu0.1,natural,8,0.53911
2,3,MLP-FedProx-mu0.1,natural,9,0.517675
2,3,MLP-FedProx-mu0.1,natural,10,0.505436
2,3,MLP-FedProx-mu0.1,natural,11,0.497324
2,3,MLP-FedProx-mu0.1,natural,12,0.489053
2,3,MLP-FedProx-mu0.1,natural,13,0.494273
2,3,MLP-FedProx-mu0.1,natural,14,0.49063
2,3,MLP-FedProx-mu0.1,natural,15,0.477863
2,3,MLP-FedProx-mu0.1,natural,16,0.503403
2,3,MLP-FedProx-mu0.1,natural,17,0.470523
2,3,MLP-FedProx-mu0.1,natural,18,0.496799
2,3,MLP-FedProx-mu0.1,natural,19,0.463902
2,4,MLP-FedProx-mu0.1,100,0,0.102425
2,4,MLP-FedProx-mu0.1,100,1,0.108908
2,4,MLP-FedProx-mu0.1,100,2,0.120856
2,4,MLP-FedProx-mu0.1,100,3,0.129744
2,4,MLP-FedProx-mu0.1,100,4,0.137024
2,4,MLP-FedProx-mu0.1,100,5,0.144029
2,4,MLP-FedProx-mu0.1,100,6,0.149881
2,4,MLP-FedProx-mu0.1,100,7,0.158277
2,4,MLP-FedProx-mu0.1,100,8,0.172935
2,4,MLP-FedProx-mu0.1,100,9,0.193962
2,4,MLP-FedProx-mu0.1,100,10,0.218872
2,4,MLP-FedProx-mu0.1,100,11,0.244007
2,4,MLP-FedProx-mu0.1,100,12,0.265362
2,4,MLP-FedProx-mu0.1,100,13,0.280587
2,4,MLP-FedProx-mu0.1,100,14,0.28985
2,4,MLP-FedProx-mu0.1,100,15,0.294947
2,4,MLP-FedProx-mu0.1,100,16,0.297763
2,4,MLP-FedProx-mu0.1,100,17,0.299259
2,4,MLP-FedProx-mu0.1,100,18,0.300314
2,4,MLP-FedProx-mu0.1,100,19,0.300768
2,4,MLP-FedProx-mu0.1,1.0,0,0.544233
2,4,MLP-FedProx-mu0.1,1.0,1,0.533312
2,4,MLP-FedProx-mu0.1,1.0,2,0.524511
2,4,MLP-FedProx-mu0.1,1.0,3,0.496182
2,4,MLP-FedProx-mu0.1,1.0,4,0.451735
2,4,MLP-FedProx-mu0.1,1.0,5,0.407274
2,4,MLP-FedProx-mu0.1,1.0,6,0.377479
2,4,MLP-FedProx-mu0.1,1.0,7,0.357347
2,4,MLP-FedProx-mu0.1,1.0,8,0.34643
2,4,MLP-FedProx-mu0.1,1.0,9,0.343402
2,4,MLP-FedProx-mu0.1,1.0,10,0.346012
2,4,MLP-FedProx-mu0.1,1.0,11,0.353164
2,4,MLP-FedProx-mu0.1,1.0,12,0.36493
2,4,MLP-FedProx-mu0.1,1.0,13,0.380252
2,4,MLP-FedProx-mu0.1,1.0,14,0.395696
2,4,MLP-FedProx-mu0.1,1.0,15,0.408273
2,4,MLP-FedProx-mu0.1,1.0,16,0.417214
2,4,MLP-FedProx-mu0.1,1.0,17,0.423717
2,4,MLP-FedProx-mu0.1,1.0,18,0.429995
2,4,MLP-FedProx-mu0.1,1.0,19,0.438123
2,4,MLP-FedProx-mu0.1,0.5,0,1.123424
2,4,MLP-FedProx-mu0.1,0.5,1,1.118218
2,4,MLP-FedProx-mu0.1,0.5,2,1.112876
2,4,MLP-FedProx-mu0.1,0.5,3,1.106819
2,4,MLP-FedProx-mu0.1,0.5,4,1.10133
2,4,MLP-FedProx-mu0.1,0.5,5,1.095033
2,4,MLP-FedProx-mu0.1,0.5,6,1.053651
2,4,MLP-FedProx-mu0.1,0.5,7,0.984611
2,4,MLP-FedProx-mu0.1,0.5,8,0.914419
2,4,MLP-FedProx-mu0.1,0.5,9,0.870457
2,4,MLP-FedProx-mu0.1,0.5,10,0.864642
2,4,MLP-FedProx-mu0.1,0.5,11,0.858193
2,4,MLP-FedProx-mu0.1,0.5,12,0.850327
2,4,MLP-FedProx-mu0.1,0.5,13,0.843885
2,4,MLP-FedProx-mu0.1,0.5,14,0.840364
2,4,MLP-FedProx-mu0.1,0.5,15,0.844318
2,4,MLP-FedProx-mu0.1,0.5,16,0.860829
2,4,MLP-FedProx-mu0.1,0.5,17,0.880921
2,4,MLP-FedProx-mu0.1,0.5,18,0.888264
2,4,MLP-FedProx-mu0.1,0.5,19,0.901374
2,4,MLP-FedProx-mu0.1,0.1,0,1.267488
2,4,MLP-FedProx-mu0.1,0.1,1,1.273509
2,4,MLP-FedProx-mu0.1,0.1,2,1.273285
2,4,MLP-FedProx-mu0.1,0.1,3,1.269892
2,4,MLP-FedProx-mu0.1,0.1,4,1.265713
2,4,MLP-FedProx-mu0.1,0.1,5,1.262211
2,4,MLP-FedProx-mu0.1,0.1,6,1.223517
2,4,MLP-FedProx-mu0.1,0.1,7,1.126703
2,4,MLP-FedProx-mu0.1,0.1,8,1.042655
2,4,MLP-FedProx-mu0.1,0.1,9,1.018677
2,4,MLP-FedProx-mu0.1,0.1,10,1.065553
2,4,MLP-FedProx-mu0.1,0.1,11,1.092557
2,4,MLP-FedProx-mu0.1,0.1,12,1.098482
2,4,MLP-FedProx-mu0.1,0.1,13,1.045157
2,4,MLP-FedProx-mu0.1,0.1,14,1.104971
2,4,MLP-FedProx-mu0.1,0.1,15,0.977675
2,4,MLP-FedProx-mu0.1,0.1,16,1.153224
2,4,MLP-FedProx-mu0.1,0.1,17,0.899936
2,4,MLP-FedProx-mu0.1,0.1,18,1.126052
2,4,MLP-FedProx-mu0.1,0.1,19,0.898981
2,4,MLP-FedProx-mu0.1,natural,0,0.636588
2,4,MLP-FedProx-mu0.1,natural,1,0.631376
2,4,MLP-FedProx-mu0.1,natural,2,0.625466
2,4,MLP-FedProx-mu0.1,natural,3,0.617335
2,4,MLP-FedProx-mu0.1,natural,4,0.605647
2,4,MLP-FedProx-mu0.1,natural,5,0.592055
2,4,MLP-FedProx-mu0.1,natural,6,0.561709
2,4,MLP-FedProx-mu0.1,natural,7,0.526464
2,4,MLP-FedProx-mu0.1,natural,8,0.495457
2,4,MLP-FedProx-mu0.1,natural,9,0.470659
2,4,MLP-FedProx-mu0.1,natural,10,0.455687
2,4,MLP-FedProx-mu0.1,natural,11,0.453828
2,4,MLP-FedProx-mu0.1,natural,12,0.453512
2,4,MLP-FedProx-mu0.1,natural,13,0.460991
2,4,MLP-FedProx-mu0.1,natural,14,0.460923
2,4,MLP-FedProx-mu0.1,natural,15,0.451366
2,4,MLP-FedProx-mu0.1,natural,16,0.430153
2,4,MLP-FedProx-mu0.1,natural,17,0.439045
2,4,MLP-FedProx-mu0.1,natural,18,0.417008
2,4,MLP-FedProx-mu0.1,natural,19,0.435509
3,0,MLP-FedProx-mu0.1,100,0,0.151987
3,0,MLP-FedProx-mu0.1,100,1,0.15059
3,0,MLP-FedProx-mu0.1,100,2,0.156631
3,0,MLP-FedProx-mu0.1,100,3,0.167311
3,0,MLP-FedProx-mu0.1,100,4,0.179489
3,0,MLP-FedProx-mu0.1,100,5,0.192278
3,0,MLP-FedProx-mu0.1,100,6,0.204743
3,0,MLP-FedProx-mu0.1,100,7,0.21572
3,0,MLP-FedProx-mu0.1,100,8,0.225208
3,0,MLP-FedProx-mu0.1,100,9,0.233881
3,0,MLP-FedProx-mu0.1,100,10,0.241988
3,0,MLP-FedProx-mu0.1,100,11,0.24962
3,0,MLP-FedProx-mu0.1,100,12,0.256704
3,0,MLP-FedProx-mu0.1,100,13,0.263419
3,0,MLP-FedProx-mu0.1,100,14,0.269033
3,0,MLP-FedProx-mu0.1,100,15,0.276535
3,0,MLP-FedProx-mu0.1,100,16,0.272106
3,0,MLP-FedProx-mu0.1,100,17,0.316645
3,0,MLP-FedProx-mu0.1,100,18,0.236284
3,0,MLP-FedProx-mu0.1,100,19,0.249617
3,0,MLP-FedProx-mu0.1,1.0,0,0.241801
3,0,MLP-FedProx-mu0.1,1.0,1,0.245053
3,0,MLP-FedProx-mu0.1,1.0,2,0.250026
3,0,MLP-FedProx-mu0.1,1.0,3,0.255872
3,0,MLP-FedProx-mu0.1,1.0,4,0.264674
3,0,MLP-FedProx-mu0.1,1.0,5,0.276991
3,0,MLP-FedProx-mu0.1,1.0,6,0.291343
3,0,MLP-FedProx-mu0.1,1.0,7,0.304853
3,0,MLP-FedProx-mu0.1,1.0,8,0.315549
3,0,MLP-FedProx-mu0.1,1.0,9,0.322993
3,0,MLP-FedProx-mu0.1,1.0,10,0.327736
3,0,MLP-FedProx-mu0.1,1.0,11,0.330557
3,0,MLP-FedProx-mu0.1,1.0,12,0.3321
3,0,MLP-FedProx-mu0.1,1.0,13,0.332819
3,0,MLP-FedProx-mu0.1,1.0,14,0.33302
3,0,MLP-FedProx-mu0.1,1.0,15,0.332907
3,0,MLP-FedProx-mu0.1,1.0,16,0.33262
3,0,MLP-FedProx-mu0.1,1.0,17,0.332256
3,0,MLP-FedProx-mu0.1,1.0,18,0.331886
3,0,MLP-FedProx-mu0.1,1.0,19,0.331562
3,0,MLP-FedProx-mu0.1,0.5,0,0.758499
3,0,MLP-FedProx-mu0.1,0.5,1,0.689625
3,0,MLP-FedProx-mu0.1,0.5,2,0.643156
3,0,MLP-FedProx-mu0.1,0.5,3,0.61935
3,0,MLP-FedProx-mu0.1,0.5,4,0.611141
3,0,MLP-FedProx-mu0.1,0.5,5,0.611459
3,0,MLP-FedProx-mu0.1,0.5,6,0.614954
3,0,MLP-FedProx-mu0.1,0.5,7,0.619054
3,0,MLP-FedProx-mu0.1,0.5,8,0.62322
3,0,MLP-FedProx-mu0.1,0.5,9,0.627441
3,0,MLP-FedProx-mu0.1,0.5,10,0.63171
3,0,MLP-FedProx-mu0.1,0.5,11,0.635203
3,0,MLP-FedProx-mu0.1,0.5,12,0.638666
3,0,MLP-FedProx-mu0.1,0.5,13,0.656676
3,0,MLP-FedProx-mu0.1,0.5,14,0.621311
3,0,MLP-FedProx-mu0.1,0.5,15,0.641189
3,0,MLP-FedProx-mu0.1,0.5,16,0.636046
3,0,MLP-FedProx-mu0.1,0.5,17,0.637526
3,0,MLP-FedProx-mu0.1,0.5,18,0.639502
3,0,MLP-FedProx-mu0.1,0.5,19,0.638261
3,0,MLP-FedProx-mu0.1,0.1,0,1.072691
3,0,MLP-FedProx-mu0.1,0.1,1,0.982087
3,0,MLP-FedProx-mu0.1,0.1,2,0.940283
3,0,MLP-FedProx-mu0.1,0.1,3,0.938065
3,0,MLP-FedProx-mu0.1,0.1,4,0.945686
3,0,MLP-FedProx-mu0.1,0.1,5,0.954392
3,0,MLP-FedProx-mu0.1,0.1,6,0.963295
3,0,MLP-FedProx-mu0.1,0.1,7,0.972661
3,0,MLP-FedProx-mu0.1,0.1,8,0.981873
3,0,MLP-FedProx-mu0.1,0.1,9,0.990358
3,0,MLP-FedProx-mu0.1,0.1,10,0.99772
3,0,MLP-FedProx-mu0.1,0.1,11,1.003803
3,0,MLP-FedProx-mu0.1,0.1,12,1.00859
3,0,MLP-FedProx-mu0.1,0.1,13,1.012169
3,0,MLP-FedProx-mu0.1,0.1,14,1.014661
3,0,MLP-FedProx-mu0.1,0.1,15,1.016208
3,0,MLP-FedProx-mu0.1,0.1,16,1.016947
3,0,MLP-FedProx-mu0.1,0.1,17,1.017008
3,0,MLP-FedProx-mu0.1,0.1,18,1.016508
3,0,MLP-FedProx-mu0.1,0.1,19,1.015551
3,0,MLP-FedProx-mu0.1,natural,0,0.551145
3,0,MLP-FedProx-mu0.1,natural,1,0.510159
3,0,MLP-FedProx-mu0.1,natural,2,0.479689
3,0,MLP-FedProx-mu0.1,natural,3,0.458463
3,0,MLP-FedProx-mu0.1,natural,4,0.444896
3,0,MLP-FedProx-mu0.1,natural,5,0.436843
3,0,MLP-FedProx-mu0.1,natural,6,0.432809
3,0,MLP-FedProx-mu0.1,natural,7,0.4318
3,0,MLP-FedProx-mu0.1,natural,8,0.43302
3,0,MLP-FedProx-mu0.1,natural,9,0.435657
3,0,MLP-FedProx-mu0.1,natural,10,0.438839
3,0,MLP-FedProx-mu0.1,natural,11,0.441803
3,0,MLP-FedProx-mu0.1,natural,12,0.444118
3,0,MLP-FedProx-mu0.1,natural,13,0.445708
3,0,MLP-FedProx-mu0.1,natural,14,0.446711
3,0,MLP-FedProx-mu0.1,natural,15,0.447259
3,0,MLP-FedProx-mu0.1,natural,16,0.447623
3,0,MLP-FedProx-mu0.1,natural,17,0.44744
3,0,MLP-FedProx-mu0.1,natural,18,0.448905
3,0,MLP-FedProx-mu0.1,natural,19,0.449539
3,1,MLP-FedProx-mu0.1,100,0,0.126783
3,1,MLP-FedProx-mu0.1,100,1,0.129369
3,1,MLP-FedProx-mu0.1,100,2,0.137035
3,1,MLP-FedProx-mu0.1,100,3,0.146303
3,1,MLP-FedProx-mu0.1,100,4,0.157008
3,1,MLP-FedProx-mu0.1,100,5,0.169929
3,1,MLP-FedProx-mu0.1,100,6,0.184492
3,1,MLP-FedProx-mu0.1,100,7,0.199088
3,1,MLP-FedProx-mu0.1,100,8,0.212799
3,1,MLP-FedProx-mu0.1,100,9,0.225013
3,1,MLP-FedProx-mu0.1,100,10,0.235261
3,1,MLP-FedProx-mu0.1,100,11,0.243429
3,1,MLP-FedProx-mu0.1,100,12,0.249826
3,1,MLP-FedProx-mu0.1,100,13,0.254536
3,1,MLP-FedProx-mu0.1,100,14,0.258867
3,1,MLP-FedProx-mu0.1,100,15,0.260352
3,1,MLP-FedProx-mu0.1,100,16,0.268113
3,1,MLP-FedProx-mu0.1,100,17,0.257215
3,1,MLP-FedProx-mu0.1,100,18,0.269099
3,1,MLP-FedProx-mu0.1,100,19,0.240585
3,1,MLP-FedProx-mu0.1,1.0,0,0.241045
3,1,MLP-FedProx-mu0.1,1.0,1,0.241634
3,1,MLP-FedProx-mu0.1,1.0,2,0.242297
3,1,MLP-FedProx-mu0.1,1.0,3,0.239766
3,1,MLP-FedProx-mu0.1,1.0,4,0.240346
3,1,MLP-FedProx-mu0.1,1.0,5,0.246133
3,1,MLP-FedProx-mu0.1,1.0,6,0.25597
3,1,MLP-FedProx-mu0.1,1.0,7,0.267457
3,1,MLP-FedProx-mu0.1,1.0,8,0.278654
3,1,MLP-FedProx-mu0.1,1.0,9,0.288482
3,1,MLP-FedProx-mu0.1,1.0,10,0.296532
3,1,MLP-FedProx-mu0.1,1.0,11,0.302826
3,1,MLP-FedProx-mu0.1,1.0,12,0.307608
3,1,MLP-FedProx-mu0.1,1.0,13,0.311183
3,1,MLP-FedProx-mu0.1,1.0,14,0.313837
3,1,MLP-FedProx-mu0.1,1.0,15,0.315807
3,1,MLP-FedProx-mu0.1,1.0,16,0.31728
3,1,MLP-FedProx-mu0.1,1.0,17,0.318397
3,1,MLP-FedProx-mu0.1,1.0,18,0.319262
3,1,MLP-FedProx-mu0.1,1.0,19,0.319952
3,1,MLP-FedProx-mu0.1,0.5,0,0.73493
3,1,MLP-FedProx-mu0.1,0.5,1,0.674189
3,1,MLP-FedProx-mu0.1,0.5,2,0.637034
3,1,MLP-FedProx-mu0.1,0.5,3,0.619283
3,1,MLP-FedProx-mu0.1,0.5,4,0.615612
3,1,MLP-FedProx-mu0.1,0.5,5,0.618554
3,1,MLP-FedProx-mu0.1,0.5,6,0.622723
3,1,MLP-FedProx-mu0.1,0.5,7,0.62663
3,1,MLP-FedProx-mu0.1,0.5,8,0.630161
3,1,MLP-FedProx-mu0.1,0.5,9,0.633281
3,1,MLP-FedProx-mu0.1,0.5,10,0.635946
3,1,MLP-FedProx-mu0.1,0.5,11,0.638141
3,1,MLP-FedProx-mu0.1,0.5,12,0.639881
3,1,MLP-FedProx-mu0.1,0.5,13,0.641211
3,1,MLP-FedProx-mu0.1,0.5,14,0.642202
3,1,MLP-FedProx-mu0.1,0.5,15,0.642932
3,1,MLP-FedProx-mu0.1,0.5,16,0.643468
3,1,MLP-FedProx-mu0.1,0.5,17,0.643859
3,1,MLP-FedProx-mu0.1,0.5,18,0.644139
3,1,MLP-FedProx-mu0.1,0.5,19,0.644332
3,1,MLP-FedProx-mu0.1,0.1,0,1.091628
3,1,MLP-FedProx-mu0.1,0.1,1,1.004609
3,1,MLP-FedProx-mu0.1,0.1,2,0.961351
3,1,MLP-FedProx-mu0.1,0.1,3,0.959657
3,1,MLP-FedProx-mu0.1,0.1,4,0.968842
3,1,MLP-FedProx-mu0.1,0.1,5,0.978518
3,1,MLP-FedProx-mu0.1,0.1,6,0.9873
3,1,MLP-FedProx-mu0.1,0.1,7,0.995472
3,1,MLP-FedProx-mu0.1,0.1,8,1.002906
3,1,MLP-FedProx-mu0.1,0.1,9,1.009484
3,1,MLP-FedProx-mu0.1,0.1,10,1.015217
3,1,MLP-FedProx-mu0.1,0.1,11,1.020179
3,1,MLP-FedProx-mu0.1,0.1,12,1.024456
3,1,MLP-FedProx-mu0.1,0.1,13,1.02813
3,1,MLP-FedProx-mu0.1,0.1,14,1.031275
3,1,MLP-FedProx-mu0.1,0.1,15,1.033953
3,1,MLP-FedProx-mu0.1,0.1,16,1.036217
3,1,MLP-FedProx-mu0.1,0.1,17,1.038112
3,1,MLP-FedProx-mu0.1,0.1,18,1.039676
3,1,MLP-FedProx-mu0.1,0.1,19,1.04094
3,1,MLP-FedProx-mu0.1,natural,0,0.585092
3,1,MLP-FedProx-mu0.1,natural,1,0.549493
3,1,MLP-FedProx-mu0.1,natural,2,0.520563
3,1,MLP-FedProx-mu0.1,natural,3,0.497872
3,1,MLP-FedProx-mu0.1,natural,4,0.481622
3,1,MLP-FedProx-mu0.1,natural,5,0.470536
3,1,MLP-FedProx-mu0.1,natural,6,0.463252
3,1,MLP-FedProx-mu0.1,natural,7,0.458831
3,1,MLP-FedProx-mu0.1,natural,8,0.456436
3,1,MLP-FedProx-mu0.1,natural,9,0.455228
3,1,MLP-FedProx-mu0.1,natural,10,0.454894
3,1,MLP-FedProx-mu0.1,natural,11,0.455046
3,1,MLP-FedProx-mu0.1,natural,12,0.455505
3,1,MLP-FedProx-mu0.1,natural,13,0.455504
3,1,MLP-FedProx-mu0.1,natural,14,0.469785
3,1,MLP-FedProx-mu0.1,natural,15,0.487822
3,1,MLP-FedProx-mu0.1,natural,16,0.473255
3,1,MLP-FedProx-mu0.1,natural,17,0.47257
3,1,MLP-FedProx-mu0.1,natural,18,0.46961
3,1,MLP-FedProx-mu0.1,natural,19,0.469115
3,2,MLP-FedProx-mu0.1,100,0,0.110442
3,2,MLP-FedProx-mu0.1,100,1,0.122405
3,2,MLP-FedProx-mu0.1,100,2,0.135657
3,2,MLP-FedProx-mu0.1,100,3,0.148977
3,2,MLP-FedProx-mu0.1,100,4,0.162363
3,2,MLP-FedProx-mu0.1,100,5,0.175414
3,2,MLP-FedProx-mu0.1,100,6,0.187854
3,2,MLP-FedProx-mu0.1,100,7,0.199757
3,2,MLP-FedProx-mu0.1,100,8,0.211389
3,2,MLP-FedProx-mu0.1,100,9,0.222861
3,2,MLP-FedProx-mu0.1,100,10,0.234157
3,2,MLP-FedProx-mu0.1,100,11,0.245284
3,2,MLP-FedProx-mu0.1,100,12,0.256186
3,2,MLP-FedProx-mu0.1,100,13,0.266763
3,2,MLP-FedProx-mu0.1,100,14,0.276783
3,2,MLP-FedProx-mu0.1,100,15,0.286141
3,2,MLP-FedProx-mu0.1,100,16,0.294548
3,2,MLP-FedProx-mu0.1,100,17,0.302305
3,2,MLP-FedProx-mu0.1,100,18,0.308702
3,2,MLP-FedProx-mu0.1,100,19,0.315543
3,2,MLP-FedProx-mu0.1,1.0,0,0.235617
3,2,MLP-FedProx-mu0.1,1.0,1,0.227289
3,2,MLP-FedProx-mu0.1,1.0,2,0.221882
3,2,MLP-FedProx-mu0.1,1.0,3,0.218162
3,2,MLP-FedProx-mu0.1,1.0,4,0.217514
3,2,MLP-FedProx-mu0.1,1.0,5,0.220365
3,2,MLP-FedProx-mu0.1,1.0,6,0.227492
3,2,MLP-FedProx-mu0.1,1.0,7,0.238917
3,2,MLP-FedProx-mu0.1,1.0,8,0.252623
3,2,MLP-FedProx-mu0.1,1.0,9,0.265882
3,2,MLP-FedProx-mu0.1,1.0,10,0.277049
3,2,MLP-FedProx-mu0.1,1.0,11,0.285719
3,2,MLP-FedProx-mu0.1,1.0,12,0.292142
3,2,MLP-FedProx-mu0.1,1.0,13,0.296763
3,2,MLP-FedProx-mu0.1,1.0,14,0.300015
3,2,MLP-FedProx-mu0.1,1.0,15,0.302255
3,2,MLP-FedProx-mu0.1,1.0,16,0.303762
3,2,MLP-FedProx-mu0.1,1.0,17,0.304749
3,2,MLP-FedProx-mu0.1,1.0,18,0.305382
3,2,MLP-FedProx-mu0.1,1.0,19,0.30579
3,2,MLP-FedProx-mu0.1,0.5,0,0.737081
3,2,MLP-FedProx-mu0.1,0.5,1,0.679459
3,2,MLP-FedProx-mu0.1,0.5,2,0.645908
3,2,MLP-FedProx-mu0.1,0.5,3,0.631626
3,2,MLP-FedProx-mu0.1,0.5,4,0.629628
3,2,MLP-FedProx-mu0.1,0.5,5,0.633842
3,2,MLP-FedProx-mu0.1,0.5,6,0.640521
3,2,MLP-FedProx-mu0.1,0.5,7,0.647868
3,2,MLP-FedProx-mu0.1,0.5,8,0.654915
3,2,MLP-FedProx-mu0.1,0.5,9,0.661166
3,2,MLP-FedProx-mu0.1,0.5,10,0.666458
3,2,MLP-FedProx-mu0.1,0.5,11,0.670825
3,2,MLP-FedProx-mu0.1,0.5,12,0.674391
3,2,MLP-FedProx-mu0.1,0.5,13,0.677307
3,2,MLP-FedProx-mu0.1,0.5,14,0.679704
3,2,MLP-FedProx-mu0.1,0.5,15,0.681677
3,2,MLP-FedProx-mu0.1,0.5,16,0.683301
3,2,MLP-FedProx-mu0.1,0.5,17,0.684633
3,2,MLP-FedProx-mu0.1,0.5,18,0.685726
3,2,MLP-FedProx-mu0.1,0.5,19,0.686623
3,2,MLP-FedProx-mu0.1,0.1,0,1.076051
3,2,MLP-FedProx-mu0.1,0.1,1,0.988189
3,2,MLP-FedProx-mu0.1,0.1,2,0.952596
3,2,MLP-FedProx-mu0.1,0.1,3,0.964288
3,2,MLP-FedProx-mu0.1,0.1,4,0.978603
3,2,MLP-FedProx-mu0.1,0.1,5,0.988964
3,2,MLP-FedProx-mu0.1,0.1,6,0.998641
3,2,MLP-FedProx-mu0.1,0.1,7,1.009143
3,2,MLP-FedProx-mu0.1,0.1,8,1.020187
3,2,MLP-FedProx-mu0.1,0.1,9,1.031085
3,2,MLP-FedProx-mu0.1,0.1,10,1.041341
3,2,MLP-FedProx-mu0.1,0.1,11,1.05071
3,2,MLP-FedProx-mu0.1,0.1,12,1.059099
3,2,MLP-FedProx-mu0.1,0.1,13,1.066473
3,2,MLP-FedProx-mu0.1,0.1,14,1.072828
3,2,MLP-FedProx-mu0.1,0.1,15,1.078181
3,2,MLP-FedProx-mu0.1,0.1,16,1.082586
3,2,MLP-FedProx-mu0.1,0.1,17,1.086122
3,2,MLP-FedProx-mu0.1,0.1,18,1.088892
3,2,MLP-FedProx-mu0.1,0.1,19,1.091
3,2,MLP-FedProx-mu0.1,natural,0,0.549955
3,2,MLP-FedProx-mu0.1,natural,1,0.50895
3,2,MLP-FedProx-mu0.1,natural,2,0.477014
3,2,MLP-FedProx-mu0.1,natural,3,0.453357
3,2,MLP-FedProx-mu0.1,natural,4,0.43837
3,2,MLP-FedProx-mu0.1,natural,5,0.430507
3,2,MLP-FedProx-mu0.1,natural,6,0.427559
3,2,MLP-FedProx-mu0.1,natural,7,0.42785
3,2,MLP-FedProx-mu0.1,natural,8,0.43039
3,2,MLP-FedProx-mu0.1,natural,9,0.434493
3,2,MLP-FedProx-mu0.1,natural,10,0.43945
3,2,MLP-FedProx-mu0.1,natural,11,0.444462
3,2,MLP-FedProx-mu0.1,natural,12,0.448787
3,2,MLP-FedProx-mu0.1,natural,13,0.452078
3,2,MLP-FedProx-mu0.1,natural,14,0.454474
3,2,MLP-FedProx-mu0.1,natural,15,0.456182
3,2,MLP-FedProx-mu0.1,natural,16,0.457467
3,2,MLP-FedProx-mu0.1,natural,17,0.458344
3,2,MLP-FedProx-mu0.1,natural,18,0.459352
3,2,MLP-FedProx-mu0.1,natural,19,0.459032
3,3,MLP-FedProx-mu0.1,100,0,0.190551
3,3,MLP-FedProx-mu0.1,100,1,0.184529
3,3,MLP-FedProx-mu0.1,100,2,0.18714
3,3,MLP-FedProx-mu0.1,100,3,0.19217
3,3,MLP-FedProx-mu0.1,100,4,0.198121
3,3,MLP-FedProx-mu0.1,100,5,0.20533
3,3,MLP-FedProx-mu0.1,100,6,0.214262
3,3,MLP-FedProx-mu0.1,100,7,0.224931
3,3,MLP-FedProx-mu0.1,100,8,0.236871
3,3,MLP-FedProx-mu0.1,100,9,0.249362
3,3,MLP-FedProx-mu0.1,100,10,0.261657
3,3,MLP-FedProx-mu0.1,100,11,0.273205
3,3,MLP-FedProx-mu0.1,100,12,0.283648
3,3,MLP-FedProx-mu0.1,100,13,0.292853
3,3,MLP-FedProx-mu0.1,100,14,0.300776
3,3,MLP-FedProx-mu0.1,100,15,0.307518
3,3,MLP-FedProx-mu0.1,100,16,0.313193
3,3,MLP-FedProx-mu0.1,100,17,0.317775
3,3,MLP-FedProx-mu0.1,100,18,0.322239
3,3,MLP-FedProx-mu0.1,100,19,0.322806
3,3,MLP-FedProx-mu0.1,1.0,0,0.265619
3,3,MLP-FedProx-mu0.1,1.0,1,0.278512
3,3,MLP-FedProx-mu0.1,1.0,2,0.286149
3,3,MLP-FedProx-mu0.1,1.0,3,0.290355
3,3,MLP-FedProx-mu0.1,1.0,4,0.295571
3,3,MLP-FedProx-mu0.1,1.0,5,0.303174
3,3,MLP-FedProx-mu0.1,1.0,6,0.312471
3,3,MLP-FedProx-mu0.1,1.0,7,0.321756
3,3,MLP-FedProx-mu0.1,1.0,8,0.329662
3,3,MLP-FedProx-mu0.1,1.0,9,0.335662
3,3,MLP-FedProx-mu0.1,1.0,10,0.339837
3,3,MLP-FedProx-mu0.1,1.0,11,0.34253
3,3,MLP-FedProx-mu0.1,1.0,12,0.344126
3,3,MLP-FedProx-mu0.1,1.0,13,0.34495
3,3,MLP-FedProx-mu0.1,1.0,14,0.345252
3,3,MLP-FedProx-mu0.1,1.0,15,0.345212
3,3,MLP-FedProx-mu0.1,1.0,16,0.344959
3,3,MLP-FedProx-mu0.1,1.0,17,0.344583
3,3,MLP-FedProx-mu0.1,1.0,18,0.34415
3,3,MLP-FedProx-mu0.1,1.0,19,0.343705
3,3,MLP-FedProx-mu0.1,0.5,0,0.755013
3,3,MLP-FedProx-mu0.1,0.5,1,0.690031
3,3,MLP-FedProx-mu0.1,0.5,2,0.651292
3,3,MLP-FedProx-mu0.1,0.5,3,0.633468
3,3,MLP-FedProx-mu0.1,0.5,4,0.628192
3,3,MLP-FedProx-mu0.1,0.5,5,0.630265
3,3,MLP-FedProx-mu0.1,0.5,6,0.636621
3,3,MLP-FedProx-mu0.1,0.5,7,0.645007
3,3,MLP-FedProx-mu0.1,0.5,8,0.653549
3,3,MLP-FedProx-mu0.1,0.5,9,0.660869
3,3,MLP-FedProx-mu0.1,0.5,10,0.66623
3,3,MLP-FedProx-mu0.1,0.5,11,0.669639
3,3,MLP-FedProx-mu0.1,0.5,12,0.671736
3,3,MLP-FedProx-mu0.1,0.5,13,0.673198
3,3,MLP-FedProx-mu0.1,0.5,14,0.674364
3,3,MLP-FedProx-mu0.1,0.5,15,0.675251
3,3,MLP-FedProx-mu0.1,0.5,16,0.676044
3,3,MLP-FedProx-mu0.1,0.5,17,0.675634
3,3,MLP-FedProx-mu0.1,0.5,18,0.681204
3,3,MLP-FedProx-mu0.1,0.5,19,0.673366
3,3,MLP-FedProx-mu0.1,0.1,0,1.072087
3,3,MLP-FedProx-mu0.1,0.1,1,0.983201
3,3,MLP-FedProx-mu0.1,0.1,2,0.945943
3,3,MLP-FedProx-mu0.1,0.1,3,0.952746
3,3,MLP-FedProx-mu0.1,0.1,4,0.962459
3,3,MLP-FedProx-mu0.1,0.1,5,0.96995
3,3,MLP-FedProx-mu0.1,0.1,6,0.977568
3,3,MLP-FedProx-mu0.1,0.1,7,0.985958
3,3,MLP-FedProx-mu0.1,0.1,8,0.994559
3,3,MLP-FedProx-mu0.1,0.1,9,1.002696
3,3,MLP-FedProx-mu0.1,0.1,10,1.009935
3,3,MLP-FedProx-mu0.1,0.1,11,1.016062
3,3,MLP-FedProx-mu0.1,0.1,12,1.021008
3,3,MLP-FedProx-mu0.1,0.1,13,1.024799
3,3,MLP-FedProx-mu0.1,0.1,14,1.027522
3,3,MLP-FedProx-mu0.1,0.1,15,1.029303
3,3,MLP-FedProx-mu0.1,0.1,16,1.030286
3,3,MLP-FedProx-mu0.1,0.1,17,1.030618
3,3,MLP-FedProx-mu0.1,0.1,18,1.030434
3,3,MLP-FedProx-mu0.1,0.1,19,1.029857
3,3,MLP-FedProx-mu0.1,natural,0,0.522731
3,3,MLP-FedProx-mu0.1,natural,1,0.477741
3,3,MLP-FedProx-mu0.1,natural,2,0.442757
3,3,MLP-FedProx-mu0.1,natural,3,0.417891
3,3,MLP-FedProx-mu0.1,natural,4,0.401848
3,3,MLP-FedProx-mu0.1,natural,5,0.391939
3,3,MLP-FedProx-mu0.1,natural,6,0.386028
3,3,MLP-FedProx-mu0.1,natural,7,0.382922
3,3,MLP-FedProx-mu0.1,natural,8,0.381893
3,3,MLP-FedProx-mu0.1,natural,9,0.382227
3,3,MLP-FedProx-mu0.1,natural,10,0.383182
3,3,MLP-FedProx-mu0.1,natural,11,0.384258
3,3,MLP-FedProx-mu0.1,natural,12,0.385269
3,3,MLP-FedProx-mu0.1,natural,13,0.386125
3,3,MLP-FedProx-mu0.1,natural,14,0.386812
3,3,MLP-FedProx-mu0.1,natural,15,0.387328
3,3,MLP-FedProx-mu0.1,natural,16,0.387715
3,3,MLP-FedProx-mu0.1,natural,17,0.387965
3,3,MLP-FedProx-mu0.1,natural,18,0.388176
3,3,MLP-FedProx-mu0.1,natural,19,0.388185
3,4,MLP-FedProx-mu0.1,100,0,0.159755
3,4,MLP-FedProx-mu0.1,100,1,0.156799
3,4,MLP-FedProx-mu0.1,100,2,0.162631
3,4,MLP-FedProx-mu0.1,100,3,0.170923
3,4,MLP-FedProx-mu0.1,100,4,0.177723
3,4,MLP-FedProx-mu0.1,100,5,0.182976
3,4,MLP-FedProx-mu0.1,100,6,0.187609
3,4,MLP-FedProx-mu0.1,100,7,0.192559
3,4,MLP-FedProx-mu0.1,100,8,0.198426
3,4,MLP-FedProx-mu0.1,100,9,0.205363
3,4,MLP-FedProx-mu0.1,100,10,0.213169
3,4,MLP-FedProx-mu0.1,100,11,0.221425
3,4,MLP-FedProx-mu0.1,100,12,0.229645
3,4,MLP-FedProx-mu0.1,100,13,0.237423
3,4,MLP-FedProx-mu0.1,100,14,0.244502
3,4,MLP-FedProx-mu0.1,100,15,0.25077
3,4,MLP-FedProx-mu0.1,100,16,0.256217
3,4,MLP-FedProx-mu0.1,100,17,0.260897
3,4,MLP-FedProx-mu0.1,100,18,0.2649
3,4,MLP-FedProx-mu0.1,100,19,0.268325
3,4,MLP-FedProx-mu0.1,1.0,0,0.246969
3,4,MLP-FedProx-mu0.1,1.0,1,0.241393
3,4,MLP-FedProx-mu0.1,1.0,2,0.241121
3,4,MLP-FedProx-mu0.1,1.0,3,0.24024
3,4,MLP-FedProx-mu0.1,1.0,4,0.239779
3,4,MLP-FedProx-mu0.1,1.0,5,0.240091
3,4,MLP-FedProx-mu0.1,1.0,6,0.241647
3,4,MLP-FedProx-mu0.1,1.0,7,0.244675
3,4,MLP-FedProx-mu0.1,1.0,8,0.248785
3,4,MLP-FedProx-mu0.1,1.0,9,0.253359
3,4,MLP-FedProx-mu0.1,1.0,10,0.257892
3,4,MLP-FedProx-mu0.1,1.0,11,0.262043
3,4,MLP-FedProx-mu0.1,1.0,12,0.265617
3,4,MLP-FedProx-mu0.1,1.0,13,0.268559
3,4,MLP-FedProx-mu0.1,1.0,14,0.270902
3,4,MLP-FedProx-mu0.1,1.0,15,0.27273
3,4,MLP-FedProx-mu0.1,1.0,16,0.274141
3,4,MLP-FedProx-mu0.1,1.0,17,0.275226
3,4,MLP-FedProx-mu0.1,1.0,18,0.276066
3,4,MLP-FedProx-mu0.1,1.0,19,0.276728
3,4,MLP-FedProx-mu0.1,0.5,0,0.769472
3,4,MLP-FedProx-mu0.1,0.5,1,0.706899
3,4,MLP-FedProx-mu0.1,0.5,2,0.671769
3,4,MLP-FedProx-mu0.1,0.5,3,0.656023
3,4,MLP-FedProx-mu0.1,0.5,4,0.649569
3,4,MLP-FedProx-mu0.1,0.5,5,0.646834
3,4,MLP-FedProx-mu0.1,0.5,6,0.644412
3,4,MLP-FedProx-mu0.1,0.5,7,0.64087
3,4,MLP-FedProx-mu0.1,0.5,8,0.637248
3,4,MLP-FedProx-mu0.1,0.5,9,0.635161
3,4,MLP-FedProx-mu0.1,0.5,10,0.634765
3,4,MLP-FedProx-mu0.1,0.5,11,0.635419
3,4,MLP-FedProx-mu0.1,0.5,12,0.636559
3,4,MLP-FedProx-mu0.1,0.5,13,0.637846
3,4,MLP-FedProx-mu0.1,0.5,14,0.639089
3,4,MLP-FedProx-mu0.1,0.5,15,0.640249
3,4,MLP-FedProx-mu0.1,0.5,16,0.64124
3,4,MLP-FedProx-mu0.1,0.5,17,0.642256
3,4,MLP-FedProx-mu0.1,0.5,18,0.642878
3,4,MLP-FedProx-mu0.1,0.5,19,0.644358
3,4,MLP-FedProx-mu0.1,0.1,0,1.082902
3,4,MLP-FedProx-mu0.1,0.1,1,0.996547
3,4,MLP-FedProx-mu0.1,0.1,2,0.957132
3,4,MLP-FedProx-mu0.1,0.1,3,0.960584
3,4,MLP-FedProx-mu0.1,0.1,4,0.971066
3,4,MLP-FedProx-mu0.1,0.1,5,0.980023
3,4,MLP-FedProx-mu0.1,0.1,6,0.988657
3,4,MLP-FedProx-mu0.1,0.1,7,0.99829
3,4,MLP-FedProx-mu0.1,0.1,8,1.008752
3,4,MLP-FedProx-mu0.1,0.1,9,1.019414
3,4,MLP-FedProx-mu0.1,0.1,10,1.029687
3,4,MLP-FedProx-mu0.1,0.1,11,1.039128
3,4,MLP-FedProx-mu0.1,0.1,12,1.047469
3,4,MLP-FedProx-mu0.1,0.1,13,1.054604
3,4,MLP-FedProx-mu0.1,0.1,14,1.060556
3,4,MLP-FedProx-mu0.1,0.1,15,1.065433
3,4,MLP-FedProx-mu0.1,0.1,16,1.069377
3,4,MLP-FedProx-mu0.1,0.1,17,1.072538
3,4,MLP-FedProx-mu0.1,0.1,18,1.075055
3,4,MLP-FedProx-mu0.1,0.1,19,1.077049
3,4,MLP-FedProx-mu0.1,natural,0,0.556758
3,4,MLP-FedProx-mu0.1,natural,1,0.523555
3,4,MLP-FedProx-mu0.1,natural,2,0.496189
3,4,MLP-FedProx-mu0.1,natural,3,0.476432
3,4,MLP-FedProx-mu0.1,natural,4,0.464634
3,4,MLP-FedProx-mu0.1,natural,5,0.458367
3,4,MLP-FedProx-mu0.1,natural,6,0.45546
3,4,MLP-FedProx-mu0.1,natural,7,0.45462
3,4,MLP-FedProx-mu0.1,natural,8,0.455169
3,4,MLP-FedProx-mu0.1,natural,9,0.456622
3,4,MLP-FedProx-mu0.1,natural,10,0.458318
3,4,MLP-FedProx-mu0.1,natural,11,0.459645
3,4,MLP-FedProx-mu0.1,natural,12,0.460906
3,4,MLP-FedProx-mu0.1,natural,13,0.461449
3,4,MLP-FedProx-mu0.1,natural,14,0.464726
3,4,MLP-FedProx-mu0.1,natural,15,0.462143
3,4,MLP-FedProx-mu0.1,natural,16,0.4627
3,4,MLP-FedProx-mu0.1,natural,17,0.455375
3,4,MLP-FedProx-mu0.1,natural,18,0.460145
3,4,MLP-FedProx-mu0.1,natural,19,0.451216
4,0,MLP-FedProx-mu0.1,100,0,0.109491
4,0,MLP-FedProx-mu0.1,100,1,0.125449
4,0,MLP-FedProx-mu0.1,100,2,0.13981
4,0,MLP-FedProx-mu0.1,100,3,0.15115
4,0,MLP-FedProx-mu0.1,100,4,0.163378
4,0,MLP-FedProx-mu0.1,100,5,0.179554
4,0,MLP-FedProx-mu0.1,100,6,0.19799
4,0,MLP-FedProx-mu0.1,100,7,0.219511
4,0,MLP-FedProx-mu0.1,100,8,0.238597
4,0,MLP-FedProx-mu0.1,100,9,0.27953
4,0,MLP-FedProx-mu0.1,100,10,0.260933
4,0,MLP-FedProx-mu0.1,100,11,0.256457
4,0,MLP-FedProx-mu0.1,100,12,0.203977
4,0,MLP-FedProx-mu0.1,100,13,0.212853
4,0,MLP-FedProx-mu0.1,100,14,0.221266
4,0,MLP-FedProx-mu0.1,100,15,0.233398
4,0,MLP-FedProx-mu0.1,100,16,0.235402
4,0,MLP-FedProx-mu0.1,100,17,0.243322
4,0,MLP-FedProx-mu0.1,100,18,0.243076
4,0,MLP-FedProx-mu0.1,100,19,0.24485
4,0,MLP-FedProx-mu0.1,1.0,0,0.850059
4,0,MLP-FedProx-mu0.1,1.0,1,0.798939
4,0,MLP-FedProx-mu0.1,1.0,2,0.744548
4,0,MLP-FedProx-mu0.1,1.0,3,0.708508
4,0,MLP-FedProx-mu0.1,1.0,4,0.689765
4,0,MLP-FedProx-mu0.1,1.0,5,0.68154
4,0,MLP-FedProx-mu0.1,1.0,6,0.677384
4,0,MLP-FedProx-mu0.1,1.0,7,0.673261
4,0,MLP-FedProx-mu0.1,1.0,8,0.668441
4,0,MLP-FedProx-mu0.1,1.0,9,0.664305
4,0,MLP-FedProx-mu0.1,1.0,10,0.662346
4,0,MLP-FedProx-mu0.1,1.0,11,0.6627
4,0,MLP-FedProx-mu0.1,1.0,12,0.66564
4,0,MLP-FedProx-mu0.1,1.0,13,0.665903
4,0,MLP-FedProx-mu0.1,1.0,14,0.660946
4,0,MLP-FedProx-mu0.1,1.0,15,0.654731
4,0,MLP-FedProx-mu0.1,1.0,16,0.651138
4,0,MLP-FedProx-mu0.1,1.0,17,0.650604
4,0,MLP-FedProx-mu0.1,1.0,18,0.65164
4,0,MLP-FedProx-mu0.1,1.0,19,0.652969
4,0,MLP-FedProx-mu0.1,0.5,0,0.576195
4,0,MLP-FedProx-mu0.1,0.5,1,0.525762
4,0,MLP-FedProx-mu0.1,0.5,2,0.476608
4,0,MLP-FedProx-mu0.1,0.5,3,0.448518
4,0,MLP-FedProx-mu0.1,0.5,4,0.43854
4,0,MLP-FedProx-mu0.1,0.5,5,0.457317
4,0,MLP-FedProx-mu0.1,0.5,6,0.499198
4,0,MLP-FedProx-mu0.1,0.5,7,0.530094
4,0,MLP-FedProx-mu0.1,0.5,8,0.541167
4,0,MLP-FedProx-mu0.1,0.5,9,0.540425
4,0,MLP-FedProx-mu0.1,0.5,10,0.534279
4,0,MLP-FedProx-mu0.1,0.5,11,0.528352
4,0,MLP-FedProx-mu0.1,0.5,12,0.527842
4,0,MLP-FedProx-mu0.1,0.5,13,0.532858
4,0,MLP-FedProx-mu0.1,0.5,14,0.536308
4,0,MLP-FedProx-mu0.1,0.5,15,0.541679
4,0,MLP-FedProx-mu0.1,0.5,16,0.541272
4,0,MLP-FedProx-mu0.1,0.5,17,0.552208
4,0,MLP-FedProx-mu0.1,0.5,18,0.540613
4,0,MLP-FedProx-mu0.1,0.5,19,0.583053
4,0,MLP-FedProx-mu0.1,0.1,0,0.97276
4,0,MLP-FedProx-mu0.1,0.1,1,0.975833
4,0,MLP-FedProx-mu0.1,0.1,2,0.901023
4,0,MLP-FedProx-mu0.1,0.1,3,0.850932
4,0,MLP-FedProx-mu0.1,0.1,4,0.892462
4,0,MLP-FedProx-mu0.1,0.1,5,0.939933
4,0,MLP-FedProx-mu0.1,0.1,6,0.982702
4,0,MLP-FedProx-mu0.1,0.1,7,1.016353
4,0,MLP-FedProx-mu0.1,0.1,8,1.054014
4,0,MLP-FedProx-mu0.1,0.1,9,1.068012
4,0,MLP-FedProx-mu0.1,0.1,10,1.099661
4,0,MLP-FedProx-mu0.1,0.1,11,1.212699
4,0,MLP-FedProx-mu0.1,0.1,12,0.759291
4,0,MLP-FedProx-mu0.1,0.1,13,0.963125
4,0,MLP-FedProx-mu0.1,0.1,14,0.858628
4,0,MLP-FedProx-mu0.1,0.1,15,0.962187
4,0,MLP-FedProx-mu0.1,0.1,16,0.845268
4,0,MLP-FedProx-mu0.1,0.1,17,0.976962
4,0,MLP-FedProx-mu0.1,0.1,18,0.800907
4,0,MLP-FedProx-mu0.1,0.1,19,0.980945
4,0,MLP-FedProx-mu0.1,natural,0,0.629558
4,0,MLP-FedProx-mu0.1,natural,1,0.605196
4,0,MLP-FedProx-mu0.1,natural,2,0.563706
4,0,MLP-FedProx-mu0.1,natural,3,0.534006
4,0,MLP-FedProx-mu0.1,natural,4,0.513872
4,0,MLP-FedProx-mu0.1,natural,5,0.495034
4,0,MLP-FedProx-mu0.1,natural,6,0.478741
4,0,MLP-FedProx-mu0.1,natural,7,0.469932
4,0,MLP-FedProx-mu0.1,natural,8,0.467085
4,0,MLP-FedProx-mu0.1,natural,9,0.464712
4,0,MLP-FedProx-mu0.1,natural,10,0.459691
4,0,MLP-FedProx-mu0.1,natural,11,0.460936
4,0,MLP-FedProx-mu0.1,natural,12,0.443686
4,0,MLP-FedProx-mu0.1,natural,13,0.476989
4,0,MLP-FedProx-mu0.1,natural,14,0.454484
4,0,MLP-FedProx-mu0.1,natural,15,0.441746
4,0,MLP-FedProx-mu0.1,natural,16,0.438373
4,0,MLP-FedProx-mu0.1,natural,17,0.448167
4,0,MLP-FedProx-mu0.1,natural,18,0.439012
4,0,MLP-FedProx-mu0.1,natural,19,0.446662
4,1,MLP-FedProx-mu0.1,100,0,0.07984
4,1,MLP-FedProx-mu0.1,100,1,0.110782
4,1,MLP-FedProx-mu0.1,100,2,0.129286
4,1,MLP-FedProx-mu0.1,100,3,0.141367
4,1,MLP-FedProx-mu0.1,100,4,0.151813
4,1,MLP-FedProx-mu0.1,100,5,0.164935
4,1,MLP-FedProx-mu0.1,100,6,0.181606
4,1,MLP-FedProx-mu0.1,100,7,0.203648
4,1,MLP-FedProx-mu0.1,100,8,0.21906
4,1,MLP-FedProx-mu0.1,100,9,0.258909
4,1,MLP-FedProx-mu0.1,100,10,0.182567
4,1,MLP-FedProx-mu0.1,100,11,0.203751
4,1,MLP-FedProx-mu0.1,100,12,0.18246
4,1,MLP-FedProx-mu0.1,100,13,0.221218
4,1,MLP-FedProx-mu0.1,100,14,0.184714
4,1,MLP-FedProx-mu0.1,100,15,0.228839
4,1,MLP-FedProx-mu0.1,100,16,0.187085
4,1,MLP-FedProx-mu0.1,100,17,0.232453
4,1,MLP-FedProx-mu0.1,100,18,0.189659
4,1,MLP-FedProx-mu0.1,100,19,0.236055
4,1,MLP-FedProx-mu0.1,1.0,0,0.874268
4,1,MLP-FedProx-mu0.1,1.0,1,0.824097
4,1,MLP-FedProx-mu0.1,1.0,2,0.760507
4,1,MLP-FedProx-mu0.1,1.0,3,0.715554
4,1,MLP-FedProx-mu0.1,1.0,4,0.689608
4,1,MLP-FedProx-mu0.1,1.0,5,0.676358
4,1,MLP-FedProx-mu0.1,1.0,6,0.670068
4,1,MLP-FedProx-mu0.1,1.0,7,0.667397
4,1,MLP-FedProx-mu0.1,1.0,8,0.666281
4,1,MLP-FedProx-mu0.1,1.0,9,0.664825
4,1,MLP-FedProx-mu0.1,1.0,10,0.664103
4,1,MLP-FedProx-mu0.1,1.0,11,0.665699
4,1,MLP-FedProx-mu0.1,1.0,12,0.669291
4,1,MLP-FedProx-mu0.1,1.0,13,0.668053
4,1,MLP-FedProx-mu0.1,1.0,14,0.662362
4,1,MLP-FedProx-mu0.1,1.0,15,0.656048
4,1,MLP-FedProx-mu0.1,1.0,16,0.651901
4,1,MLP-FedProx-mu0.1,1.0,17,0.65032
4,1,MLP-FedProx-mu0.1,1.0,18,0.65026
4,1,MLP-FedProx-mu0.1,1.0,19,0.651222
4,1,MLP-FedProx-mu0.1,0.5,0,0.628921
4,1,MLP-FedProx-mu0.1,0.5,1,0.569537
4,1,MLP-FedProx-mu0.1,0.5,2,0.530594
4,1,MLP-FedProx-mu0.1,0.5,3,0.512989
4,1,MLP-FedProx-mu0.1,0.5,4,0.514548
4,1,MLP-FedProx-mu0.1,0.5,5,0.546898
4,1,MLP-FedProx-mu0.1,0.5,6,0.583795
4,1,MLP-FedProx-mu0.1,0.5,7,0.603512
4,1,MLP-FedProx-mu0.1,0.5,8,0.61368
4,1,MLP-FedProx-mu0.1,0.5,9,0.621698
4,1,MLP-FedProx-mu0.1,0.5,10,0.630085
4,1,MLP-FedProx-mu0.1,0.5,11,0.636711
4,1,MLP-FedProx-mu0.1,0.5,12,0.64007
4,1,MLP-FedProx-mu0.1,0.5,13,0.641759
4,1,MLP-FedProx-mu0.1,0.5,14,0.642992
4,1,MLP-FedProx-mu0.1,0.5,15,0.643831
4,1,MLP-FedProx-mu0.1,0.5,16,0.644256
4,1,MLP-FedProx-mu0.1,0.5,17,0.644317
4,1,MLP-FedProx-mu0.1,0.5,18,0.644121
4,1,MLP-FedProx-mu0.1,0.5,19,0.643771
4,1,MLP-FedProx-mu0.1,0.1,0,0.979974
4,1,MLP-FedProx-mu0.1,0.1,1,0.973636
4,1,MLP-FedProx-mu0.1,0.1,2,0.890438
4,1,MLP-FedProx-mu0.1,0.1,3,0.862486
4,1,MLP-FedProx-mu0.1,0.1,4,0.909536
4,1,MLP-FedProx-mu0.1,0.1,5,0.9545
4,1,MLP-FedProx-mu0.1,0.1,6,0.995148
4,1,MLP-FedProx-mu0.1,0.1,7,1.025736
4,1,MLP-FedProx-mu0.1,0.1,8,1.058022
4,1,MLP-FedProx-mu0.1,0.1,9,1.068249
4,1,MLP-FedProx-mu0.1,0.1,10,1.098784
4,1,MLP-FedProx-mu0.1,0.1,11,1.136125
4,1,MLP-FedProx-mu0.1,0.1,12,0.732016
4,1,MLP-FedProx-mu0.1,0.1,13,0.961308
4,1,MLP-FedProx-mu0.1,0.1,14,0.982936
4,1,MLP-FedProx-mu0.1,0.1,15,0.771004
4,1,MLP-FedProx-mu0.1,0.1,16,0.99426
4,1,MLP-FedProx-mu0.1,0.1,17,0.826226
4,1,MLP-FedProx-mu0.1,0.1,18,0.982799
4,1,MLP-FedProx-mu0.1,0.1,19,0.785609
4,1,MLP-FedProx-mu0.1,natural,0,0.661057
4,1,MLP-FedProx-mu0.1,natural,1,0.623378
4,1,MLP-FedProx-mu0.1,natural,2,0.575199
4,1,MLP-FedProx-mu0.1,natural,3,0.545239
4,1,MLP-FedProx-mu0.1,natural,4,0.527242
4,1,MLP-FedProx-mu0.1,natural,5,0.511979
4,1,MLP-FedProx-mu0.1,natural,6,0.49879
4,1,MLP-FedProx-mu0.1,natural,7,0.485565
4,1,MLP-FedProx-mu0.1,natural,8,0.479803
4,1,MLP-FedProx-mu0.1,natural,9,0.467968
4,1,MLP-FedProx-mu0.1,natural,10,0.477365
4,1,MLP-FedProx-mu0.1,natural,11,0.455658
4,1,MLP-FedProx-mu0.1,natural,12,0.457573
4,1,MLP-FedProx-mu0.1,natural,13,0.45357
4,1,MLP-FedProx-mu0.1,natural,14,0.444111
4,1,MLP-FedProx-mu0.1,natural,15,0.450187
4,1,MLP-FedProx-mu0.1,natural,16,0.439357
4,1,MLP-FedProx-mu0.1,natural,17,0.447335
4,1,MLP-FedProx-mu0.1,natural,18,0.439128
4,1,MLP-FedProx-mu0.1,natural,19,0.445068
4,2,MLP-FedProx-mu0.1,100,0,0.059955
4,2,MLP-FedProx-mu0.1,100,1,0.083595
4,2,MLP-FedProx-mu0.1,100,2,0.104257
4,2,MLP-FedProx-mu0.1,100,3,0.121696
4,2,MLP-FedProx-mu0.1,100,4,0.139739
4,2,MLP-FedProx-mu0.1,100,5,0.161665
4,2,MLP-FedProx-mu0.1,100,6,0.188487
4,2,MLP-FedProx-mu0.1,100,7,0.214645
4,2,MLP-FedProx-mu0.1,100,8,0.249383
4,2,MLP-FedProx-mu0.1,100,9,0.214788
4,2,MLP-FedProx-mu0.1,100,10,0.203172
4,2,MLP-FedProx-mu0.1,100,11,0.214035
4,2,MLP-FedProx-mu0.1,100,12,0.232994
4,2,MLP-FedProx-mu0.1,100,13,0.209875
4,2,MLP-FedProx-mu0.1,100,14,0.241662
4,2,MLP-FedProx-mu0.1,100,15,0.214416
4,2,MLP-FedProx-mu0.1,100,16,0.245698
4,2,MLP-FedProx-mu0.1,100,17,0.218216
4,2,MLP-FedProx-mu0.1,100,18,0.246487
4,2,MLP-FedProx-mu0.1,100,19,0.221873
4,2,MLP-FedProx-mu0.1,1.0,0,0.822649
4,2,MLP-FedProx-mu0.1,1.0,1,0.764658
4,2,MLP-FedProx-mu0.1,1.0,2,0.707635
4,2,MLP-FedProx-mu0.1,1.0,3,0.667595
4,2,MLP-FedProx-mu0.1,1.0,4,0.640359
4,2,MLP-FedProx-mu0.1,1.0,5,0.623949
4,2,MLP-FedProx-mu0.1,1.0,6,0.615306
4,2,MLP-FedProx-mu0.1,1.0,7,0.608929
4,2,MLP-FedProx-mu0.1,1.0,8,0.603176
4,2,MLP-FedProx-mu0.1,1.0,9,0.597916
4,2,MLP-FedProx-mu0.1,1.0,10,0.592818
4,2,MLP-FedProx-mu0.1,1.0,11,0.592182
4,2,MLP-FedProx-mu0.1,1.0,12,0.590906
4,2,MLP-FedProx-mu0.1,1.0,13,0.574445
4,2,MLP-FedProx-mu0.1,1.0,14,0.566091
4,2,MLP-FedProx-mu0.1,1.0,15,0.562683
4,2,MLP-FedProx-mu0.1,1.0,16,0.561198
4,2,MLP-FedProx-mu0.1,1.0,17,0.56058
4,2,MLP-FedProx-mu0.1,1.0,18,0.560285
4,2,MLP-FedProx-mu0.1,1.0,19,0.560083
4,2,MLP-FedProx-mu0.1,0.5,0,0.633273
4,2,MLP-FedProx-mu0.1,0.5,1,0.571531
4,2,MLP-FedProx-mu0.1,0.5,2,0.527101
4,2,MLP-FedProx-mu0.1,0.5,3,0.502489
4,2,MLP-FedProx-mu0.1,0.5,4,0.485448
4,2,MLP-FedProx-mu0.1,0.5,5,0.489766
4,2,MLP-FedProx-mu0.1,0.5,6,0.520152
4,2,MLP-FedProx-mu0.1,0.5,7,0.550018
4,2,MLP-FedProx-mu0.1,0.5,8,0.563322
4,2,MLP-FedProx-mu0.1,0.5,9,0.558232
4,2,MLP-FedProx-mu0.1,0.5,10,0.543369
4,2,MLP-FedProx-mu0.1,0.5,11,0.535897
4,2,MLP-FedProx-mu0.1,0.5,12,0.535154
4,2,MLP-FedProx-mu0.1,0.5,13,0.538182
4,2,MLP-FedProx-mu0.1,0.5,14,0.54029
4,2,MLP-FedProx-mu0.1,0.5,15,0.542753
4,2,MLP-FedProx-mu0.1,0.5,16,0.541743
4,2,MLP-FedProx-mu0.1,0.5,17,0.544833
4,2,MLP-FedProx-mu0.1,0.5,18,0.537484
4,2,MLP-FedProx-mu0.1,0.5,19,0.547573
4,2,MLP-FedProx-mu0.1,0.1,0,0.968001
4,2,MLP-FedProx-mu0.1,0.1,1,0.969384
4,2,MLP-FedProx-mu0.1,0.1,2,0.888965
4,2,MLP-FedProx-mu0.1,0.1,3,0.852486
4,2,MLP-FedProx-mu0.1,0.1,4,0.900185
4,2,MLP-FedProx-mu0.1,0.1,5,0.946551
4,2,MLP-FedProx-mu0.1,0.1,6,0.989651
4,2,MLP-FedProx-mu0.1,0.1,7,1.017687
4,2,MLP-FedProx-mu0.1,0.1,8,1.057771
4,2,MLP-FedProx-mu0.1,0.1,9,1.037227
4,2,MLP-FedProx-mu0.1,0.1,10,1.034948
4,2,MLP-FedProx-mu0.1,0.1,11,1.101049
4,2,MLP-FedProx-mu0.1,0.1,12,0.759461
4,2,MLP-FedProx-mu0.1,0.1,13,0.891133
4,2,MLP-FedProx-mu0.1,0.1,14,0.9489
4,2,MLP-FedProx-mu0.1,0.1,15,0.752447
4,2,MLP-FedProx-mu0.1,0.1,16,0.969873
4,2,MLP-FedProx-mu0.1,0.1,17,0.742225
4,2,MLP-FedProx-mu0.1,0.1,18,0.96664
4,2,MLP-FedProx-mu0.1,0.1,19,0.863594
4,2,MLP-FedProx-mu0.1,natural,0,0.668837
4,2,MLP-FedProx-mu0.1,natural,1,0.635496
4,2,MLP-FedProx-mu0.1,natural,2,0.58913
4,2,MLP-FedProx-mu0.1,natural,3,0.560962
4,2,MLP-FedProx-mu0.1,natural,4,0.544564
4,2,MLP-FedProx-mu0.1,natural,5,0.527924
4,2,MLP-FedProx-mu0.1,natural,6,0.511837
4,2,MLP-FedProx-mu0.1,natural,7,0.505118
4,2,MLP-FedProx-mu0.1,natural,8,0.505588
4,2,MLP-FedProx-mu0.1,natural,9,0.505368
4,2,MLP-FedProx-mu0.1,natural,10,0.50835
4,2,MLP-FedProx-mu0.1,natural,11,0.497449
4,2,MLP-FedProx-mu0.1,natural,12,0.537193
4,2,MLP-FedProx-mu0.1,natural,13,0.531948
4,2,MLP-FedProx-mu0.1,natural,14,0.455017
4,2,MLP-FedProx-mu0.1,natural,15,0.506903
4,2,MLP-FedProx-mu0.1,natural,16,0.455771
4,2,MLP-FedProx-mu0.1,natural,17,0.503412
4,2,MLP-FedProx-mu0.1,natural,18,0.455641
4,2,MLP-FedProx-mu0.1,natural,19,0.496639
4,3,MLP-FedProx-mu0.1,100,0,0.081933
4,3,MLP-FedProx-mu0.1,100,1,0.097916
4,3,MLP-FedProx-mu0.1,100,2,0.109887
4,3,MLP-FedProx-mu0.1,100,3,0.122165
4,3,MLP-FedProx-mu0.1,100,4,0.137668
4,3,MLP-FedProx-mu0.1,100,5,0.15661
4,3,MLP-FedProx-mu0.1,100,6,0.178898
4,3,MLP-FedProx-mu0.1,100,7,0.202184
4,3,MLP-FedProx-mu0.1,100,8,0.235668
4,3,MLP-FedProx-mu0.1,100,9,0.280978
4,3,MLP-FedProx-mu0.1,100,10,0.325193
4,3,MLP-FedProx-mu0.1,100,11,0.208912
4,3,MLP-FedProx-mu0.1,100,12,0.191015
4,3,MLP-FedProx-mu0.1,100,13,0.204581
4,3,MLP-FedProx-mu0.1,100,14,0.223129
4,3,MLP-FedProx-mu0.1,100,15,0.213818
4,3,MLP-FedProx-mu0.1,100,16,0.227542
4,3,MLP-FedProx-mu0.1,100,17,0.219486
4,3,MLP-FedProx-mu0.1,100,18,0.235006
4,3,MLP-FedProx-mu0.1,100,19,0.225287
4,3,MLP-FedProx-mu0.1,1.0,0,0.830566
4,3,MLP-FedProx-mu0.1,1.0,1,0.776352
4,3,MLP-FedProx-mu0.1,1.0,2,0.717293
4,3,MLP-FedProx-mu0.1,1.0,3,0.672969
4,3,MLP-FedProx-mu0.1,1.0,4,0.645566
4,3,MLP-FedProx-mu0.1,1.0,5,0.628131
4,3,MLP-FedProx-mu0.1,1.0,6,0.61471
4,3,MLP-FedProx-mu0.1,1.0,7,0.601507
4,3,MLP-FedProx-mu0.1,1.0,8,0.585212
4,3,MLP-FedProx-mu0.1,1.0,9,0.569218
4,3,MLP-FedProx-mu0.1,1.0,10,0.561457
4,3,MLP-FedProx-mu0.1,1.0,11,0.566145
4,3,MLP-FedProx-mu0.1,1.0,12,0.556519
4,3,MLP-FedProx-mu0.1,1.0,13,0.563455
4,3,MLP-FedProx-mu0.1,1.0,14,0.564408
4,3,MLP-FedProx-mu0.1,1.0,15,0.570993
4,3,MLP-FedProx-mu0.1,1.0,16,0.56795
4,3,MLP-FedProx-mu0.1,1.0,17,0.567617
4,3,MLP-FedProx-mu0.1,1.0,18,0.564267
4,3,MLP-FedProx-mu0.1,1.0,19,0.560937
4,3,MLP-FedProx-mu0.1,0.5,0,0.674318
4,3,MLP-FedProx-mu0.1,0.5,1,0.610175
4,3,MLP-FedProx-mu0.1,0.5,2,0.564461
4,3,MLP-FedProx-mu0.1,0.5,3,0.536828
4,3,MLP-FedProx-mu0.1,0.5,4,0.521806
4,3,MLP-FedProx-mu0.1,0.5,5,0.525319
4,3,MLP-FedProx-mu0.1,0.5,6,0.542488
4,3,MLP-FedProx-mu0.1,0.5,7,0.554602
4,3,MLP-FedProx-mu0.1,0.5,8,0.544545
4,3,MLP-FedProx-mu0.1,0.5,9,0.528748
4,3,MLP-FedProx-mu0.1,0.5,10,0.536912
4,3,MLP-FedProx-mu0.1,0.5,11,0.563143
4,3,MLP-FedProx-mu0.1,0.5,12,0.609864
4,3,MLP-FedProx-mu0.1,0.5,13,0.577657
4,3,MLP-FedProx-mu0.1,0.5,14,0.557919
4,3,MLP-FedProx-mu0.1,0.5,15,0.528579
4,3,MLP-FedProx-mu0.1,0.5,16,0.52856
4,3,MLP-FedProx-mu0.1,0.5,17,0.531175
4,3,MLP-FedProx-mu0.1,0.5,18,0.506512
4,3,MLP-FedProx-mu0.1,0.5,19,0.541022
4,3,MLP-FedProx-mu0.1,0.1,0,0.973783
4,3,MLP-FedProx-mu0.1,0.1,1,0.980295
4,3,MLP-FedProx-mu0.1,0.1,2,0.91097
4,3,MLP-FedProx-mu0.1,0.1,3,0.851802
4,3,MLP-FedProx-mu0.1,0.1,4,0.88447
4,3,MLP-FedProx-mu0.1,0.1,5,0.924813
4,3,MLP-FedProx-mu0.1,0.1,6,0.962941
4,3,MLP-FedProx-mu0.1,0.1,7,0.996185
4,3,MLP-FedProx-mu0.1,0.1,8,1.03073
4,3,MLP-FedProx-mu0.1,0.1,9,1.056771
4,3,MLP-FedProx-mu0.1,0.1,10,1.099902
4,3,MLP-FedProx-mu0.1,0.1,11,1.094234
4,3,MLP-FedProx-mu0.1,0.1,12,0.971326
4,3,MLP-FedProx-mu0.1,0.1,13,1.278312
4,3,MLP-FedProx-mu0.1,0.1,14,0.833493
4,3,MLP-FedProx-mu0.1,0.1,15,0.896287
4,3,MLP-FedProx-mu0.1,0.1,16,0.860101
4,3,MLP-FedProx-mu0.1,0.1,17,0.946694
4,3,MLP-FedProx-mu0.1,0.1,18,0.757761
4,3,MLP-FedProx-mu0.1,0.1,19,0.941034
4,3,MLP-FedProx-mu0.1,natural,0,0.623495
4,3,MLP-FedProx-mu0.1,natural,1,0.594138
4,3,MLP-FedProx-mu0.1,natural,2,0.551164
4,3,MLP-FedProx-mu0.1,natural,3,0.521618
4,3,MLP-FedProx-mu0.1,natural,4,0.502852
4,3,MLP-FedProx-mu0.1,natural,5,0.486698
4,3,MLP-FedProx-mu0.1,natural,6,0.473069
4,3,MLP-FedProx-mu0.1,natural,7,0.461304
4,3,MLP-FedProx-mu0.1,natural,8,0.456471
4,3,MLP-FedProx-mu0.1,natural,9,0.44798
4,3,MLP-FedProx-mu0.1,natural,10,0.474617
4,3,MLP-FedProx-mu0.1,natural,11,0.443168
4,3,MLP-FedProx-mu0.1,natural,12,0.431822
4,3,MLP-FedProx-mu0.1,natural,13,0.432111
4,3,MLP-FedProx-mu0.1,natural,14,0.428684
4,3,MLP-FedProx-mu0.1,natural,15,0.42436
4,3,MLP-FedProx-mu0.1,natural,16,0.429544
4,3,MLP-FedProx-mu0.1,natural,17,0.416531
4,3,MLP-FedProx-mu0.1,natural,18,0.431273
4,3,MLP-FedProx-mu0.1,natural,19,0.410658
4,4,MLP-FedProx-mu0.1,100,0,0.089598
4,4,MLP-FedProx-mu0.1,100,1,0.107891
4,4,MLP-FedProx-mu0.1,100,2,0.121919
4,4,MLP-FedProx-mu0.1,100,3,0.131773
4,4,MLP-FedProx-mu0.1,100,4,0.141166
4,4,MLP-FedProx-mu0.1,100,5,0.152961
4,4,MLP-FedProx-mu0.1,100,6,0.167155
4,4,MLP-FedProx-mu0.1,100,7,0.192043
4,4,MLP-FedProx-mu0.1,100,8,0.187737
4,4,MLP-FedProx-mu0.1,100,9,0.15844
4,4,MLP-FedProx-mu0.1,100,10,0.177102
4,4,MLP-FedProx-mu0.1,100,11,0.172628
4,4,MLP-FedProx-mu0.1,100,12,0.18747
4,4,MLP-FedProx-mu0.1,100,13,0.180031
4,4,MLP-FedProx-mu0.1,100,14,0.19378
4,4,MLP-FedProx-mu0.1,100,15,0.185847
4,4,MLP-FedProx-mu0.1,100,16,0.197357
4,4,MLP-FedProx-mu0.1,100,17,0.189486
4,4,MLP-FedProx-mu0.1,100,18,0.199245
4,4,MLP-FedProx-mu0.1,100,19,0.191563
4,4,MLP-FedProx-mu0.1,1.0,0,0.79737
4,4,MLP-FedProx-mu0.1,1.0,1,0.743046
4,4,MLP-FedProx-mu0.1,1.0,2,0.694131
4,4,MLP-FedProx-mu0.1,1.0,3,0.661248
4,4,MLP-FedProx-mu0.1,1.0,4,0.636699
4,4,MLP-FedProx-mu0.1,1.0,5,0.621532
4,4,MLP-FedProx-mu0.1,1.0,6,0.61206
4,4,MLP-FedProx-mu0.1,1.0,7,0.604418
4,4,MLP-FedProx-mu0.1,1.0,8,0.59721
4,4,MLP-FedProx-mu0.1,1.0,9,0.591139
4,4,MLP-FedProx-mu0.1,1.0,10,0.587919
4,4,MLP-FedProx-mu0.1,1.0,11,0.586785
4,4,MLP-FedProx-mu0.1,1.0,12,0.583855
4,4,MLP-FedProx-mu0.1,1.0,13,0.581122
4,4,MLP-FedProx-mu0.1,1.0,14,0.579348
4,4,MLP-FedProx-mu0.1,1.0,15,0.578624
4,4,MLP-FedProx-mu0.1,1.0,16,0.578424
4,4,MLP-FedProx-mu0.1,1.0,17,0.578305
4,4,MLP-FedProx-mu0.1,1.0,18,0.578128
4,4,MLP-FedProx-mu0.1,1.0,19,0.577954
4,4,MLP-FedProx-mu0.1,0.5,0,0.58654
4,4,MLP-FedProx-mu0.1,0.5,1,0.523439
4,4,MLP-FedProx-mu0.1,0.5,2,0.46922
4,4,MLP-FedProx-mu0.1,0.5,3,0.442773
4,4,MLP-FedProx-mu0.1,0.5,4,0.43291
4,4,MLP-FedProx-mu0.1,0.5,5,0.456728
4,4,MLP-FedProx-mu0.1,0.5,6,0.497947
4,4,MLP-FedProx-mu0.1,0.5,7,0.522786
4,4,MLP-FedProx-mu0.1,0.5,8,0.534512
4,4,MLP-FedProx-mu0.1,0.5,9,0.534987
4,4,MLP-FedProx-mu0.1,0.5,10,0.530623
4,4,MLP-FedProx-mu0.1,0.5,11,0.542541
4,4,MLP-FedProx-mu0.1,0.5,12,0.542173
4,4,MLP-FedProx-mu0.1,0.5,13,0.595863
4,4,MLP-FedProx-mu0.1,0.5,14,0.543682
4,4,MLP-FedProx-mu0.1,0.5,15,0.598543
4,4,MLP-FedProx-mu0.1,0.5,16,0.554501
4,4,MLP-FedProx-mu0.1,0.5,17,0.5945
4,4,MLP-FedProx-mu0.1,0.5,18,0.571815
4,4,MLP-FedProx-mu0.1,0.5,19,0.575068
4,4,MLP-FedProx-mu0.1,0.1,0,0.97383
4,4,MLP-FedProx-mu0.1,0.1,1,0.969587
4,4,MLP-FedProx-mu0.1,0.1,2,0.885275
4,4,MLP-FedProx-mu0.1,0.1,3,0.861915
4,4,MLP-FedProx-mu0.1,0.1,4,0.914209
4,4,MLP-FedProx-mu0.1,0.1,5,0.964164
4,4,MLP-FedProx-mu0.1,0.1,6,1.005902
4,4,MLP-FedProx-mu0.1,0.1,7,1.038127
4,4,MLP-FedProx-mu0.1,0.1,8,1.066765
4,4,MLP-FedProx-mu0.1,0.1,9,1.08588
4,4,MLP-FedProx-mu0.1,0.1,10,1.117389
4,4,MLP-FedProx-mu0.1,0.1,11,1.076031
4,4,MLP-FedProx-mu0.1,0.1,12,0.788073
4,4,MLP-FedProx-mu0.1,0.1,13,1.052028
4,4,MLP-FedProx-mu0.1,0.1,14,0.925894
4,4,MLP-FedProx-mu0.1,0.1,15,1.126022
4,4,MLP-FedProx-mu0.1,0.1,16,0.722528
4,4,MLP-FedProx-mu0.1,0.1,17,0.937515
4,4,MLP-FedProx-mu0.1,0.1,18,0.909942
4,4,MLP-FedProx-mu0.1,0.1,19,0.926588
4,4,MLP-FedProx-mu0.1,natural,0,0.643517
4,4,MLP-FedProx-mu0.1,natural,1,0.606021
4,4,MLP-FedProx-mu0.1,natural,2,0.55599
4,4,MLP-FedProx-mu0.1,natural,3,0.523847
4,4,MLP-FedProx-mu0.1,natural,4,0.502213
4,4,MLP-FedProx-mu0.1,natural,5,0.48298
4,4,MLP-FedProx-mu0.1,natural,6,0.469355
4,4,MLP-FedProx-mu0.1,natural,7,0.464213
4,4,MLP-FedProx-mu0.1,natural,8,0.459611
4,4,MLP-FedProx-mu0.1,natural,9,0.452615
4,4,MLP-FedProx-mu0.1,natural,10,0.443671
4,4,MLP-FedProx-mu0.1,natural,11,0.460377
4,4,MLP-FedProx-mu0.1,natural,12,0.440361
4,4,MLP-FedProx-mu0.1,natural,13,0.413637
4,4,MLP-FedProx-mu0.1,natural,14,0.442822
4,4,MLP-FedProx-mu0.1,natural,15,0.426985
4,4,MLP-FedProx-mu0.1,natural,16,0.446813
4,4,MLP-FedProx-mu0.1,natural,17,0.427981
4,4,MLP-FedProx-mu0.1,natural,18,0.446675
4,4,MLP-FedProx-mu0.1,natural,19,0.42752
5,0,MLP-FedProx-mu0.1,100,0,0.097623
5,0,MLP-FedProx-mu0.1,100,1,0.099809
5,0,MLP-FedProx-mu0.1,100,2,0.104436
5,0,MLP-FedProx-mu0.1,100,3,0.106289
5,0,MLP-FedProx-mu0.1,100,4,0.114512
5,0,MLP-FedProx-mu0.1,100,5,0.126507
5,0,MLP-FedProx-mu0.1,100,6,0.141834
5,0,MLP-FedProx-mu0.1,100,7,0.182437
5,0,MLP-FedProx-mu0.1,100,8,0.235219
5,0,MLP-FedProx-mu0.1,100,9,0.198211
5,0,MLP-FedProx-mu0.1,100,10,0.222493
5,0,MLP-FedProx-mu0.1,100,11,0.207337
5,0,MLP-FedProx-mu0.1,100,12,0.22301
5,0,MLP-FedProx-mu0.1,100,13,0.205437
5,0,MLP-FedProx-mu0.1,100,14,0.221803
5,0,MLP-FedProx-mu0.1,100,15,0.205494
5,0,MLP-FedProx-mu0.1,100,16,0.221758
5,0,MLP-FedProx-mu0.1,100,17,0.208273
5,0,MLP-FedProx-mu0.1,100,18,0.222235
5,0,MLP-FedProx-mu0.1,100,19,0.21241
5,0,MLP-FedProx-mu0.1,1.0,0,0.809976
5,0,MLP-FedProx-mu0.1,1.0,1,0.706053
5,0,MLP-FedProx-mu0.1,1.0,2,0.633583
5,0,MLP-FedProx-mu0.1,1.0,3,0.585023
5,0,MLP-FedProx-mu0.1,1.0,4,0.550072
5,0,MLP-FedProx-mu0.1,1.0,5,0.53142
5,0,MLP-FedProx-mu0.1,1.0,6,0.523514
5,0,MLP-FedProx-mu0.1,1.0,7,0.518893
5,0,MLP-FedProx-mu0.1,1.0,8,0.526003
5,0,MLP-FedProx-mu0.1,1.0,9,0.52632
5,0,MLP-FedProx-mu0.1,1.0,10,0.546168
5,0,MLP-FedProx-mu0.1,1.0,11,0.529262
5,0,MLP-FedProx-mu0.1,1.0,12,0.531638
5,0,MLP-FedProx-mu0.1,1.0,13,0.530187
5,0,MLP-FedProx-mu0.1,1.0,14,0.538915
5,0,MLP-FedProx-mu0.1,1.0,15,0.533612
5,0,MLP-FedProx-mu0.1,1.0,16,0.537588
5,0,MLP-FedProx-mu0.1,1.0,17,0.534955
5,0,MLP-FedProx-mu0.1,1.0,18,0.5413
5,0,MLP-FedProx-mu0.1,1.0,19,0.537085
5,0,MLP-FedProx-mu0.1,0.5,0,1.201567
5,0,MLP-FedProx-mu0.1,0.5,1,1.213375
5,0,MLP-FedProx-mu0.1,0.5,2,1.216646
5,0,MLP-FedProx-mu0.1,0.5,3,1.324029
5,0,MLP-FedProx-mu0.1,0.5,4,1.243362
5,0,MLP-FedProx-mu0.1,0.5,5,1.362764
5,0,MLP-FedProx-mu0.1,0.5,6,1.179584
5,0,MLP-FedProx-mu0.1,0.5,7,1.485208
5,0,MLP-FedProx-mu0.1,0.5,8,1.223377
5,0,MLP-FedProx-mu0.1,0.5,9,0.951008
5,0,MLP-FedProx-mu0.1,0.5,10,0.9304
5,0,MLP-FedProx-mu0.1,0.5,11,0.988154
5,0,MLP-FedProx-mu0.1,0.5,12,1.055943
5,0,MLP-FedProx-mu0.1,0.5,13,1.141591
5,0,MLP-FedProx-mu0.1,0.5,14,1.193605
5,0,MLP-FedProx-mu0.1,0.5,15,1.346581
5,0,MLP-FedProx-mu0.1,0.5,16,1.252679
5,0,MLP-FedProx-mu0.1,0.5,17,1.611484
5,0,MLP-FedProx-mu0.1,0.5,18,1.013478
5,0,MLP-FedProx-mu0.1,0.5,19,0.963517
5,0,MLP-FedProx-mu0.1,0.1,0,1.175734
5,0,MLP-FedProx-mu0.1,0.1,1,1.163396
5,0,MLP-FedProx-mu0.1,0.1,2,1.159407
5,0,MLP-FedProx-mu0.1,0.1,3,1.191139
5,0,MLP-FedProx-mu0.1,0.1,4,1.150229
5,0,MLP-FedProx-mu0.1,0.1,5,1.148789
5,0,MLP-FedProx-mu0.1,0.1,6,1.084591
5,0,MLP-FedProx-mu0.1,0.1,7,1.166398
5,0,MLP-FedProx-mu0.1,0.1,8,1.052796
5,0,MLP-FedProx-mu0.1,0.1,9,1.275309
5,0,MLP-FedProx-mu0.1,0.1,10,1.04894
5,0,MLP-FedProx-mu0.1,0.1,11,0.903561
5,0,MLP-FedProx-mu0.1,0.1,12,0.839581
5,0,MLP-FedProx-mu0.1,0.1,13,0.882985
5,0,MLP-FedProx-mu0.1,0.1,14,0.890727
5,0,MLP-FedProx-mu0.1,0.1,15,0.905407
5,0,MLP-FedProx-mu0.1,0.1,16,0.906161
5,0,MLP-FedProx-mu0.1,0.1,17,0.906262
5,0,MLP-FedProx-mu0.1,0.1,18,0.909256
5,0,MLP-FedProx-mu0.1,0.1,19,0.918662
5,0,MLP-FedProx-mu0.1,natural,0,0.691657
5,0,MLP-FedProx-mu0.1,natural,1,0.600709
5,0,MLP-FedProx-mu0.1,natural,2,0.570501
5,0,MLP-FedProx-mu0.1,natural,3,0.520756
5,0,MLP-FedProx-mu0.1,natural,4,0.483015
5,0,MLP-FedProx-mu0.1,natural,5,0.459174
5,0,MLP-FedProx-mu0.1,natural,6,0.443477
5,0,MLP-FedProx-mu0.1,natural,7,0.431724
5,0,MLP-FedProx-mu0.1,natural,8,0.42328
5,0,MLP-FedProx-mu0.1,natural,9,0.415918
5,0,MLP-FedProx-mu0.1,natural,10,0.420098
5,0,MLP-FedProx-mu0.1,natural,11,0.405646
5,0,MLP-FedProx-mu0.1,natural,12,0.412827
5,0,MLP-FedProx-mu0.1,natural,13,0.418248
5,0,MLP-FedProx-mu0.1,natural,14,0.41603
5,0,MLP-FedProx-mu0.1,natural,15,0.412984
5,0,MLP-FedProx-mu0.1,natural,16,0.416152
5,0,MLP-FedProx-mu0.1,natural,17,0.409758
5,0,MLP-FedProx-mu0.1,natural,18,0.417016
5,0,MLP-FedProx-mu0.1,natural,19,0.406616
5,1,MLP-FedProx-mu0.1,100,0,0.127922
5,1,MLP-FedProx-mu0.1,100,1,0.10438
5,1,MLP-FedProx-mu0.1,100,2,0.109539
5,1,MLP-FedProx-mu0.1,100,3,0.118092
5,1,MLP-FedProx-mu0.1,100,4,0.128538
5,1,MLP-FedProx-mu0.1,100,5,0.142823
5,1,MLP-FedProx-mu0.1,100,6,0.16351
5,1,MLP-FedProx-mu0.1,100,7,0.193487
5,1,MLP-FedProx-mu0.1,100,8,0.2306
5,1,MLP-FedProx-mu0.1,100,9,0.2503
5,1,MLP-FedProx-mu0.1,100,10,0.259432
5,1,MLP-FedProx-mu0.1,100,11,0.260724
5,1,MLP-FedProx-mu0.1,100,12,0.260759
5,1,MLP-FedProx-mu0.1,100,13,0.25448
5,1,MLP-FedProx-mu0.1,100,14,0.251481
5,1,MLP-FedProx-mu0.1,100,15,0.238089
5,1,MLP-FedProx-mu0.1,100,16,0.237187
5,1,MLP-FedProx-mu0.1,100,17,0.215561
5,1,MLP-FedProx-mu0.1,100,18,0.223933
5,1,MLP-FedProx-mu0.1,100,19,0.205756
5,1,MLP-FedProx-mu0.1,1.0,0,0.82399
5,1,MLP-FedProx-mu0.1,1.0,1,0.748891
5,1,MLP-FedProx-mu0.1,1.0,2,0.671998
5,1,MLP-FedProx-mu0.1,1.0,3,0.612643
5,1,MLP-FedProx-mu0.1,1.0,4,0.575999
5,1,MLP-FedProx-mu0.1,1.0,5,0.556747
5,1,MLP-FedProx-mu0.1,1.0,6,0.548442
5,1,MLP-FedProx-mu0.1,1.0,7,0.545535
5,1,MLP-FedProx-mu0.1,1.0,8,0.544942
5,1,MLP-FedProx-mu0.1,1.0,9,0.545611
5,1,MLP-FedProx-mu0.1,1.0,10,0.547075
5,1,MLP-FedProx-mu0.1,1.0,11,0.549034
5,1,MLP-FedProx-mu0.1,1.0,12,0.551246
5,1,MLP-FedProx-mu0.1,1.0,13,0.553539
5,1,MLP-FedProx-mu0.1,1.0,14,0.555802
5,1,MLP-FedProx-mu0.1,1.0,15,0.557975
5,1,MLP-FedProx-mu0.1,1.0,16,0.560027
5,1,MLP-FedProx-mu0.1,1.0,17,0.561945
5,1,MLP-FedProx-mu0.1,1.0,18,0.563727
5,1,MLP-FedProx-mu0.1,1.0,19,0.565377
5,1,MLP-FedProx-mu0.1,0.5,0,1.218895
5,1,MLP-FedProx-mu0.1,0.5,1,1.226395
5,1,MLP-FedProx-mu0.1,0.5,2,1.248159
5,1,MLP-FedProx-mu0.1,0.5,3,1.354095
5,1,MLP-FedProx-mu0.1,0.5,4,1.313474
5,1,MLP-FedProx-mu0.1,0.5,5,1.376599
5,1,MLP-FedProx-mu0.1,0.5,6,1.262688
5,1,MLP-FedProx-mu0.1,0.5,7,1.692537
5,1,MLP-FedProx-mu0.1,0.5,8,1.125555
5,1,MLP-FedProx-mu0.1,0.5,9,0.989611
5,1,MLP-FedProx-mu0.1,0.5,10,1.069428
5,1,MLP-FedProx-mu0.1,0.5,11,1.137286
5,1,MLP-FedProx-mu0.1,0.5,12,1.241264
5,1,MLP-FedProx-mu0.1,0.5,13,1.232645
5,1,MLP-FedProx-mu0.1,0.5,14,1.623454
5,1,MLP-FedProx-mu0.1,0.5,15,1.13082
5,1,MLP-FedProx-mu0.1,0.5,16,1.014782
5,1,MLP-FedProx-mu0.1,0.5,17,1.056961
5,1,MLP-FedProx-mu0.1,0.5,18,1.138471
5,1,MLP-FedProx-mu0.1,0.5,19,1.13961
5,1,MLP-FedProx-mu0.1,0.1,0,1.201699
5,1,MLP-FedProx-mu0.1,0.1,1,1.221777
5,1,MLP-FedProx-mu0.1,0.1,2,1.236365
5,1,MLP-FedProx-mu0.1,0.1,3,1.266634
5,1,MLP-FedProx-mu0.1,0.1,4,1.260967
5,1,MLP-FedProx-mu0.1,0.1,5,1.218021
5,1,MLP-FedProx-mu0.1,0.1,6,1.255388
5,1,MLP-FedProx-mu0.1,0.1,7,1.178306
5,1,MLP-FedProx-mu0.1,0.1,8,1.410267
5,1,MLP-FedProx-mu0.1,0.1,9,1.083064
5,1,MLP-FedProx-mu0.1,0.1,10,1.033086
5,1,MLP-FedProx-mu0.1,0.1,11,1.016374
5,1,MLP-FedProx-mu0.1,0.1,12,1.019029
5,1,MLP-FedProx-mu0.1,0.1,13,1.012817
5,1,MLP-FedProx-mu0.1,0.1,14,1.032835
5,1,MLP-FedProx-mu0.1,0.1,15,1.018978
5,1,MLP-FedProx-mu0.1,0.1,16,1.049629
5,1,MLP-FedProx-mu0.1,0.1,17,1.024156
5,1,MLP-FedProx-mu0.1,0.1,18,1.052416
5,1,MLP-FedProx-mu0.1,0.1,19,1.023402
5,1,MLP-FedProx-mu0.1,natural,0,0.75322
5,1,MLP-FedProx-mu0.1,natural,1,0.638476
5,1,MLP-FedProx-mu0.1,natural,2,0.600246
5,1,MLP-FedProx-mu0.1,natural,3,0.55696
5,1,MLP-FedProx-mu0.1,natural,4,0.522114
5,1,MLP-FedProx-mu0.1,natural,5,0.501472
5,1,MLP-FedProx-mu0.1,natural,6,0.48992
5,1,MLP-FedProx-mu0.1,natural,7,0.483446
5,1,MLP-FedProx-mu0.1,natural,8,0.480691
5,1,MLP-FedProx-mu0.1,natural,9,0.480639
5,1,MLP-FedProx-mu0.1,natural,10,0.480689
5,1,MLP-FedProx-mu0.1,natural,11,0.482027
5,1,MLP-FedProx-mu0.1,natural,12,0.47198
5,1,MLP-FedProx-mu0.1,natural,13,0.508109
5,1,MLP-FedProx-mu0.1,natural,14,0.481961
5,1,MLP-FedProx-mu0.1,natural,15,0.443434
5,1,MLP-FedProx-mu0.1,natural,16,0.435309
5,1,MLP-FedProx-mu0.1,natural,17,0.466609
5,1,MLP-FedProx-mu0.1,natural,18,0.434343
5,1,MLP-FedProx-mu0.1,natural,19,0.451231
5,2,MLP-FedProx-mu0.1,100,0,0.127233
5,2,MLP-FedProx-mu0.1,100,1,0.116151
5,2,MLP-FedProx-mu0.1,100,2,0.12734
5,2,MLP-FedProx-mu0.1,100,3,0.147997
5,2,MLP-FedProx-mu0.1,100,4,0.175333
5,2,MLP-FedProx-mu0.1,100,5,0.219928
5,2,MLP-FedProx-mu0.1,100,6,0.275215
5,2,MLP-FedProx-mu0.1,100,7,0.312126
5,2,MLP-FedProx-mu0.1,100,8,0.325938
5,2,MLP-FedProx-mu0.1,100,9,0.330824
5,2,MLP-FedProx-mu0.1,100,10,0.331568
5,2,MLP-FedProx-mu0.1,100,11,0.330983
5,2,MLP-FedProx-mu0.1,100,12,0.329563
5,2,MLP-FedProx-mu0.1,100,13,0.328064
5,2,MLP-FedProx-mu0.1,100,14,0.326344
5,2,MLP-FedProx-mu0.1,100,15,0.324664
5,2,MLP-FedProx-mu0.1,100,16,0.322945
5,2,MLP-FedProx-mu0.1,100,17,0.321313
5,2,MLP-FedProx-mu0.1,100,18,0.319753
5,2,MLP-FedProx-mu0.1,100,19,0.318315
5,2,MLP-FedProx-mu0.1,1.0,0,0.832455
5,2,MLP-FedProx-mu0.1,1.0,1,0.764281
5,2,MLP-FedProx-mu0.1,1.0,2,0.672849
5,2,MLP-FedProx-mu0.1,1.0,3,0.600907
5,2,MLP-FedProx-mu0.1,1.0,4,0.571136
5,2,MLP-FedProx-mu0.1,1.0,5,0.551752
5,2,MLP-FedProx-mu0.1,1.0,6,0.541891
5,2,MLP-FedProx-mu0.1,1.0,7,0.537688
5,2,MLP-FedProx-mu0.1,1.0,8,0.535734
5,2,MLP-FedProx-mu0.1,1.0,9,0.534529
5,2,MLP-FedProx-mu0.1,1.0,10,0.533582
5,2,MLP-FedProx-mu0.1,1.0,11,0.532888
5,2,MLP-FedProx-mu0.1,1.0,12,0.53259
5,2,MLP-FedProx-mu0.1,1.0,13,0.532743
5,2,MLP-FedProx-mu0.1,1.0,14,0.533291
5,2,MLP-FedProx-mu0.1,1.0,15,0.534123
5,2,MLP-FedProx-mu0.1,1.0,16,0.535133
5,2,MLP-FedProx-mu0.1,1.0,17,0.536241
5,2,MLP-FedProx-mu0.1,1.0,18,0.537394
5,2,MLP-FedProx-mu0.1,1.0,19,0.538557
5,2,MLP-FedProx-mu0.1,0.5,0,1.20336
5,2,MLP-FedProx-mu0.1,0.5,1,1.220836
5,2,MLP-FedProx-mu0.1,0.5,2,1.251878
5,2,MLP-FedProx-mu0.1,0.5,3,1.370441
5,2,MLP-FedProx-mu0.1,0.5,4,1.325457
5,2,MLP-FedProx-mu0.1,0.5,5,1.422866
5,2,MLP-FedProx-mu0.1,0.5,6,1.270399
5,2,MLP-FedProx-mu0.1,0.5,7,1.610448
5,2,MLP-FedProx-mu0.1,0.5,8,1.295971
5,2,MLP-FedProx-mu0.1,0.5,9,1.026983
5,2,MLP-FedProx-mu0.1,0.5,10,1.036761
5,2,MLP-FedProx-mu0.1,0.5,11,1.13319
5,2,MLP-FedProx-mu0.1,0.5,12,1.199359
5,2,MLP-FedProx-mu0.1,0.5,13,1.24816
5,2,MLP-FedProx-mu0.1,0.5,14,1.356554
5,2,MLP-FedProx-mu0.1,0.5,15,1.338606
5,2,MLP-FedProx-mu0.1,0.5,16,1.776567
5,2,MLP-FedProx-mu0.1,0.5,17,1.092278
5,2,MLP-FedProx-mu0.1,0.5,18,1.118779
5,2,MLP-FedProx-mu0.1,0.5,19,1.088924
5,2,MLP-FedProx-mu0.1,0.1,0,1.163097
5,2,MLP-FedProx-mu0.1,0.1,1,1.14212
5,2,MLP-FedProx-mu0.1,0.1,2,1.150671
5,2,MLP-FedProx-mu0.1,0.1,3,1.200327
5,2,MLP-FedProx-mu0.1,0.1,4,1.206351
5,2,MLP-FedProx-mu0.1,0.1,5,1.2035
5,2,MLP-FedProx-mu0.1,0.1,6,1.203934
5,2,MLP-FedProx-mu0.1,0.1,7,1.205914
5,2,MLP-FedProx-mu0.1,0.1,8,1.212639
5,2,MLP-FedProx-mu0.1,0.1,9,1.210969
5,2,MLP-FedProx-mu0.1,0.1,10,1.229917
5,2,MLP-FedProx-mu0.1,0.1,11,1.187328
5,2,MLP-FedProx-mu0.1,0.1,12,1.300137
5,2,MLP-FedProx-mu0.1,0.1,13,1.120361
5,2,MLP-FedProx-mu0.1,0.1,14,1.337782
5,2,MLP-FedProx-mu0.1,0.1,15,1.091678
5,2,MLP-FedProx-mu0.1,0.1,16,0.967957
5,2,MLP-FedProx-mu0.1,0.1,17,0.953973
5,2,MLP-FedProx-mu0.1,0.1,18,0.985025
5,2,MLP-FedProx-mu0.1,0.1,19,0.989181
5,2,MLP-FedProx-mu0.1,natural,0,0.713015
5,2,MLP-FedProx-mu0.1,natural,1,0.614478
5,2,MLP-FedProx-mu0.1,natural,2,0.581267
5,2,MLP-FedProx-mu0.1,natural,3,0.535338
5,2,MLP-FedProx-mu0.1,natural,4,0.499492
5,2,MLP-FedProx-mu0.1,natural,5,0.477902
5,2,MLP-FedProx-mu0.1,natural,6,0.46611
5,2,MLP-FedProx-mu0.1,natural,7,0.46271
5,2,MLP-FedProx-mu0.1,natural,8,0.467318
5,2,MLP-FedProx-mu0.1,natural,9,0.468123
5,2,MLP-FedProx-mu0.1,natural,10,0.470855
5,2,MLP-FedProx-mu0.1,natural,11,0.46603
5,2,MLP-FedProx-mu0.1,natural,12,0.486969
5,2,MLP-FedProx-mu0.1,natural,13,0.461349
5,2,MLP-FedProx-mu0.1,natural,14,0.434465
5,2,MLP-FedProx-mu0.1,natural,15,0.455166
5,2,MLP-FedProx-mu0.1,natural,16,0.439449
5,2,MLP-FedProx-mu0.1,natural,17,0.44999
5,2,MLP-FedProx-mu0.1,natural,18,0.438134
5,2,MLP-FedProx-mu0.1,natural,19,0.445534
5,3,MLP-FedProx-mu0.1,100,0,0.111663
5,3,MLP-FedProx-mu0.1,100,1,0.089693
5,3,MLP-FedProx-mu0.1,100,2,0.095975
5,3,MLP-FedProx-mu0.1,100,3,0.111993
5,3,MLP-FedProx-mu0.1,100,4,0.128137
5,3,MLP-FedProx-mu0.1,100,5,0.14298
5,3,MLP-FedProx-mu0.1,100,6,0.159374
5,3,MLP-FedProx-mu0.1,100,7,0.177557
5,3,MLP-FedProx-mu0.1,100,8,0.2033
5,3,MLP-FedProx-mu0.1,100,9,0.225442
5,3,MLP-FedProx-mu0.1,100,10,0.247358
5,3,MLP-FedProx-mu0.1,100,11,0.229253
5,3,MLP-FedProx-mu0.1,100,12,0.203399
5,3,MLP-FedProx-mu0.1,100,13,0.220741
5,3,MLP-FedProx-mu0.1,100,14,0.19018
5,3,MLP-FedProx-mu0.1,100,15,0.216918
5,3,MLP-FedProx-mu0.1,100,16,0.187065
5,3,MLP-FedProx-mu0.1,100,17,0.216002
5,3,MLP-FedProx-mu0.1,100,18,0.184573
5,3,MLP-FedProx-mu0.1,100,19,0.215456
5,3,MLP-FedProx-mu0.1,1.0,0,0.836372
5,3,MLP-FedProx-mu0.1,1.0,1,0.73509
5,3,MLP-FedProx-mu0.1,1.0,2,0.655953
5,3,MLP-FedProx-mu0.1,1.0,3,0.608285
5,3,MLP-FedProx-mu0.1,1.0,4,0.578519
5,3,MLP-FedProx-mu0.1,1.0,5,0.562216
5,3,MLP-FedProx-mu0.1,1.0,6,0.554756
5,3,MLP-FedProx-mu0.1,1.0,7,0.551832
5,3,MLP-FedProx-mu0.1,1.0,8,0.55036
5,3,MLP-FedProx-mu0.1,1.0,9,0.550222
5,3,MLP-FedProx-mu0.1,1.0,10,0.549262
5,3,MLP-FedProx-mu0.1,1.0,11,0.550694
5,3,MLP-FedProx-mu0.1,1.0,12,0.547552
5,3,MLP-FedProx-mu0.1,1.0,13,0.553641
5,3,MLP-FedProx-mu0.1,1.0,14,0.542482
5,3,MLP-FedProx-mu0.1,1.0,15,0.564467
5,3,MLP-FedProx-mu0.1,1.0,16,0.537352
5,3,MLP-FedProx-mu0.1,1.0,17,0.572929
5,3,MLP-FedProx-mu0.1,1.0,18,0.537332
5,3,MLP-FedProx-mu0.1,1.0,19,0.569889
5,3,MLP-FedProx-mu0.1,0.5,0,1.198781
5,3,MLP-FedProx-mu0.1,0.5,1,1.207881
5,3,MLP-FedProx-mu0.1,0.5,2,1.216393
5,3,MLP-FedProx-mu0.1,0.5,3,1.305416
5,3,MLP-FedProx-mu0.1,0.5,4,1.277001
5,3,MLP-FedProx-mu0.1,0.5,5,1.312002
5,3,MLP-FedProx-mu0.1,0.5,6,1.259137
5,3,MLP-FedProx-mu0.1,0.5,7,1.478054
5,3,MLP-FedProx-mu0.1,0.5,8,1.111165
5,3,MLP-FedProx-mu0.1,0.5,9,1.044768
5,3,MLP-FedProx-mu0.1,0.5,10,1.071484
5,3,MLP-FedProx-mu0.1,0.5,11,1.054274
5,3,MLP-FedProx-mu0.1,0.5,12,1.087568
5,3,MLP-FedProx-mu0.1,0.5,13,1.08054
5,3,MLP-FedProx-mu0.1,0.5,14,1.105891
5,3,MLP-FedProx-mu0.1,0.5,15,1.072393
5,3,MLP-FedProx-mu0.1,0.5,16,1.106819
5,3,MLP-FedProx-mu0.1,0.5,17,1.051441
5,3,MLP-FedProx-mu0.1,0.5,18,1.098053
5,3,MLP-FedProx-mu0.1,0.5,19,1.048996
5,3,MLP-FedProx-mu0.1,0.1,0,1.171243
5,3,MLP-FedProx-mu0.1,0.1,1,1.156183
5,3,MLP-FedProx-mu0.1,0.1,2,1.155072
5,3,MLP-FedProx-mu0.1,0.1,3,1.180931
5,3,MLP-FedProx-mu0.1,0.1,4,1.182287
5,3,MLP-FedProx-mu0.1,0.1,5,1.13732
5,3,MLP-FedProx-mu0.1,0.1,6,1.169448
5,3,MLP-FedProx-mu0.1,0.1,7,1.097882
5,3,MLP-FedProx-mu0.1,0.1,8,1.257852
5,3,MLP-FedProx-mu0.1,0.1,9,1.045861
5,3,MLP-FedProx-mu0.1,0.1,10,1.007679
5,3,MLP-FedProx-mu0.1,0.1,11,0.92871
5,3,MLP-FedProx-mu0.1,0.1,12,0.923736
5,3,MLP-FedProx-mu0.1,0.1,13,0.921338
5,3,MLP-FedProx-mu0.1,0.1,14,0.938692
5,3,MLP-FedProx-mu0.1,0.1,15,0.939727
5,3,MLP-FedProx-mu0.1,0.1,16,0.95807
5,3,MLP-FedProx-mu0.1,0.1,17,0.956348
5,3,MLP-FedProx-mu0.1,0.1,18,0.968247
5,3,MLP-FedProx-mu0.1,0.1,19,0.966729
5,3,MLP-FedProx-mu0.1,natural,0,0.665473
5,3,MLP-FedProx-mu0.1,natural,1,0.5931
5,3,MLP-FedProx-mu0.1,natural,2,0.563051
5,3,MLP-FedProx-mu0.1,natural,3,0.519669
5,3,MLP-FedProx-mu0.1,natural,4,0.486397
5,3,MLP-FedProx-mu0.1,natural,5,0.46725
5,3,MLP-FedProx-mu0.1,natural,6,0.457471
5,3,MLP-FedProx-mu0.1,natural,7,0.452915
5,3,MLP-FedProx-mu0.1,natural,8,0.451764
5,3,MLP-FedProx-mu0.1,natural,9,0.451599
5,3,MLP-FedProx-mu0.1,natural,10,0.452504
5,3,MLP-FedProx-mu0.1,natural,11,0.451967
5,3,MLP-FedProx-mu0.1,natural,12,0.457433
5,3,MLP-FedProx-mu0.1,natural,13,0.444433
5,3,MLP-FedProx-mu0.1,natural,14,0.451501
5,3,MLP-FedProx-mu0.1,natural,15,0.455614
5,3,MLP-FedProx-mu0.1,natural,16,0.447112
5,3,MLP-FedProx-mu0.1,natural,17,0.449649
5,3,MLP-FedProx-mu0.1,natural,18,0.447389
5,3,MLP-FedProx-mu0.1,natural,19,0.447059
5,4,MLP-FedProx-mu0.1,100,0,0.100012
5,4,MLP-FedProx-mu0.1,100,1,0.08546
5,4,MLP-FedProx-mu0.1,100,2,0.098398
5,4,MLP-FedProx-mu0.1,100,3,0.113386
5,4,MLP-FedProx-mu0.1,100,4,0.123872
5,4,MLP-FedProx-mu0.1,100,5,0.133642
5,4,MLP-FedProx-mu0.1,100,6,0.146899
5,4,MLP-FedProx-mu0.1,100,7,0.176919
5,4,MLP-FedProx-mu0.1,100,8,0.222246
5,4,MLP-FedProx-mu0.1,100,9,0.210934
5,4,MLP-FedProx-mu0.1,100,10,0.232081
5,4,MLP-FedProx-mu0.1,100,11,0.199297
5,4,MLP-FedProx-mu0.1,100,12,0.166463
5,4,MLP-FedProx-mu0.1,100,13,0.183592
5,4,MLP-FedProx-mu0.1,100,14,0.173776
5,4,MLP-FedProx-mu0.1,100,15,0.180932
5,4,MLP-FedProx-mu0.1,100,16,0.17589
5,4,MLP-FedProx-mu0.1,100,17,0.181082
5,4,MLP-FedProx-mu0.1,100,18,0.17821
5,4,MLP-FedProx-mu0.1,100,19,0.181381
5,4,MLP-FedProx-mu0.1,1.0,0,0.843913
5,4,MLP-FedProx-mu0.1,1.0,1,0.751844
5,4,MLP-FedProx-mu0.1,1.0,2,0.67063
5,4,MLP-FedProx-mu0.1,1.0,3,0.616222
5,4,MLP-FedProx-mu0.1,1.0,4,0.585217
5,4,MLP-FedProx-mu0.1,1.0,5,0.570626
5,4,MLP-FedProx-mu0.1,1.0,6,0.566002
5,4,MLP-FedProx-mu0.1,1.0,7,0.566103
5,4,MLP-FedProx-mu0.1,1.0,8,0.567153
5,4,MLP-FedProx-mu0.1,1.0,9,0.570125
5,4,MLP-FedProx-mu0.1,1.0,10,0.564978
5,4,MLP-FedProx-mu0.1,1.0,11,0.58581
5,4,MLP-FedProx-mu0.1,1.0,12,0.552393
5,4,MLP-FedProx-mu0.1,1.0,13,0.596671
5,4,MLP-FedProx-mu0.1,1.0,14,0.563601
5,4,MLP-FedProx-mu0.1,1.0,15,0.603364
5,4,MLP-FedProx-mu0.1,1.0,16,0.562858
5,4,MLP-FedProx-mu0.1,1.0,17,0.605198
5,4,MLP-FedProx-mu0.1,1.0,18,0.566681
5,4,MLP-FedProx-mu0.1,1.0,19,0.606303
5,4,MLP-FedProx-mu0.1,0.5,0,1.195333
5,4,MLP-FedProx-mu0.1,0.5,1,1.212578
5,4,MLP-FedProx-mu0.1,0.5,2,1.228663
5,4,MLP-FedProx-mu0.1,0.5,3,1.343357
5,4,MLP-FedProx-mu0.1,0.5,4,1.311679
5,4,MLP-FedProx-mu0.1,0.5,5,1.372337
5,4,MLP-FedProx-mu0.1,0.5,6,1.280251
5,4,MLP-FedProx-mu0.1,0.5,7,1.62954
5,4,MLP-FedProx-mu0.1,0.5,8,1.119043
5,4,MLP-FedProx-mu0.1,0.5,9,1.005786
5,4,MLP-FedProx-mu0.1,0.5,10,1.076768
5,4,MLP-FedProx-mu0.1,0.5,11,1.155317
5,4,MLP-FedProx-mu0.1,0.5,12,1.215758
5,4,MLP-FedProx-mu0.1,0.5,13,1.260502
5,4,MLP-FedProx-mu0.1,0.5,14,1.421017
5,4,MLP-FedProx-mu0.1,0.5,15,1.215762
5,4,MLP-FedProx-mu0.1,0.5,16,1.255245
5,4,MLP-FedProx-mu0.1,0.5,17,1.246674
5,4,MLP-FedProx-mu0.1,0.5,18,1.016337
5,4,MLP-FedProx-mu0.1,0.5,19,1.106081
5,4,MLP-FedProx-mu0.1,0.1,0,1.180372
5,4,MLP-FedProx-mu0.1,0.1,1,1.180128
5,4,MLP-FedProx-mu0.1,0.1,2,1.18458
5,4,MLP-FedProx-mu0.1,0.1,3,1.240286
5,4,MLP-FedProx-mu0.1,0.1,4,1.224485
5,4,MLP-FedProx-mu0.1,0.1,5,1.210616
5,4,MLP-FedProx-mu0.1,0.1,6,1.187151
5,4,MLP-FedProx-mu0.1,0.1,7,1.226618
5,4,MLP-FedProx-mu0.1,0.1,8,1.167922
5,4,MLP-FedProx-mu0.1,0.1,9,1.41882
5,4,MLP-FedProx-mu0.1,0.1,10,0.957437
5,4,MLP-FedProx-mu0.1,0.1,11,1.057735
5,4,MLP-FedProx-mu0.1,0.1,12,1.04817
5,4,MLP-FedProx-mu0.1,0.1,13,1.177087
5,4,MLP-FedProx-mu0.1,0.1,14,1.068796
5,4,MLP-FedProx-mu0.1,0.1,15,1.147605
5,4,MLP-FedProx-mu0.1,0.1,16,1.024706
5,4,MLP-FedProx-mu0.1,0.1,17,0.999162
5,4,MLP-FedProx-mu0.1,0.1,18,0.966188
5,4,MLP-FedProx-mu0.1,0.1,19,0.986588
5,4,MLP-FedProx-mu0.1,natural,0,0.698398
5,4,MLP-FedProx-mu0.1,natural,1,0.599276
5,4,MLP-FedProx-mu0.1,natural,2,0.569984
5,4,MLP-FedProx-mu0.1,natural,3,0.52885
5,4,MLP-FedProx-mu0.1,natural,4,0.497709
5,4,MLP-FedProx-mu0.1,natural,5,0.481016
5,4,MLP-FedProx-mu0.1,natural,6,0.474841
5,4,MLP-FedProx-mu0.1,natural,7,0.477444
5,4,MLP-FedProx-mu0.1,natural,8,0.485649
5,4,MLP-FedProx-mu0.1,natural,9,0.488898
5,4,MLP-FedProx-mu0.1,natural,10,0.495089
5,4,MLP-FedProx-mu0.1,natural,11,0.476883
5,4,MLP-FedProx-mu0.1,natural,12,0.48777
5,4,MLP-FedProx-mu0.1,natural,13,0.470003
5,4,MLP-FedProx-mu0.1,natural,14,0.451226
5,4,MLP-FedProx-mu0.1,natural,15,0.454915
5,4,MLP-FedProx-mu0.1,natural,16,0.449957
5,4,MLP-FedProx-mu0.1,natural,17,0.448844
5,4,MLP-FedProx-mu0.1,natural,18,0.445354
5,4,MLP-FedProx-mu0.1,natural,19,0.441509
6,0,MLP-FedProx-mu0.1,100,0,0.136267
6,0,MLP-FedProx-mu0.1,100,1,0.134559
6,0,MLP-FedProx-mu0.1,100,2,0.137384
6,0,MLP-FedProx-mu0.1,100,3,0.14378
6,0,MLP-FedProx-mu0.1,100,4,0.154402
6,0,MLP-FedProx-mu0.1,100,5,0.168241
6,0,MLP-FedProx-mu0.1,100,6,0.187299
6,0,MLP-FedProx-mu0.1,100,7,0.214874
6,0,MLP-FedProx-mu0.1,100,8,0.224255
6,0,MLP-FedProx-mu0.1,100,9,0.201849
6,0,MLP-FedProx-mu0.1,100,10,0.206275
6,0,MLP-FedProx-mu0.1,100,11,0.220069
6,0,MLP-FedProx-mu0.1,100,12,0.235026
6,0,MLP-FedProx-mu0.1,100,13,0.25708
6,0,MLP-FedProx-mu0.1,100,14,0.289084
6,0,MLP-FedProx-mu0.1,100,15,0.247514
6,0,MLP-FedProx-mu0.1,100,16,0.24346
6,0,MLP-FedProx-mu0.1,100,17,0.236456
6,0,MLP-FedProx-mu0.1,100,18,0.247314
6,0,MLP-FedProx-mu0.1,100,19,0.238047
6,0,MLP-FedProx-mu0.1,1.0,0,0.844658
6,0,MLP-FedProx-mu0.1,1.0,1,0.835274
6,0,MLP-FedProx-mu0.1,1.0,2,0.827505
6,0,MLP-FedProx-mu0.1,1.0,3,0.800978
6,0,MLP-FedProx-mu0.1,1.0,4,0.75139
6,0,MLP-FedProx-mu0.1,1.0,5,0.707258
6,0,MLP-FedProx-mu0.1,1.0,6,0.675552
6,0,MLP-FedProx-mu0.1,1.0,7,0.653717
6,0,MLP-FedProx-mu0.1,1.0,8,0.639045
6,0,MLP-FedProx-mu0.1,1.0,9,0.630247
6,0,MLP-FedProx-mu0.1,1.0,10,0.6284
6,0,MLP-FedProx-mu0.1,1.0,11,0.631758
6,0,MLP-FedProx-mu0.1,1.0,12,0.633243
6,0,MLP-FedProx-mu0.1,1.0,13,0.631621
6,0,MLP-FedProx-mu0.1,1.0,14,0.629512
6,0,MLP-FedProx-mu0.1,1.0,15,0.624504
6,0,MLP-FedProx-mu0.1,1.0,16,0.61935
6,0,MLP-FedProx-mu0.1,1.0,17,0.61166
6,0,MLP-FedProx-mu0.1,1.0,18,0.606852
6,0,MLP-FedProx-mu0.1,1.0,19,0.600204
6,0,MLP-FedProx-mu0.1,0.5,0,0.8083
6,0,MLP-FedProx-mu0.1,0.5,1,0.804093
6,0,MLP-FedProx-mu0.1,0.5,2,0.800956
6,0,MLP-FedProx-mu0.1,0.5,3,0.792828
6,0,MLP-FedProx-mu0.1,0.5,4,0.763081
6,0,MLP-FedProx-mu0.1,0.5,5,0.702542
6,0,MLP-FedProx-mu0.1,0.5,6,0.638412
6,0,MLP-FedProx-mu0.1,0.5,7,0.586295
6,0,MLP-FedProx-mu0.1,0.5,8,0.557337
6,0,MLP-FedProx-mu0.1,0.5,9,0.558365
6,0,MLP-FedProx-mu0.1,0.5,10,0.518874
6,0,MLP-FedProx-mu0.1,0.5,11,0.513183
6,0,MLP-FedProx-mu0.1,0.5,12,0.50689
6,0,MLP-FedProx-mu0.1,0.5,13,0.502771
6,0,MLP-FedProx-mu0.1,0.5,14,0.499404
6,0,MLP-FedProx-mu0.1,0.5,15,0.497952
6,0,MLP-FedProx-mu0.1,0.5,16,0.497098
6,0,MLP-FedProx-mu0.1,0.5,17,0.497182
6,0,MLP-FedProx-mu0.1,0.5,18,0.497277
6,0,MLP-FedProx-mu0.1,0.5,19,0.4977
6,0,MLP-FedProx-mu0.1,0.1,0,1.162014
6,0,MLP-FedProx-mu0.1,0.1,1,1.160736
6,0,MLP-FedProx-mu0.1,0.1,2,1.162607
6,0,MLP-FedProx-mu0.1,0.1,3,1.160281
6,0,MLP-FedProx-mu0.1,0.1,4,1.152373
6,0,MLP-FedProx-mu0.1,0.1,5,1.122311
6,0,MLP-FedProx-mu0.1,0.1,6,1.065598
6,0,MLP-FedProx-mu0.1,0.1,7,1.008446
6,0,MLP-FedProx-mu0.1,0.1,8,0.978079
6,0,MLP-FedProx-mu0.1,0.1,9,0.963896
6,0,MLP-FedProx-mu0.1,0.1,10,0.950738
6,0,MLP-FedProx-mu0.1,0.1,11,0.944276
6,0,MLP-FedProx-mu0.1,0.1,12,0.937547
6,0,MLP-FedProx-mu0.1,0.1,13,0.980843
6,0,MLP-FedProx-mu0.1,0.1,14,0.909482
6,0,MLP-FedProx-mu0.1,0.1,15,0.939318
6,0,MLP-FedProx-mu0.1,0.1,16,0.879846
6,0,MLP-FedProx-mu0.1,0.1,17,0.932867
6,0,MLP-FedProx-mu0.1,0.1,18,0.872322
6,0,MLP-FedProx-mu0.1,0.1,19,0.931296
6,0,MLP-FedProx-mu0.1,natural,0,0.66966
6,0,MLP-FedProx-mu0.1,natural,1,0.661793
6,0,MLP-FedProx-mu0.1,natural,2,0.657964
6,0,MLP-FedProx-mu0.1,natural,3,0.65557
6,0,MLP-FedProx-mu0.1,natural,4,0.653714
6,0,MLP-FedProx-mu0.1,natural,5,0.652788
6,0,MLP-FedProx-mu0.1,natural,6,0.654552
6,0,MLP-FedProx-mu0.1,natural,7,0.652633
6,0,MLP-FedProx-mu0.1,natural,8,0.601504
6,0,MLP-FedProx-mu0.1,natural,9,0.567168
6,0,MLP-FedProx-mu0.1,natural,10,0.546687
6,0,MLP-FedProx-mu0.1,natural,11,0.536083
6,0,MLP-FedProx-mu0.1,natural,12,0.53135
6,0,MLP-FedProx-mu0.1,natural,13,0.532371
6,0,MLP-FedProx-mu0.1,natural,14,0.529391
6,0,MLP-FedProx-mu0.1,natural,15,0.539571
6,0,MLP-FedProx-mu0.1,natural,16,0.500599
6,0,MLP-FedProx-mu0.1,natural,17,0.55161
6,0,MLP-FedProx-mu0.1,natural,18,0.493974
6,0,MLP-FedProx-mu0.1,natural,19,0.527656
6,1,MLP-FedProx-mu0.1,100,0,0.172452
6,1,MLP-FedProx-mu0.1,100,1,0.171165
6,1,MLP-FedProx-mu0.1,100,2,0.173143
6,1,MLP-FedProx-mu0.1,100,3,0.177364
6,1,MLP-FedProx-mu0.1,100,4,0.184686
6,1,MLP-FedProx-mu0.1,100,5,0.194869
6,1,MLP-FedProx-mu0.1,100,6,0.203935
6,1,MLP-FedProx-mu0.1,100,7,0.210573
6,1,MLP-FedProx-mu0.1,100,8,0.219015
6,1,MLP-FedProx-mu0.1,100,9,0.200518
6,1,MLP-FedProx-mu0.1,100,10,0.179091
6,1,MLP-FedProx-mu0.1,100,11,0.184793
6,1,MLP-FedProx-mu0.1,100,12,0.197803
6,1,MLP-FedProx-mu0.1,100,13,0.208406
6,1,MLP-FedProx-mu0.1,100,14,0.219942
6,1,MLP-FedProx-mu0.1,100,15,0.24053
6,1,MLP-FedProx-mu0.1,100,16,0.267991
6,1,MLP-FedProx-mu0.1,100,17,0.170509
6,1,MLP-FedProx-mu0.1,100,18,0.208375
6,1,MLP-FedProx-mu0.1,100,19,0.194576
6,1,MLP-FedProx-mu0.1,1.0,0,0.871752
6,1,MLP-FedProx-mu0.1,1.0,1,0.861516
6,1,MLP-FedProx-mu0.1,1.0,2,0.846569
6,1,MLP-FedProx-mu0.1,1.0,3,0.796265
6,1,MLP-FedProx-mu0.1,1.0,4,0.730237
6,1,MLP-FedProx-mu0.1,1.0,5,0.682979
6,1,MLP-FedProx-mu0.1,1.0,6,0.646792
6,1,MLP-FedProx-mu0.1,1.0,7,0.617263
6,1,MLP-FedProx-mu0.1,1.0,8,0.607684
6,1,MLP-FedProx-mu0.1,1.0,9,0.60308
6,1,MLP-FedProx-mu0.1,1.0,10,0.597576
6,1,MLP-FedProx-mu0.1,1.0,11,0.595222
6,1,MLP-FedProx-mu0.1,1.0,12,0.598515
6,1,MLP-FedProx-mu0.1,1.0,13,0.60815
6,1,MLP-FedProx-mu0.1,1.0,14,0.611613
6,1,MLP-FedProx-mu0.1,1.0,15,0.608325
6,1,MLP-FedProx-mu0.1,1.0,16,0.605384
6,1,MLP-FedProx-mu0.1,1.0,17,0.599831
6,1,MLP-FedProx-mu0.1,1.0,18,0.593456
6,1,MLP-FedProx-mu0.1,1.0,19,0.584794
6,1,MLP-FedProx-mu0.1,0.5,0,0.827704
6,1,MLP-FedProx-mu0.1,0.5,1,0.819867
6,1,MLP-FedProx-mu0.1,0.5,2,0.816587
6,1,MLP-FedProx-mu0.1,0.5,3,0.812081
6,1,MLP-FedProx-mu0.1,0.5,4,0.792653
6,1,MLP-FedProx-mu0.1,0.5,5,0.743572
6,1,MLP-FedProx-mu0.1,0.5,6,0.687318
6,1,MLP-FedProx-mu0.1,0.5,7,0.632445
6,1,MLP-FedProx-mu0.1,0.5,8,0.602271
6,1,MLP-FedProx-mu0.1,0.5,9,0.573256
6,1,MLP-FedProx-mu0.1,0.5,10,0.54905
6,1,MLP-FedProx-mu0.1,0.5,11,0.5423
6,1,MLP-FedProx-mu0.1,0.5,12,0.523108
6,1,MLP-FedProx-mu0.1,0.5,13,0.534289
6,1,MLP-FedProx-mu0.1,0.5,14,0.487606
6,1,MLP-FedProx-mu0.1,0.5,15,0.540266
6,1,MLP-FedProx-mu0.1,0.5,16,0.520839
6,1,MLP-FedProx-mu0.1,0.5,17,0.483212
6,1,MLP-FedProx-mu0.1,0.5,18,0.540895
6,1,MLP-FedProx-mu0.1,0.5,19,0.512743
6,1,MLP-FedProx-mu0.1,0.1,0,1.145637
6,1,MLP-FedProx-mu0.1,0.1,1,1.145367
6,1,MLP-FedProx-mu0.1,0.1,2,1.149987
6,1,MLP-FedProx-mu0.1,0.1,3,1.150939
6,1,MLP-FedProx-mu0.1,0.1,4,1.149304
6,1,MLP-FedProx-mu0.1,0.1,5,1.13478
6,1,MLP-FedProx-mu0.1,0.1,6,1.082947
6,1,MLP-FedProx-mu0.1,0.1,7,1.016295
6,1,MLP-FedProx-mu0.1,0.1,8,0.961265
6,1,MLP-FedProx-mu0.1,0.1,9,0.953276
6,1,MLP-FedProx-mu0.1,0.1,10,0.937684
6,1,MLP-FedProx-mu0.1,0.1,11,0.937797
6,1,MLP-FedProx-mu0.1,0.1,12,0.895557
6,1,MLP-FedProx-mu0.1,0.1,13,0.922445
6,1,MLP-FedProx-mu0.1,0.1,14,0.851186
6,1,MLP-FedProx-mu0.1,0.1,15,0.899718
6,1,MLP-FedProx-mu0.1,0.1,16,0.839325
6,1,MLP-FedProx-mu0.1,0.1,17,0.886184
6,1,MLP-FedProx-mu0.1,0.1,18,0.831303
6,1,MLP-FedProx-mu0.1,0.1,19,0.873231
6,1,MLP-FedProx-mu0.1,natural,0,0.68147
6,1,MLP-FedProx-mu0.1,natural,1,0.671243
6,1,MLP-FedProx-mu0.1,natural,2,0.666026
6,1,MLP-FedProx-mu0.1,natural,3,0.663246
6,1,MLP-FedProx-mu0.1,natural,4,0.662265
6,1,MLP-FedProx-mu0.1,natural,5,0.663244
6,1,MLP-FedProx-mu0.1,natural,6,0.66764
6,1,MLP-FedProx-mu0.1,natural,7,0.669315
6,1,MLP-FedProx-mu0.1,natural,8,0.614227
6,1,MLP-FedProx-mu0.1,natural,9,0.564688
6,1,MLP-FedProx-mu0.1,natural,10,0.534982
6,1,MLP-FedProx-mu0.1,natural,11,0.514363
6,1,MLP-FedProx-mu0.1,natural,12,0.502075
6,1,MLP-FedProx-mu0.1,natural,13,0.485268
6,1,MLP-FedProx-mu0.1,natural,14,0.492708
6,1,MLP-FedProx-mu0.1,natural,15,0.468562
6,1,MLP-FedProx-mu0.1,natural,16,0.473437
6,1,MLP-FedProx-mu0.1,natural,17,0.460449
6,1,MLP-FedProx-mu0.1,natural,18,0.463957
6,1,MLP-FedProx-mu0.1,natural,19,0.457091
6,2,MLP-FedProx-mu0.1,100,0,0.167445
6,2,MLP-FedProx-mu0.1,100,1,0.165514
6,2,MLP-FedProx-mu0.1,100,2,0.166775
6,2,MLP-FedProx-mu0.1,100,3,0.170669
6,2,MLP-FedProx-mu0.1,100,4,0.17763
6,2,MLP-FedProx-mu0.1,100,5,0.186863
6,2,MLP-FedProx-mu0.1,100,6,0.196287
6,2,MLP-FedProx-mu0.1,100,7,0.207958
6,2,MLP-FedProx-mu0.1,100,8,0.22701
6,2,MLP-FedProx-mu0.1,100,9,0.23032
6,2,MLP-FedProx-mu0.1,100,10,0.218884
6,2,MLP-FedProx-mu0.1,100,11,0.217027
6,2,MLP-FedProx-mu0.1,100,12,0.225009
6,2,MLP-FedProx-mu0.1,100,13,0.240635
6,2,MLP-FedProx-mu0.1,100,14,0.272263
6,2,MLP-FedProx-mu0.1,100,15,0.299769
6,2,MLP-FedProx-mu0.1,100,16,0.313449
6,2,MLP-FedProx-mu0.1,100,17,0.258967
6,2,MLP-FedProx-mu0.1,100,18,0.244223
6,2,MLP-FedProx-mu0.1,100,19,0.260086
6,2,MLP-FedProx-mu0.1,1.0,0,0.883933
6,2,MLP-FedProx-mu0.1,1.0,1,0.873375
6,2,MLP-FedProx-mu0.1,1.0,2,0.853581
6,2,MLP-FedProx-mu0.1,1.0,3,0.809006
6,2,MLP-FedProx-mu0.1,1.0,4,0.757985
6,2,MLP-FedProx-mu0.1,1.0,5,0.71353
6,2,MLP-FedProx-mu0.1,1.0,6,0.681644
6,2,MLP-FedProx-mu0.1,1.0,7,0.669836
6,2,MLP-FedProx-mu0.1,1.0,8,0.654627
6,2,MLP-FedProx-mu0.1,1.0,9,0.625558
6,2,MLP-FedProx-mu0.1,1.0,10,0.619174
6,2,MLP-FedProx-mu0.1,1.0,11,0.625643
6,2,MLP-FedProx-mu0.1,1.0,12,0.623772
6,2,MLP-FedProx-mu0.1,1.0,13,0.616182
6,2,MLP-FedProx-mu0.1,1.0,14,0.623869
6,2,MLP-FedProx-mu0.1,1.0,15,0.607235
6,2,MLP-FedProx-mu0.1,1.0,16,0.63688
6,2,MLP-FedProx-mu0.1,1.0,17,0.604921
6,2,MLP-FedProx-mu0.1,1.0,18,0.636292
6,2,MLP-FedProx-mu0.1,1.0,19,0.603737
6,2,MLP-FedProx-mu0.1,0.5,0,0.823531
6,2,MLP-FedProx-mu0.1,0.5,1,0.821468
6,2,MLP-FedProx-mu0.1,0.5,2,0.821506
6,2,MLP-FedProx-mu0.1,0.5,3,0.818837
6,2,MLP-FedProx-mu0.1,0.5,4,0.798521
6,2,MLP-FedProx-mu0.1,0.5,5,0.745896
6,2,MLP-FedProx-mu0.1,0.5,6,0.682153
6,2,MLP-FedProx-mu0.1,0.5,7,0.627327
6,2,MLP-FedProx-mu0.1,0.5,8,0.620381
6,2,MLP-FedProx-mu0.1,0.5,9,0.60416
6,2,MLP-FedProx-mu0.1,0.5,10,0.563643
6,2,MLP-FedProx-mu0.1,0.5,11,0.545174
6,2,MLP-FedProx-mu0.1,0.5,12,0.531988
6,2,MLP-FedProx-mu0.1,0.5,13,0.529759
6,2,MLP-FedProx-mu0.1,0.5,14,0.529288
6,2,MLP-FedProx-mu0.1,0.5,15,0.52851
6,2,MLP-FedProx-mu0.1,0.5,16,0.527974
6,2,MLP-FedProx-mu0.1,0.5,17,0.527896
6,2,MLP-FedProx-mu0.1,0.5,18,0.528046
6,2,MLP-FedProx-mu0.1,0.5,19,0.528472
6,2,MLP-FedProx-mu0.1,0.1,0,1.133445
6,2,MLP-FedProx-mu0.1,0.1,1,1.129994
6,2,MLP-FedProx-mu0.1,0.1,2,1.128868
6,2,MLP-FedProx-mu0.1,0.1,3,1.126682
6,2,MLP-FedProx-mu0.1,0.1,4,1.123103
6,2,MLP-FedProx-mu0.1,0.1,5,1.114003
6,2,MLP-FedProx-mu0.1,0.1,6,1.071733
6,2,MLP-FedProx-mu0.1,0.1,7,1.009762
6,2,MLP-FedProx-mu0.1,0.1,8,0.956632
6,2,MLP-FedProx-mu0.1,0.1,9,0.937445
6,2,MLP-FedProx-mu0.1,0.1,10,0.92625
6,2,MLP-FedProx-mu0.1,0.1,11,0.912347
6,2,MLP-FedProx-mu0.1,0.1,12,0.912066
6,2,MLP-FedProx-mu0.1,0.1,13,0.879348
6,2,MLP-FedProx-mu0.1,0.1,14,0.971889
6,2,MLP-FedProx-mu0.1,0.1,15,0.860516
6,2,MLP-FedProx-mu0.1,0.1,16,0.936181
6,2,MLP-FedProx-mu0.1,0.1,17,0.858886
6,2,MLP-FedProx-mu0.1,0.1,18,0.924373
6,2,MLP-FedProx-mu0.1,0.1,19,0.861324
6,2,MLP-FedProx-mu0.1,natural,0,0.609744
6,2,MLP-FedProx-mu0.1,natural,1,0.599041
6,2,MLP-FedProx-mu0.1,natural,2,0.593331
6,2,MLP-FedProx-mu0.1,natural,3,0.589712
6,2,MLP-FedProx-mu0.1,natural,4,0.587303
6,2,MLP-FedProx-mu0.1,natural,5,0.586174
6,2,MLP-FedProx-mu0.1,natural,6,0.587507
6,2,MLP-FedProx-mu0.1,natural,7,0.594065
6,2,MLP-FedProx-mu0.1,natural,8,0.556928
6,2,MLP-FedProx-mu0.1,natural,9,0.523155
6,2,MLP-FedProx-mu0.1,natural,10,0.49489
6,2,MLP-FedProx-mu0.1,natural,11,0.474575
6,2,MLP-FedProx-mu0.1,natural,12,0.459434
6,2,MLP-FedProx-mu0.1,natural,13,0.447404
6,2,MLP-FedProx-mu0.1,natural,14,0.438713
6,2,MLP-FedProx-mu0.1,natural,15,0.433761
6,2,MLP-FedProx-mu0.1,natural,16,0.431539
6,2,MLP-FedProx-mu0.1,natural,17,0.43444
6,2,MLP-FedProx-mu0.1,natural,18,0.433377
6,2,MLP-FedProx-mu0.1,natural,19,0.445836
6,3,MLP-FedProx-mu0.1,100,0,0.172004
6,3,MLP-FedProx-mu0.1,100,1,0.170177
6,3,MLP-FedProx-mu0.1,100,2,0.173981
6,3,MLP-FedProx-mu0.1,100,3,0.181394
6,3,MLP-FedProx-mu0.1,100,4,0.192833
6,3,MLP-FedProx-mu0.1,100,5,0.206411
6,3,MLP-FedProx-mu0.1,100,6,0.220699
6,3,MLP-FedProx-mu0.1,100,7,0.240126
6,3,MLP-FedProx-mu0.1,100,8,0.239289
6,3,MLP-FedProx-mu0.1,100,9,0.218318
6,3,MLP-FedProx-mu0.1,100,10,0.22106
6,3,MLP-FedProx-mu0.1,100,11,0.23506
6,3,MLP-FedProx-mu0.1,100,12,0.253062
6,3,MLP-FedProx-mu0.1,100,13,0.267995
6,3,MLP-FedProx-mu0.1,100,14,0.288599
6,3,MLP-FedProx-mu0.1,100,15,0.284267
6,3,MLP-FedProx-mu0.1,100,16,0.281548
6,3,MLP-FedProx-mu0.1,100,17,0.268388
6,3,MLP-FedProx-mu0.1,100,18,0.289404
6,3,MLP-FedProx-mu0.1,100,19,0.274759
6,3,MLP-FedProx-mu0.1,1.0,0,0.875407
6,3,MLP-FedProx-mu0.1,1.0,1,0.866058
6,3,MLP-FedProx-mu0.1,1.0,2,0.851744
6,3,MLP-FedProx-mu0.1,1.0,3,0.803803
6,3,MLP-FedProx-mu0.1,1.0,4,0.743788
6,3,MLP-FedProx-mu0.1,1.0,5,0.692428
6,3,MLP-FedProx-mu0.1,1.0,6,0.646611
6,3,MLP-FedProx-mu0.1,1.0,7,0.608939
6,3,MLP-FedProx-mu0.1,1.0,8,0.585447
6,3,MLP-FedProx-mu0.1,1.0,9,0.55915
6,3,MLP-FedProx-mu0.1,1.0,10,0.542477
6,3,MLP-FedProx-mu0.1,1.0,11,0.535104
6,3,MLP-FedProx-mu0.1,1.0,12,0.531424
6,3,MLP-FedProx-mu0.1,1.0,13,0.528609
6,3,MLP-FedProx-mu0.1,1.0,14,0.525766
6,3,MLP-FedProx-mu0.1,1.0,15,0.523029
6,3,MLP-FedProx-mu0.1,1.0,16,0.51966
6,3,MLP-FedProx-mu0.1,1.0,17,0.51648
6,3,MLP-FedProx-mu0.1,1.0,18,0.514597
6,3,MLP-FedProx-mu0.1,1.0,19,0.513998
6,3,MLP-FedProx-mu0.1,0.5,0,0.829505
6,3,MLP-FedProx-mu0.1,0.5,1,0.824132
6,3,MLP-FedProx-mu0.1,0.5,2,0.819406
6,3,MLP-FedProx-mu0.1,0.5,3,0.799202
6,3,MLP-FedProx-mu0.1,0.5,4,0.750719
6,3,MLP-FedProx-mu0.1,0.5,5,0.689811
6,3,MLP-FedProx-mu0.1,0.5,6,0.634054
6,3,MLP-FedProx-mu0.1,0.5,7,0.586304
6,3,MLP-FedProx-mu0.1,0.5,8,0.565298
6,3,MLP-FedProx-mu0.1,0.5,9,0.534046
6,3,MLP-FedProx-mu0.1,0.5,10,0.526398
6,3,MLP-FedProx-mu0.1,0.5,11,0.521658
6,3,MLP-FedProx-mu0.1,0.5,12,0.519581
6,3,MLP-FedProx-mu0.1,0.5,13,0.519564
6,3,MLP-FedProx-mu0.1,0.5,14,0.520329
6,3,MLP-FedProx-mu0.1,0.5,15,0.521261
6,3,MLP-FedProx-mu0.1,0.5,16,0.522089
6,3,MLP-FedProx-mu0.1,0.5,17,0.522738
6,3,MLP-FedProx-mu0.1,0.5,18,0.52323
6,3,MLP-FedProx-mu0.1,0.5,19,0.523621
6,3,MLP-FedProx-mu0.1,0.1,0,1.144723
6,3,MLP-FedProx-mu0.1,0.1,1,1.14222
6,3,MLP-FedProx-mu0.1,0.1,2,1.142248
6,3,MLP-FedProx-mu0.1,0.1,3,1.137824
6,3,MLP-FedProx-mu0.1,0.1,4,1.113255
6,3,MLP-FedProx-mu0.1,0.1,5,1.066977
6,3,MLP-FedProx-mu0.1,0.1,6,1.010757
6,3,MLP-FedProx-mu0.1,0.1,7,0.963768
6,3,MLP-FedProx-mu0.1,0.1,8,0.946314
6,3,MLP-FedProx-mu0.1,0.1,9,0.923523
6,3,MLP-FedProx-mu0.1,0.1,10,0.904097
6,3,MLP-FedProx-mu0.1,0.1,11,0.891765
6,3,MLP-FedProx-mu0.1,0.1,12,0.908115
6,3,MLP-FedProx-mu0.1,0.1,13,0.909165
6,3,MLP-FedProx-mu0.1,0.1,14,0.91146
6,3,MLP-FedProx-mu0.1,0.1,15,0.846927
6,3,MLP-FedProx-mu0.1,0.1,16,0.883934
6,3,MLP-FedProx-mu0.1,0.1,17,0.849403
6,3,MLP-FedProx-mu0.1,0.1,18,0.88296
6,3,MLP-FedProx-mu0.1,0.1,19,0.8488
6,3,MLP-FedProx-mu0.1,natural,0,0.62783
6,3,MLP-FedProx-mu0.1,natural,1,0.616221
6,3,MLP-FedProx-mu0.1,natural,2,0.608523
6,3,MLP-FedProx-mu0.1,natural,3,0.602902
6,3,MLP-FedProx-mu0.1,natural,4,0.5996
6,3,MLP-FedProx-mu0.1,natural,5,0.599716
6,3,MLP-FedProx-mu0.1,natural,6,0.604482
6,3,MLP-FedProx-mu0.1,natural,7,0.602813
6,3,MLP-FedProx-mu0.1,natural,8,0.543803
6,3,MLP-FedProx-mu0.1,natural,9,0.497825
6,3,MLP-FedProx-mu0.1,natural,10,0.465575
6,3,MLP-FedProx-mu0.1,natural,11,0.443613
6,3,MLP-FedProx-mu0.1,natural,12,0.427291
6,3,MLP-FedProx-mu0.1,natural,13,0.414477
6,3,MLP-FedProx-mu0.1,natural,14,0.404186
6,3,MLP-FedProx-mu0.1,natural,15,0.398183
6,3,MLP-FedProx-mu0.1,natural,16,0.39044
6,3,MLP-FedProx-mu0.1,natural,17,0.41155
6,3,MLP-FedProx-mu0.1,natural,18,0.422625
6,3,MLP-FedProx-mu0.1,natural,19,0.38633
6,4,MLP-FedProx-mu0.1,100,0,0.165117
6,4,MLP-FedProx-mu0.1,100,1,0.163441
6,4,MLP-FedProx-mu0.1,100,2,0.164551
6,4,MLP-FedProx-mu0.1,100,3,0.16738
6,4,MLP-FedProx-mu0.1,100,4,0.172755
6,4,MLP-FedProx-mu0.1,100,5,0.18236
6,4,MLP-FedProx-mu0.1,100,6,0.198624
6,4,MLP-FedProx-mu0.1,100,7,0.217956
6,4,MLP-FedProx-mu0.1,100,8,0.20371
6,4,MLP-FedProx-mu0.1,100,9,0.18821
6,4,MLP-FedProx-mu0.1,100,10,0.196195
6,4,MLP-FedProx-mu0.1,100,11,0.209597
6,4,MLP-FedProx-mu0.1,100,12,0.225604
6,4,MLP-FedProx-mu0.1,100,13,0.235099
6,4,MLP-FedProx-mu0.1,100,14,0.23915
6,4,MLP-FedProx-mu0.1,100,15,0.267496
6,4,MLP-FedProx-mu0.1,100,16,0.260341
6,4,MLP-FedProx-mu0.1,100,17,0.245194
6,4,MLP-FedProx-mu0.1,100,18,0.266826
6,4,MLP-FedProx-mu0.1,100,19,0.239166
6,4,MLP-FedProx-mu0.1,1.0,0,0.856799
6,4,MLP-FedProx-mu0.1,1.0,1,0.848243
6,4,MLP-FedProx-mu0.1,1.0,2,0.833086
6,4,MLP-FedProx-mu0.1,1.0,3,0.78704
6,4,MLP-FedProx-mu0.1,1.0,4,0.736131
6,4,MLP-FedProx-mu0.1,1.0,5,0.69291
6,4,MLP-FedProx-mu0.1,1.0,6,0.668362
6,4,MLP-FedProx-mu0.1,1.0,7,0.637615
6,4,MLP-FedProx-mu0.1,1.0,8,0.627899
6,4,MLP-FedProx-mu0.1,1.0,9,0.620089
6,4,MLP-FedProx-mu0.1,1.0,10,0.606437
6,4,MLP-FedProx-mu0.1,1.0,11,0.610107
6,4,MLP-FedProx-mu0.1,1.0,12,0.616681
6,4,MLP-FedProx-mu0.1,1.0,13,0.617289
6,4,MLP-FedProx-mu0.1,1.0,14,0.610785
6,4,MLP-FedProx-mu0.1,1.0,15,0.603433
6,4,MLP-FedProx-mu0.1,1.0,16,0.594175
6,4,MLP-FedProx-mu0.1,1.0,17,0.584496
6,4,MLP-FedProx-mu0.1,1.0,18,0.573279
6,4,MLP-FedProx-mu0.1,1.0,19,0.561968
6,4,MLP-FedProx-mu0.1,0.5,0,0.853297
6,4,MLP-FedProx-mu0.1,0.5,1,0.851673
6,4,MLP-FedProx-mu0.1,0.5,2,0.851093
6,4,MLP-FedProx-mu0.1,0.5,3,0.844507
6,4,MLP-FedProx-mu0.1,0.5,4,0.808126
6,4,MLP-FedProx-mu0.1,0.5,5,0.745192
6,4,MLP-FedProx-mu0.1,0.5,6,0.681479
6,4,MLP-FedProx-mu0.1,0.5,7,0.649728
6,4,MLP-FedProx-mu0.1,0.5,8,0.644658
6,4,MLP-FedProx-mu0.1,0.5,9,0.601851
6,4,MLP-FedProx-mu0.1,0.5,10,0.571696
6,4,MLP-FedProx-mu0.1,0.5,11,0.561525
6,4,MLP-FedProx-mu0.1,0.5,12,0.558108
6,4,MLP-FedProx-mu0.1,0.5,13,0.554682
6,4,MLP-FedProx-mu0.1,0.5,14,0.552717
6,4,MLP-FedProx-mu0.1,0.5,15,0.551597
6,4,MLP-FedProx-mu0.1,0.5,16,0.551032
6,4,MLP-FedProx-mu0.1,0.5,17,0.550693
6,4,MLP-FedProx-mu0.1,0.5,18,0.550451
6,4,MLP-FedProx-mu0.1,0.5,19,0.550207
6,4,MLP-FedProx-mu0.1,0.1,0,1.159136
6,4,MLP-FedProx-mu0.1,0.1,1,1.167276
6,4,MLP-FedProx-mu0.1,0.1,2,1.17
6,4,MLP-FedProx-mu0.1,0.1,3,1.169166
6,4,MLP-FedProx-mu0.1,0.1,4,1.165476
6,4,MLP-FedProx-mu0.1,0.1,5,1.146111
6,4,MLP-FedProx-mu0.1,0.1,6,1.085602
6,4,MLP-FedProx-mu0.1,0.1,7,1.020366
6,4,MLP-FedProx-mu0.1,0.1,8,0.992765
6,4,MLP-FedProx-mu0.1,0.1,9,0.979169
6,4,MLP-FedProx-mu0.1,0.1,10,0.952964
6,4,MLP-FedProx-mu0.1,0.1,11,0.941359
6,4,MLP-FedProx-mu0.1,0.1,12,0.903327
6,4,MLP-FedProx-mu0.1,0.1,13,0.970797
6,4,MLP-FedProx-mu0.1,0.1,14,0.867091
6,4,MLP-FedProx-mu0.1,0.1,15,0.946821
6,4,MLP-FedProx-mu0.1,0.1,16,0.855822
6,4,MLP-FedProx-mu0.1,0.1,17,0.923679
6,4,MLP-FedProx-mu0.1,0.1,18,0.854157
6,4,MLP-FedProx-mu0.1,0.1,19,0.915843
6,4,MLP-FedProx-mu0.1,natural,0,0.650256
6,4,MLP-FedProx-mu0.1,natural,1,0.641562
6,4,MLP-FedProx-mu0.1,natural,2,0.637247
6,4,MLP-FedProx-mu0.1,natural,3,0.634596
6,4,MLP-FedProx-mu0.1,natural,4,0.632393
6,4,MLP-FedProx-mu0.1,natural,5,0.630471
6,4,MLP-FedProx-mu0.1,natural,6,0.629901
6,4,MLP-FedProx-mu0.1,natural,7,0.632495
6,4,MLP-FedProx-mu0.1,natural,8,0.58547
6,4,MLP-FedProx-mu0.1,natural,9,0.52847
6,4,MLP-FedProx-mu0.1,natural,10,0.486771
6,4,MLP-FedProx-mu0.1,natural,11,0.460817
6,4,MLP-FedProx-mu0.1,natural,12,0.44527
6,4,MLP-FedProx-mu0.1,natural,13,0.437366
6,4,MLP-FedProx-mu0.1,natural,14,0.440611
6,4,MLP-FedProx-mu0.1,natural,15,0.456174
6,4,MLP-FedProx-mu0.1,natural,16,0.468132
6,4,MLP-FedProx-mu0.1,natural,17,0.484706
6,4,MLP-FedProx-mu0.1,natural,18,0.489112
6,4,MLP-FedProx-mu0.1,natural,19,0.418221
7,0,MLP-FedProx-mu0.1,100,0,0.128242
7,0,MLP-FedProx-mu0.1,100,1,0.13084
7,0,MLP-FedProx-mu0.1,100,2,0.129425
7,0,MLP-FedProx-mu0.1,100,3,0.130837
7,0,MLP-FedProx-mu0.1,100,4,0.133564
7,0,MLP-FedProx-mu0.1,100,5,0.136108
7,0,MLP-FedProx-mu0.1,100,6,0.150104
7,0,MLP-FedProx-mu0.1,100,7,0.181788
7,0,MLP-FedProx-mu0.1,100,8,0.216078
7,0,MLP-FedProx-mu0.1,100,9,0.244319
7,0,MLP-FedProx-mu0.1,100,10,0.264461
7,0,MLP-FedProx-mu0.1,100,11,0.277108
7,0,MLP-FedProx-mu0.1,100,12,0.283275
7,0,MLP-FedProx-mu0.1,100,13,0.286963
7,0,MLP-FedProx-mu0.1,100,14,0.28401
7,0,MLP-FedProx-mu0.1,100,15,0.288662
7,0,MLP-FedProx-mu0.1,100,16,0.263431
7,0,MLP-FedProx-mu0.1,100,17,0.258234
7,0,MLP-FedProx-mu0.1,100,18,0.201573
7,0,MLP-FedProx-mu0.1,100,19,0.193657
7,0,MLP-FedProx-mu0.1,1.0,0,0.504084
7,0,MLP-FedProx-mu0.1,1.0,1,0.481321
7,0,MLP-FedProx-mu0.1,1.0,2,0.433067
7,0,MLP-FedProx-mu0.1,1.0,3,0.383
7,0,MLP-FedProx-mu0.1,1.0,4,0.350578
7,0,MLP-FedProx-mu0.1,1.0,5,0.328918
7,0,MLP-FedProx-mu0.1,1.0,6,0.314978
7,0,MLP-FedProx-mu0.1,1.0,7,0.304814
7,0,MLP-FedProx-mu0.1,1.0,8,0.300115
7,0,MLP-FedProx-mu0.1,1.0,9,0.302574
7,0,MLP-FedProx-mu0.1,1.0,10,0.302602
7,0,MLP-FedProx-mu0.1,1.0,11,0.326902
7,0,MLP-FedProx-mu0.1,1.0,12,0.328942
7,0,MLP-FedProx-mu0.1,1.0,13,0.345029
7,0,MLP-FedProx-mu0.1,1.0,14,0.302725
7,0,MLP-FedProx-mu0.1,1.0,15,0.326587
7,0,MLP-FedProx-mu0.1,1.0,16,0.304549
7,0,MLP-FedProx-mu0.1,1.0,17,0.323564
7,0,MLP-FedProx-mu0.1,1.0,18,0.305694
7,0,MLP-FedProx-mu0.1,1.0,19,0.32175
7,0,MLP-FedProx-mu0.1,0.5,0,0.690021
7,0,MLP-FedProx-mu0.1,0.5,1,0.688478
7,0,MLP-FedProx-mu0.1,0.5,2,0.647991
7,0,MLP-FedProx-mu0.1,0.5,3,0.572747
7,0,MLP-FedProx-mu0.1,0.5,4,0.535147
7,0,MLP-FedProx-mu0.1,0.5,5,0.525523
7,0,MLP-FedProx-mu0.1,0.5,6,0.534692
7,0,MLP-FedProx-mu0.1,0.5,7,0.55805
7,0,MLP-FedProx-mu0.1,0.5,8,0.590201
7,0,MLP-FedProx-mu0.1,0.5,9,0.613899
7,0,MLP-FedProx-mu0.1,0.5,10,0.608031
7,0,MLP-FedProx-mu0.1,0.5,11,0.634721
7,0,MLP-FedProx-mu0.1,0.5,12,0.608024
7,0,MLP-FedProx-mu0.1,0.5,13,0.631183
7,0,MLP-FedProx-mu0.1,0.5,14,0.59638
7,0,MLP-FedProx-mu0.1,0.5,15,0.613011
7,0,MLP-FedProx-mu0.1,0.5,16,0.590055
7,0,MLP-FedProx-mu0.1,0.5,17,0.640953
7,0,MLP-FedProx-mu0.1,0.5,18,0.584678
7,0,MLP-FedProx-mu0.1,0.5,19,0.605433
7,0,MLP-FedProx-mu0.1,0.1,0,1.09912
7,0,MLP-FedProx-mu0.1,0.1,1,1.087811
7,0,MLP-FedProx-mu0.1,0.1,2,1.012093
7,0,MLP-FedProx-mu0.1,0.1,3,0.909234
7,0,MLP-FedProx-mu0.1,0.1,4,0.842912
7,0,MLP-FedProx-mu0.1,0.1,5,0.81644
7,0,MLP-FedProx-mu0.1,0.1,6,0.817941
7,0,MLP-FedProx-mu0.1,0.1,7,0.826609
7,0,MLP-FedProx-mu0.1,0.1,8,0.820611
7,0,MLP-FedProx-mu0.1,0.1,9,0.898643
7,0,MLP-FedProx-mu0.1,0.1,10,0.794236
7,0,MLP-FedProx-mu0.1,0.1,11,0.832878
7,0,MLP-FedProx-mu0.1,0.1,12,0.775358
7,0,MLP-FedProx-mu0.1,0.1,13,0.820549
7,0,MLP-FedProx-mu0.1,0.1,14,0.78222
7,0,MLP-FedProx-mu0.1,0.1,15,0.832674
7,0,MLP-FedProx-mu0.1,0.1,16,0.790782
7,0,MLP-FedProx-mu0.1,0.1,17,0.835499
7,0,MLP-FedProx-mu0.1,0.1,18,0.796565
7,0,MLP-FedProx-mu0.1,0.1,19,0.838178
7,0,MLP-FedProx-mu0.1,natural,0,0.669572
7,0,MLP-FedProx-mu0.1,natural,1,0.657054
7,0,MLP-FedProx-mu0.1,natural,2,0.607476
7,0,MLP-FedProx-mu0.1,natural,3,0.550799
7,0,MLP-FedProx-mu0.1,natural,4,0.484413
7,0,MLP-FedProx-mu0.1,natural,5,0.437469
7,0,MLP-FedProx-mu0.1,natural,6,0.408392
7,0,MLP-FedProx-mu0.1,natural,7,0.389366
7,0,MLP-FedProx-mu0.1,natural,8,0.376987
7,0,MLP-FedProx-mu0.1,natural,9,0.366827
7,0,MLP-FedProx-mu0.1,natural,10,0.374796
7,0,MLP-FedProx-mu0.1,natural,11,0.384922
7,0,MLP-FedProx-mu0.1,natural,12,0.379156
7,0,MLP-FedProx-mu0.1,natural,13,0.378328
7,0,MLP-FedProx-mu0.1,natural,14,0.358049
7,0,MLP-FedProx-mu0.1,natural,15,0.359106
7,0,MLP-FedProx-mu0.1,natural,16,0.349806
7,0,MLP-FedProx-mu0.1,natural,17,0.353389
7,0,MLP-FedProx-mu0.1,natural,18,0.346087
7,0,MLP-FedProx-mu0.1,natural,19,0.351711
7,1,MLP-FedProx-mu0.1,100,0,0.087408
7,1,MLP-FedProx-mu0.1,100,1,0.09917
7,1,MLP-FedProx-mu0.1,100,2,0.112203
7,1,MLP-FedProx-mu0.1,100,3,0.124891
7,1,MLP-FedProx-mu0.1,100,4,0.134559
7,1,MLP-FedProx-mu0.1,100,5,0.143151
7,1,MLP-FedProx-mu0.1,100,6,0.154142
7,1,MLP-FedProx-mu0.1,100,7,0.169207
7,1,MLP-FedProx-mu0.1,100,8,0.18597
7,1,MLP-FedProx-mu0.1,100,9,0.201899
7,1,MLP-FedProx-mu0.1,100,10,0.216153
7,1,MLP-FedProx-mu0.1,100,11,0.22751
7,1,MLP-FedProx-mu0.1,100,12,0.239449
7,1,MLP-FedProx-mu0.1,100,13,0.203813
7,1,MLP-FedProx-mu0.1,100,14,0.193599
7,1,MLP-FedProx-mu0.1,100,15,0.186716
7,1,MLP-FedProx-mu0.1,100,16,0.199177
7,1,MLP-FedProx-mu0.1,100,17,0.194049
7,1,MLP-FedProx-mu0.1,100,18,0.206182
7,1,MLP-FedProx-mu0.1,100,19,0.197386
7,1,MLP-FedProx-mu0.1,1.0,0,0.569972
7,1,MLP-FedProx-mu0.1,1.0,1,0.558424
7,1,MLP-FedProx-mu0.1,1.0,2,0.526462
7,1,MLP-FedProx-mu0.1,1.0,3,0.465098
7,1,MLP-FedProx-mu0.1,1.0,4,0.409686
7,1,MLP-FedProx-mu0.1,1.0,5,0.375666
7,1,MLP-FedProx-mu0.1,1.0,6,0.354301
7,1,MLP-FedProx-mu0.1,1.0,7,0.339743
7,1,MLP-FedProx-mu0.1,1.0,8,0.331229
7,1,MLP-FedProx-mu0.1,1.0,9,0.33234
7,1,MLP-FedProx-mu0.1,1.0,10,0.32891
7,1,MLP-FedProx-mu0.1,1.0,11,0.349399
7,1,MLP-FedProx-mu0.1,1.0,12,0.321293
7,1,MLP-FedProx-mu0.1,1.0,13,0.39456
7,1,MLP-FedProx-mu0.1,1.0,14,0.329653
7,1,MLP-FedProx-mu0.1,1.0,15,0.375223
7,1,MLP-FedProx-mu0.1,1.0,16,0.340948
7,1,MLP-FedProx-mu0.1,1.0,17,0.371978
7,1,MLP-FedProx-mu0.1,1.0,18,0.34786
7,1,MLP-FedProx-mu0.1,1.0,19,0.373889
7,1,MLP-FedProx-mu0.1,0.5,0,0.723445
7,1,MLP-FedProx-mu0.1,0.5,1,0.723751
7,1,MLP-FedProx-mu0.1,0.5,2,0.698695
7,1,MLP-FedProx-mu0.1,0.5,3,0.628023
7,1,MLP-FedProx-mu0.1,0.5,4,0.569877
7,1,MLP-FedProx-mu0.1,0.5,5,0.558734
7,1,MLP-FedProx-mu0.1,0.5,6,0.563954
7,1,MLP-FedProx-mu0.1,0.5,7,0.574885
7,1,MLP-FedProx-mu0.1,0.5,8,0.584998
7,1,MLP-FedProx-mu0.1,0.5,9,0.597062
7,1,MLP-FedProx-mu0.1,0.5,10,0.620063
7,1,MLP-FedProx-mu0.1,0.5,11,0.6141
7,1,MLP-FedProx-mu0.1,0.5,12,0.611545
7,1,MLP-FedProx-mu0.1,0.5,13,0.605584
7,1,MLP-FedProx-mu0.1,0.5,14,0.611008
7,1,MLP-FedProx-mu0.1,0.5,15,0.592844
7,1,MLP-FedProx-mu0.1,0.5,16,0.642707
7,1,MLP-FedProx-mu0.1,0.5,17,0.609224
7,1,MLP-FedProx-mu0.1,0.5,18,0.585765
7,1,MLP-FedProx-mu0.1,0.5,19,0.616856
7,1,MLP-FedProx-mu0.1,0.1,0,1.128852
7,1,MLP-FedProx-mu0.1,0.1,1,1.127001
7,1,MLP-FedProx-mu0.1,0.1,2,1.083393
7,1,MLP-FedProx-mu0.1,0.1,3,0.982485
7,1,MLP-FedProx-mu0.1,0.1,4,0.909999
7,1,MLP-FedProx-mu0.1,0.1,5,0.891619
7,1,MLP-FedProx-mu0.1,0.1,6,0.901409
7,1,MLP-FedProx-mu0.1,0.1,7,0.922294
7,1,MLP-FedProx-mu0.1,0.1,8,0.925104
7,1,MLP-FedProx-mu0.1,0.1,9,0.939301
7,1,MLP-FedProx-mu0.1,0.1,10,0.882835
7,1,MLP-FedProx-mu0.1,0.1,11,0.903921
7,1,MLP-FedProx-mu0.1,0.1,12,0.875695
7,1,MLP-FedProx-mu0.1,0.1,13,0.910322
7,1,MLP-FedProx-mu0.1,0.1,14,0.885738
7,1,MLP-FedProx-mu0.1,0.1,15,0.921184
7,1,MLP-FedProx-mu0.1,0.1,16,0.894714
7,1,MLP-FedProx-mu0.1,0.1,17,0.929658
7,1,MLP-FedProx-mu0.1,0.1,18,0.901547
7,1,MLP-FedProx-mu0.1,0.1,19,0.936106
7,1,MLP-FedProx-mu0.1,natural,0,0.663068
7,1,MLP-FedProx-mu0.1,natural,1,0.658003
7,1,MLP-FedProx-mu0.1,natural,2,0.624057
7,1,MLP-FedProx-mu0.1,natural,3,0.581867
7,1,MLP-FedProx-mu0.1,natural,4,0.530385
7,1,MLP-FedProx-mu0.1,natural,5,0.498742
7,1,MLP-FedProx-mu0.1,natural,6,0.481206
7,1,MLP-FedProx-mu0.1,natural,7,0.470311
7,1,MLP-FedProx-mu0.1,natural,8,0.462699
7,1,MLP-FedProx-mu0.1,natural,9,0.45703
7,1,MLP-FedProx-mu0.1,natural,10,0.451497
7,1,MLP-FedProx-mu0.1,natural,11,0.452719
7,1,MLP-FedProx-mu0.1,natural,12,0.462168
7,1,MLP-FedProx-mu0.1,natural,13,0.4412
7,1,MLP-FedProx-mu0.1,natural,14,0.462206
7,1,MLP-FedProx-mu0.1,natural,15,0.420631
7,1,MLP-FedProx-mu0.1,natural,16,0.439588
7,1,MLP-FedProx-mu0.1,natural,17,0.41575
7,1,MLP-FedProx-mu0.1,natural,18,0.431281
7,1,MLP-FedProx-mu0.1,natural,19,0.413565
7,2,MLP-FedProx-mu0.1,100,0,0.130257
7,2,MLP-FedProx-mu0.1,100,1,0.137739
7,2,MLP-FedProx-mu0.1,100,2,0.140566
7,2,MLP-FedProx-mu0.1,100,3,0.143682
7,2,MLP-FedProx-mu0.1,100,4,0.149881
7,2,MLP-FedProx-mu0.1,100,5,0.157978
7,2,MLP-FedProx-mu0.1,100,6,0.171852
7,2,MLP-FedProx-mu0.1,100,7,0.203804
7,2,MLP-FedProx-mu0.1,100,8,0.23866
7,2,MLP-FedProx-mu0.1,100,9,0.266668
7,2,MLP-FedProx-mu0.1,100,10,0.282486
7,2,MLP-FedProx-mu0.1,100,11,0.292518
7,2,MLP-FedProx-mu0.1,100,12,0.295804
7,2,MLP-FedProx-mu0.1,100,13,0.299339
7,2,MLP-FedProx-mu0.1,100,14,0.299194
7,2,MLP-FedProx-mu0.1,100,15,0.302325
7,2,MLP-FedProx-mu0.1,100,16,0.301489
7,2,MLP-FedProx-mu0.1,100,17,0.30666
7,2,MLP-FedProx-mu0.1,100,18,0.304069
7,2,MLP-FedProx-mu0.1,100,19,0.313543
7,2,MLP-FedProx-mu0.1,1.0,0,0.512414
7,2,MLP-FedProx-mu0.1,1.0,1,0.492018
7,2,MLP-FedProx-mu0.1,1.0,2,0.449726
7,2,MLP-FedProx-mu0.1,1.0,3,0.398924
7,2,MLP-FedProx-mu0.1,1.0,4,0.36314
7,2,MLP-FedProx-mu0.1,1.0,5,0.338682
7,2,MLP-FedProx-mu0.1,1.0,6,0.323892
7,2,MLP-FedProx-mu0.1,1.0,7,0.318168
7,2,MLP-FedProx-mu0.1,1.0,8,0.319604
7,2,MLP-FedProx-mu0.1,1.0,9,0.330068
7,2,MLP-FedProx-mu0.1,1.0,10,0.338565
7,2,MLP-FedProx-mu0.1,1.0,11,0.363975
7,2,MLP-FedProx-mu0.1,1.0,12,0.366738
7,2,MLP-FedProx-mu0.1,1.0,13,0.34215
7,2,MLP-FedProx-mu0.1,1.0,14,0.340549
7,2,MLP-FedProx-mu0.1,1.0,15,0.340546
7,2,MLP-FedProx-mu0.1,1.0,16,0.350977
7,2,MLP-FedProx-mu0.1,1.0,17,0.347401
7,2,MLP-FedProx-mu0.1,1.0,18,0.356497
7,2,MLP-FedProx-mu0.1,1.0,19,0.351739
7,2,MLP-FedProx-mu0.1,0.5,0,0.672552
7,2,MLP-FedProx-mu0.1,0.5,1,0.677469
7,2,MLP-FedProx-mu0.1,0.5,2,0.658343
7,2,MLP-FedProx-mu0.1,0.5,3,0.59275
7,2,MLP-FedProx-mu0.1,0.5,4,0.55414
7,2,MLP-FedProx-mu0.1,0.5,5,0.540072
7,2,MLP-FedProx-mu0.1,0.5,6,0.545427
7,2,MLP-FedProx-mu0.1,0.5,7,0.562911
7,2,MLP-FedProx-mu0.1,0.5,8,0.586249
7,2,MLP-FedProx-mu0.1,0.5,9,0.60586
7,2,MLP-FedProx-mu0.1,0.5,10,0.617738
7,2,MLP-FedProx-mu0.1,0.5,11,0.626483
7,2,MLP-FedProx-mu0.1,0.5,12,0.633598
7,2,MLP-FedProx-mu0.1,0.5,13,0.639823
7,2,MLP-FedProx-mu0.1,0.5,14,0.645241
7,2,MLP-FedProx-mu0.1,0.5,15,0.650658
7,2,MLP-FedProx-mu0.1,0.5,16,0.653508
7,2,MLP-FedProx-mu0.1,0.5,17,0.665952
7,2,MLP-FedProx-mu0.1,0.5,18,0.624185
7,2,MLP-FedProx-mu0.1,0.5,19,0.630653
7,2,MLP-FedProx-mu0.1,0.1,0,1.1232
7,2,MLP-FedProx-mu0.1,0.1,1,1.116572
7,2,MLP-FedProx-mu0.1,0.1,2,1.053143
7,2,MLP-FedProx-mu0.1,0.1,3,0.956477
7,2,MLP-FedProx-mu0.1,0.1,4,0.904346
7,2,MLP-FedProx-mu0.1,0.1,5,0.895317
7,2,MLP-FedProx-mu0.1,0.1,6,0.904756
7,2,MLP-FedProx-mu0.1,0.1,7,0.936519
7,2,MLP-FedProx-mu0.1,0.1,8,0.949746
7,2,MLP-FedProx-mu0.1,0.1,9,0.942898
7,2,MLP-FedProx-mu0.1,0.1,10,0.909489
7,2,MLP-FedProx-mu0.1,0.1,11,0.93155
7,2,MLP-FedProx-mu0.1,0.1,12,0.902334
7,2,MLP-FedProx-mu0.1,0.1,13,0.931928
7,2,MLP-FedProx-mu0.1,0.1,14,0.895839
7,2,MLP-FedProx-mu0.1,0.1,15,0.932018
7,2,MLP-FedProx-mu0.1,0.1,16,0.891828
7,2,MLP-FedProx-mu0.1,0.1,17,0.934063
7,2,MLP-FedProx-mu0.1,0.1,18,0.89059
7,2,MLP-FedProx-mu0.1,0.1,19,0.936396
7,2,MLP-FedProx-mu0.1,natural,0,0.668595
7,2,MLP-FedProx-mu0.1,natural,1,0.661328
7,2,MLP-FedProx-mu0.1,natural,2,0.621745
7,2,MLP-FedProx-mu0.1,natural,3,0.576416
7,2,MLP-FedProx-mu0.1,natural,4,0.523416
7,2,MLP-FedProx-mu0.1,natural,5,0.489493
7,2,MLP-FedProx-mu0.1,natural,6,0.470128
7,2,MLP-FedProx-mu0.1,natural,7,0.456921
7,2,MLP-FedProx-mu0.1,natural,8,0.454159
7,2,MLP-FedProx-mu0.1,natural,9,0.456484
7,2,MLP-FedProx-mu0.1,natural,10,0.46809
7,2,MLP-FedProx-mu0.1,natural,11,0.462394
7,2,MLP-FedProx-mu0.1,natural,12,0.454702
7,2,MLP-FedProx-mu0.1,natural,13,0.445478
7,2,MLP-FedProx-mu0.1,natural,14,0.445076
7,2,MLP-FedProx-mu0.1,natural,15,0.433949
7,2,MLP-FedProx-mu0.1,natural,16,0.440789
7,2,MLP-FedProx-mu0.1,natural,17,0.429008
7,2,MLP-FedProx-mu0.1,natural,18,0.438782
7,2,MLP-FedProx-mu0.1,natural,19,0.426554
7,3,MLP-FedProx-mu0.1,100,0,0.154006
7,3,MLP-FedProx-mu0.1,100,1,0.158329
7,3,MLP-FedProx-mu0.1,100,2,0.159887
7,3,MLP-FedProx-mu0.1,100,3,0.163678
7,3,MLP-FedProx-mu0.1,100,4,0.169227
7,3,MLP-FedProx-mu0.1,100,5,0.173408
7,3,MLP-FedProx-mu0.1,100,6,0.182095
7,3,MLP-FedProx-mu0.1,100,7,0.200618
7,3,MLP-FedProx-mu0.1,100,8,0.224093
7,3,MLP-FedProx-mu0.1,100,9,0.246771
7,3,MLP-FedProx-mu0.1,100,10,0.259763
7,3,MLP-FedProx-mu0.1,100,11,0.292922
7,3,MLP-FedProx-mu0.1,100,12,0.235995
7,3,MLP-FedProx-mu0.1,100,13,0.212396
7,3,MLP-FedProx-mu0.1,100,14,0.215918
7,3,MLP-FedProx-mu0.1,100,15,0.232468
7,3,MLP-FedProx-mu0.1,100,16,0.222566
7,3,MLP-FedProx-mu0.1,100,17,0.235966
7,3,MLP-FedProx-mu0.1,100,18,0.225652
7,3,MLP-FedProx-mu0.1,100,19,0.240932
7,3,MLP-FedProx-mu0.1,1.0,0,0.555758
7,3,MLP-FedProx-mu0.1,1.0,1,0.534884
7,3,MLP-FedProx-mu0.1,1.0,2,0.491437
7,3,MLP-FedProx-mu0.1,1.0,3,0.425485
7,3,MLP-FedProx-mu0.1,1.0,4,0.377941
7,3,MLP-FedProx-mu0.1,1.0,5,0.350575
7,3,MLP-FedProx-mu0.1,1.0,6,0.333589
7,3,MLP-FedProx-mu0.1,1.0,7,0.321679
7,3,MLP-FedProx-mu0.1,1.0,8,0.316575
7,3,MLP-FedProx-mu0.1,1.0,9,0.322662
7,3,MLP-FedProx-mu0.1,1.0,10,0.323008
7,3,MLP-FedProx-mu0.1,1.0,11,0.364254
7,3,MLP-FedProx-mu0.1,1.0,12,0.368012
7,3,MLP-FedProx-mu0.1,1.0,13,0.357474
7,3,MLP-FedProx-mu0.1,1.0,14,0.352147
7,3,MLP-FedProx-mu0.1,1.0,15,0.35344
7,3,MLP-FedProx-mu0.1,1.0,16,0.357097
7,3,MLP-FedProx-mu0.1,1.0,17,0.356461
7,3,MLP-FedProx-mu0.1,1.0,18,0.359334
7,3,MLP-FedProx-mu0.1,1.0,19,0.358105
7,3,MLP-FedProx-mu0.1,0.5,0,0.675677
7,3,MLP-FedProx-mu0.1,0.5,1,0.675447
7,3,MLP-FedProx-mu0.1,0.5,2,0.641547
7,3,MLP-FedProx-mu0.1,0.5,3,0.573829
7,3,MLP-FedProx-mu0.1,0.5,4,0.534083
7,3,MLP-FedProx-mu0.1,0.5,5,0.52848
7,3,MLP-FedProx-mu0.1,0.5,6,0.536881
7,3,MLP-FedProx-mu0.1,0.5,7,0.550238
7,3,MLP-FedProx-mu0.1,0.5,8,0.5643
7,3,MLP-FedProx-mu0.1,0.5,9,0.578791
7,3,MLP-FedProx-mu0.1,0.5,10,0.597624
7,3,MLP-FedProx-mu0.1,0.5,11,0.616413
7,3,MLP-FedProx-mu0.1,0.5,12,0.609048
7,3,MLP-FedProx-mu0.1,0.5,13,0.629019
7,3,MLP-FedProx-mu0.1,0.5,14,0.607966
7,3,MLP-FedProx-mu0.1,0.5,15,0.624357
7,3,MLP-FedProx-mu0.1,0.5,16,0.604521
7,3,MLP-FedProx-mu0.1,0.5,17,0.62095
7,3,MLP-FedProx-mu0.1,0.5,18,0.603686
7,3,MLP-FedProx-mu0.1,0.5,19,0.616967
7,3,MLP-FedProx-mu0.1,0.1,0,1.096581
7,3,MLP-FedProx-mu0.1,0.1,1,1.090261
7,3,MLP-FedProx-mu0.1,0.1,2,1.030219
7,3,MLP-FedProx-mu0.1,0.1,3,0.927754
7,3,MLP-FedProx-mu0.1,0.1,4,0.861485
7,3,MLP-FedProx-mu0.1,0.1,5,0.840512
7,3,MLP-FedProx-mu0.1,0.1,6,0.850147
7,3,MLP-FedProx-mu0.1,0.1,7,0.868507
7,3,MLP-FedProx-mu0.1,0.1,8,0.85293
7,3,MLP-FedProx-mu0.1,0.1,9,0.933508
7,3,MLP-FedProx-mu0.1,0.1,10,0.826464
7,3,MLP-FedProx-mu0.1,0.1,11,0.867999
7,3,MLP-FedProx-mu0.1,0.1,12,0.81131
7,3,MLP-FedProx-mu0.1,0.1,13,0.85701
7,3,MLP-FedProx-mu0.1,0.1,14,0.819823
7,3,MLP-FedProx-mu0.1,0.1,15,0.863813
7,3,MLP-FedProx-mu0.1,0.1,16,0.830727
7,3,MLP-FedProx-mu0.1,0.1,17,0.872798
7,3,MLP-FedProx-mu0.1,0.1,18,0.841098
7,3,MLP-FedProx-mu0.1,0.1,19,0.880878
7,3,MLP-FedProx-mu0.1,natural,0,0.697686
7,3,MLP-FedProx-mu0.1,natural,1,0.693078
7,3,MLP-FedProx-mu0.1,natural,2,0.654497
7,3,MLP-FedProx-mu0.1,natural,3,0.610312
7,3,MLP-FedProx-mu0.1,natural,4,0.556856
7,3,MLP-FedProx-mu0.1,natural,5,0.526874
7,3,MLP-FedProx-mu0.1,natural,6,0.513891
7,3,MLP-FedProx-mu0.1,natural,7,0.510067
7,3,MLP-FedProx-mu0.1,natural,8,0.506333
7,3,MLP-FedProx-mu0.1,natural,9,0.516128
7,3,MLP-FedProx-mu0.1,natural,10,0.505713
7,3,MLP-FedProx-mu0.1,natural,11,0.502799
7,3,MLP-FedProx-mu0.1,natural,12,0.500556
7,3,MLP-FedProx-mu0.1,natural,13,0.49231
7,3,MLP-FedProx-mu0.1,natural,14,0.489979
7,3,MLP-FedProx-mu0.1,natural,15,0.493336
7,3,MLP-FedProx-mu0.1,natural,16,0.488936
7,3,MLP-FedProx-mu0.1,natural,17,0.493299
7,3,MLP-FedProx-mu0.1,natural,18,0.487511
7,3,MLP-FedProx-mu0.1,natural,19,0.493758
7,4,MLP-FedProx-mu0.1,100,0,0.132818
7,4,MLP-FedProx-mu0.1,100,1,0.131938
7,4,MLP-FedProx-mu0.1,100,2,0.128742
7,4,MLP-FedProx-mu0.1,100,3,0.129024
7,4,MLP-FedProx-mu0.1,100,4,0.135714
7,4,MLP-FedProx-mu0.1,100,5,0.143897
7,4,MLP-FedProx-mu0.1,100,6,0.158002
7,4,MLP-FedProx-mu0.1,100,7,0.176807
7,4,MLP-FedProx-mu0.1,100,8,0.199257
7,4,MLP-FedProx-mu0.1,100,9,0.220436
7,4,MLP-FedProx-mu0.1,100,10,0.249572
7,4,MLP-FedProx-mu0.1,100,11,0.237879
7,4,MLP-FedProx-mu0.1,100,12,0.239206
7,4,MLP-FedProx-mu0.1,100,13,0.187744
7,4,MLP-FedProx-mu0.1,100,14,0.205414
7,4,MLP-FedProx-mu0.1,100,15,0.188536
7,4,MLP-FedProx-mu0.1,100,16,0.210229
7,4,MLP-FedProx-mu0.1,100,17,0.193577
7,4,MLP-FedProx-mu0.1,100,18,0.217077
7,4,MLP-FedProx-mu0.1,100,19,0.197539
7,4,MLP-FedProx-mu0.1,1.0,0,0.532484
7,4,MLP-FedProx-mu0.1,1.0,1,0.517395
7,4,MLP-FedProx-mu0.1,1.0,2,0.476038
7,4,MLP-FedProx-mu0.1,1.0,3,0.41621
7,4,MLP-FedProx-mu0.1,1.0,4,0.374461
7,4,MLP-FedProx-mu0.1,1.0,5,0.352695
7,4,MLP-FedProx-mu0.1,1.0,6,0.345185
7,4,MLP-FedProx-mu0.1,1.0,7,0.344394
7,4,MLP-FedProx-mu0.1,1.0,8,0.347305
7,4,MLP-FedProx-mu0.1,1.0,9,0.35161
7,4,MLP-FedProx-mu0.1,1.0,10,0.360063
7,4,MLP-FedProx-mu0.1,1.0,11,0.359635
7,4,MLP-FedProx-mu0.1,1.0,12,0.391964
7,4,MLP-FedProx-mu0.1,1.0,13,0.362621
7,4,MLP-FedProx-mu0.1,1.0,14,0.382727
7,4,MLP-FedProx-mu0.1,1.0,15,0.347325
7,4,MLP-FedProx-mu0.1,1.0,16,0.378321
7,4,MLP-FedProx-mu0.1,1.0,17,0.355737
7,4,MLP-FedProx-mu0.1,1.0,18,0.379386
7,4,MLP-FedProx-mu0.1,1.0,19,0.359619
7,4,MLP-FedProx-mu0.1,0.5,0,0.713015
7,4,MLP-FedProx-mu0.1,0.5,1,0.709375
7,4,MLP-FedProx-mu0.1,0.5,2,0.668509
7,4,MLP-FedProx-mu0.1,0.5,3,0.588541
7,4,MLP-FedProx-mu0.1,0.5,4,0.543701
7,4,MLP-FedProx-mu0.1,0.5,5,0.52766
7,4,MLP-FedProx-mu0.1,0.5,6,0.533065
7,4,MLP-FedProx-mu0.1,0.5,7,0.555883
7,4,MLP-FedProx-mu0.1,0.5,8,0.573787
7,4,MLP-FedProx-mu0.1,0.5,9,0.570442
7,4,MLP-FedProx-mu0.1,0.5,10,0.588422
7,4,MLP-FedProx-mu0.1,0.5,11,0.590443
7,4,MLP-FedProx-mu0.1,0.5,12,0.600407
7,4,MLP-FedProx-mu0.1,0.5,13,0.587455
7,4,MLP-FedProx-mu0.1,0.5,14,0.553578
7,4,MLP-FedProx-mu0.1,0.5,15,0.564699
7,4,MLP-FedProx-mu0.1,0.5,16,0.569516
7,4,MLP-FedProx-mu0.1,0.5,17,0.570711
7,4,MLP-FedProx-mu0.1,0.5,18,0.578416
7,4,MLP-FedProx-mu0.1,0.5,19,0.576795
7,4,MLP-FedProx-mu0.1,0.1,0,1.100619
7,4,MLP-FedProx-mu0.1,0.1,1,1.089482
7,4,MLP-FedProx-mu0.1,0.1,2,1.015188
7,4,MLP-FedProx-mu0.1,0.1,3,0.92017
7,4,MLP-FedProx-mu0.1,0.1,4,0.859026
7,4,MLP-FedProx-mu0.1,0.1,5,0.833253
7,4,MLP-FedProx-mu0.1,0.1,6,0.828296
7,4,MLP-FedProx-mu0.1,0.1,7,0.844532
7,4,MLP-FedProx-mu0.1,0.1,8,0.848403
7,4,MLP-FedProx-mu0.1,0.1,9,0.860755
7,4,MLP-FedProx-mu0.1,0.1,10,0.817392
7,4,MLP-FedProx-mu0.1,0.1,11,0.816683
7,4,MLP-FedProx-mu0.1,0.1,12,0.807899
7,4,MLP-FedProx-mu0.1,0.1,13,0.812676
7,4,MLP-FedProx-mu0.1,0.1,14,0.809649
7,4,MLP-FedProx-mu0.1,0.1,15,0.813832
7,4,MLP-FedProx-mu0.1,0.1,16,0.811187
7,4,MLP-FedProx-mu0.1,0.1,17,0.817012
7,4,MLP-FedProx-mu0.1,0.1,18,0.81253
7,4,MLP-FedProx-mu0.1,0.1,19,0.820823
7,4,MLP-FedProx-mu0.1,natural,0,0.685976
7,4,MLP-FedProx-mu0.1,natural,1,0.676987
7,4,MLP-FedProx-mu0.1,natural,2,0.632899
7,4,MLP-FedProx-mu0.1,natural,3,0.577614
7,4,MLP-FedProx-mu0.1,natural,4,0.514442
7,4,MLP-FedProx-mu0.1,natural,5,0.473944
7,4,MLP-FedProx-mu0.1,natural,6,0.450556
7,4,MLP-FedProx-mu0.1,natural,7,0.438585
7,4,MLP-FedProx-mu0.1,natural,8,0.433411
7,4,MLP-FedProx-mu0.1,natural,9,0.430973
7,4,MLP-FedProx-mu0.1,natural,10,0.429709
7,4,MLP-FedProx-mu0.1,natural,11,0.428856
7,4,MLP-FedProx-mu0.1,natural,12,0.427408
7,4,MLP-FedProx-mu0.1,natural,13,0.426683
7,4,MLP-FedProx-mu0.1,natural,14,0.423598
7,4,MLP-FedProx-mu0.1,natural,15,0.427735
7,4,MLP-FedProx-mu0.1,natural,16,0.423142
7,4,MLP-FedProx-mu0.1,natural,17,0.43445
7,4,MLP-FedProx-mu0.1,natural,18,0.423676
7,4,MLP-FedProx-mu0.1,natural,19,0.419043
8,0,MLP-FedProx-mu0.1,100,0,0.1073
8,0,MLP-FedProx-mu0.1,100,1,0.101462
8,0,MLP-FedProx-mu0.1,100,2,0.102922
8,0,MLP-FedProx-mu0.1,100,3,0.108054
8,0,MLP-FedProx-mu0.1,100,4,0.116244
8,0,MLP-FedProx-mu0.1,100,5,0.123063
8,0,MLP-FedProx-mu0.1,100,6,0.135599
8,0,MLP-FedProx-mu0.1,100,7,0.15272
8,0,MLP-FedProx-mu0.1,100,8,0.167558
8,0,MLP-FedProx-mu0.1,100,9,0.180698
8,0,MLP-FedProx-mu0.1,100,10,0.207862
8,0,MLP-FedProx-mu0.1,100,11,0.231808
8,0,MLP-FedProx-mu0.1,100,12,0.172371
8,0,MLP-FedProx-mu0.1,100,13,0.173163
8,0,MLP-FedProx-mu0.1,100,14,0.185692
8,0,MLP-FedProx-mu0.1,100,15,0.191663
8,0,MLP-FedProx-mu0.1,100,16,0.191556
8,0,MLP-FedProx-mu0.1,100,17,0.202263
8,0,MLP-FedProx-mu0.1,100,18,0.202369
8,0,MLP-FedProx-mu0.1,100,19,0.213501
8,0,MLP-FedProx-mu0.1,1.0,0,0.657688
8,0,MLP-FedProx-mu0.1,1.0,1,0.662705
8,0,MLP-FedProx-mu0.1,1.0,2,0.64555
8,0,MLP-FedProx-mu0.1,1.0,3,0.601196
8,0,MLP-FedProx-mu0.1,1.0,4,0.544329
8,0,MLP-FedProx-mu0.1,1.0,5,0.503529
8,0,MLP-FedProx-mu0.1,1.0,6,0.484973
8,0,MLP-FedProx-mu0.1,1.0,7,0.480518
8,0,MLP-FedProx-mu0.1,1.0,8,0.483102
8,0,MLP-FedProx-mu0.1,1.0,9,0.497644
8,0,MLP-FedProx-mu0.1,1.0,10,0.524533
8,0,MLP-FedProx-mu0.1,1.0,11,0.536736
8,0,MLP-FedProx-mu0.1,1.0,12,0.567492
8,0,MLP-FedProx-mu0.1,1.0,13,0.483777
8,0,MLP-FedProx-mu0.1,1.0,14,0.474816
8,0,MLP-FedProx-mu0.1,1.0,15,0.531217
8,0,MLP-FedProx-mu0.1,1.0,16,0.564542
8,0,MLP-FedProx-mu0.1,1.0,17,0.560962
8,0,MLP-FedProx-mu0.1,1.0,18,0.585815
8,0,MLP-FedProx-mu0.1,1.0,19,0.467524
8,0,MLP-FedProx-mu0.1,0.5,0,0.606778
8,0,MLP-FedProx-mu0.1,0.5,1,0.55476
8,0,MLP-FedProx-mu0.1,0.5,2,0.524947
8,0,MLP-FedProx-mu0.1,0.5,3,0.471058
8,0,MLP-FedProx-mu0.1,0.5,4,0.42447
8,0,MLP-FedProx-mu0.1,0.5,5,0.3975
8,0,MLP-FedProx-mu0.1,0.5,6,0.390501
8,0,MLP-FedProx-mu0.1,0.5,7,0.410618
8,0,MLP-FedProx-mu0.1,0.5,8,0.433927
8,0,MLP-FedProx-mu0.1,0.5,9,0.437081
8,0,MLP-FedProx-mu0.1,0.5,10,0.438536
8,0,MLP-FedProx-mu0.1,0.5,11,0.443781
8,0,MLP-FedProx-mu0.1,0.5,12,0.447916
8,0,MLP-FedProx-mu0.1,0.5,13,0.455645
8,0,MLP-FedProx-mu0.1,0.5,14,0.458713
8,0,MLP-FedProx-mu0.1,0.5,15,0.46972
8,0,MLP-FedProx-mu0.1,0.5,16,0.472636
8,0,MLP-FedProx-mu0.1,0.5,17,0.483321
8,0,MLP-FedProx-mu0.1,0.5,18,0.487739
8,0,MLP-FedProx-mu0.1,0.5,19,0.494291
8,0,MLP-FedProx-mu0.1,0.1,0,0.99353
8,0,MLP-FedProx-mu0.1,0.1,1,0.992943
8,0,MLP-FedProx-mu0.1,0.1,2,0.949014
8,0,MLP-FedProx-mu0.1,0.1,3,1.035409
8,0,MLP-FedProx-mu0.1,0.1,4,1.159696
8,0,MLP-FedProx-mu0.1,0.1,5,1.21433
8,0,MLP-FedProx-mu0.1,0.1,6,1.240084
8,0,MLP-FedProx-mu0.1,0.1,7,1.249742
8,0,MLP-FedProx-mu0.1,0.1,8,1.241569
8,0,MLP-FedProx-mu0.1,0.1,9,1.134237
8,0,MLP-FedProx-mu0.1,0.1,10,1.159942
8,0,MLP-FedProx-mu0.1,0.1,11,0.812259
8,0,MLP-FedProx-mu0.1,0.1,12,1.001603
8,0,MLP-FedProx-mu0.1,0.1,13,1.042393
8,0,MLP-FedProx-mu0.1,0.1,14,0.995176
8,0,MLP-FedProx-mu0.1,0.1,15,1.007078
8,0,MLP-FedProx-mu0.1,0.1,16,0.829506
8,0,MLP-FedProx-mu0.1,0.1,17,1.04652
8,0,MLP-FedProx-mu0.1,0.1,18,0.944369
8,0,MLP-FedProx-mu0.1,0.1,19,1.074287
8,0,MLP-FedProx-mu0.1,natural,0,0.682294
8,0,MLP-FedProx-mu0.1,natural,1,0.681902
8,0,MLP-FedProx-mu0.1,natural,2,0.659989
8,0,MLP-FedProx-mu0.1,natural,3,0.618146
8,0,MLP-FedProx-mu0.1,natural,4,0.572379
8,0,MLP-FedProx-mu0.1,natural,5,0.540349
8,0,MLP-FedProx-mu0.1,natural,6,0.518212
8,0,MLP-FedProx-mu0.1,natural,7,0.5009
8,0,MLP-FedProx-mu0.1,natural,8,0.490781
8,0,MLP-FedProx-mu0.1,natural,9,0.482643
8,0,MLP-FedProx-mu0.1,natural,10,0.473629
8,0,MLP-FedProx-mu0.1,natural,11,0.463632
8,0,MLP-FedProx-mu0.1,natural,12,0.474345
8,0,MLP-FedProx-mu0.1,natural,13,0.460038
8,0,MLP-FedProx-mu0.1,natural,14,0.446163
8,0,MLP-FedProx-mu0.1,natural,15,0.467865
8,0,MLP-FedProx-mu0.1,natural,16,0.454583
8,0,MLP-FedProx-mu0.1,natural,17,0.475792
8,0,MLP-FedProx-mu0.1,natural,18,0.453909
8,0,MLP-FedProx-mu0.1,natural,19,0.476572
8,1,MLP-FedProx-mu0.1,100,0,0.121207
8,1,MLP-FedProx-mu0.1,100,1,0.114685
8,1,MLP-FedProx-mu0.1,100,2,0.119056
8,1,MLP-FedProx-mu0.1,100,3,0.126821
8,1,MLP-FedProx-mu0.1,100,4,0.139035
8,1,MLP-FedProx-mu0.1,100,5,0.140993
8,1,MLP-FedProx-mu0.1,100,6,0.14223
8,1,MLP-FedProx-mu0.1,100,7,0.150785
8,1,MLP-FedProx-mu0.1,100,8,0.164426
8,1,MLP-FedProx-mu0.1,100,9,0.183939
8,1,MLP-FedProx-mu0.1,100,10,0.211621
8,1,MLP-FedProx-mu0.1,100,11,0.246732
8,1,MLP-FedProx-mu0.1,100,12,0.27395
8,1,MLP-FedProx-mu0.1,100,13,0.208285
8,1,MLP-FedProx-mu0.1,100,14,0.183343
8,1,MLP-FedProx-mu0.1,100,15,0.182907
8,1,MLP-FedProx-mu0.1,100,16,0.190201
8,1,MLP-FedProx-mu0.1,100,17,0.188789
8,1,MLP-FedProx-mu0.1,100,18,0.192507
8,1,MLP-FedProx-mu0.1,100,19,0.193967
8,1,MLP-FedProx-mu0.1,1.0,0,0.572112
8,1,MLP-FedProx-mu0.1,1.0,1,0.578275
8,1,MLP-FedProx-mu0.1,1.0,2,0.563989
8,1,MLP-FedProx-mu0.1,1.0,3,0.530197
8,1,MLP-FedProx-mu0.1,1.0,4,0.478997
8,1,MLP-FedProx-mu0.1,1.0,5,0.436965
8,1,MLP-FedProx-mu0.1,1.0,6,0.4181
8,1,MLP-FedProx-mu0.1,1.0,7,0.415573
8,1,MLP-FedProx-mu0.1,1.0,8,0.424875
8,1,MLP-FedProx-mu0.1,1.0,9,0.448434
8,1,MLP-FedProx-mu0.1,1.0,10,0.484281
8,1,MLP-FedProx-mu0.1,1.0,11,0.512636
8,1,MLP-FedProx-mu0.1,1.0,12,0.556552
8,1,MLP-FedProx-mu0.1,1.0,13,0.389553
8,1,MLP-FedProx-mu0.1,1.0,14,0.468086
8,1,MLP-FedProx-mu0.1,1.0,15,0.538627
8,1,MLP-FedProx-mu0.1,1.0,16,0.560374
8,1,MLP-FedProx-mu0.1,1.0,17,0.565763
8,1,MLP-FedProx-mu0.1,1.0,18,0.581138
8,1,MLP-FedProx-mu0.1,1.0,19,0.559668
8,1,MLP-FedProx-mu0.1,0.5,0,0.600551
8,1,MLP-FedProx-mu0.1,0.5,1,0.547614
8,1,MLP-FedProx-mu0.1,0.5,2,0.510105
8,1,MLP-FedProx-mu0.1,0.5,3,0.461475
8,1,MLP-FedProx-mu0.1,0.5,4,0.43538
8,1,MLP-FedProx-mu0.1,0.5,5,0.417755
8,1,MLP-FedProx-mu0.1,0.5,6,0.429421
8,1,MLP-FedProx-mu0.1,0.5,7,0.441847
8,1,MLP-FedProx-mu0.1,0.5,8,0.449087
8,1,MLP-FedProx-mu0.1,0.5,9,0.458007
8,1,MLP-FedProx-mu0.1,0.5,10,0.466799
8,1,MLP-FedProx-mu0.1,0.5,11,0.471069
8,1,MLP-FedProx-mu0.1,0.5,12,0.472748
8,1,MLP-FedProx-mu0.1,0.5,13,0.472865
8,1,MLP-FedProx-mu0.1,0.5,14,0.472922
8,1,MLP-FedProx-mu0.1,0.5,15,0.473679
8,1,MLP-FedProx-mu0.1,0.5,16,0.475457
8,1,MLP-FedProx-mu0.1,0.5,17,0.477661
8,1,MLP-FedProx-mu0.1,0.5,18,0.480005
8,1,MLP-FedProx-mu0.1,0.5,19,0.482123
8,1,MLP-FedProx-mu0.1,0.1,0,0.988278
8,1,MLP-FedProx-mu0.1,0.1,1,0.987917
8,1,MLP-FedProx-mu0.1,0.1,2,0.937148
8,1,MLP-FedProx-mu0.1,0.1,3,1.023535
8,1,MLP-FedProx-mu0.1,0.1,4,1.137958
8,1,MLP-FedProx-mu0.1,0.1,5,1.211251
8,1,MLP-FedProx-mu0.1,0.1,6,1.242699
8,1,MLP-FedProx-mu0.1,0.1,7,1.271708
8,1,MLP-FedProx-mu0.1,0.1,8,1.264416
8,1,MLP-FedProx-mu0.1,0.1,9,1.272405
8,1,MLP-FedProx-mu0.1,0.1,10,0.767335
8,1,MLP-FedProx-mu0.1,0.1,11,1.206212
8,1,MLP-FedProx-mu0.1,0.1,12,1.246566
8,1,MLP-FedProx-mu0.1,0.1,13,1.239375
8,1,MLP-FedProx-mu0.1,0.1,14,1.414126
8,1,MLP-FedProx-mu0.1,0.1,15,0.921298
8,1,MLP-FedProx-mu0.1,0.1,16,0.987045
8,1,MLP-FedProx-mu0.1,0.1,17,1.074214
8,1,MLP-FedProx-mu0.1,0.1,18,0.828841
8,1,MLP-FedProx-mu0.1,0.1,19,1.04154
8,1,MLP-FedProx-mu0.1,natural,0,0.668995
8,1,MLP-FedProx-mu0.1,natural,1,0.666602
8,1,MLP-FedProx-mu0.1,natural,2,0.645886
8,1,MLP-FedProx-mu0.1,natural,3,0.60911
8,1,MLP-FedProx-mu0.1,natural,4,0.570754
8,1,MLP-FedProx-mu0.1,natural,5,0.541757
8,1,MLP-FedProx-mu0.1,natural,6,0.519363
8,1,MLP-FedProx-mu0.1,natural,7,0.499913
8,1,MLP-FedProx-mu0.1,natural,8,0.487247
8,1,MLP-FedProx-mu0.1,natural,9,0.487319
8,1,MLP-FedProx-mu0.1,natural,10,0.496764
8,1,MLP-FedProx-mu0.1,natural,11,0.499138
8,1,MLP-FedProx-mu0.1,natural,12,0.500227
8,1,MLP-FedProx-mu0.1,natural,13,0.466175
8,1,MLP-FedProx-mu0.1,natural,14,0.49886
8,1,MLP-FedProx-mu0.1,natural,15,0.455171
8,1,MLP-FedProx-mu0.1,natural,16,0.452728
8,1,MLP-FedProx-mu0.1,natural,17,0.44226
8,1,MLP-FedProx-mu0.1,natural,18,0.460828
8,1,MLP-FedProx-mu0.1,natural,19,0.440206
8,2,MLP-FedProx-mu0.1,100,0,0.129054
8,2,MLP-FedProx-mu0.1,100,1,0.124186
8,2,MLP-FedProx-mu0.1,100,2,0.125776
8,2,MLP-FedProx-mu0.1,100,3,0.133729
8,2,MLP-FedProx-mu0.1,100,4,0.154643
8,2,MLP-FedProx-mu0.1,100,5,0.153194
8,2,MLP-FedProx-mu0.1,100,6,0.14977
8,2,MLP-FedProx-mu0.1,100,7,0.158188
8,2,MLP-FedProx-mu0.1,100,8,0.174642
8,2,MLP-FedProx-mu0.1,100,9,0.193855
8,2,MLP-FedProx-mu0.1,100,10,0.215825
8,2,MLP-FedProx-mu0.1,100,11,0.241711
8,2,MLP-FedProx-mu0.1,100,12,0.26977
8,2,MLP-FedProx-mu0.1,100,13,0.184532
8,2,MLP-FedProx-mu0.1,100,14,0.193464
8,2,MLP-FedProx-mu0.1,100,15,0.206864
8,2,MLP-FedProx-mu0.1,100,16,0.223501
8,2,MLP-FedProx-mu0.1,100,17,0.213853
8,2,MLP-FedProx-mu0.1,100,18,0.227361
8,2,MLP-FedProx-mu0.1,100,19,0.216476
8,2,MLP-FedProx-mu0.1,1.0,0,0.592506
8,2,MLP-FedProx-mu0.1,1.0,1,0.599666
8,2,MLP-FedProx-mu0.1,1.0,2,0.586971
8,2,MLP-FedProx-mu0.1,1.0,3,0.551986
8,2,MLP-FedProx-mu0.1,1.0,4,0.501218
8,2,MLP-FedProx-mu0.1,1.0,5,0.465381
8,2,MLP-FedProx-mu0.1,1.0,6,0.450677
8,2,MLP-FedProx-mu0.1,1.0,7,0.449808
8,2,MLP-FedProx-mu0.1,1.0,8,0.461726
8,2,MLP-FedProx-mu0.1,1.0,9,0.485214
8,2,MLP-FedProx-mu0.1,1.0,10,0.512931
8,2,MLP-FedProx-mu0.1,1.0,11,0.504328
8,2,MLP-FedProx-mu0.1,1.0,12,0.562662
8,2,MLP-FedProx-mu0.1,1.0,13,0.444989
8,2,MLP-FedProx-mu0.1,1.0,14,0.492472
8,2,MLP-FedProx-mu0.1,1.0,15,0.539365
8,2,MLP-FedProx-mu0.1,1.0,16,0.572242
8,2,MLP-FedProx-mu0.1,1.0,17,0.470867
8,2,MLP-FedProx-mu0.1,1.0,18,0.540528
8,2,MLP-FedProx-mu0.1,1.0,19,0.476925
8,2,MLP-FedProx-mu0.1,0.5,0,0.708339
8,2,MLP-FedProx-mu0.1,0.5,1,0.665439
8,2,MLP-FedProx-mu0.1,0.5,2,0.634415
8,2,MLP-FedProx-mu0.1,0.5,3,0.588858
8,2,MLP-FedProx-mu0.1,0.5,4,0.537393
8,2,MLP-FedProx-mu0.1,0.5,5,0.484839
8,2,MLP-FedProx-mu0.1,0.5,6,0.444211
8,2,MLP-FedProx-mu0.1,0.5,7,0.41942
8,2,MLP-FedProx-mu0.1,0.5,8,0.412063
8,2,MLP-FedProx-mu0.1,0.5,9,0.424503
8,2,MLP-FedProx-mu0.1,0.5,10,0.429621
8,2,MLP-FedProx-mu0.1,0.5,11,0.42183
8,2,MLP-FedProx-mu0.1,0.5,12,0.417131
8,2,MLP-FedProx-mu0.1,0.5,13,0.412489
8,2,MLP-FedProx-mu0.1,0.5,14,0.408431
8,2,MLP-FedProx-mu0.1,0.5,15,0.408172
8,2,MLP-FedProx-mu0.1,0.5,16,0.412726
8,2,MLP-FedProx-mu0.1,0.5,17,0.421204
8,2,MLP-FedProx-mu0.1,0.5,18,0.429546
8,2,MLP-FedProx-mu0.1,0.5,19,0.434257
8,2,MLP-FedProx-mu0.1,0.1,0,0.99573
8,2,MLP-FedProx-mu0.1,0.1,1,0.995921
8,2,MLP-FedProx-mu0.1,0.1,2,0.952117
8,2,MLP-FedProx-mu0.1,0.1,3,1.033794
8,2,MLP-FedProx-mu0.1,0.1,4,1.152344
8,2,MLP-FedProx-mu0.1,0.1,5,1.213108
8,2,MLP-FedProx-mu0.1,0.1,6,1.244058
8,2,MLP-FedProx-mu0.1,0.1,7,1.262385
8,2,MLP-FedProx-mu0.1,0.1,8,1.282841
8,2,MLP-FedProx-mu0.1,0.1,9,1.268957
8,2,MLP-FedProx-mu0.1,0.1,10,1.341734
8,2,MLP-FedProx-mu0.1,0.1,11,0.866641
8,2,MLP-FedProx-mu0.1,0.1,12,1.082409
8,2,MLP-FedProx-mu0.1,0.1,13,1.060525
8,2,MLP-FedProx-mu0.1,0.1,14,0.926326
8,2,MLP-FedProx-mu0.1,0.1,15,1.075944
8,2,MLP-FedProx-mu0.1,0.1,16,0.936011
8,2,MLP-FedProx-mu0.1,0.1,17,1.0958
8,2,MLP-FedProx-mu0.1,0.1,18,0.947168
8,2,MLP-FedProx-mu0.1,0.1,19,1.104091
8,2,MLP-FedProx-mu0.1,natural,0,0.673801
8,2,MLP-FedProx-mu0.1,natural,1,0.670391
8,2,MLP-FedProx-mu0.1,natural,2,0.645024
8,2,MLP-FedProx-mu0.1,natural,3,0.603867
8,2,MLP-FedProx-mu0.1,natural,4,0.560366
8,2,MLP-FedProx-mu0.1,natural,5,0.5276
8,2,MLP-FedProx-mu0.1,natural,6,0.503774
8,2,MLP-FedProx-mu0.1,natural,7,0.485465
8,2,MLP-FedProx-mu0.1,natural,8,0.47348
8,2,MLP-FedProx-mu0.1,natural,9,0.466081
8,2,MLP-FedProx-mu0.1,natural,10,0.461473
8,2,MLP-FedProx-mu0.1,natural,11,0.460555
8,2,MLP-FedProx-mu0.1,natural,12,0.459548
8,2,MLP-FedProx-mu0.1,natural,13,0.471854
8,2,MLP-FedProx-mu0.1,natural,14,0.47621
8,2,MLP-FedProx-mu0.1,natural,15,0.414186
8,2,MLP-FedProx-mu0.1,natural,16,0.455323
8,2,MLP-FedProx-mu0.1,natural,17,0.426044
8,2,MLP-FedProx-mu0.1,natural,18,0.46084
8,2,MLP-FedProx-mu0.1,natural,19,0.424993
8,3,MLP-FedProx-mu0.1,100,0,0.170052
8,3,MLP-FedProx-mu0.1,100,1,0.162968
8,3,MLP-FedProx-mu0.1,100,2,0.161625
8,3,MLP-FedProx-mu0.1,100,3,0.164168
8,3,MLP-FedProx-mu0.1,100,4,0.178754
8,3,MLP-FedProx-mu0.1,100,5,0.182111
8,3,MLP-FedProx-mu0.1,100,6,0.188081
8,3,MLP-FedProx-mu0.1,100,7,0.203063
8,3,MLP-FedProx-mu0.1,100,8,0.223454
8,3,MLP-FedProx-mu0.1,100,9,0.24551
8,3,MLP-FedProx-mu0.1,100,10,0.261393
8,3,MLP-FedProx-mu0.1,100,11,0.290135
8,3,MLP-FedProx-mu0.1,100,12,0.181777
8,3,MLP-FedProx-mu0.1,100,13,0.196694
8,3,MLP-FedProx-mu0.1,100,14,0.208688
8,3,MLP-FedProx-mu0.1,100,15,0.215314
8,3,MLP-FedProx-mu0.1,100,16,0.213671
8,3,MLP-FedProx-mu0.1,100,17,0.215619
8,3,MLP-FedProx-mu0.1,100,18,0.219506
8,3,MLP-FedProx-mu0.1,100,19,0.217598
8,3,MLP-FedProx-mu0.1,1.0,0,0.585445
8,3,MLP-FedProx-mu0.1,1.0,1,0.586168
8,3,MLP-FedProx-mu0.1,1.0,2,0.564343
8,3,MLP-FedProx-mu0.1,1.0,3,0.512761
8,3,MLP-FedProx-mu0.1,1.0,4,0.448924
8,3,MLP-FedProx-mu0.1,1.0,5,0.409355
8,3,MLP-FedProx-mu0.1,1.0,6,0.391396
8,3,MLP-FedProx-mu0.1,1.0,7,0.383555
8,3,MLP-FedProx-mu0.1,1.0,8,0.384917
8,3,MLP-FedProx-mu0.1,1.0,9,0.391805
8,3,MLP-FedProx-mu0.1,1.0,10,0.400084
8,3,MLP-FedProx-mu0.1,1.0,11,0.422225
8,3,MLP-FedProx-mu0.1,1.0,12,0.409125
8,3,MLP-FedProx-mu0.1,1.0,13,0.406245
8,3,MLP-FedProx-mu0.1,1.0,14,0.376478
8,3,MLP-FedProx-mu0.1,1.0,15,0.406377
8,3,MLP-FedProx-mu0.1,1.0,16,0.376426
8,3,MLP-FedProx-mu0.1,1.0,17,0.4079
8,3,MLP-FedProx-mu0.1,1.0,18,0.382433
8,3,MLP-FedProx-mu0.1,1.0,19,0.408908
8,3,MLP-FedProx-mu0.1,0.5,0,0.712944
8,3,MLP-FedProx-mu0.1,0.5,1,0.659141
8,3,MLP-FedProx-mu0.1,0.5,2,0.606983
8,3,MLP-FedProx-mu0.1,0.5,3,0.542525
8,3,MLP-FedProx-mu0.1,0.5,4,0.482167
8,3,MLP-FedProx-mu0.1,0.5,5,0.443683
8,3,MLP-FedProx-mu0.1,0.5,6,0.436169
8,3,MLP-FedProx-mu0.1,0.5,7,0.430141
8,3,MLP-FedProx-mu0.1,0.5,8,0.419802
8,3,MLP-FedProx-mu0.1,0.5,9,0.412372
8,3,MLP-FedProx-mu0.1,0.5,10,0.41283
8,3,MLP-FedProx-mu0.1,0.5,11,0.416688
8,3,MLP-FedProx-mu0.1,0.5,12,0.419765
8,3,MLP-FedProx-mu0.1,0.5,13,0.421637
8,3,MLP-FedProx-mu0.1,0.5,14,0.422872
8,3,MLP-FedProx-mu0.1,0.5,15,0.423731
8,3,MLP-FedProx-mu0.1,0.5,16,0.424327
8,3,MLP-FedProx-mu0.1,0.5,17,0.424767
8,3,MLP-FedProx-mu0.1,0.5,18,0.425184
8,3,MLP-FedProx-mu0.1,0.5,19,0.425695
8,3,MLP-FedProx-mu0.1,0.1,0,0.993338
8,3,MLP-FedProx-mu0.1,0.1,1,0.985761
8,3,MLP-FedProx-mu0.1,0.1,2,0.939064
8,3,MLP-FedProx-mu0.1,0.1,3,1.041616
8,3,MLP-FedProx-mu0.1,0.1,4,1.170009
8,3,MLP-FedProx-mu0.1,0.1,5,1.218574
8,3,MLP-FedProx-mu0.1,0.1,6,1.243329
8,3,MLP-FedProx-mu0.1,0.1,7,1.24172
8,3,MLP-FedProx-mu0.1,0.1,8,1.255036
8,3,MLP-FedProx-mu0.1,0.1,9,1.021974
8,3,MLP-FedProx-mu0.1,0.1,10,1.274117
8,3,MLP-FedProx-mu0.1,0.1,11,0.832956
8,3,MLP-FedProx-mu0.1,0.1,12,0.958332
8,3,MLP-FedProx-mu0.1,0.1,13,0.952027
8,3,MLP-FedProx-mu0.1,0.1,14,0.954006
8,3,MLP-FedProx-mu0.1,0.1,15,0.872247
8,3,MLP-FedProx-mu0.1,0.1,16,0.982255
8,3,MLP-FedProx-mu0.1,0.1,17,0.916622
8,3,MLP-FedProx-mu0.1,0.1,18,1.000746
8,3,MLP-FedProx-mu0.1,0.1,19,0.960212
8,3,MLP-FedProx-mu0.1,natural,0,0.671706
8,3,MLP-FedProx-mu0.1,natural,1,0.663938
8,3,MLP-FedProx-mu0.1,natural,2,0.632478
8,3,MLP-FedProx-mu0.1,natural,3,0.586681
8,3,MLP-FedProx-mu0.1,natural,4,0.547273
8,3,MLP-FedProx-mu0.1,natural,5,0.520223
8,3,MLP-FedProx-mu0.1,natural,6,0.498634
8,3,MLP-FedProx-mu0.1,natural,7,0.4824
8,3,MLP-FedProx-mu0.1,natural,8,0.476554
8,3,MLP-FedProx-mu0.1,natural,9,0.475704
8,3,MLP-FedProx-mu0.1,natural,10,0.455152
8,3,MLP-FedProx-mu0.1,natural,11,0.491417
8,3,MLP-FedProx-mu0.1,natural,12,0.467317
8,3,MLP-FedProx-mu0.1,natural,13,0.430861
8,3,MLP-FedProx-mu0.1,natural,14,0.426976
8,3,MLP-FedProx-mu0.1,natural,15,0.438102
8,3,MLP-FedProx-mu0.1,natural,16,0.426952
8,3,MLP-FedProx-mu0.1,natural,17,0.439807
8,3,MLP-FedProx-mu0.1,natural,18,0.425018
8,3,MLP-FedProx-mu0.1,natural,19,0.441245
8,4,MLP-FedProx-mu0.1,100,0,0.157647
8,4,MLP-FedProx-mu0.1,100,1,0.152843
8,4,MLP-FedProx-mu0.1,100,2,0.151341
8,4,MLP-FedProx-mu0.1,100,3,0.152616
8,4,MLP-FedProx-mu0.1,100,4,0.158697
8,4,MLP-FedProx-mu0.1,100,5,0.157446
8,4,MLP-FedProx-mu0.1,100,6,0.158411
8,4,MLP-FedProx-mu0.1,100,7,0.165809
8,4,MLP-FedProx-mu0.1,100,8,0.17741
8,4,MLP-FedProx-mu0.1,100,9,0.194398
8,4,MLP-FedProx-mu0.1,100,10,0.22065
8,4,MLP-FedProx-mu0.1,100,11,0.244612
8,4,MLP-FedProx-mu0.1,100,12,0.296546
8,4,MLP-FedProx-mu0.1,100,13,0.209151
8,4,MLP-FedProx-mu0.1,100,14,0.214525
8,4,MLP-FedProx-mu0.1,100,15,0.224483
8,4,MLP-FedProx-mu0.1,100,16,0.225131
8,4,MLP-FedProx-mu0.1,100,17,0.233575
8,4,MLP-FedProx-mu0.1,100,18,0.229173
8,4,MLP-FedProx-mu0.1,100,19,0.238643
8,4,MLP-FedProx-mu0.1,1.0,0,0.626455
8,4,MLP-FedProx-mu0.1,1.0,1,0.631569
8,4,MLP-FedProx-mu0.1,1.0,2,0.613089
8,4,MLP-FedProx-mu0.1,1.0,3,0.57624
8,4,MLP-FedProx-mu0.1,1.0,4,0.538477
8,4,MLP-FedProx-mu0.1,1.0,5,0.51313
8,4,MLP-FedProx-mu0.1,1.0,6,0.498905
8,4,MLP-FedProx-mu0.1,1.0,7,0.493991
8,4,MLP-FedProx-mu0.1,1.0,8,0.497212
8,4,MLP-FedProx-mu0.1,1.0,9,0.5089
8,4,MLP-FedProx-mu0.1,1.0,10,0.52538
8,4,MLP-FedProx-mu0.1,1.0,11,0.543706
8,4,MLP-FedProx-mu0.1,1.0,12,0.568358
8,4,MLP-FedProx-mu0.1,1.0,13,0.553153
8,4,MLP-FedProx-mu0.1,1.0,14,0.547488
8,4,MLP-FedProx-mu0.1,1.0,15,0.543257
8,4,MLP-FedProx-mu0.1,1.0,16,0.566232
8,4,MLP-FedProx-mu0.1,1.0,17,0.530447
8,4,MLP-FedProx-mu0.1,1.0,18,0.556254
8,4,MLP-FedProx-mu0.1,1.0,19,0.561007
8,4,MLP-FedProx-mu0.1,0.5,0,0.580438
8,4,MLP-FedProx-mu0.1,0.5,1,0.532372
8,4,MLP-FedProx-mu0.1,0.5,2,0.499757
8,4,MLP-FedProx-mu0.1,0.5,3,0.45613
8,4,MLP-FedProx-mu0.1,0.5,4,0.423084
8,4,MLP-FedProx-mu0.1,0.5,5,0.397098
8,4,MLP-FedProx-mu0.1,0.5,6,0.394361
8,4,MLP-FedProx-mu0.1,0.5,7,0.414959
8,4,MLP-FedProx-mu0.1,0.5,8,0.449997
8,4,MLP-FedProx-mu0.1,0.5,9,0.442784
8,4,MLP-FedProx-mu0.1,0.5,10,0.404437
8,4,MLP-FedProx-mu0.1,0.5,11,0.398612
8,4,MLP-FedProx-mu0.1,0.5,12,0.399231
8,4,MLP-FedProx-mu0.1,0.5,13,0.403477
8,4,MLP-FedProx-mu0.1,0.5,14,0.412351
8,4,MLP-FedProx-mu0.1,0.5,15,0.425529
8,4,MLP-FedProx-mu0.1,0.5,16,0.442114
8,4,MLP-FedProx-mu0.1,0.5,17,0.460442
8,4,MLP-FedProx-mu0.1,0.5,18,0.476923
8,4,MLP-FedProx-mu0.1,0.5,19,0.488932
8,4,MLP-FedProx-mu0.1,0.1,0,0.98543
8,4,MLP-FedProx-mu0.1,0.1,1,0.986673
8,4,MLP-FedProx-mu0.1,0.1,2,0.943561
8,4,MLP-FedProx-mu0.1,0.1,3,1.026245
8,4,MLP-FedProx-mu0.1,0.1,4,1.131548
8,4,MLP-FedProx-mu0.1,0.1,5,1.190975
8,4,MLP-FedProx-mu0.1,0.1,6,1.230996
8,4,MLP-FedProx-mu0.1,0.1,7,1.248013
8,4,MLP-FedProx-mu0.1,0.1,8,1.291121
8,4,MLP-FedProx-mu0.1,0.1,9,1.18906
8,4,MLP-FedProx-mu0.1,0.1,10,1.276453
8,4,MLP-FedProx-mu0.1,0.1,11,0.840874
8,4,MLP-FedProx-mu0.1,0.1,12,1.021013
8,4,MLP-FedProx-mu0.1,0.1,13,1.033524
8,4,MLP-FedProx-mu0.1,0.1,14,0.937498
8,4,MLP-FedProx-mu0.1,0.1,15,0.909797
8,4,MLP-FedProx-mu0.1,0.1,16,1.03131
8,4,MLP-FedProx-mu0.1,0.1,17,0.890209
8,4,MLP-FedProx-mu0.1,0.1,18,1.029493
8,4,MLP-FedProx-mu0.1,0.1,19,0.904919
8,4,MLP-FedProx-mu0.1,natural,0,0.659384
8,4,MLP-FedProx-mu0.1,natural,1,0.655371
8,4,MLP-FedProx-mu0.1,natural,2,0.629501
8,4,MLP-FedProx-mu0.1,natural,3,0.591404
8,4,MLP-FedProx-mu0.1,natural,4,0.555344
8,4,MLP-FedProx-mu0.1,natural,5,0.528425
8,4,MLP-FedProx-mu0.1,natural,6,0.507563
8,4,MLP-FedProx-mu0.1,natural,7,0.489879
8,4,MLP-FedProx-mu0.1,natural,8,0.477103
8,4,MLP-FedProx-mu0.1,natural,9,0.470453
8,4,MLP-FedProx-mu0.1,natural,10,0.468712
8,4,MLP-FedProx-mu0.1,natural,11,0.471523
8,4,MLP-FedProx-mu0.1,natural,12,0.477083
8,4,MLP-FedProx-mu0.1,natural,13,0.48054
8,4,MLP-FedProx-mu0.1,natural,14,0.482214
8,4,MLP-FedProx-mu0.1,natural,15,0.480207
8,4,MLP-FedProx-mu0.1,natural,16,0.482331
8,4,MLP-FedProx-mu0.1,natural,17,0.470585
8,4,MLP-FedProx-mu0.1,natural,18,0.491693
8,4,MLP-FedProx-mu0.1,natural,19,0.445012
9,0,MLP-FedProx-mu0.1,100,0,0.140296
9,0,MLP-FedProx-mu0.1,100,1,0.1505
9,0,MLP-FedProx-mu0.1,100,2,0.173291
9,0,MLP-FedProx-mu0.1,100,3,0.198921
9,0,MLP-FedProx-mu0.1,100,4,0.227799
9,0,MLP-FedProx-mu0.1,100,5,0.252739
9,0,MLP-FedProx-mu0.1,100,6,0.272263
9,0,MLP-FedProx-mu0.1,100,7,0.264808
9,0,MLP-FedProx-mu0.1,100,8,0.263136
9,0,MLP-FedProx-mu0.1,100,9,0.249505
9,0,MLP-FedProx-mu0.1,100,10,0.247861
9,0,MLP-FedProx-mu0.1,100,11,0.235463
9,0,MLP-FedProx-mu0.1,100,12,0.238219
9,0,MLP-FedProx-mu0.1,100,13,0.225906
9,0,MLP-FedProx-mu0.1,100,14,0.233278
9,0,MLP-FedProx-mu0.1,100,15,0.220345
9,0,MLP-FedProx-mu0.1,100,16,0.230733
9,0,MLP-FedProx-mu0.1,100,17,0.217846
9,0,MLP-FedProx-mu0.1,100,18,0.229609
9,0,MLP-FedProx-mu0.1,100,19,0.217832
9,0,MLP-FedProx-mu0.1,1.0,0,0.884013
9,0,MLP-FedProx-mu0.1,1.0,1,0.877205
9,0,MLP-FedProx-mu0.1,1.0,2,0.894204
9,0,MLP-FedProx-mu0.1,1.0,3,0.899624
9,0,MLP-FedProx-mu0.1,1.0,4,0.94452
9,0,MLP-FedProx-mu0.1,1.0,5,0.926888
9,0,MLP-FedProx-mu0.1,1.0,6,0.901314
9,0,MLP-FedProx-mu0.1,1.0,7,0.899938
9,0,MLP-FedProx-mu0.1,1.0,8,0.896851
9,0,MLP-FedProx-mu0.1,1.0,9,0.882941
9,0,MLP-FedProx-mu0.1,1.0,10,0.887824
9,0,MLP-FedProx-mu0.1,1.0,11,0.888805
9,0,MLP-FedProx-mu0.1,1.0,12,0.883905
9,0,MLP-FedProx-mu0.1,1.0,13,0.883719
9,0,MLP-FedProx-mu0.1,1.0,14,0.881386
9,0,MLP-FedProx-mu0.1,1.0,15,0.87887
9,0,MLP-FedProx-mu0.1,1.0,16,0.87918
9,0,MLP-FedProx-mu0.1,1.0,17,0.87514
9,0,MLP-FedProx-mu0.1,1.0,18,0.876576
9,0,MLP-FedProx-mu0.1,1.0,19,0.872461
9,0,MLP-FedProx-mu0.1,0.5,0,0.858767
9,0,MLP-FedProx-mu0.1,0.5,1,0.864328
9,0,MLP-FedProx-mu0.1,0.5,2,0.880774
9,0,MLP-FedProx-mu0.1,0.5,3,0.902899
9,0,MLP-FedProx-mu0.1,0.5,4,0.923466
9,0,MLP-FedProx-mu0.1,0.5,5,0.940415
9,0,MLP-FedProx-mu0.1,0.5,6,0.951122
9,0,MLP-FedProx-mu0.1,0.5,7,0.958517
9,0,MLP-FedProx-mu0.1,0.5,8,0.954502
9,0,MLP-FedProx-mu0.1,0.5,9,0.936459
9,0,MLP-FedProx-mu0.1,0.5,10,0.941198
9,0,MLP-FedProx-mu0.1,0.5,11,0.847344
9,0,MLP-FedProx-mu0.1,0.5,12,0.946862
9,0,MLP-FedProx-mu0.1,0.5,13,0.874065
9,0,MLP-FedProx-mu0.1,0.5,14,1.039157
9,0,MLP-FedProx-mu0.1,0.5,15,0.827889
9,0,MLP-FedProx-mu0.1,0.5,16,1.052221
9,0,MLP-FedProx-mu0.1,0.5,17,0.77743
9,0,MLP-FedProx-mu0.1,0.5,18,1.050772
9,0,MLP-FedProx-mu0.1,0.5,19,0.743062
9,0,MLP-FedProx-mu0.1,0.1,0,0.908246
9,0,MLP-FedProx-mu0.1,0.1,1,0.876109
9,0,MLP-FedProx-mu0.1,0.1,2,0.844035
9,0,MLP-FedProx-mu0.1,0.1,3,0.818684
9,0,MLP-FedProx-mu0.1,0.1,4,0.803035
9,0,MLP-FedProx-mu0.1,0.1,5,0.794237
9,0,MLP-FedProx-mu0.1,0.1,6,0.789423
9,0,MLP-FedProx-mu0.1,0.1,7,0.786401
9,0,MLP-FedProx-mu0.1,0.1,8,0.783847
9,0,MLP-FedProx-mu0.1,0.1,9,0.781394
9,0,MLP-FedProx-mu0.1,0.1,10,0.779095
9,0,MLP-FedProx-mu0.1,0.1,11,0.777041
9,0,MLP-FedProx-mu0.1,0.1,12,0.775286
9,0,MLP-FedProx-mu0.1,0.1,13,0.773856
9,0,MLP-FedProx-mu0.1,0.1,14,0.772769
9,0,MLP-FedProx-mu0.1,0.1,15,0.772042
9,0,MLP-FedProx-mu0.1,0.1,16,0.771686
9,0,MLP-FedProx-mu0.1,0.1,17,0.771695
9,0,MLP-FedProx-mu0.1,0.1,18,0.772055
9,0,MLP-FedProx-mu0.1,0.1,19,0.772742
9,0,MLP-FedProx-mu0.1,natural,0,0.542392
9,0,MLP-FedProx-mu0.1,natural,1,0.51898
9,0,MLP-FedProx-mu0.1,natural,2,0.504989
9,0,MLP-FedProx-mu0.1,natural,3,0.49439
9,0,MLP-FedProx-mu0.1,natural,4,0.486129
9,0,MLP-FedProx-mu0.1,natural,5,0.480261
9,0,MLP-FedProx-mu0.1,natural,6,0.475252
9,0,MLP-FedProx-mu0.1,natural,7,0.47087
9,0,MLP-FedProx-mu0.1,natural,8,0.470042
9,0,MLP-FedProx-mu0.1,natural,9,0.457104
9,0,MLP-FedProx-mu0.1,natural,10,0.470546
9,0,MLP-FedProx-mu0.1,natural,11,0.489526
9,0,MLP-FedProx-mu0.1,natural,12,0.459067
9,0,MLP-FedProx-mu0.1,natural,13,0.473777
9,0,MLP-FedProx-mu0.1,natural,14,0.461373
9,0,MLP-FedProx-mu0.1,natural,15,0.467293
9,0,MLP-FedProx-mu0.1,natural,16,0.463144
9,0,MLP-FedProx-mu0.1,natural,17,0.461708
9,0,MLP-FedProx-mu0.1,natural,18,0.463713
9,0,MLP-FedProx-mu0.1,natural,19,0.456655
9,1,MLP-FedProx-mu0.1,100,0,0.169793
9,1,MLP-FedProx-mu0.1,100,1,0.182394
9,1,MLP-FedProx-mu0.1,100,2,0.208315
9,1,MLP-FedProx-mu0.1,100,3,0.239827
9,1,MLP-FedProx-mu0.1,100,4,0.275334
9,1,MLP-FedProx-mu0.1,100,5,0.321083
9,1,MLP-FedProx-mu0.1,100,6,0.349239
9,1,MLP-FedProx-mu0.1,100,7,0.367505
9,1,MLP-FedProx-mu0.1,100,8,0.348229
9,1,MLP-FedProx-mu0.1,100,9,0.36455
9,1,MLP-FedProx-mu0.1,100,10,0.342007
9,1,MLP-FedProx-mu0.1,100,11,0.349397
9,1,MLP-FedProx-mu0.1,100,12,0.339451
9,1,MLP-FedProx-mu0.1,100,13,0.338317
9,1,MLP-FedProx-mu0.1,100,14,0.334338
9,1,MLP-FedProx-mu0.1,100,15,0.331588
9,1,MLP-FedProx-mu0.1,100,16,0.32898
9,1,MLP-FedProx-mu0.1,100,17,0.326684
9,1,MLP-FedProx-mu0.1,100,18,0.32464
9,1,MLP-FedProx-mu0.1,100,19,0.322845
9,1,MLP-FedProx-mu0.1,1.0,0,0.891114
9,1,MLP-FedProx-mu0.1,1.0,1,0.890338
9,1,MLP-FedProx-mu0.1,1.0,2,0.917587
9,1,MLP-FedProx-mu0.1,1.0,3,0.904491
9,1,MLP-FedProx-mu0.1,1.0,4,0.932137
9,1,MLP-FedProx-mu0.1,1.0,5,0.907181
9,1,MLP-FedProx-mu0.1,1.0,6,0.932072
9,1,MLP-FedProx-mu0.1,1.0,7,0.96222
9,1,MLP-FedProx-mu0.1,1.0,8,0.906871
9,1,MLP-FedProx-mu0.1,1.0,9,0.90786
9,1,MLP-FedProx-mu0.1,1.0,10,0.884814
9,1,MLP-FedProx-mu0.1,1.0,11,0.939932
9,1,MLP-FedProx-mu0.1,1.0,12,0.889495
9,1,MLP-FedProx-mu0.1,1.0,13,0.91027
9,1,MLP-FedProx-mu0.1,1.0,14,0.913447
9,1,MLP-FedProx-mu0.1,1.0,15,0.902399
9,1,MLP-FedProx-mu0.1,1.0,16,0.898968
9,1,MLP-FedProx-mu0.1,1.0,17,0.931313
9,1,MLP-FedProx-mu0.1,1.0,18,0.897889
9,1,MLP-FedProx-mu0.1,1.0,19,0.889306
9,1,MLP-FedProx-mu0.1,0.5,0,0.868595
9,1,MLP-FedProx-mu0.1,0.5,1,0.874566
9,1,MLP-FedProx-mu0.1,0.5,2,0.889712
9,1,MLP-FedProx-mu0.1,0.5,3,0.907574
9,1,MLP-FedProx-mu0.1,0.5,4,0.925282
9,1,MLP-FedProx-mu0.1,0.5,5,0.940123
9,1,MLP-FedProx-mu0.1,0.5,6,0.948337
9,1,MLP-FedProx-mu0.1,0.5,7,0.955479
9,1,MLP-FedProx-mu0.1,0.5,8,0.94012
9,1,MLP-FedProx-mu0.1,0.5,9,0.917337
9,1,MLP-FedProx-mu0.1,0.5,10,0.933243
9,1,MLP-FedProx-mu0.1,0.5,11,0.905474
9,1,MLP-FedProx-mu0.1,0.5,12,0.921271
9,1,MLP-FedProx-mu0.1,0.5,13,0.877666
9,1,MLP-FedProx-mu0.1,0.5,14,0.918484
9,1,MLP-FedProx-mu0.1,0.5,15,0.889263
9,1,MLP-FedProx-mu0.1,0.5,16,0.915881
9,1,MLP-FedProx-mu0.1,0.5,17,0.841947
9,1,MLP-FedProx-mu0.1,0.5,18,1.0226
9,1,MLP-FedProx-mu0.1,0.5,19,0.829574
9,1,MLP-FedProx-mu0.1,0.1,0,0.911678
9,1,MLP-FedProx-mu0.1,0.1,1,0.880506
9,1,MLP-FedProx-mu0.1,0.1,2,0.857722
9,1,MLP-FedProx-mu0.1,0.1,3,0.840413
9,1,MLP-FedProx-mu0.1,0.1,4,0.829113
9,1,MLP-FedProx-mu0.1,0.1,5,0.820999
9,1,MLP-FedProx-mu0.1,0.1,6,0.81266
9,1,MLP-FedProx-mu0.1,0.1,7,0.802127
9,1,MLP-FedProx-mu0.1,0.1,8,0.790763
9,1,MLP-FedProx-mu0.1,0.1,9,0.781558
9,1,MLP-FedProx-mu0.1,0.1,10,0.77508
9,1,MLP-FedProx-mu0.1,0.1,11,0.770144
9,1,MLP-FedProx-mu0.1,0.1,12,0.766571
9,1,MLP-FedProx-mu0.1,0.1,13,0.764204
9,1,MLP-FedProx-mu0.1,0.1,14,0.762868
9,1,MLP-FedProx-mu0.1,0.1,15,0.762405
9,1,MLP-FedProx-mu0.1,0.1,16,0.762674
9,1,MLP-FedProx-mu0.1,0.1,17,0.76355
9,1,MLP-FedProx-mu0.1,0.1,18,0.764927
9,1,MLP-FedProx-mu0.1,0.1,19,0.766715
9,1,MLP-FedProx-mu0.1,natural,0,0.524844
9,1,MLP-FedProx-mu0.1,natural,1,0.498397
9,1,MLP-FedProx-mu0.1,natural,2,0.483312
9,1,MLP-FedProx-mu0.1,natural,3,0.473207
9,1,MLP-FedProx-mu0.1,natural,4,0.466428
9,1,MLP-FedProx-mu0.1,natural,5,0.462002
9,1,MLP-FedProx-mu0.1,natural,6,0.461856
9,1,MLP-FedProx-mu0.1,natural,7,0.467069
9,1,MLP-FedProx-mu0.1,natural,8,0.473775
9,1,MLP-FedProx-mu0.1,natural,9,0.479566
9,1,MLP-FedProx-mu0.1,natural,10,0.481838
9,1,MLP-FedProx-mu0.1,natural,11,0.487163
9,1,MLP-FedProx-mu0.1,natural,12,0.477867
9,1,MLP-FedProx-mu0.1,natural,13,0.494936
9,1,MLP-FedProx-mu0.1,natural,14,0.487417
9,1,MLP-FedProx-mu0.1,natural,15,0.441564
9,1,MLP-FedProx-mu0.1,natural,16,0.460066
9,1,MLP-FedProx-mu0.1,natural,17,0.457982
9,1,MLP-FedProx-mu0.1,natural,18,0.457498
9,1,MLP-FedProx-mu0.1,natural,19,0.451711
9,2,MLP-FedProx-mu0.1,100,0,0.192987
9,2,MLP-FedProx-mu0.1,100,1,0.203974
9,2,MLP-FedProx-mu0.1,100,2,0.227142
9,2,MLP-FedProx-mu0.1,100,3,0.254518
9,2,MLP-FedProx-mu0.1,100,4,0.287553
9,2,MLP-FedProx-mu0.1,100,5,0.318058
9,2,MLP-FedProx-mu0.1,100,6,0.34181
9,2,MLP-FedProx-mu0.1,100,7,0.354458
9,2,MLP-FedProx-mu0.1,100,8,0.34848
9,2,MLP-FedProx-mu0.1,100,9,0.36012
9,2,MLP-FedProx-mu0.1,100,10,0.335336
9,2,MLP-FedProx-mu0.1,100,11,0.35655
9,2,MLP-FedProx-mu0.1,100,12,0.319752
9,2,MLP-FedProx-mu0.1,100,13,0.348538
9,2,MLP-FedProx-mu0.1,100,14,0.311085
9,2,MLP-FedProx-mu0.1,100,15,0.340458
9,2,MLP-FedProx-mu0.1,100,16,0.303978
9,2,MLP-FedProx-mu0.1,100,17,0.335092
9,2,MLP-FedProx-mu0.1,100,18,0.29826
9,2,MLP-FedProx-mu0.1,100,19,0.32842
9,2,MLP-FedProx-mu0.1,1.0,0,0.87755
9,2,MLP-FedProx-mu0.1,1.0,1,0.874198
9,2,MLP-FedProx-mu0.1,1.0,2,0.898883
9,2,MLP-FedProx-mu0.1,1.0,3,0.892241
9,2,MLP-FedProx-mu0.1,1.0,4,0.889123
9,2,MLP-FedProx-mu0.1,1.0,5,0.945093
9,2,MLP-FedProx-mu0.1,1.0,6,0.874414
9,2,MLP-FedProx-mu0.1,1.0,7,0.932246
9,2,MLP-FedProx-mu0.1,1.0,8,0.874544
9,2,MLP-FedProx-mu0.1,1.0,9,0.924142
9,2,MLP-FedProx-mu0.1,1.0,10,0.880299
9,2,MLP-FedProx-mu0.1,1.0,11,0.919246
9,2,MLP-FedProx-mu0.1,1.0,12,0.887653
9,2,MLP-FedProx-mu0.1,1.0,13,0.917292
9,2,MLP-FedProx-mu0.1,1.0,14,0.895224
9,2,MLP-FedProx-mu0.1,1.0,15,0.918251
9,2,MLP-FedProx-mu0.1,1.0,16,0.902948
9,2,MLP-FedProx-mu0.1,1.0,17,0.920783
9,2,MLP-FedProx-mu0.1,1.0,18,0.909988
9,2,MLP-FedProx-mu0.1,1.0,19,0.923808
9,2,MLP-FedProx-mu0.1,0.5,0,0.853493
9,2,MLP-FedProx-mu0.1,0.5,1,0.871498
9,2,MLP-FedProx-mu0.1,0.5,2,0.888774
9,2,MLP-FedProx-mu0.1,0.5,3,0.910129
9,2,MLP-FedProx-mu0.1,0.5,4,0.928126
9,2,MLP-FedProx-mu0.1,0.5,5,0.946207
9,2,MLP-FedProx-mu0.1,0.5,6,0.953556
9,2,MLP-FedProx-mu0.1,0.5,7,0.986014
9,2,MLP-FedProx-mu0.1,0.5,8,1.026511
9,2,MLP-FedProx-mu0.1,0.5,9,0.930093
9,2,MLP-FedProx-mu0.1,0.5,10,1.016439
9,2,MLP-FedProx-mu0.1,0.5,11,0.787931
9,2,MLP-FedProx-mu0.1,0.5,12,1.037488
9,2,MLP-FedProx-mu0.1,0.5,13,0.799589
9,2,MLP-FedProx-mu0.1,0.5,14,1.032658
9,2,MLP-FedProx-mu0.1,0.5,15,0.748598
9,2,MLP-FedProx-mu0.1,0.5,16,1.041298
9,2,MLP-FedProx-mu0.1,0.5,17,0.724357
9,2,MLP-FedProx-mu0.1,0.5,18,1.028299
9,2,MLP-FedProx-mu0.1,0.5,19,0.867958
9,2,MLP-FedProx-mu0.1,0.1,0,0.89361
9,2,MLP-FedProx-mu0.1,0.1,1,0.852561
9,2,MLP-FedProx-mu0.1,0.1,2,0.828748
9,2,MLP-FedProx-mu0.1,0.1,3,0.810749
9,2,MLP-FedProx-mu0.1,0.1,4,0.798312
9,2,MLP-FedProx-mu0.1,0.1,5,0.789505
9,2,MLP-FedProx-mu0.1,0.1,6,0.782069
9,2,MLP-FedProx-mu0.1,0.1,7,0.774112
9,2,MLP-FedProx-mu0.1,0.1,8,0.76529
9,2,MLP-FedProx-mu0.1,0.1,9,0.756578
9,2,MLP-FedProx-mu0.1,0.1,10,0.74848
9,2,MLP-FedProx-mu0.1,0.1,11,0.741294
9,2,MLP-FedProx-mu0.1,0.1,12,0.735452
9,2,MLP-FedProx-mu0.1,0.1,13,0.731049
9,2,MLP-FedProx-mu0.1,0.1,14,0.727799
9,2,MLP-FedProx-mu0.1,0.1,15,0.725413
9,2,MLP-FedProx-mu0.1,0.1,16,0.723703
9,2,MLP-FedProx-mu0.1,0.1,17,0.72255
9,2,MLP-FedProx-mu0.1,0.1,18,0.721868
9,2,MLP-FedProx-mu0.1,0.1,19,0.721589
9,2,MLP-FedProx-mu0.1,natural,0,0.546034
9,2,MLP-FedProx-mu0.1,natural,1,0.515971
9,2,MLP-FedProx-mu0.1,natural,2,0.50078
9,2,MLP-FedProx-mu0.1,natural,3,0.489197
9,2,MLP-FedProx-mu0.1,natural,4,0.479186
9,2,MLP-FedProx-mu0.1,natural,5,0.470124
9,2,MLP-FedProx-mu0.1,natural,6,0.463558
9,2,MLP-FedProx-mu0.1,natural,7,0.458695
9,2,MLP-FedProx-mu0.1,natural,8,0.458403
9,2,MLP-FedProx-mu0.1,natural,9,0.449414
9,2,MLP-FedProx-mu0.1,natural,10,0.47047
9,2,MLP-FedProx-mu0.1,natural,11,0.45288
9,2,MLP-FedProx-mu0.1,natural,12,0.422792
9,2,MLP-FedProx-mu0.1,natural,13,0.438003
9,2,MLP-FedProx-mu0.1,natural,14,0.416307
9,2,MLP-FedProx-mu0.1,natural,15,0.432288
9,2,MLP-FedProx-mu0.1,natural,16,0.412518
9,2,MLP-FedProx-mu0.1,natural,17,0.428863
9,2,MLP-FedProx-mu0.1,natural,18,0.410823
9,2,MLP-FedProx-mu0.1,natural,19,0.426245
9,3,MLP-FedProx-mu0.1,100,0,0.188603
9,3,MLP-FedProx-mu0.1,100,1,0.198923
9,3,MLP-FedProx-mu0.1,100,2,0.226838
9,3,MLP-FedProx-mu0.1,100,3,0.253205
9,3,MLP-FedProx-mu0.1,100,4,0.280645
9,3,MLP-FedProx-mu0.1,100,5,0.309986
9,3,MLP-FedProx-mu0.1,100,6,0.338019
9,3,MLP-FedProx-mu0.1,100,7,0.350799
9,3,MLP-FedProx-mu0.1,100,8,0.348718
9,3,MLP-FedProx-mu0.1,100,9,0.349032
9,3,MLP-FedProx-mu0.1,100,10,0.341868
9,3,MLP-FedProx-mu0.1,100,11,0.34093
9,3,MLP-FedProx-mu0.1,100,12,0.335298
9,3,MLP-FedProx-mu0.1,100,13,0.334216
9,3,MLP-FedProx-mu0.1,100,14,0.329256
9,3,MLP-FedProx-mu0.1,100,15,0.328487
9,3,MLP-FedProx-mu0.1,100,16,0.322723
9,3,MLP-FedProx-mu0.1,100,17,0.323639
9,3,MLP-FedProx-mu0.1,100,18,0.313091
9,3,MLP-FedProx-mu0.1,100,19,0.321371
9,3,MLP-FedProx-mu0.1,1.0,0,0.906019
9,3,MLP-FedProx-mu0.1,1.0,1,0.909191
9,3,MLP-FedProx-mu0.1,1.0,2,0.937739
9,3,MLP-FedProx-mu0.1,1.0,3,0.962329
9,3,MLP-FedProx-mu0.1,1.0,4,0.987316
9,3,MLP-FedProx-mu0.1,1.0,5,0.908641
9,3,MLP-FedProx-mu0.1,1.0,6,0.940354
9,3,MLP-FedProx-mu0.1,1.0,7,0.933308
9,3,MLP-FedProx-mu0.1,1.0,8,0.912661
9,3,MLP-FedProx-mu0.1,1.0,9,0.977914
9,3,MLP-FedProx-mu0.1,1.0,10,0.922883
9,3,MLP-FedProx-mu0.1,1.0,11,0.908641
9,3,MLP-FedProx-mu0.1,1.0,12,0.913686
9,3,MLP-FedProx-mu0.1,1.0,13,0.909468
9,3,MLP-FedProx-mu0.1,1.0,14,0.925733
9,3,MLP-FedProx-mu0.1,1.0,15,0.919919
9,3,MLP-FedProx-mu0.1,1.0,16,0.921993
9,3,MLP-FedProx-mu0.1,1.0,17,0.929682
9,3,MLP-FedProx-mu0.1,1.0,18,0.912188
9,3,MLP-FedProx-mu0.1,1.0,19,0.885406
9,3,MLP-FedProx-mu0.1,0.5,0,0.84684
9,3,MLP-FedProx-mu0.1,0.5,1,0.838328
9,3,MLP-FedProx-mu0.1,0.5,2,0.837943
9,3,MLP-FedProx-mu0.1,0.5,3,0.839056
9,3,MLP-FedProx-mu0.1,0.5,4,0.836794
9,3,MLP-FedProx-mu0.1,0.5,5,0.839315
9,3,MLP-FedProx-mu0.1,0.5,6,0.824398
9,3,MLP-FedProx-mu0.1,0.5,7,0.820314
9,3,MLP-FedProx-mu0.1,0.5,8,0.882044
9,3,MLP-FedProx-mu0.1,0.5,9,0.780306
9,3,MLP-FedProx-mu0.1,0.5,10,0.908887
9,3,MLP-FedProx-mu0.1,0.5,11,0.758841
9,3,MLP-FedProx-mu0.1,0.5,12,0.917329
9,3,MLP-FedProx-mu0.1,0.5,13,0.734641
9,3,MLP-FedProx-mu0.1,0.5,14,0.83942
9,3,MLP-FedProx-mu0.1,0.5,15,0.751727
9,3,MLP-FedProx-mu0.1,0.5,16,0.904542
9,3,MLP-FedProx-mu0.1,0.5,17,0.722776
9,3,MLP-FedProx-mu0.1,0.5,18,0.855219
9,3,MLP-FedProx-mu0.1,0.5,19,0.74665
9,3,MLP-FedProx-mu0.1,0.1,0,0.943409
9,3,MLP-FedProx-mu0.1,0.1,1,0.920692
9,3,MLP-FedProx-mu0.1,0.1,2,0.898305
9,3,MLP-FedProx-mu0.1,0.1,3,0.88667
9,3,MLP-FedProx-mu0.1,0.1,4,0.882746
9,3,MLP-FedProx-mu0.1,0.1,5,0.878564
9,3,MLP-FedProx-mu0.1,0.1,6,0.874058
9,3,MLP-FedProx-mu0.1,0.1,7,0.870483
9,3,MLP-FedProx-mu0.1,0.1,8,0.867754
9,3,MLP-FedProx-mu0.1,0.1,9,0.865586
9,3,MLP-FedProx-mu0.1,0.1,10,0.863656
9,3,MLP-FedProx-mu0.1,0.1,11,0.861652
9,3,MLP-FedProx-mu0.1,0.1,12,0.859404
9,3,MLP-FedProx-mu0.1,0.1,13,0.856897
9,3,MLP-FedProx-mu0.1,0.1,14,0.854193
9,3,MLP-FedProx-mu0.1,0.1,15,0.851357
9,3,MLP-FedProx-mu0.1,0.1,16,0.848439
9,3,MLP-FedProx-mu0.1,0.1,17,0.845476
9,3,MLP-FedProx-mu0.1,0.1,18,0.842509
9,3,MLP-FedProx-mu0.1,0.1,19,0.83959
9,3,MLP-FedProx-mu0.1,natural,0,0.554772
9,3,MLP-FedProx-mu0.1,natural,1,0.52522
9,3,MLP-FedProx-mu0.1,natural,2,0.508362
9,3,MLP-FedProx-mu0.1,natural,3,0.497938
9,3,MLP-FedProx-mu0.1,natural,4,0.490886
9,3,MLP-FedProx-mu0.1,natural,5,0.491178
9,3,MLP-FedProx-mu0.1,natural,6,0.50122
9,3,MLP-FedProx-mu0.1,natural,7,0.487816
9,3,MLP-FedProx-mu0.1,natural,8,0.505853
9,3,MLP-FedProx-mu0.1,natural,9,0.466401
9,3,MLP-FedProx-mu0.1,natural,10,0.478867
9,3,MLP-FedProx-mu0.1,natural,11,0.480436
9,3,MLP-FedProx-mu0.1,natural,12,0.475548
9,3,MLP-FedProx-mu0.1,natural,13,0.473686
9,3,MLP-FedProx-mu0.1,natural,14,0.477
9,3,MLP-FedProx-mu0.1,natural,15,0.471135
9,3,MLP-FedProx-mu0.1,natural,16,0.4871
9,3,MLP-FedProx-mu0.1,natural,17,0.470268
9,3,MLP-FedProx-mu0.1,natural,18,0.493243
9,3,MLP-FedProx-mu0.1,natural,19,0.469287
9,4,MLP-FedProx-mu0.1,100,0,0.14158
9,4,MLP-FedProx-mu0.1,100,1,0.15042
9,4,MLP-FedProx-mu0.1,100,2,0.169135
9,4,MLP-FedProx-mu0.1,100,3,0.194518
9,4,MLP-FedProx-mu0.1,100,4,0.238743
9,4,MLP-FedProx-mu0.1,100,5,0.28795
9,4,MLP-FedProx-mu0.1,100,6,0.330575
9,4,MLP-FedProx-mu0.1,100,7,0.271391
9,4,MLP-FedProx-mu0.1,100,8,0.307429
9,4,MLP-FedProx-mu0.1,100,9,0.193122
9,4,MLP-FedProx-mu0.1,100,10,0.247284
9,4,MLP-FedProx-mu0.1,100,11,0.186903
9,4,MLP-FedProx-mu0.1,100,12,0.273462
9,4,MLP-FedProx-mu0.1,100,13,0.182326
9,4,MLP-FedProx-mu0.1,100,14,0.265639
9,4,MLP-FedProx-mu0.1,100,15,0.187571
9,4,MLP-FedProx-mu0.1,100,16,0.266371
9,4,MLP-FedProx-mu0.1,100,17,0.192164
9,4,MLP-FedProx-mu0.1,100,18,0.26618
9,4,MLP-FedProx-mu0.1,100,19,0.19568
9,4,MLP-FedProx-mu0.1,1.0,0,0.899179
9,4,MLP-FedProx-mu0.1,1.0,1,0.898923
9,4,MLP-FedProx-mu0.1,1.0,2,0.927836
9,4,MLP-FedProx-mu0.1,1.0,3,0.91182
9,4,MLP-FedProx-mu0.1,1.0,4,0.903252
9,4,MLP-FedProx-mu0.1,1.0,5,0.903169
9,4,MLP-FedProx-mu0.1,1.0,6,0.932032
9,4,MLP-FedProx-mu0.1,1.0,7,0.896271
9,4,MLP-FedProx-mu0.1,1.0,8,0.895645
9,4,MLP-FedProx-mu0.1,1.0,9,0.888602
9,4,MLP-FedProx-mu0.1,1.0,10,0.898906
9,4,MLP-FedProx-mu0.1,1.0,11,0.968563
9,4,MLP-FedProx-mu0.1,1.0,12,0.951663
9,4,MLP-FedProx-mu0.1,1.0,13,0.897342
9,4,MLP-FedProx-mu0.1,1.0,14,0.934402
9,4,MLP-FedProx-mu0.1,1.0,15,0.915905
9,4,MLP-FedProx-mu0.1,1.0,16,0.904305
9,4,MLP-FedProx-mu0.1,1.0,17,0.990846
9,4,MLP-FedProx-mu0.1,1.0,18,0.93497
9,4,MLP-FedProx-mu0.1,1.0,19,0.90492
9,4,MLP-FedProx-mu0.1,0.5,0,0.893124
9,4,MLP-FedProx-mu0.1,0.5,1,0.895067
9,4,MLP-FedProx-mu0.1,0.5,2,0.910243
9,4,MLP-FedProx-mu0.1,0.5,3,0.923743
9,4,MLP-FedProx-mu0.1,0.5,4,0.936844
9,4,MLP-FedProx-mu0.1,0.5,5,0.945893
9,4,MLP-FedProx-mu0.1,0.5,6,0.95192
9,4,MLP-FedProx-mu0.1,0.5,7,0.955239
9,4,MLP-FedProx-mu0.1,0.5,8,0.962146
9,4,MLP-FedProx-mu0.1,0.5,9,0.992247
9,4,MLP-FedProx-mu0.1,0.5,10,0.958812
9,4,MLP-FedProx-mu0.1,0.5,11,0.970857
9,4,MLP-FedProx-mu0.1,0.5,12,1.026512
9,4,MLP-FedProx-mu0.1,0.5,13,0.8996
9,4,MLP-FedProx-mu0.1,0.5,14,1.057233
9,4,MLP-FedProx-mu0.1,0.5,15,0.784239
9,4,MLP-FedProx-mu0.1,0.5,16,0.963039
9,4,MLP-FedProx-mu0.1,0.5,17,0.873462
9,4,MLP-FedProx-mu0.1,0.5,18,0.96651
9,4,MLP-FedProx-mu0.1,0.5,19,0.873917
9,4,MLP-FedProx-mu0.1,0.1,0,0.934231
9,4,MLP-FedProx-mu0.1,0.1,1,0.899639
9,4,MLP-FedProx-mu0.1,0.1,2,0.862172
9,4,MLP-FedProx-mu0.1,0.1,3,0.837803
9,4,MLP-FedProx-mu0.1,0.1,4,0.820781
9,4,MLP-FedProx-mu0.1,0.1,5,0.807238
9,4,MLP-FedProx-mu0.1,0.1,6,0.796518
9,4,MLP-FedProx-mu0.1,0.1,7,0.787691
9,4,MLP-FedProx-mu0.1,0.1,8,0.781253
9,4,MLP-FedProx-mu0.1,0.1,9,0.776428
9,4,MLP-FedProx-mu0.1,0.1,10,0.772711
9,4,MLP-FedProx-mu0.1,0.1,11,0.769924
9,4,MLP-FedProx-mu0.1,0.1,12,0.767857
9,4,MLP-FedProx-mu0.1,0.1,13,0.766372
9,4,MLP-FedProx-mu0.1,0.1,14,0.765373
9,4,MLP-FedProx-mu0.1,0.1,15,0.76479
9,4,MLP-FedProx-mu0.1,0.1,16,0.764562
9,4,MLP-FedProx-mu0.1,0.1,17,0.764633
9,4,MLP-FedProx-mu0.1,0.1,18,0.764955
9,4,MLP-FedProx-mu0.1,0.1,19,0.765487
9,4,MLP-FedProx-mu0.1,natural,0,0.510192
9,4,MLP-FedProx-mu0.1,natural,1,0.481949
9,4,MLP-FedProx-mu0.1,natural,2,0.464582
9,4,MLP-FedProx-mu0.1,natural,3,0.454336
9,4,MLP-FedProx-mu0.1,natural,4,0.449483
9,4,MLP-FedProx-mu0.1,natural,5,0.457404
9,4,MLP-FedProx-mu0.1,natural,6,0.467704
9,4,MLP-FedProx-mu0.1,natural,7,0.46187
9,4,MLP-FedProx-mu0.1,natural,8,0.513363
9,4,MLP-FedProx-mu0.1,natural,9,0.481776
9,4,MLP-FedProx-mu0.1,natural,10,0.411999
9,4,MLP-FedProx-mu0.1,natural,11,0.414034
9,4,MLP-FedProx-mu0.1,natural,12,0.431634
9,4,MLP-FedProx-mu0.1,natural,13,0.405356
9,4,MLP-FedProx-mu0.1,natural,14,0.427712
9,4,MLP-FedProx-mu0.1,natural,15,0.39809
9,4,MLP-FedProx-mu0.1,natural,16,0.43086
9,4,MLP-FedProx-mu0.1,natural,17,0.395694
9,4,MLP-FedProx-mu0.1,natural,18,0.430083
9,4,MLP-FedProx-mu0.1,natural,19,0.393451
