seed,fold,model,condition,round,mean_pairwise_l2
0,0,VQC,0.1,0,0.611929
0,0,VQC,0.1,1,0.598459
0,0,VQC,0.1,2,0.576575
0,0,VQC,0.1,3,0.546991
0,0,VQC,0.1,4,0.512624
0,0,VQC,0.1,5,0.477094
0,0,VQC,0.1,6,0.443572
0,0,VQC,0.1,7,0.41421
0,0,VQC,0.1,8,0.389781
0,0,VQC,0.1,9,0.370018
0,0,VQC,0.1,10,0.354246
0,0,VQC,0.1,11,0.341762
0,0,VQC,0.1,12,0.331932
0,0,VQC,0.1,13,0.3242
0,0,VQC,0.1,14,0.318075
0,0,VQC,0.1,15,0.313118
0,0,VQC,0.1,16,0.30895
0,0,VQC,0.1,17,0.305248
0,0,VQC,0.1,18,0.301758
0,0,VQC,0.1,19,0.298295
0,1,VQC,0.1,0,0.623462
0,1,VQC,0.1,1,0.610377
0,1,VQC,0.1,2,0.589829
0,1,VQC,0.1,3,0.561255
0,1,VQC,0.1,4,0.526548
0,1,VQC,0.1,5,0.489244
0,1,VQC,0.1,6,0.452697
0,1,VQC,0.1,7,0.419415
0,1,VQC,0.1,8,0.390817
0,1,VQC,0.1,9,0.367295
0,1,VQC,0.1,10,0.348562
0,1,VQC,0.1,11,0.334018
0,1,VQC,0.1,12,0.322971
0,1,VQC,0.1,13,0.31474
0,1,VQC,0.1,14,0.308702
0,1,VQC,0.1,15,0.304312
0,1,VQC,0.1,16,0.301099
0,1,VQC,0.1,17,0.298663
0,1,VQC,0.1,18,0.296663
0,1,VQC,0.1,19,0.294815
0,2,VQC,0.1,0,0.597858
0,2,VQC,0.1,1,0.585528
0,2,VQC,0.1,2,0.56601
0,2,VQC,0.1,3,0.540096
0,2,VQC,0.1,4,0.509911
0,2,VQC,0.1,5,0.478135
0,2,VQC,0.1,6,0.44718
0,2,VQC,0.1,7,0.418759
0,2,VQC,0.1,8,0.393813
0,2,VQC,0.1,9,0.372652
0,2,VQC,0.1,10,0.355165
0,2,VQC,0.1,11,0.340989
0,2,VQC,0.1,12,0.329626
0,2,VQC,0.1,13,0.320538
0,2,VQC,0.1,14,0.313207
0,2,VQC,0.1,15,0.307162
0,2,VQC,0.1,16,0.302001
0,2,VQC,0.1,17,0.29739
0,2,VQC,0.1,18,0.293075
0,2,VQC,0.1,19,0.288878
0,3,VQC,0.1,0,0.619777
0,3,VQC,0.1,1,0.600154
0,3,VQC,0.1,2,0.570979
0,3,VQC,0.1,3,0.534457
0,3,VQC,0.1,4,0.49435
0,3,VQC,0.1,5,0.45518
0,3,VQC,0.1,6,0.420287
0,3,VQC,0.1,7,0.390972
0,3,VQC,0.1,8,0.367164
0,3,VQC,0.1,9,0.348294
0,3,VQC,0.1,10,0.333675
0,3,VQC,0.1,11,0.322617
0,3,VQC,0.1,12,0.314461
0,3,VQC,0.1,13,0.308606
0,3,VQC,0.1,14,0.30452
0,3,VQC,0.1,15,0.301746
0,3,VQC,0.1,16,0.29989
0,3,VQC,0.1,17,0.298617
0,3,VQC,0.1,18,0.297642
0,3,VQC,0.1,19,0.296727
0,4,VQC,0.1,0,0.621541
0,4,VQC,0.1,1,0.609789
0,4,VQC,0.1,2,0.590147
0,4,VQC,0.1,3,0.562324
0,4,VQC,0.1,4,0.528603
0,4,VQC,0.1,5,0.492348
0,4,VQC,0.1,6,0.45696
0,4,VQC,0.1,7,0.424938
0,4,VQC,0.1,8,0.397488
0,4,VQC,0.1,9,0.37479
0,4,VQC,0.1,10,0.356483
0,4,VQC,0.1,11,0.342006
0,4,VQC,0.1,12,0.330754
0,4,VQC,0.1,13,0.322145
0,4,VQC,0.1,14,0.31565
0,4,VQC,0.1,15,0.310795
0,4,VQC,0.1,16,0.307172
0,4,VQC,0.1,17,0.304433
0,4,VQC,0.1,18,0.302279
0,4,VQC,0.1,19,0.300455
1,0,VQC,0.1,0,0.675516
1,0,VQC,0.1,1,0.645952
1,0,VQC,0.1,2,0.60792
1,0,VQC,0.1,3,0.565404
1,0,VQC,0.1,4,0.52088
1,0,VQC,0.1,5,0.477636
1,0,VQC,0.1,6,0.438185
1,0,VQC,0.1,7,0.403968
1,0,VQC,0.1,8,0.375314
1,0,VQC,0.1,9,0.351728
1,0,VQC,0.1,10,0.332318
1,0,VQC,0.1,11,0.316143
1,0,VQC,0.1,12,0.302401
1,0,VQC,0.1,13,0.290503
1,0,VQC,0.1,14,0.280085
1,0,VQC,0.1,15,0.27099
1,0,VQC,0.1,16,0.263204
1,0,VQC,0.1,17,0.256747
1,0,VQC,0.1,18,0.251579
1,0,VQC,0.1,19,0.247572
1,1,VQC,0.1,0,0.659629
1,1,VQC,0.1,1,0.635312
1,1,VQC,0.1,2,0.60281
1,1,VQC,0.1,3,0.564618
1,1,VQC,0.1,4,0.522896
1,1,VQC,0.1,5,0.481232
1,1,VQC,0.1,6,0.442569
1,1,VQC,0.1,7,0.408703
1,1,VQC,0.1,8,0.380185
1,1,VQC,0.1,9,0.356646
1,1,VQC,0.1,10,0.337293
1,1,VQC,0.1,11,0.321268
1,1,VQC,0.1,12,0.307818
1,1,VQC,0.1,13,0.296365
1,1,VQC,0.1,14,0.286524
1,1,VQC,0.1,15,0.278109
1,1,VQC,0.1,16,0.27107
1,1,VQC,0.1,17,0.265374
1,1,VQC,0.1,18,0.260907
1,1,VQC,0.1,19,0.257486
1,2,VQC,0.1,0,0.627089
1,2,VQC,0.1,1,0.605642
1,2,VQC,0.1,2,0.575859
1,2,VQC,0.1,3,0.543132
1,2,VQC,0.1,4,0.507192
1,2,VQC,0.1,5,0.469871
1,2,VQC,0.1,6,0.433663
1,2,VQC,0.1,7,0.400815
1,2,VQC,0.1,8,0.372525
1,2,VQC,0.1,9,0.348866
1,2,VQC,0.1,10,0.32934
1,2,VQC,0.1,11,0.313312
1,2,VQC,0.1,12,0.300158
1,2,VQC,0.1,13,0.289272
1,2,VQC,0.1,14,0.28006
1,2,VQC,0.1,15,0.272048
1,2,VQC,0.1,16,0.265109
1,2,VQC,0.1,17,0.25942
1,2,VQC,0.1,18,0.255067
1,2,VQC,0.1,19,0.251891
1,3,VQC,0.1,0,0.658835
1,3,VQC,0.1,1,0.628574
1,3,VQC,0.1,2,0.587471
1,3,VQC,0.1,3,0.544309
1,3,VQC,0.1,4,0.500645
1,3,VQC,0.1,5,0.459041
1,3,VQC,0.1,6,0.421675
1,3,VQC,0.1,7,0.389694
1,3,VQC,0.1,8,0.363148
1,3,VQC,0.1,9,0.341385
1,3,VQC,0.1,10,0.32349
1,3,VQC,0.1,11,0.308568
1,3,VQC,0.1,12,0.295894
1,3,VQC,0.1,13,0.284986
1,3,VQC,0.1,14,0.275643
1,3,VQC,0.1,15,0.267879
1,3,VQC,0.1,16,0.261736
1,3,VQC,0.1,17,0.257119
1,3,VQC,0.1,18,0.253788
1,3,VQC,0.1,19,0.251462
1,4,VQC,0.1,0,0.638963
1,4,VQC,0.1,1,0.613176
1,4,VQC,0.1,2,0.575774
1,4,VQC,0.1,3,0.536693
1,4,VQC,0.1,4,0.497348
1,4,VQC,0.1,5,0.459891
1,4,VQC,0.1,6,0.425912
1,4,VQC,0.1,7,0.396218
1,4,VQC,0.1,8,0.370934
1,4,VQC,0.1,9,0.349736
1,4,VQC,0.1,10,0.332068
1,4,VQC,0.1,11,0.317285
1,4,VQC,0.1,12,0.304738
1,4,VQC,0.1,13,0.293848
1,4,VQC,0.1,14,0.284189
1,4,VQC,0.1,15,0.275592
1,4,VQC,0.1,16,0.268175
1,4,VQC,0.1,17,0.262158
1,4,VQC,0.1,18,0.257608
1,4,VQC,0.1,19,0.25437
2,0,VQC,0.1,0,0.783198
2,0,VQC,0.1,1,0.736732
2,0,VQC,0.1,2,0.69002
2,0,VQC,0.1,3,0.640323
2,0,VQC,0.1,4,0.589218
2,0,VQC,0.1,5,0.540541
2,0,VQC,0.1,6,0.497112
2,0,VQC,0.1,7,0.460075
2,0,VQC,0.1,8,0.429188
2,0,VQC,0.1,9,0.403486
2,0,VQC,0.1,10,0.381832
2,0,VQC,0.1,11,0.363221
2,0,VQC,0.1,12,0.346909
2,0,VQC,0.1,13,0.332433
2,0,VQC,0.1,14,0.319592
2,0,VQC,0.1,15,0.308373
2,0,VQC,0.1,16,0.298825
2,0,VQC,0.1,17,0.290939
2,0,VQC,0.1,18,0.284598
2,0,VQC,0.1,19,0.27962
2,1,VQC,0.1,0,0.745286
2,1,VQC,0.1,1,0.716389
2,1,VQC,0.1,2,0.67587
2,1,VQC,0.1,3,0.630638
2,1,VQC,0.1,4,0.584942
2,1,VQC,0.1,5,0.542021
2,1,VQC,0.1,6,0.503531
2,1,VQC,0.1,7,0.470144
2,1,VQC,0.1,8,0.441763
2,1,VQC,0.1,9,0.417771
2,1,VQC,0.1,10,0.397361
2,1,VQC,0.1,11,0.379758
2,1,VQC,0.1,12,0.364333
2,1,VQC,0.1,13,0.350625
2,1,VQC,0.1,14,0.33834
2,1,VQC,0.1,15,0.327331
2,1,VQC,0.1,16,0.317567
2,1,VQC,0.1,17,0.309075
2,1,VQC,0.1,18,0.301863
2,1,VQC,0.1,19,0.295877
2,2,VQC,0.1,0,0.764436
2,2,VQC,0.1,1,0.728513
2,2,VQC,0.1,2,0.684418
2,2,VQC,0.1,3,0.635189
2,2,VQC,0.1,4,0.583904
2,2,VQC,0.1,5,0.534939
2,2,VQC,0.1,6,0.491349
2,2,VQC,0.1,7,0.454328
2,2,VQC,0.1,8,0.423604
2,2,VQC,0.1,9,0.398165
2,2,VQC,0.1,10,0.376842
2,2,VQC,0.1,11,0.358624
2,2,VQC,0.1,12,0.342784
2,2,VQC,0.1,13,0.328871
2,2,VQC,0.1,14,0.316653
2,2,VQC,0.1,15,0.306026
2,2,VQC,0.1,16,0.296923
2,2,VQC,0.1,17,0.289263
2,2,VQC,0.1,18,0.282944
2,2,VQC,0.1,19,0.277851
2,3,VQC,0.1,0,0.755227
2,3,VQC,0.1,1,0.722453
2,3,VQC,0.1,2,0.680026
2,3,VQC,0.1,3,0.633586
2,3,VQC,0.1,4,0.585044
2,3,VQC,0.1,5,0.537948
2,3,VQC,0.1,6,0.495222
2,3,VQC,0.1,7,0.458347
2,3,VQC,0.1,8,0.427416
2,3,VQC,0.1,9,0.401677
2,3,VQC,0.1,10,0.380081
2,3,VQC,0.1,11,0.36163
2,3,VQC,0.1,12,0.345542
2,3,VQC,0.1,13,0.331298
2,3,VQC,0.1,14,0.318635
2,3,VQC,0.1,15,0.307484
2,3,VQC,0.1,16,0.297869
2,3,VQC,0.1,17,0.289798
2,3,VQC,0.1,18,0.2832
2,3,VQC,0.1,19,0.277938
2,4,VQC,0.1,0,0.751656
2,4,VQC,0.1,1,0.717379
2,4,VQC,0.1,2,0.676562
2,4,VQC,0.1,3,0.631
2,4,VQC,0.1,4,0.583432
2,4,VQC,0.1,5,0.537577
2,4,VQC,0.1,6,0.496244
2,4,VQC,0.1,7,0.460736
2,4,VQC,0.1,8,0.431014
2,4,VQC,0.1,9,0.40626
2,4,VQC,0.1,10,0.385411
2,4,VQC,0.1,11,0.367492
2,4,VQC,0.1,12,0.351774
2,4,VQC,0.1,13,0.337815
2,4,VQC,0.1,14,0.325436
2,4,VQC,0.1,15,0.314629
2,4,VQC,0.1,16,0.305427
2,4,VQC,0.1,17,0.297793
2,4,VQC,0.1,18,0.291592
2,4,VQC,0.1,19,0.28664
3,0,VQC,0.1,0,0.726181
3,0,VQC,0.1,1,0.659953
3,0,VQC,0.1,2,0.595137
3,0,VQC,0.1,3,0.536162
3,0,VQC,0.1,4,0.4868
3,0,VQC,0.1,5,0.447721
3,0,VQC,0.1,6,0.417563
3,0,VQC,0.1,7,0.394727
3,0,VQC,0.1,8,0.377724
3,0,VQC,0.1,9,0.365213
3,0,VQC,0.1,10,0.356062
3,0,VQC,0.1,11,0.349358
3,0,VQC,0.1,12,0.344384
3,0,VQC,0.1,13,0.340583
3,0,VQC,0.1,14,0.33752
3,0,VQC,0.1,15,0.334854
3,0,VQC,0.1,16,0.332324
3,0,VQC,0.1,17,0.329743
3,0,VQC,0.1,18,0.326997
3,0,VQC,0.1,19,0.324044
3,1,VQC,0.1,0,0.717644
3,1,VQC,0.1,1,0.648378
3,1,VQC,0.1,2,0.583739
3,1,VQC,0.1,3,0.527502
3,1,VQC,0.1,4,0.481198
3,1,VQC,0.1,5,0.444358
3,1,VQC,0.1,6,0.415763
3,1,VQC,0.1,7,0.394022
3,1,VQC,0.1,8,0.37777
3,1,VQC,0.1,9,0.365758
3,1,VQC,0.1,10,0.356909
3,1,VQC,0.1,11,0.35034
3,1,VQC,0.1,12,0.345348
3,1,VQC,0.1,13,0.341383
3,1,VQC,0.1,14,0.338016
3,1,VQC,0.1,15,0.334918
3,1,VQC,0.1,16,0.331847
3,1,VQC,0.1,17,0.328644
3,1,VQC,0.1,18,0.325226
3,1,VQC,0.1,19,0.321588
3,2,VQC,0.1,0,0.705383
3,2,VQC,0.1,1,0.649129
3,2,VQC,0.1,2,0.591258
3,2,VQC,0.1,3,0.537518
3,2,VQC,0.1,4,0.491298
3,2,VQC,0.1,5,0.4535
3,2,VQC,0.1,6,0.42367
3,2,VQC,0.1,7,0.400729
3,2,VQC,0.1,8,0.383371
3,2,VQC,0.1,9,0.370309
3,2,VQC,0.1,10,0.360404
3,2,VQC,0.1,11,0.352715
3,2,VQC,0.1,12,0.346497
3,2,VQC,0.1,13,0.341182
3,2,VQC,0.1,14,0.336354
3,2,VQC,0.1,15,0.331736
3,2,VQC,0.1,16,0.327173
3,2,VQC,0.1,17,0.322614
3,2,VQC,0.1,18,0.31809
3,2,VQC,0.1,19,0.313688
3,3,VQC,0.1,0,0.715375
3,3,VQC,0.1,1,0.657525
3,3,VQC,0.1,2,0.601206
3,3,VQC,0.1,3,0.549118
3,3,VQC,0.1,4,0.50358
3,3,VQC,0.1,5,0.465604
3,3,VQC,0.1,6,0.434973
3,3,VQC,0.1,7,0.410893
3,3,VQC,0.1,8,0.392373
3,3,VQC,0.1,9,0.378379
3,3,VQC,0.1,10,0.36794
3,3,VQC,0.1,11,0.360207
3,3,VQC,0.1,12,0.354476
3,3,VQC,0.1,13,0.350181
3,3,VQC,0.1,14,0.346873
3,3,VQC,0.1,15,0.344197
3,3,VQC,0.1,16,0.341876
3,3,VQC,0.1,17,0.3397
3,3,VQC,0.1,18,0.33752
3,3,VQC,0.1,19,0.335244
3,4,VQC,0.1,0,0.71284
3,4,VQC,0.1,1,0.653009
3,4,VQC,0.1,2,0.594319
3,4,VQC,0.1,3,0.541444
3,4,VQC,0.1,4,0.49672
3,4,VQC,0.1,5,0.460374
3,4,VQC,0.1,6,0.431668
3,4,VQC,0.1,7,0.409498
3,4,VQC,0.1,8,0.392644
3,4,VQC,0.1,9,0.379913
3,4,VQC,0.1,10,0.370239
3,4,VQC,0.1,11,0.362732
3,4,VQC,0.1,12,0.356677
3,4,VQC,0.1,13,0.351525
3,4,VQC,0.1,14,0.346865
3,4,VQC,0.1,15,0.342415
3,4,VQC,0.1,16,0.338004
3,4,VQC,0.1,17,0.333562
3,4,VQC,0.1,18,0.329101
3,4,VQC,0.1,19,0.324692
4,0,VQC,0.1,0,0.584541
4,0,VQC,0.1,1,0.552234
4,0,VQC,0.1,2,0.517516
4,0,VQC,0.1,3,0.481025
4,0,VQC,0.1,4,0.446475
4,0,VQC,0.1,5,0.416786
4,0,VQC,0.1,6,0.392465
4,0,VQC,0.1,7,0.372669
4,0,VQC,0.1,8,0.356279
4,0,VQC,0.1,9,0.342438
4,0,VQC,0.1,10,0.330683
4,0,VQC,0.1,11,0.32064
4,0,VQC,0.1,12,0.31154
4,0,VQC,0.1,13,0.301984
4,0,VQC,0.1,14,0.291069
4,0,VQC,0.1,15,0.280383
4,0,VQC,0.1,16,0.271587
4,0,VQC,0.1,17,0.264616
4,0,VQC,0.1,18,0.259328
4,0,VQC,0.1,19,0.255525
4,1,VQC,0.1,0,0.597712
4,1,VQC,0.1,1,0.561325
4,1,VQC,0.1,2,0.521271
4,1,VQC,0.1,3,0.479743
4,1,VQC,0.1,4,0.440938
4,1,VQC,0.1,5,0.407112
4,1,VQC,0.1,6,0.378742
4,1,VQC,0.1,7,0.355352
4,1,VQC,0.1,8,0.336061
4,1,VQC,0.1,9,0.320114
4,1,VQC,0.1,10,0.306892
4,1,VQC,0.1,11,0.295636
4,1,VQC,0.1,12,0.285384
4,1,VQC,0.1,13,0.27578
4,1,VQC,0.1,14,0.26773
4,1,VQC,0.1,15,0.261772
4,1,VQC,0.1,16,0.257336
4,1,VQC,0.1,17,0.253948
4,1,VQC,0.1,18,0.251461
4,1,VQC,0.1,19,0.249776
4,2,VQC,0.1,0,0.586492
4,2,VQC,0.1,1,0.552785
4,2,VQC,0.1,2,0.51523
4,2,VQC,0.1,3,0.476234
4,2,VQC,0.1,4,0.440105
4,2,VQC,0.1,5,0.409263
4,2,VQC,0.1,6,0.383562
4,2,VQC,0.1,7,0.36214
4,2,VQC,0.1,8,0.344183
4,2,VQC,0.1,9,0.329049
4,2,VQC,0.1,10,0.316254
4,2,VQC,0.1,11,0.305285
4,2,VQC,0.1,12,0.295331
4,2,VQC,0.1,13,0.285523
4,2,VQC,0.1,14,0.276181
4,2,VQC,0.1,15,0.268348
4,2,VQC,0.1,16,0.262115
4,2,VQC,0.1,17,0.257335
4,2,VQC,0.1,18,0.25379
4,2,VQC,0.1,19,0.251244
4,3,VQC,0.1,0,0.579499
4,3,VQC,0.1,1,0.549622
4,3,VQC,0.1,2,0.513355
4,3,VQC,0.1,3,0.476534
4,3,VQC,0.1,4,0.443274
4,3,VQC,0.1,5,0.413967
4,3,VQC,0.1,6,0.388534
4,3,VQC,0.1,7,0.366969
4,3,VQC,0.1,8,0.348886
4,3,VQC,0.1,9,0.333827
4,3,VQC,0.1,10,0.321375
4,3,VQC,0.1,11,0.310959
4,3,VQC,0.1,12,0.301658
4,3,VQC,0.1,13,0.292404
4,3,VQC,0.1,14,0.282858
4,3,VQC,0.1,15,0.273815
4,3,VQC,0.1,16,0.266082
4,3,VQC,0.1,17,0.260001
4,3,VQC,0.1,18,0.255612
4,3,VQC,0.1,19,0.252693
4,4,VQC,0.1,0,0.586116
4,4,VQC,0.1,1,0.542147
4,4,VQC,0.1,2,0.501808
4,4,VQC,0.1,3,0.464602
4,4,VQC,0.1,4,0.431599
4,4,VQC,0.1,5,0.403538
4,4,VQC,0.1,6,0.380445
4,4,VQC,0.1,7,0.361657
4,4,VQC,0.1,8,0.3463
4,4,VQC,0.1,9,0.333697
4,4,VQC,0.1,10,0.323386
4,4,VQC,0.1,11,0.314856
4,4,VQC,0.1,12,0.307238
4,4,VQC,0.1,13,0.299376
4,4,VQC,0.1,14,0.290783
4,4,VQC,0.1,15,0.282133
4,4,VQC,0.1,16,0.273856
4,4,VQC,0.1,17,0.266378
4,4,VQC,0.1,18,0.260297
4,4,VQC,0.1,19,0.255753
5,0,VQC,0.1,0,0.804921
5,0,VQC,0.1,1,0.780677
5,0,VQC,0.1,2,0.736208
5,0,VQC,0.1,3,0.675796
5,0,VQC,0.1,4,0.610797
5,0,VQC,0.1,5,0.55368
5,0,VQC,0.1,6,0.508618
5,0,VQC,0.1,7,0.473732
5,0,VQC,0.1,8,0.446316
5,0,VQC,0.1,9,0.424492
5,0,VQC,0.1,10,0.407134
5,0,VQC,0.1,11,0.393411
5,0,VQC,0.1,12,0.382509
5,0,VQC,0.1,13,0.373632
5,0,VQC,0.1,14,0.366111
5,0,VQC,0.1,15,0.359476
5,0,VQC,0.1,16,0.353444
5,0,VQC,0.1,17,0.347888
5,0,VQC,0.1,18,0.342788
5,0,VQC,0.1,19,0.338188
5,1,VQC,0.1,0,0.760447
5,1,VQC,0.1,1,0.730577
5,1,VQC,0.1,2,0.691474
5,1,VQC,0.1,3,0.647892
5,1,VQC,0.1,4,0.60496
5,1,VQC,0.1,5,0.565755
5,1,VQC,0.1,6,0.531458
5,1,VQC,0.1,7,0.50202
5,1,VQC,0.1,8,0.476761
5,1,VQC,0.1,9,0.454814
5,1,VQC,0.1,10,0.435391
5,1,VQC,0.1,11,0.417911
5,1,VQC,0.1,12,0.402058
5,1,VQC,0.1,13,0.38777
5,1,VQC,0.1,14,0.37514
5,1,VQC,0.1,15,0.364231
5,1,VQC,0.1,16,0.35494
5,1,VQC,0.1,17,0.347041
5,1,VQC,0.1,18,0.340305
5,1,VQC,0.1,19,0.334573
5,2,VQC,0.1,0,0.793898
5,2,VQC,0.1,1,0.774653
5,2,VQC,0.1,2,0.741314
5,2,VQC,0.1,3,0.690251
5,2,VQC,0.1,4,0.629929
5,2,VQC,0.1,5,0.573825
5,2,VQC,0.1,6,0.528687
5,2,VQC,0.1,7,0.493624
5,2,VQC,0.1,8,0.466227
5,2,VQC,0.1,9,0.444493
5,2,VQC,0.1,10,0.426987
5,2,VQC,0.1,11,0.412682
5,2,VQC,0.1,12,0.400791
5,2,VQC,0.1,13,0.390671
5,2,VQC,0.1,14,0.381814
5,2,VQC,0.1,15,0.373851
5,2,VQC,0.1,16,0.366546
5,2,VQC,0.1,17,0.359776
5,2,VQC,0.1,18,0.353503
5,2,VQC,0.1,19,0.347747
5,3,VQC,0.1,0,0.791468
5,3,VQC,0.1,1,0.768392
5,3,VQC,0.1,2,0.729247
5,3,VQC,0.1,3,0.674845
5,3,VQC,0.1,4,0.614795
5,3,VQC,0.1,5,0.559969
5,3,VQC,0.1,6,0.515281
5,3,VQC,0.1,7,0.480057
5,3,VQC,0.1,8,0.452078
5,3,VQC,0.1,9,0.429346
5,3,VQC,0.1,10,0.410498
5,3,VQC,0.1,11,0.394731
5,3,VQC,0.1,12,0.381549
5,3,VQC,0.1,13,0.370553
5,3,VQC,0.1,14,0.361344
5,3,VQC,0.1,15,0.353547
5,3,VQC,0.1,16,0.346855
5,3,VQC,0.1,17,0.341052
5,3,VQC,0.1,18,0.336006
5,3,VQC,0.1,19,0.331641
5,4,VQC,0.1,0,0.805988
5,4,VQC,0.1,1,0.78613
5,4,VQC,0.1,2,0.751727
5,4,VQC,0.1,3,0.703169
5,4,VQC,0.1,4,0.646303
5,4,VQC,0.1,5,0.590825
5,4,VQC,0.1,6,0.54405
5,4,VQC,0.1,7,0.506951
5,4,VQC,0.1,8,0.477509
5,4,VQC,0.1,9,0.453577
5,4,VQC,0.1,10,0.433726
5,4,VQC,0.1,11,0.417201
5,4,VQC,0.1,12,0.403546
5,4,VQC,0.1,13,0.392293
5,4,VQC,0.1,14,0.382887
5,4,VQC,0.1,15,0.374795
5,4,VQC,0.1,16,0.367609
5,4,VQC,0.1,17,0.361081
5,4,VQC,0.1,18,0.355095
5,4,VQC,0.1,19,0.349628
6,0,VQC,0.1,0,0.722322
6,0,VQC,0.1,1,0.689757
6,0,VQC,0.1,2,0.629645
6,0,VQC,0.1,3,0.552778
6,0,VQC,0.1,4,0.47481
6,0,VQC,0.1,5,0.40576
6,0,VQC,0.1,6,0.349598
6,0,VQC,0.1,7,0.307456
6,0,VQC,0.1,8,0.278689
6,0,VQC,0.1,9,0.261465
6,0,VQC,0.1,10,0.253456
6,0,VQC,0.1,11,0.252366
6,0,VQC,0.1,12,0.256179
6,0,VQC,0.1,13,0.263238
6,0,VQC,0.1,14,0.272245
6,0,VQC,0.1,15,0.282211
6,0,VQC,0.1,16,0.292419
6,0,VQC,0.1,17,0.302369
6,0,VQC,0.1,18,0.311742
6,0,VQC,0.1,19,0.320357
6,1,VQC,0.1,0,0.723693
6,1,VQC,0.1,1,0.688439
6,1,VQC,0.1,2,0.633249
6,1,VQC,0.1,3,0.562773
6,1,VQC,0.1,4,0.488466
6,1,VQC,0.1,5,0.4198
6,1,VQC,0.1,6,0.361581
6,1,VQC,0.1,7,0.316013
6,1,VQC,0.1,8,0.283606
6,1,VQC,0.1,9,0.263361
6,1,VQC,0.1,10,0.253203
6,1,VQC,0.1,11,0.250662
6,1,VQC,0.1,12,0.253445
6,1,VQC,0.1,13,0.259677
6,1,VQC,0.1,14,0.267931
6,1,VQC,0.1,15,0.277164
6,1,VQC,0.1,16,0.286644
6,1,VQC,0.1,17,0.295879
6,1,VQC,0.1,18,0.304562
6,1,VQC,0.1,19,0.31252
6,2,VQC,0.1,0,0.696876
6,2,VQC,0.1,1,0.663006
6,2,VQC,0.1,2,0.606913
6,2,VQC,0.1,3,0.540379
6,2,VQC,0.1,4,0.472986
6,2,VQC,0.1,5,0.410259
6,2,VQC,0.1,6,0.355849
6,2,VQC,0.1,7,0.312082
6,2,VQC,0.1,8,0.279792
6,2,VQC,0.1,9,0.258508
6,2,VQC,0.1,10,0.246828
6,2,VQC,0.1,11,0.242826
6,2,VQC,0.1,12,0.244447
6,2,VQC,0.1,13,0.249831
6,2,VQC,0.1,14,0.257476
6,2,VQC,0.1,15,0.266255
6,2,VQC,0.1,16,0.27538
6,2,VQC,0.1,17,0.284324
6,2,VQC,0.1,18,0.292759
6,2,VQC,0.1,19,0.300506
6,3,VQC,0.1,0,0.728333
6,3,VQC,0.1,1,0.689785
6,3,VQC,0.1,2,0.625672
6,3,VQC,0.1,3,0.546098
6,3,VQC,0.1,4,0.463561
6,3,VQC,0.1,5,0.387658
6,3,VQC,0.1,6,0.324133
6,3,VQC,0.1,7,0.276576
6,3,VQC,0.1,8,0.246142
6,3,VQC,0.1,9,0.231124
6,3,VQC,0.1,10,0.22781
6,3,VQC,0.1,11,0.232117
6,3,VQC,0.1,12,0.240695
6,3,VQC,0.1,13,0.251197
6,3,VQC,0.1,14,0.262145
6,3,VQC,0.1,15,0.272677
6,3,VQC,0.1,16,0.282346
6,3,VQC,0.1,17,0.290961
6,3,VQC,0.1,18,0.298484
6,3,VQC,0.1,19,0.30496
6,4,VQC,0.1,0,0.739644
6,4,VQC,0.1,1,0.707664
6,4,VQC,0.1,2,0.650689
6,4,VQC,0.1,3,0.578418
6,4,VQC,0.1,4,0.504237
6,4,VQC,0.1,5,0.437823
6,4,VQC,0.1,6,0.382893
6,4,VQC,0.1,7,0.340558
6,4,VQC,0.1,8,0.3105
6,4,VQC,0.1,9,0.291238
6,4,VQC,0.1,10,0.280689
6,4,VQC,0.1,11,0.276705
6,4,VQC,0.1,12,0.277376
6,4,VQC,0.1,13,0.281148
6,4,VQC,0.1,14,0.286827
6,4,VQC,0.1,15,0.293533
6,4,VQC,0.1,16,0.300641
6,4,VQC,0.1,17,0.307724
6,4,VQC,0.1,18,0.314504
6,4,VQC,0.1,19,0.320818
7,0,VQC,0.1,0,0.709293
7,0,VQC,0.1,1,0.600078
7,0,VQC,0.1,2,0.535894
7,0,VQC,0.1,3,0.48165
7,0,VQC,0.1,4,0.439392
7,0,VQC,0.1,5,0.407855
7,0,VQC,0.1,6,0.384886
7,0,VQC,0.1,7,0.367786
7,0,VQC,0.1,8,0.352776
7,0,VQC,0.1,9,0.336327
7,0,VQC,0.1,10,0.32009
7,0,VQC,0.1,11,0.307795
7,0,VQC,0.1,12,0.299121
7,0,VQC,0.1,13,0.292763
7,0,VQC,0.1,14,0.287934
7,0,VQC,0.1,15,0.28419
7,0,VQC,0.1,16,0.281265
7,0,VQC,0.1,17,0.278988
7,0,VQC,0.1,18,0.277237
7,0,VQC,0.1,19,0.275918
7,1,VQC,0.1,0,0.729693
7,1,VQC,0.1,1,0.614467
7,1,VQC,0.1,2,0.551029
7,1,VQC,0.1,3,0.494991
7,1,VQC,0.1,4,0.450759
7,1,VQC,0.1,5,0.417897
7,1,VQC,0.1,6,0.393709
7,1,VQC,0.1,7,0.374426
7,1,VQC,0.1,8,0.355494
7,1,VQC,0.1,9,0.335419
7,1,VQC,0.1,10,0.318861
7,1,VQC,0.1,11,0.3077
7,1,VQC,0.1,12,0.300086
7,1,VQC,0.1,13,0.294529
7,1,VQC,0.1,14,0.290272
7,1,VQC,0.1,15,0.286928
7,1,VQC,0.1,16,0.284281
7,1,VQC,0.1,17,0.282194
7,1,VQC,0.1,18,0.280567
7,1,VQC,0.1,19,0.27932
7,2,VQC,0.1,0,0.742751
7,2,VQC,0.1,1,0.644162
7,2,VQC,0.1,2,0.583599
7,2,VQC,0.1,3,0.522916
7,2,VQC,0.1,4,0.470871
7,2,VQC,0.1,5,0.429859
7,2,VQC,0.1,6,0.398498
7,2,VQC,0.1,7,0.37476
7,2,VQC,0.1,8,0.356244
7,2,VQC,0.1,9,0.339656
7,2,VQC,0.1,10,0.323174
7,2,VQC,0.1,11,0.30971
7,2,VQC,0.1,12,0.300445
7,2,VQC,0.1,13,0.294005
7,2,VQC,0.1,14,0.289354
7,2,VQC,0.1,15,0.285933
7,2,VQC,0.1,16,0.283418
7,2,VQC,0.1,17,0.281605
7,2,VQC,0.1,18,0.280347
7,2,VQC,0.1,19,0.279532
7,3,VQC,0.1,0,0.684516
7,3,VQC,0.1,1,0.608286
7,3,VQC,0.1,2,0.541085
7,3,VQC,0.1,3,0.480675
7,3,VQC,0.1,4,0.432833
7,3,VQC,0.1,5,0.396684
7,3,VQC,0.1,6,0.369533
7,3,VQC,0.1,7,0.34889
7,3,VQC,0.1,8,0.332027
7,3,VQC,0.1,9,0.315774
7,3,VQC,0.1,10,0.300972
7,3,VQC,0.1,11,0.290879
7,3,VQC,0.1,12,0.283986
7,3,VQC,0.1,13,0.278807
7,3,VQC,0.1,14,0.274805
7,3,VQC,0.1,15,0.271705
7,3,VQC,0.1,16,0.269321
7,3,VQC,0.1,17,0.267507
7,3,VQC,0.1,18,0.266151
7,3,VQC,0.1,19,0.26516
7,4,VQC,0.1,0,0.726003
7,4,VQC,0.1,1,0.618297
7,4,VQC,0.1,2,0.554294
7,4,VQC,0.1,3,0.496473
7,4,VQC,0.1,4,0.449844
7,4,VQC,0.1,5,0.414241
7,4,VQC,0.1,6,0.38756
7,4,VQC,0.1,7,0.366995
7,4,VQC,0.1,8,0.34882
7,4,VQC,0.1,9,0.32975
7,4,VQC,0.1,10,0.311485
7,4,VQC,0.1,11,0.297725
7,4,VQC,0.1,12,0.288175
7,4,VQC,0.1,13,0.281393
7,4,VQC,0.1,14,0.276474
7,4,VQC,0.1,15,0.272891
7,4,VQC,0.1,16,0.270307
7,4,VQC,0.1,17,0.268488
7,4,VQC,0.1,18,0.267259
7,4,VQC,0.1,19,0.266487
8,0,VQC,0.1,0,0.599824
8,0,VQC,0.1,1,0.579077
8,0,VQC,0.1,2,0.552573
8,0,VQC,0.1,3,0.522498
8,0,VQC,0.1,4,0.491079
8,0,VQC,0.1,5,0.460505
8,0,VQC,0.1,6,0.432429
8,0,VQC,0.1,7,0.407706
8,0,VQC,0.1,8,0.386495
8,0,VQC,0.1,9,0.368506
8,0,VQC,0.1,10,0.353222
8,0,VQC,0.1,11,0.340076
8,0,VQC,0.1,12,0.32856
8,0,VQC,0.1,13,0.318273
8,0,VQC,0.1,14,0.308934
8,0,VQC,0.1,15,0.300361
8,0,VQC,0.1,16,0.292448
8,0,VQC,0.1,17,0.285135
8,0,VQC,0.1,18,0.278387
8,0,VQC,0.1,19,0.272189
8,1,VQC,0.1,0,0.581454
8,1,VQC,0.1,1,0.560309
8,1,VQC,0.1,2,0.536382
8,1,VQC,0.1,3,0.510586
8,1,VQC,0.1,4,0.484119
8,1,VQC,0.1,5,0.458287
8,1,VQC,0.1,6,0.434178
8,1,VQC,0.1,7,0.412451
8,1,VQC,0.1,8,0.393312
8,1,VQC,0.1,9,0.376619
8,1,VQC,0.1,10,0.362049
8,1,VQC,0.1,11,0.349232
8,1,VQC,0.1,12,0.337843
8,1,VQC,0.1,13,0.327626
8,1,VQC,0.1,14,0.318401
8,1,VQC,0.1,15,0.310028
8,1,VQC,0.1,16,0.302365
8,1,VQC,0.1,17,0.295253
8,1,VQC,0.1,18,0.288578
8,1,VQC,0.1,19,0.28236
8,2,VQC,0.1,0,0.589446
8,2,VQC,0.1,1,0.566191
8,2,VQC,0.1,2,0.539017
8,2,VQC,0.1,3,0.509308
8,2,VQC,0.1,4,0.478929
8,2,VQC,0.1,5,0.449711
8,2,VQC,0.1,6,0.42295
8,2,VQC,0.1,7,0.399238
8,2,VQC,0.1,8,0.378582
8,2,VQC,0.1,9,0.36064
8,2,VQC,0.1,10,0.344939
8,2,VQC,0.1,11,0.33103
8,2,VQC,0.1,12,0.318579
8,2,VQC,0.1,13,0.30739
8,2,VQC,0.1,14,0.297384
8,2,VQC,0.1,15,0.288525
8,2,VQC,0.1,16,0.280737
8,2,VQC,0.1,17,0.273881
8,2,VQC,0.1,18,0.267821
8,2,VQC,0.1,19,0.262503
8,3,VQC,0.1,0,0.578038
8,3,VQC,0.1,1,0.556486
8,3,VQC,0.1,2,0.532374
8,3,VQC,0.1,3,0.506541
8,3,VQC,0.1,4,0.48008
8,3,VQC,0.1,5,0.454191
8,3,VQC,0.1,6,0.429893
8,3,VQC,0.1,7,0.407818
8,3,VQC,0.1,8,0.388157
8,3,VQC,0.1,9,0.370769
8,3,VQC,0.1,10,0.355357
8,3,VQC,0.1,11,0.341615
8,3,VQC,0.1,12,0.32932
8,3,VQC,0.1,13,0.318356
8,3,VQC,0.1,14,0.308716
8,3,VQC,0.1,15,0.300427
8,3,VQC,0.1,16,0.293377
8,3,VQC,0.1,17,0.287188
8,3,VQC,0.1,18,0.281383
8,3,VQC,0.1,19,0.275715
8,4,VQC,0.1,0,0.596385
8,4,VQC,0.1,1,0.57204
8,4,VQC,0.1,2,0.544933
8,4,VQC,0.1,3,0.515674
8,4,VQC,0.1,4,0.48604
8,4,VQC,0.1,5,0.457673
8,4,VQC,0.1,6,0.431738
8,4,VQC,0.1,7,0.408823
8,4,VQC,0.1,8,0.38899
8,4,VQC,0.1,9,0.37194
8,4,VQC,0.1,10,0.357189
8,4,VQC,0.1,11,0.344236
8,4,VQC,0.1,12,0.332665
8,4,VQC,0.1,13,0.322192
8,4,VQC,0.1,14,0.312663
8,4,VQC,0.1,15,0.303994
8,4,VQC,0.1,16,0.296101
8,4,VQC,0.1,17,0.288852
8,4,VQC,0.1,18,0.282108
8,4,VQC,0.1,19,0.275798
9,0,VQC,0.1,0,0.68015
9,0,VQC,0.1,1,0.639032
9,0,VQC,0.1,2,0.591011
9,0,VQC,0.1,3,0.537573
9,0,VQC,0.1,4,0.485352
9,0,VQC,0.1,5,0.439312
9,0,VQC,0.1,6,0.401697
9,0,VQC,0.1,7,0.372476
9,0,VQC,0.1,8,0.350441
9,0,VQC,0.1,9,0.334063
9,0,VQC,0.1,10,0.321918
9,0,VQC,0.1,11,0.312827
9,0,VQC,0.1,12,0.305864
9,0,VQC,0.1,13,0.300316
9,0,VQC,0.1,14,0.295644
9,0,VQC,0.1,15,0.291452
9,0,VQC,0.1,16,0.287465
9,0,VQC,0.1,17,0.283519
9,0,VQC,0.1,18,0.279546
9,0,VQC,0.1,19,0.275554
9,1,VQC,0.1,0,0.706342
9,1,VQC,0.1,1,0.667041
9,1,VQC,0.1,2,0.618573
9,1,VQC,0.1,3,0.563182
9,1,VQC,0.1,4,0.508425
9,1,VQC,0.1,5,0.459634
9,1,VQC,0.1,6,0.419387
9,1,VQC,0.1,7,0.387791
9,1,VQC,0.1,8,0.363563
9,1,VQC,0.1,9,0.345004
9,1,VQC,0.1,10,0.330539
9,1,VQC,0.1,11,0.318896
9,1,VQC,0.1,12,0.309118
9,1,VQC,0.1,13,0.300534
9,1,VQC,0.1,14,0.292705
9,1,VQC,0.1,15,0.285387
9,1,VQC,0.1,16,0.278487
9,1,VQC,0.1,17,0.272009
9,1,VQC,0.1,18,0.26601
9,1,VQC,0.1,19,0.26056
9,2,VQC,0.1,0,0.679229
9,2,VQC,0.1,1,0.640435
9,2,VQC,0.1,2,0.58515
9,2,VQC,0.1,3,0.525986
9,2,VQC,0.1,4,0.471989
9,2,VQC,0.1,5,0.427421
9,2,VQC,0.1,6,0.392755
9,2,VQC,0.1,7,0.366323
9,2,VQC,0.1,8,0.345908
9,2,VQC,0.1,9,0.329614
9,2,VQC,0.1,10,0.316111
9,2,VQC,0.1,11,0.304566
9,2,VQC,0.1,12,0.294499
9,2,VQC,0.1,13,0.285651
9,2,VQC,0.1,14,0.277878
9,2,VQC,0.1,15,0.2711
9,2,VQC,0.1,16,0.265256
9,2,VQC,0.1,17,0.260294
9,2,VQC,0.1,18,0.256163
9,2,VQC,0.1,19,0.252809
9,3,VQC,0.1,0,0.683234
9,3,VQC,0.1,1,0.636014
9,3,VQC,0.1,2,0.579197
9,3,VQC,0.1,3,0.520229
9,3,VQC,0.1,4,0.467476
9,3,VQC,0.1,5,0.424653
9,3,VQC,0.1,6,0.391859
9,3,VQC,0.1,7,0.367308
9,3,VQC,0.1,8,0.348773
9,3,VQC,0.1,9,0.33432
9,3,VQC,0.1,10,0.322521
9,3,VQC,0.1,11,0.312424
9,3,VQC,0.1,12,0.303456
9,3,VQC,0.1,13,0.295319
9,3,VQC,0.1,14,0.287899
9,3,VQC,0.1,15,0.281191
9,3,VQC,0.1,16,0.275233
9,3,VQC,0.1,17,0.270069
9,3,VQC,0.1,18,0.265714
9,3,VQC,0.1,19,0.262156
9,4,VQC,0.1,0,0.695234
9,4,VQC,0.1,1,0.652155
9,4,VQC,0.1,2,0.606995
9,4,VQC,0.1,3,0.557696
9,4,VQC,0.1,4,0.509049
9,4,VQC,0.1,5,0.465375
9,4,VQC,0.1,6,0.42898
9,4,VQC,0.1,7,0.400093
9,4,VQC,0.1,8,0.377725
9,4,VQC,0.1,9,0.360486
9,4,VQC,0.1,10,0.347048
9,4,VQC,0.1,11,0.336319
9,4,VQC,0.1,12,0.327461
9,4,VQC,0.1,13,0.319866
9,4,VQC,0.1,14,0.313116
9,4,VQC,0.1,15,0.306946
9,4,VQC,0.1,16,0.301212
9,4,VQC,0.1,17,0.295858
9,4,VQC,0.1,18,0.290883
9,4,VQC,0.1,19,0.286312
0,0,VQC,0.5,0,0.501173
0,0,VQC,0.5,1,0.483196
0,0,VQC,0.5,2,0.446866
0,0,VQC,0.5,3,0.402828
0,0,VQC,0.5,4,0.360835
0,0,VQC,0.5,5,0.325156
0,0,VQC,0.5,6,0.296391
0,0,VQC,0.5,7,0.273735
0,0,VQC,0.5,8,0.256143
0,0,VQC,0.5,9,0.242672
0,0,VQC,0.5,10,0.232503
0,0,VQC,0.5,11,0.22493
0,0,VQC,0.5,12,0.219357
0,0,VQC,0.5,13,0.215299
0,0,VQC,0.5,14,0.212378
0,0,VQC,0.5,15,0.210309
0,0,VQC,0.5,16,0.208881
0,0,VQC,0.5,17,0.207942
0,0,VQC,0.5,18,0.207384
0,0,VQC,0.5,19,0.207131
0,1,VQC,0.5,0,0.455143
0,1,VQC,0.5,1,0.443781
0,1,VQC,0.5,2,0.411242
0,1,VQC,0.5,3,0.367445
0,1,VQC,0.5,4,0.324061
0,1,VQC,0.5,5,0.286441
0,1,VQC,0.5,6,0.255677
0,1,VQC,0.5,7,0.231326
0,1,VQC,0.5,8,0.21257
0,1,VQC,0.5,9,0.198501
0,1,VQC,0.5,10,0.188207
0,1,VQC,0.5,11,0.180843
0,1,VQC,0.5,12,0.175691
0,1,VQC,0.5,13,0.172183
0,1,VQC,0.5,14,0.1699
0,1,VQC,0.5,15,0.168546
0,1,VQC,0.5,16,0.16793
0,1,VQC,0.5,17,0.167939
0,1,VQC,0.5,18,0.168519
0,1,VQC,0.5,19,0.16966
0,2,VQC,0.5,0,0.456322
0,2,VQC,0.5,1,0.439159
0,2,VQC,0.5,2,0.406158
0,2,VQC,0.5,3,0.367754
0,2,VQC,0.5,4,0.330702
0,2,VQC,0.5,5,0.297925
0,2,VQC,0.5,6,0.270282
0,2,VQC,0.5,7,0.247736
0,2,VQC,0.5,8,0.229879
0,2,VQC,0.5,9,0.216123
0,2,VQC,0.5,10,0.20579
0,2,VQC,0.5,11,0.198192
0,2,VQC,0.5,12,0.192695
0,2,VQC,0.5,13,0.188762
0,2,VQC,0.5,14,0.185969
0,2,VQC,0.5,15,0.183994
0,2,VQC,0.5,16,0.1826
0,2,VQC,0.5,17,0.181619
0,2,VQC,0.5,18,0.180931
0,2,VQC,0.5,19,0.180452
0,3,VQC,0.5,0,0.470477
0,3,VQC,0.5,1,0.441293
0,3,VQC,0.5,2,0.396681
0,3,VQC,0.5,3,0.35134
0,3,VQC,0.5,4,0.312373
0,3,VQC,0.5,5,0.281347
0,3,VQC,0.5,6,0.257666
0,3,VQC,0.5,7,0.240147
0,3,VQC,0.5,8,0.227544
0,3,VQC,0.5,9,0.218713
0,3,VQC,0.5,10,0.212685
0,3,VQC,0.5,11,0.208692
0,3,VQC,0.5,12,0.20616
0,3,VQC,0.5,13,0.204679
0,3,VQC,0.5,14,0.203968
0,3,VQC,0.5,15,0.203844
0,3,VQC,0.5,16,0.204196
0,3,VQC,0.5,17,0.204963
0,3,VQC,0.5,18,0.206119
0,3,VQC,0.5,19,0.207658
0,4,VQC,0.5,0,0.439372
0,4,VQC,0.5,1,0.422326
0,4,VQC,0.5,2,0.390319
0,4,VQC,0.5,3,0.351148
0,4,VQC,0.5,4,0.313169
0,4,VQC,0.5,5,0.280753
0,4,VQC,0.5,6,0.254835
0,4,VQC,0.5,7,0.23489
0,4,VQC,0.5,8,0.220001
0,4,VQC,0.5,9,0.209211
0,4,VQC,0.5,10,0.201633
0,4,VQC,0.5,11,0.196502
0,4,VQC,0.5,12,0.193204
0,4,VQC,0.5,13,0.191276
0,4,VQC,0.5,14,0.190392
0,4,VQC,0.5,15,0.190336
0,4,VQC,0.5,16,0.190975
0,4,VQC,0.5,17,0.192237
0,4,VQC,0.5,18,0.194091
0,4,VQC,0.5,19,0.196521
1,0,VQC,0.5,0,0.473931
1,0,VQC,0.5,1,0.447224
1,0,VQC,0.5,2,0.410081
1,0,VQC,0.5,3,0.3688
1,0,VQC,0.5,4,0.330224
1,0,VQC,0.5,5,0.297807
1,0,VQC,0.5,6,0.272244
1,0,VQC,0.5,7,0.252691
1,0,VQC,0.5,8,0.237756
1,0,VQC,0.5,9,0.226141
1,0,VQC,0.5,10,0.216876
1,0,VQC,0.5,11,0.209318
1,0,VQC,0.5,12,0.203062
1,0,VQC,0.5,13,0.197865
1,0,VQC,0.5,14,0.193577
1,0,VQC,0.5,15,0.190102
1,0,VQC,0.5,16,0.187362
1,0,VQC,0.5,17,0.185285
1,0,VQC,0.5,18,0.183789
1,0,VQC,0.5,19,0.182789
1,1,VQC,0.5,0,0.486264
1,1,VQC,0.5,1,0.457239
1,1,VQC,0.5,2,0.420341
1,1,VQC,0.5,3,0.382869
1,1,VQC,0.5,4,0.347601
1,1,VQC,0.5,5,0.316875
1,1,VQC,0.5,6,0.291642
1,1,VQC,0.5,7,0.271588
1,1,VQC,0.5,8,0.25573
1,1,VQC,0.5,9,0.242988
1,1,VQC,0.5,10,0.232495
1,1,VQC,0.5,11,0.223692
1,1,VQC,0.5,12,0.216316
1,1,VQC,0.5,13,0.210284
1,1,VQC,0.5,14,0.205544
1,1,VQC,0.5,15,0.201972
1,1,VQC,0.5,16,0.19937
1,1,VQC,0.5,17,0.197525
1,1,VQC,0.5,18,0.196256
1,1,VQC,0.5,19,0.195426
1,2,VQC,0.5,0,0.468131
1,2,VQC,0.5,1,0.449182
1,2,VQC,0.5,2,0.418547
1,2,VQC,0.5,3,0.38524
1,2,VQC,0.5,4,0.352169
1,2,VQC,0.5,5,0.322248
1,2,VQC,0.5,6,0.296957
1,2,VQC,0.5,7,0.276493
1,2,VQC,0.5,8,0.260323
1,2,VQC,0.5,9,0.247675
1,2,VQC,0.5,10,0.237809
1,2,VQC,0.5,11,0.230098
1,2,VQC,0.5,12,0.224029
1,2,VQC,0.5,13,0.219193
1,2,VQC,0.5,14,0.215304
1,2,VQC,0.5,15,0.212183
1,2,VQC,0.5,16,0.209718
1,2,VQC,0.5,17,0.207819
1,2,VQC,0.5,18,0.206405
1,2,VQC,0.5,19,0.205395
1,3,VQC,0.5,0,0.480812
1,3,VQC,0.5,1,0.45159
1,3,VQC,0.5,2,0.410232
1,3,VQC,0.5,3,0.36955
1,3,VQC,0.5,4,0.333072
1,3,VQC,0.5,5,0.302706
1,3,VQC,0.5,6,0.278638
1,3,VQC,0.5,7,0.259914
1,3,VQC,0.5,8,0.245251
1,3,VQC,0.5,9,0.233552
1,3,VQC,0.5,10,0.224069
1,3,VQC,0.5,11,0.216355
1,3,VQC,0.5,12,0.210153
1,3,VQC,0.5,13,0.205287
1,3,VQC,0.5,14,0.201594
1,3,VQC,0.5,15,0.198894
1,3,VQC,0.5,16,0.196995
1,3,VQC,0.5,17,0.195722
1,3,VQC,0.5,18,0.194926
1,3,VQC,0.5,19,0.194494
1,4,VQC,0.5,0,0.484647
1,4,VQC,0.5,1,0.456835
1,4,VQC,0.5,2,0.417862
1,4,VQC,0.5,3,0.380165
1,4,VQC,0.5,4,0.346445
1,4,VQC,0.5,5,0.317505
1,4,VQC,0.5,6,0.293492
1,4,VQC,0.5,7,0.27401
1,4,VQC,0.5,8,0.258284
1,4,VQC,0.5,9,0.245449
1,4,VQC,0.5,10,0.234775
1,4,VQC,0.5,11,0.225768
1,4,VQC,0.5,12,0.218168
1,4,VQC,0.5,13,0.211878
1,4,VQC,0.5,14,0.20685
1,4,VQC,0.5,15,0.202991
1,4,VQC,0.5,16,0.200146
1,4,VQC,0.5,17,0.198128
1,4,VQC,0.5,18,0.196759
1,4,VQC,0.5,19,0.195896
2,0,VQC,0.5,0,0.665061
2,0,VQC,0.5,1,0.622232
2,0,VQC,0.5,2,0.573395
2,0,VQC,0.5,3,0.52059
2,0,VQC,0.5,4,0.469786
2,0,VQC,0.5,5,0.425247
2,0,VQC,0.5,6,0.388435
2,0,VQC,0.5,7,0.35894
2,0,VQC,0.5,8,0.335525
2,0,VQC,0.5,9,0.316819
2,0,VQC,0.5,10,0.301629
2,0,VQC,0.5,11,0.289031
2,0,VQC,0.5,12,0.278362
2,0,VQC,0.5,13,0.269184
2,0,VQC,0.5,14,0.261241
2,0,VQC,0.5,15,0.254403
2,0,VQC,0.5,16,0.248618
2,0,VQC,0.5,17,0.243855
2,0,VQC,0.5,18,0.240076
2,0,VQC,0.5,19,0.237212
2,1,VQC,0.5,0,0.669215
2,1,VQC,0.5,1,0.633229
2,1,VQC,0.5,2,0.588836
2,1,VQC,0.5,3,0.541695
2,1,VQC,0.5,4,0.49566
2,1,VQC,0.5,5,0.453881
2,1,VQC,0.5,6,0.417984
2,1,VQC,0.5,7,0.38817
2,1,VQC,0.5,8,0.36372
2,1,VQC,0.5,9,0.34356
2,1,VQC,0.5,10,0.326658
2,1,VQC,0.5,11,0.312192
2,1,VQC,0.5,12,0.29959
2,1,VQC,0.5,13,0.288493
2,1,VQC,0.5,14,0.278703
2,1,VQC,0.5,15,0.270132
2,1,VQC,0.5,16,0.262742
2,1,VQC,0.5,17,0.256497
2,1,VQC,0.5,18,0.251334
2,1,VQC,0.5,19,0.247157
2,2,VQC,0.5,0,0.661497
2,2,VQC,0.5,1,0.622916
2,2,VQC,0.5,2,0.574788
2,2,VQC,0.5,3,0.522026
2,2,VQC,0.5,4,0.471095
2,2,VQC,0.5,5,0.426525
2,2,VQC,0.5,6,0.389939
2,2,VQC,0.5,7,0.360952
2,2,VQC,0.5,8,0.338244
2,2,VQC,0.5,9,0.32031
2,2,VQC,0.5,10,0.30583
2,2,VQC,0.5,11,0.293794
2,2,VQC,0.5,12,0.283503
2,2,VQC,0.5,13,0.274522
2,2,VQC,0.5,14,0.266621
2,2,VQC,0.5,15,0.259699
2,2,VQC,0.5,16,0.253726
2,2,VQC,0.5,17,0.248683
2,2,VQC,0.5,18,0.244538
2,2,VQC,0.5,19,0.24124
2,3,VQC,0.5,0,0.665852
2,3,VQC,0.5,1,0.628305
2,3,VQC,0.5,2,0.582501
2,3,VQC,0.5,3,0.532591
2,3,VQC,0.5,4,0.483003
2,3,VQC,0.5,5,0.438061
2,3,VQC,0.5,6,0.399903
2,3,VQC,0.5,7,0.368744
2,3,VQC,0.5,8,0.343727
2,3,VQC,0.5,9,0.323649
2,3,VQC,0.5,10,0.307357
2,3,VQC,0.5,11,0.293909
2,3,VQC,0.5,12,0.282592
2,3,VQC,0.5,13,0.272904
2,3,VQC,0.5,14,0.264521
2,3,VQC,0.5,15,0.25725
2,3,VQC,0.5,16,0.250992
2,3,VQC,0.5,17,0.245696
2,3,VQC,0.5,18,0.241326
2,3,VQC,0.5,19,0.237834
2,4,VQC,0.5,0,0.66358
2,4,VQC,0.5,1,0.624482
2,4,VQC,0.5,2,0.578437
2,4,VQC,0.5,3,0.52881
2,4,VQC,0.5,4,0.480555
2,4,VQC,0.5,5,0.437629
2,4,VQC,0.5,6,0.401696
2,4,VQC,0.5,7,0.372648
2,4,VQC,0.5,8,0.349446
2,4,VQC,0.5,9,0.33081
2,4,VQC,0.5,10,0.315582
2,4,VQC,0.5,11,0.302863
2,4,VQC,0.5,12,0.292023
2,4,VQC,0.5,13,0.282661
2,4,VQC,0.5,14,0.274548
2,4,VQC,0.5,15,0.267573
2,4,VQC,0.5,16,0.261676
2,4,VQC,0.5,17,0.256805
2,4,VQC,0.5,18,0.25289
2,4,VQC,0.5,19,0.249839
3,0,VQC,0.5,0,0.539485
3,0,VQC,0.5,1,0.466948
3,0,VQC,0.5,2,0.406273
3,0,VQC,0.5,3,0.357234
3,0,VQC,0.5,4,0.319548
3,0,VQC,0.5,5,0.291466
3,0,VQC,0.5,6,0.271025
3,0,VQC,0.5,7,0.256454
3,0,VQC,0.5,8,0.24626
3,0,VQC,0.5,9,0.239251
3,0,VQC,0.5,10,0.23452
3,0,VQC,0.5,11,0.231396
3,0,VQC,0.5,12,0.229384
3,0,VQC,0.5,13,0.228118
3,0,VQC,0.5,14,0.227313
3,0,VQC,0.5,15,0.226741
3,0,VQC,0.5,16,0.226211
3,0,VQC,0.5,17,0.225571
3,0,VQC,0.5,18,0.224703
3,0,VQC,0.5,19,0.22354
3,1,VQC,0.5,0,0.508161
3,1,VQC,0.5,1,0.439328
3,1,VQC,0.5,2,0.381424
3,1,VQC,0.5,3,0.335103
3,1,VQC,0.5,4,0.299403
3,1,VQC,0.5,5,0.272642
3,1,VQC,0.5,6,0.253149
3,1,VQC,0.5,7,0.239339
3,1,VQC,0.5,8,0.22978
3,1,VQC,0.5,9,0.223288
3,1,VQC,0.5,10,0.218955
3,1,VQC,0.5,11,0.216114
3,1,VQC,0.5,12,0.214282
3,1,VQC,0.5,13,0.213104
3,1,VQC,0.5,14,0.212309
3,1,VQC,0.5,15,0.211684
3,1,VQC,0.5,16,0.211059
3,1,VQC,0.5,17,0.210303
3,1,VQC,0.5,18,0.209325
3,1,VQC,0.5,19,0.208081
3,2,VQC,0.5,0,0.490172
3,2,VQC,0.5,1,0.442669
3,2,VQC,0.5,2,0.392861
3,2,VQC,0.5,3,0.348892
3,2,VQC,0.5,4,0.313395
3,2,VQC,0.5,5,0.28611
3,2,VQC,0.5,6,0.265883
3,2,VQC,0.5,7,0.251314
3,2,VQC,0.5,8,0.241023
3,2,VQC,0.5,9,0.233816
3,2,VQC,0.5,10,0.228744
3,2,VQC,0.5,11,0.22509
3,2,VQC,0.5,12,0.222324
3,2,VQC,0.5,13,0.220061
3,2,VQC,0.5,14,0.21803
3,2,VQC,0.5,15,0.216054
3,2,VQC,0.5,16,0.214039
3,2,VQC,0.5,17,0.211964
3,2,VQC,0.5,18,0.209866
3,2,VQC,0.5,19,0.20782
3,3,VQC,0.5,0,0.524494
3,3,VQC,0.5,1,0.46197
3,3,VQC,0.5,2,0.408492
3,3,VQC,0.5,3,0.363347
3,3,VQC,0.5,4,0.326403
3,3,VQC,0.5,5,0.297056
3,3,VQC,0.5,6,0.274473
3,3,VQC,0.5,7,0.257626
3,3,VQC,0.5,8,0.245391
3,3,VQC,0.5,9,0.236695
3,3,VQC,0.5,10,0.230624
3,3,VQC,0.5,11,0.226459
3,3,VQC,0.5,12,0.223653
3,3,VQC,0.5,13,0.221797
3,3,VQC,0.5,14,0.220585
3,3,VQC,0.5,15,0.219781
3,3,VQC,0.5,16,0.219197
3,3,VQC,0.5,17,0.218683
3,3,VQC,0.5,18,0.218117
3,3,VQC,0.5,19,0.217411
3,4,VQC,0.5,0,0.519329
3,4,VQC,0.5,1,0.459045
3,4,VQC,0.5,2,0.405186
3,4,VQC,0.5,3,0.360614
3,4,VQC,0.5,4,0.325205
3,4,VQC,0.5,5,0.297846
3,4,VQC,0.5,6,0.277305
3,4,VQC,0.5,7,0.262307
3,4,VQC,0.5,8,0.251589
3,4,VQC,0.5,9,0.244021
3,4,VQC,0.5,10,0.238676
3,4,VQC,0.5,11,0.234835
3,4,VQC,0.5,12,0.231954
3,4,VQC,0.5,13,0.229626
3,4,VQC,0.5,14,0.22755
3,4,VQC,0.5,15,0.225513
3,4,VQC,0.5,16,0.223383
3,4,VQC,0.5,17,0.221101
3,4,VQC,0.5,18,0.21868
3,4,VQC,0.5,19,0.216184
4,0,VQC,0.5,0,0.288142
4,0,VQC,0.5,1,0.266385
4,0,VQC,0.5,2,0.246338
4,0,VQC,0.5,3,0.228098
4,0,VQC,0.5,4,0.212382
4,0,VQC,0.5,5,0.199065
4,0,VQC,0.5,6,0.187939
4,0,VQC,0.5,7,0.178693
4,0,VQC,0.5,8,0.170985
4,0,VQC,0.5,9,0.164642
4,0,VQC,0.5,10,0.15966
4,0,VQC,0.5,11,0.155974
4,0,VQC,0.5,12,0.153378
4,0,VQC,0.5,13,0.151624
4,0,VQC,0.5,14,0.1505
4,0,VQC,0.5,15,0.149852
4,0,VQC,0.5,16,0.149566
4,0,VQC,0.5,17,0.149555
4,0,VQC,0.5,18,0.149754
4,0,VQC,0.5,19,0.150107
4,1,VQC,0.5,0,0.341649
4,1,VQC,0.5,1,0.300214
4,1,VQC,0.5,2,0.26516
4,1,VQC,0.5,3,0.239681
4,1,VQC,0.5,4,0.219998
4,1,VQC,0.5,5,0.204367
4,1,VQC,0.5,6,0.191908
4,1,VQC,0.5,7,0.181972
4,1,VQC,0.5,8,0.174091
4,1,VQC,0.5,9,0.167988
4,1,VQC,0.5,10,0.163439
4,1,VQC,0.5,11,0.160173
4,1,VQC,0.5,12,0.157909
4,1,VQC,0.5,13,0.156421
4,1,VQC,0.5,14,0.155537
4,1,VQC,0.5,15,0.155121
4,1,VQC,0.5,16,0.155066
4,1,VQC,0.5,17,0.155283
4,1,VQC,0.5,18,0.155698
4,1,VQC,0.5,19,0.156255
4,2,VQC,0.5,0,0.342113
4,2,VQC,0.5,1,0.294437
4,2,VQC,0.5,2,0.258335
4,2,VQC,0.5,3,0.233322
4,2,VQC,0.5,4,0.21537
4,2,VQC,0.5,5,0.202176
4,2,VQC,0.5,6,0.192302
4,2,VQC,0.5,7,0.184776
4,2,VQC,0.5,8,0.17895
4,2,VQC,0.5,9,0.174413
4,2,VQC,0.5,10,0.170878
4,2,VQC,0.5,11,0.168095
4,2,VQC,0.5,12,0.165868
4,2,VQC,0.5,13,0.164072
4,2,VQC,0.5,14,0.16264
4,2,VQC,0.5,15,0.16153
4,2,VQC,0.5,16,0.160705
4,2,VQC,0.5,17,0.160131
4,2,VQC,0.5,18,0.15977
4,2,VQC,0.5,19,0.159589
4,3,VQC,0.5,0,0.370322
4,3,VQC,0.5,1,0.320584
4,3,VQC,0.5,2,0.279983
4,3,VQC,0.5,3,0.251966
4,3,VQC,0.5,4,0.231737
4,3,VQC,0.5,5,0.216447
4,3,VQC,0.5,6,0.204529
4,3,VQC,0.5,7,0.194957
4,3,VQC,0.5,8,0.18706
4,3,VQC,0.5,9,0.18051
4,3,VQC,0.5,10,0.175188
4,3,VQC,0.5,11,0.17098
4,3,VQC,0.5,12,0.16772
4,3,VQC,0.5,13,0.165232
4,3,VQC,0.5,14,0.163375
4,3,VQC,0.5,15,0.16204
4,3,VQC,0.5,16,0.16114
4,3,VQC,0.5,17,0.1606
4,3,VQC,0.5,18,0.160355
4,3,VQC,0.5,19,0.160344
4,4,VQC,0.5,0,0.330608
4,4,VQC,0.5,1,0.279879
4,4,VQC,0.5,2,0.247545
4,4,VQC,0.5,3,0.226296
4,4,VQC,0.5,4,0.211151
4,4,VQC,0.5,5,0.199769
4,4,VQC,0.5,6,0.190731
4,4,VQC,0.5,7,0.183105
4,4,VQC,0.5,8,0.176378
4,4,VQC,0.5,9,0.170518
4,4,VQC,0.5,10,0.165734
4,4,VQC,0.5,11,0.162072
4,4,VQC,0.5,12,0.159369
4,4,VQC,0.5,13,0.157419
4,4,VQC,0.5,14,0.156052
4,4,VQC,0.5,15,0.155147
4,4,VQC,0.5,16,0.154607
4,4,VQC,0.5,17,0.154357
4,4,VQC,0.5,18,0.154334
4,4,VQC,0.5,19,0.154484
5,0,VQC,0.5,0,0.78605
5,0,VQC,0.5,1,0.755974
5,0,VQC,0.5,2,0.714899
5,0,VQC,0.5,3,0.668681
5,0,VQC,0.5,4,0.621171
5,0,VQC,0.5,5,0.575835
5,0,VQC,0.5,6,0.535101
5,0,VQC,0.5,7,0.499976
5,0,VQC,0.5,8,0.4703
5,0,VQC,0.5,9,0.445301
5,0,VQC,0.5,10,0.424058
5,0,VQC,0.5,11,0.405741
5,0,VQC,0.5,12,0.389712
5,0,VQC,0.5,13,0.375549
5,0,VQC,0.5,14,0.363026
5,0,VQC,0.5,15,0.352063
5,0,VQC,0.5,16,0.342656
5,0,VQC,0.5,17,0.33481
5,0,VQC,0.5,18,0.328478
5,0,VQC,0.5,19,0.323551
5,1,VQC,0.5,0,0.779645
5,1,VQC,0.5,1,0.752072
5,1,VQC,0.5,2,0.715911
5,1,VQC,0.5,3,0.675352
5,1,VQC,0.5,4,0.633934
5,1,VQC,0.5,5,0.593979
5,1,VQC,0.5,6,0.557004
5,1,VQC,0.5,7,0.523817
5,1,VQC,0.5,8,0.494578
5,1,VQC,0.5,9,0.468997
5,1,VQC,0.5,10,0.446565
5,1,VQC,0.5,11,0.426735
5,1,VQC,0.5,12,0.40903
5,1,VQC,0.5,13,0.393083
5,1,VQC,0.5,14,0.378636
5,1,VQC,0.5,15,0.365532
5,1,VQC,0.5,16,0.353713
5,1,VQC,0.5,17,0.343214
5,1,VQC,0.5,18,0.334105
5,1,VQC,0.5,19,0.326421
5,2,VQC,0.5,0,0.777821
5,2,VQC,0.5,1,0.754136
5,2,VQC,0.5,2,0.724206
5,2,VQC,0.5,3,0.687426
5,2,VQC,0.5,4,0.647219
5,2,VQC,0.5,5,0.606806
5,2,VQC,0.5,6,0.568816
5,2,VQC,0.5,7,0.534929
5,2,VQC,0.5,8,0.505715
5,2,VQC,0.5,9,0.480897
5,2,VQC,0.5,10,0.459779
5,2,VQC,0.5,11,0.441579
5,2,VQC,0.5,12,0.425607
5,2,VQC,0.5,13,0.411335
5,2,VQC,0.5,14,0.398415
5,2,VQC,0.5,15,0.386653
5,2,VQC,0.5,16,0.375986
5,2,VQC,0.5,17,0.366433
5,2,VQC,0.5,18,0.358047
5,2,VQC,0.5,19,0.350862
5,3,VQC,0.5,0,0.751865
5,3,VQC,0.5,1,0.727417
5,3,VQC,0.5,2,0.695472
5,3,VQC,0.5,3,0.657136
5,3,VQC,0.5,4,0.616296
5,3,VQC,0.5,5,0.57621
5,3,VQC,0.5,6,0.539269
5,3,VQC,0.5,7,0.506725
5,3,VQC,0.5,8,0.478764
5,3,VQC,0.5,9,0.454918
5,3,VQC,0.5,10,0.434461
5,3,VQC,0.5,11,0.416657
5,3,VQC,0.5,12,0.400887
5,3,VQC,0.5,13,0.386689
5,3,VQC,0.5,14,0.373769
5,3,VQC,0.5,15,0.361994
5,3,VQC,0.5,16,0.351369
5,3,VQC,0.5,17,0.342004
5,3,VQC,0.5,18,0.334027
5,3,VQC,0.5,19,0.327489
5,4,VQC,0.5,0,0.766172
5,4,VQC,0.5,1,0.743356
5,4,VQC,0.5,2,0.711796
5,4,VQC,0.5,3,0.673976
5,4,VQC,0.5,4,0.632739
5,4,VQC,0.5,5,0.591242
5,4,VQC,0.5,6,0.552178
5,4,VQC,0.5,7,0.517225
5,4,VQC,0.5,8,0.486893
5,4,VQC,0.5,9,0.460851
5,4,VQC,0.5,10,0.438397
5,4,VQC,0.5,11,0.41878
5,4,VQC,0.5,12,0.401375
5,4,VQC,0.5,13,0.385741
5,4,VQC,0.5,14,0.37163
5,4,VQC,0.5,15,0.358958
5,4,VQC,0.5,16,0.34776
5,4,VQC,0.5,17,0.338116
5,4,VQC,0.5,18,0.330057
5,4,VQC,0.5,19,0.323523
6,0,VQC,0.5,0,0.53371
6,0,VQC,0.5,1,0.510246
6,0,VQC,0.5,2,0.473967
6,0,VQC,0.5,3,0.426289
6,0,VQC,0.5,4,0.376552
6,0,VQC,0.5,5,0.331194
6,0,VQC,0.5,6,0.293396
6,0,VQC,0.5,7,0.26412
6,0,VQC,0.5,8,0.24299
6,0,VQC,0.5,9,0.228936
6,0,VQC,0.5,10,0.220645
6,0,VQC,0.5,11,0.216814
6,0,VQC,0.5,12,0.216275
6,0,VQC,0.5,13,0.218034
6,0,VQC,0.5,14,0.221276
6,0,VQC,0.5,15,0.225357
6,0,VQC,0.5,16,0.229789
6,0,VQC,0.5,17,0.234228
6,0,VQC,0.5,18,0.238447
6,0,VQC,0.5,19,0.242317
6,1,VQC,0.5,0,0.543224
6,1,VQC,0.5,1,0.515217
6,1,VQC,0.5,2,0.478406
6,1,VQC,0.5,3,0.431301
6,1,VQC,0.5,4,0.381151
6,1,VQC,0.5,5,0.333845
6,1,VQC,0.5,6,0.292662
6,1,VQC,0.5,7,0.259338
6,1,VQC,0.5,8,0.234337
6,1,VQC,0.5,9,0.217083
6,1,VQC,0.5,10,0.206456
6,1,VQC,0.5,11,0.201173
6,1,VQC,0.5,12,0.199973
6,1,VQC,0.5,13,0.201714
6,1,VQC,0.5,14,0.205421
6,1,VQC,0.5,15,0.210299
6,1,VQC,0.5,16,0.215735
6,1,VQC,0.5,17,0.221278
6,1,VQC,0.5,18,0.226625
6,1,VQC,0.5,19,0.231589
6,2,VQC,0.5,0,0.537673
6,2,VQC,0.5,1,0.51392
6,2,VQC,0.5,2,0.480684
6,2,VQC,0.5,3,0.439637
6,2,VQC,0.5,4,0.395623
6,2,VQC,0.5,5,0.35229
6,2,VQC,0.5,6,0.313099
6,2,VQC,0.5,7,0.28057
6,2,VQC,0.5,8,0.255534
6,2,VQC,0.5,9,0.237511
6,2,VQC,0.5,10,0.225432
6,2,VQC,0.5,11,0.218125
6,2,VQC,0.5,12,0.214531
6,2,VQC,0.5,13,0.213751
6,2,VQC,0.5,14,0.215042
6,2,VQC,0.5,15,0.217789
6,2,VQC,0.5,16,0.221483
6,2,VQC,0.5,17,0.225709
6,2,VQC,0.5,18,0.230142
6,2,VQC,0.5,19,0.234542
6,3,VQC,0.5,0,0.554976
6,3,VQC,0.5,1,0.52253
6,3,VQC,0.5,2,0.482409
6,3,VQC,0.5,3,0.43129
6,3,VQC,0.5,4,0.377435
6,3,VQC,0.5,5,0.327319
6,3,VQC,0.5,6,0.285169
6,3,VQC,0.5,7,0.252853
6,3,VQC,0.5,8,0.230404
6,3,VQC,0.5,9,0.216749
6,3,VQC,0.5,10,0.210232
6,3,VQC,0.5,11,0.208986
6,3,VQC,0.5,12,0.211231
6,3,VQC,0.5,13,0.215491
6,3,VQC,0.5,14,0.220673
6,3,VQC,0.5,15,0.22605
6,3,VQC,0.5,16,0.231189
6,3,VQC,0.5,17,0.235863
6,3,VQC,0.5,18,0.239982
6,3,VQC,0.5,19,0.243536
6,4,VQC,0.5,0,0.540605
6,4,VQC,0.5,1,0.520439
6,4,VQC,0.5,2,0.490136
6,4,VQC,0.5,3,0.448641
6,4,VQC,0.5,4,0.401811
6,4,VQC,0.5,5,0.354566
6,4,VQC,0.5,6,0.311089
6,4,VQC,0.5,7,0.274595
6,4,VQC,0.5,8,0.246616
6,4,VQC,0.5,9,0.227071
6,4,VQC,0.5,10,0.214895
6,4,VQC,0.5,11,0.208638
6,4,VQC,0.5,12,0.206848
6,4,VQC,0.5,13,0.208255
6,4,VQC,0.5,14,0.21182
6,4,VQC,0.5,15,0.216725
6,4,VQC,0.5,16,0.222341
6,4,VQC,0.5,17,0.228205
6,4,VQC,0.5,18,0.233989
6,4,VQC,0.5,19,0.239481
7,0,VQC,0.5,0,0.419648
7,0,VQC,0.5,1,0.360659
7,0,VQC,0.5,2,0.328455
7,0,VQC,0.5,3,0.298468
7,0,VQC,0.5,4,0.273072
7,0,VQC,0.5,5,0.25253
7,0,VQC,0.5,6,0.236464
7,0,VQC,0.5,7,0.224124
7,0,VQC,0.5,8,0.214531
7,0,VQC,0.5,9,0.206536
7,0,VQC,0.5,10,0.199169
7,0,VQC,0.5,11,0.192543
7,0,VQC,0.5,12,0.187414
7,0,VQC,0.5,13,0.18395
7,0,VQC,0.5,14,0.181792
7,0,VQC,0.5,15,0.180532
7,0,VQC,0.5,16,0.179873
7,0,VQC,0.5,17,0.179617
7,0,VQC,0.5,18,0.179634
7,0,VQC,0.5,19,0.179837
7,1,VQC,0.5,0,0.497012
7,1,VQC,0.5,1,0.374248
7,1,VQC,0.5,2,0.332492
7,1,VQC,0.5,3,0.301542
7,1,VQC,0.5,4,0.277652
7,1,VQC,0.5,5,0.258888
7,1,VQC,0.5,6,0.244233
7,1,VQC,0.5,7,0.232807
7,1,VQC,0.5,8,0.223567
7,1,VQC,0.5,9,0.215079
7,1,VQC,0.5,10,0.206342
7,1,VQC,0.5,11,0.198263
7,1,VQC,0.5,12,0.192167
7,1,VQC,0.5,13,0.188127
7,1,VQC,0.5,14,0.185587
7,1,VQC,0.5,15,0.184034
7,1,VQC,0.5,16,0.183121
7,1,VQC,0.5,17,0.182632
7,1,VQC,0.5,18,0.182427
7,1,VQC,0.5,19,0.182414
7,2,VQC,0.5,0,0.455085
7,2,VQC,0.5,1,0.374488
7,2,VQC,0.5,2,0.340192
7,2,VQC,0.5,3,0.312151
7,2,VQC,0.5,4,0.288167
7,2,VQC,0.5,5,0.267869
7,2,VQC,0.5,6,0.251508
7,2,VQC,0.5,7,0.238778
7,2,VQC,0.5,8,0.228881
7,2,VQC,0.5,9,0.220855
7,2,VQC,0.5,10,0.213923
7,2,VQC,0.5,11,0.207634
7,2,VQC,0.5,12,0.202225
7,2,VQC,0.5,13,0.198141
7,2,VQC,0.5,14,0.195333
7,2,VQC,0.5,15,0.193498
7,2,VQC,0.5,16,0.192357
7,2,VQC,0.5,17,0.191705
7,2,VQC,0.5,18,0.191402
7,2,VQC,0.5,19,0.191349
7,3,VQC,0.5,0,0.401105
7,3,VQC,0.5,1,0.374131
7,3,VQC,0.5,2,0.334837
7,3,VQC,0.5,3,0.298837
7,3,VQC,0.5,4,0.268482
7,3,VQC,0.5,5,0.24361
7,3,VQC,0.5,6,0.223933
7,3,VQC,0.5,7,0.208969
7,3,VQC,0.5,8,0.198073
7,3,VQC,0.5,9,0.19056
7,3,VQC,0.5,10,0.185428
7,3,VQC,0.5,11,0.181669
7,3,VQC,0.5,12,0.178873
7,3,VQC,0.5,13,0.176899
7,3,VQC,0.5,14,0.175601
7,3,VQC,0.5,15,0.174828
7,3,VQC,0.5,16,0.17445
7,3,VQC,0.5,17,0.17436
7,3,VQC,0.5,18,0.174479
7,3,VQC,0.5,19,0.174743
7,4,VQC,0.5,0,0.453113
7,4,VQC,0.5,1,0.395159
7,4,VQC,0.5,2,0.353935
7,4,VQC,0.5,3,0.317872
7,4,VQC,0.5,4,0.288236
7,4,VQC,0.5,5,0.264225
7,4,VQC,0.5,6,0.245193
7,4,VQC,0.5,7,0.230406
7,4,VQC,0.5,8,0.218901
7,4,VQC,0.5,9,0.209529
7,4,VQC,0.5,10,0.201171
7,4,VQC,0.5,11,0.193515
7,4,VQC,0.5,12,0.187275
7,4,VQC,0.5,13,0.182951
7,4,VQC,0.5,14,0.18031
7,4,VQC,0.5,15,0.178865
7,4,VQC,0.5,16,0.178203
7,4,VQC,0.5,17,0.178047
7,4,VQC,0.5,18,0.178217
7,4,VQC,0.5,19,0.178593
8,0,VQC,0.5,0,0.36106
8,0,VQC,0.5,1,0.327144
8,0,VQC,0.5,2,0.28961
8,0,VQC,0.5,3,0.25416
8,0,VQC,0.5,4,0.224585
8,0,VQC,0.5,5,0.202076
8,0,VQC,0.5,6,0.185917
8,0,VQC,0.5,7,0.174707
8,0,VQC,0.5,8,0.167068
8,0,VQC,0.5,9,0.161892
8,0,VQC,0.5,10,0.158359
8,0,VQC,0.5,11,0.155872
8,0,VQC,0.5,12,0.154002
8,0,VQC,0.5,13,0.152448
8,0,VQC,0.5,14,0.151011
8,0,VQC,0.5,15,0.149571
8,0,VQC,0.5,16,0.148071
8,0,VQC,0.5,17,0.146492
8,0,VQC,0.5,18,0.14485
8,0,VQC,0.5,19,0.143179
8,1,VQC,0.5,0,0.325242
8,1,VQC,0.5,1,0.302579
8,1,VQC,0.5,2,0.275808
8,1,VQC,0.5,3,0.24896
8,1,VQC,0.5,4,0.22524
8,1,VQC,0.5,5,0.206532
8,1,VQC,0.5,6,0.192927
8,1,VQC,0.5,7,0.183548
8,1,VQC,0.5,8,0.177264
8,1,VQC,0.5,9,0.173047
8,1,VQC,0.5,10,0.170102
8,1,VQC,0.5,11,0.167877
8,1,VQC,0.5,12,0.166017
8,1,VQC,0.5,13,0.164314
8,1,VQC,0.5,14,0.162669
8,1,VQC,0.5,15,0.161052
8,1,VQC,0.5,16,0.159478
8,1,VQC,0.5,17,0.15798
8,1,VQC,0.5,18,0.156594
8,1,VQC,0.5,19,0.155345
8,2,VQC,0.5,0,0.398238
8,2,VQC,0.5,1,0.36231
8,2,VQC,0.5,2,0.320913
8,2,VQC,0.5,3,0.282004
8,2,VQC,0.5,4,0.250077
8,2,VQC,0.5,5,0.225949
8,2,VQC,0.5,6,0.208321
8,2,VQC,0.5,7,0.195363
8,2,VQC,0.5,8,0.18548
8,2,VQC,0.5,9,0.177523
8,2,VQC,0.5,10,0.170763
8,2,VQC,0.5,11,0.164786
8,2,VQC,0.5,12,0.159383
8,2,VQC,0.5,13,0.154463
8,2,VQC,0.5,14,0.149999
8,2,VQC,0.5,15,0.146001
8,2,VQC,0.5,16,0.142489
8,2,VQC,0.5,17,0.139483
8,2,VQC,0.5,18,0.136987
8,2,VQC,0.5,19,0.134985
8,3,VQC,0.5,0,0.398814
8,3,VQC,0.5,1,0.36745
8,3,VQC,0.5,2,0.332509
8,3,VQC,0.5,3,0.298722
8,3,VQC,0.5,4,0.269817
8,3,VQC,0.5,5,0.247194
8,3,VQC,0.5,6,0.230349
8,3,VQC,0.5,7,0.217996
8,3,VQC,0.5,8,0.208816
8,3,VQC,0.5,9,0.20176
8,3,VQC,0.5,10,0.196102
8,3,VQC,0.5,11,0.191382
8,3,VQC,0.5,12,0.187337
8,3,VQC,0.5,13,0.183829
8,3,VQC,0.5,14,0.180786
8,3,VQC,0.5,15,0.178165
8,3,VQC,0.5,16,0.175926
8,3,VQC,0.5,17,0.174034
8,3,VQC,0.5,18,0.172452
8,3,VQC,0.5,19,0.171145
8,4,VQC,0.5,0,0.325634
8,4,VQC,0.5,1,0.295619
8,4,VQC,0.5,2,0.262967
8,4,VQC,0.5,3,0.233994
8,4,VQC,0.5,4,0.210818
8,4,VQC,0.5,5,0.193724
8,4,VQC,0.5,6,0.181753
8,4,VQC,0.5,7,0.173523
8,4,VQC,0.5,8,0.167802
8,4,VQC,0.5,9,0.163691
8,4,VQC,0.5,10,0.160589
8,4,VQC,0.5,11,0.158109
8,4,VQC,0.5,12,0.155999
8,4,VQC,0.5,13,0.154095
8,4,VQC,0.5,14,0.152292
8,4,VQC,0.5,15,0.150522
8,4,VQC,0.5,16,0.148753
8,4,VQC,0.5,17,0.146978
8,4,VQC,0.5,18,0.145214
8,4,VQC,0.5,19,0.143494
9,0,VQC,0.5,0,0.596504
9,0,VQC,0.5,1,0.58513
9,0,VQC,0.5,2,0.560456
9,0,VQC,0.5,3,0.527396
9,0,VQC,0.5,4,0.489602
9,0,VQC,0.5,5,0.451465
9,0,VQC,0.5,6,0.416608
9,0,VQC,0.5,7,0.386922
9,0,VQC,0.5,8,0.362696
9,0,VQC,0.5,9,0.343292
9,0,VQC,0.5,10,0.327747
9,0,VQC,0.5,11,0.315108
9,0,VQC,0.5,12,0.304569
9,0,VQC,0.5,13,0.2955
9,0,VQC,0.5,14,0.28744
9,0,VQC,0.5,15,0.280081
9,0,VQC,0.5,16,0.273245
9,0,VQC,0.5,17,0.266855
9,0,VQC,0.5,18,0.2609
9,0,VQC,0.5,19,0.255404
9,1,VQC,0.5,0,0.605594
9,1,VQC,0.5,1,0.592427
9,1,VQC,0.5,2,0.565592
9,1,VQC,0.5,3,0.529545
9,1,VQC,0.5,4,0.4888
9,1,VQC,0.5,5,0.448207
9,1,VQC,0.5,6,0.411467
9,1,VQC,0.5,7,0.380384
9,1,VQC,0.5,8,0.35512
9,1,VQC,0.5,9,0.334894
9,1,VQC,0.5,10,0.318607
9,1,VQC,0.5,11,0.305214
9,1,VQC,0.5,12,0.293869
9,1,VQC,0.5,13,0.283954
9,1,VQC,0.5,14,0.275058
9,1,VQC,0.5,15,0.266945
9,1,VQC,0.5,16,0.259502
9,1,VQC,0.5,17,0.252704
9,1,VQC,0.5,18,0.246565
9,1,VQC,0.5,19,0.241107
9,2,VQC,0.5,0,0.619202
9,2,VQC,0.5,1,0.602308
9,2,VQC,0.5,2,0.573617
9,2,VQC,0.5,3,0.535328
9,2,VQC,0.5,4,0.492694
9,2,VQC,0.5,5,0.450786
9,2,VQC,0.5,6,0.413174
9,2,VQC,0.5,7,0.381359
9,2,VQC,0.5,8,0.355216
9,2,VQC,0.5,9,0.3338
9,2,VQC,0.5,10,0.316005
9,2,VQC,0.5,11,0.300911
9,2,VQC,0.5,12,0.287893
9,2,VQC,0.5,13,0.276579
9,2,VQC,0.5,14,0.266749
9,2,VQC,0.5,15,0.25823
9,2,VQC,0.5,16,0.250855
9,2,VQC,0.5,17,0.24449
9,2,VQC,0.5,18,0.239044
9,2,VQC,0.5,19,0.234459
9,3,VQC,0.5,0,0.593682
9,3,VQC,0.5,1,0.579819
9,3,VQC,0.5,2,0.550895
9,3,VQC,0.5,3,0.513501
9,3,VQC,0.5,4,0.472277
9,3,VQC,0.5,5,0.43175
9,3,VQC,0.5,6,0.395227
9,3,VQC,0.5,7,0.364145
9,3,VQC,0.5,8,0.338429
9,3,VQC,0.5,9,0.317248
9,3,VQC,0.5,10,0.299612
9,3,VQC,0.5,11,0.28469
9,3,VQC,0.5,12,0.2719
9,3,VQC,0.5,13,0.260882
9,3,VQC,0.5,14,0.251424
9,3,VQC,0.5,15,0.24339
9,3,VQC,0.5,16,0.236673
9,3,VQC,0.5,17,0.231154
9,3,VQC,0.5,18,0.226699
9,3,VQC,0.5,19,0.223172
9,4,VQC,0.5,0,0.619903
9,4,VQC,0.5,1,0.605128
9,4,VQC,0.5,2,0.57944
9,4,VQC,0.5,3,0.546553
9,4,VQC,0.5,4,0.509532
9,4,VQC,0.5,5,0.471876
9,4,VQC,0.5,6,0.436509
9,4,VQC,0.5,7,0.405189
9,4,VQC,0.5,8,0.378476
9,4,VQC,0.5,9,0.356078
9,4,VQC,0.5,10,0.337295
9,4,VQC,0.5,11,0.321353
9,4,VQC,0.5,12,0.307588
9,4,VQC,0.5,13,0.295518
9,4,VQC,0.5,14,0.284832
9,4,VQC,0.5,15,0.275363
9,4,VQC,0.5,16,0.267033
9,4,VQC,0.5,17,0.259806
9,4,VQC,0.5,18,0.253651
9,4,VQC,0.5,19,0.248524
0,0,VQC,1.0,0,0.143624
0,0,VQC,1.0,1,0.125268
0,0,VQC,1.0,2,0.105651
0,0,VQC,1.0,3,0.089362
0,0,VQC,1.0,4,0.076398
0,0,VQC,1.0,5,0.065968
0,0,VQC,1.0,6,0.057534
0,0,VQC,1.0,7,0.05081
0,0,VQC,1.0,8,0.045614
0,0,VQC,1.0,9,0.041765
0,0,VQC,1.0,10,0.039061
0,0,VQC,1.0,11,0.037288
0,0,VQC,1.0,12,0.036242
0,0,VQC,1.0,13,0.035749
0,0,VQC,1.0,14,0.035672
0,0,VQC,1.0,15,0.03591
0,0,VQC,1.0,16,0.036392
0,0,VQC,1.0,17,0.037068
0,0,VQC,1.0,18,0.037897
0,0,VQC,1.0,19,0.038846
0,1,VQC,1.0,0,0.16471
0,1,VQC,1.0,1,0.145023
0,1,VQC,1.0,2,0.120897
0,1,VQC,1.0,3,0.101122
0,1,VQC,1.0,4,0.086425
0,1,VQC,1.0,5,0.075484
0,1,VQC,1.0,6,0.067349
0,1,VQC,1.0,7,0.061461
0,1,VQC,1.0,8,0.057443
0,1,VQC,1.0,9,0.055026
0,1,VQC,1.0,10,0.053925
0,1,VQC,1.0,11,0.053761
0,1,VQC,1.0,12,0.054212
0,1,VQC,1.0,13,0.055075
0,1,VQC,1.0,14,0.056215
0,1,VQC,1.0,15,0.057532
0,1,VQC,1.0,16,0.058947
0,1,VQC,1.0,17,0.060396
0,1,VQC,1.0,18,0.061826
0,1,VQC,1.0,19,0.063199
0,2,VQC,1.0,0,0.142648
0,2,VQC,1.0,1,0.120568
0,2,VQC,1.0,2,0.102599
0,2,VQC,1.0,3,0.090191
0,2,VQC,1.0,4,0.079897
0,2,VQC,1.0,5,0.070874
0,2,VQC,1.0,6,0.063238
0,2,VQC,1.0,7,0.057094
0,2,VQC,1.0,8,0.052414
0,2,VQC,1.0,9,0.049057
0,2,VQC,1.0,10,0.046817
0,2,VQC,1.0,11,0.045463
0,2,VQC,1.0,12,0.044778
0,2,VQC,1.0,13,0.044583
0,2,VQC,1.0,14,0.044742
0,2,VQC,1.0,15,0.045162
0,2,VQC,1.0,16,0.045776
0,2,VQC,1.0,17,0.046536
0,2,VQC,1.0,18,0.047404
0,2,VQC,1.0,19,0.048346
0,3,VQC,1.0,0,0.187709
0,3,VQC,1.0,1,0.152426
0,3,VQC,1.0,2,0.124717
0,3,VQC,1.0,3,0.107148
0,3,VQC,1.0,4,0.095336
0,3,VQC,1.0,5,0.086948
0,3,VQC,1.0,6,0.080879
0,3,VQC,1.0,7,0.076521
0,3,VQC,1.0,8,0.07346
0,3,VQC,1.0,9,0.071356
0,3,VQC,1.0,10,0.069926
0,3,VQC,1.0,11,0.068956
0,3,VQC,1.0,12,0.068302
0,3,VQC,1.0,13,0.067869
0,3,VQC,1.0,14,0.067596
0,3,VQC,1.0,15,0.067437
0,3,VQC,1.0,16,0.067359
0,3,VQC,1.0,17,0.067336
0,3,VQC,1.0,18,0.067346
0,3,VQC,1.0,19,0.067373
0,4,VQC,1.0,0,0.153128
0,4,VQC,1.0,1,0.126775
0,4,VQC,1.0,2,0.106597
0,4,VQC,1.0,3,0.092225
0,4,VQC,1.0,4,0.081117
0,4,VQC,1.0,5,0.072671
0,4,VQC,1.0,6,0.066366
0,4,VQC,1.0,7,0.061832
0,4,VQC,1.0,8,0.058786
0,4,VQC,1.0,9,0.056952
0,4,VQC,1.0,10,0.056041
0,4,VQC,1.0,11,0.055779
0,4,VQC,1.0,12,0.055942
0,4,VQC,1.0,13,0.056368
0,4,VQC,1.0,14,0.056943
0,4,VQC,1.0,15,0.057591
0,4,VQC,1.0,16,0.058258
0,4,VQC,1.0,17,0.058906
0,4,VQC,1.0,18,0.059513
0,4,VQC,1.0,19,0.060064
1,0,VQC,1.0,0,0.537858
1,0,VQC,1.0,1,0.522139
1,0,VQC,1.0,2,0.483886
1,0,VQC,1.0,3,0.438246
1,0,VQC,1.0,4,0.392541
1,0,VQC,1.0,5,0.352077
1,0,VQC,1.0,6,0.318633
1,0,VQC,1.0,7,0.291833
1,0,VQC,1.0,8,0.270455
1,0,VQC,1.0,9,0.253142
1,0,VQC,1.0,10,0.238745
1,0,VQC,1.0,11,0.226477
1,0,VQC,1.0,12,0.215955
1,0,VQC,1.0,13,0.207137
1,0,VQC,1.0,14,0.200117
1,0,VQC,1.0,15,0.194894
1,0,VQC,1.0,16,0.191279
1,0,VQC,1.0,17,0.188976
1,0,VQC,1.0,18,0.187676
1,0,VQC,1.0,19,0.187121
1,1,VQC,1.0,0,0.529321
1,1,VQC,1.0,1,0.512092
1,1,VQC,1.0,2,0.478437
1,1,VQC,1.0,3,0.436054
1,1,VQC,1.0,4,0.391778
1,1,VQC,1.0,5,0.351647
1,1,VQC,1.0,6,0.318384
1,1,VQC,1.0,7,0.291901
1,1,VQC,1.0,8,0.271004
1,1,VQC,1.0,9,0.25438
1,1,VQC,1.0,10,0.240889
1,1,VQC,1.0,11,0.229657
1,1,VQC,1.0,12,0.22016
1,1,VQC,1.0,13,0.212276
1,1,VQC,1.0,14,0.206105
1,1,VQC,1.0,15,0.201636
1,1,VQC,1.0,16,0.198621
1,1,VQC,1.0,17,0.196709
1,1,VQC,1.0,18,0.195595
1,1,VQC,1.0,19,0.19506
1,2,VQC,1.0,0,0.518539
1,2,VQC,1.0,1,0.508567
1,2,VQC,1.0,2,0.47996
1,2,VQC,1.0,3,0.444204
1,2,VQC,1.0,4,0.404482
1,2,VQC,1.0,5,0.365599
1,2,VQC,1.0,6,0.33205
1,2,VQC,1.0,7,0.305099
1,2,VQC,1.0,8,0.283593
1,2,VQC,1.0,9,0.266289
1,2,VQC,1.0,10,0.252315
1,2,VQC,1.0,11,0.240928
1,2,VQC,1.0,12,0.231332
1,2,VQC,1.0,13,0.222884
1,2,VQC,1.0,14,0.215662
1,2,VQC,1.0,15,0.210176
1,2,VQC,1.0,16,0.206421
1,2,VQC,1.0,17,0.203963
1,2,VQC,1.0,18,0.202399
1,2,VQC,1.0,19,0.201462
1,3,VQC,1.0,0,0.528529
1,3,VQC,1.0,1,0.509625
1,3,VQC,1.0,2,0.470202
1,3,VQC,1.0,3,0.425346
1,3,VQC,1.0,4,0.380986
1,3,VQC,1.0,5,0.342607
1,3,VQC,1.0,6,0.311738
1,3,VQC,1.0,7,0.287396
1,3,VQC,1.0,8,0.268064
1,3,VQC,1.0,9,0.252355
1,3,VQC,1.0,10,0.239135
1,3,VQC,1.0,11,0.227685
1,3,VQC,1.0,12,0.217926
1,3,VQC,1.0,13,0.210279
1,3,VQC,1.0,14,0.204996
1,3,VQC,1.0,15,0.201776
1,3,VQC,1.0,16,0.200037
1,3,VQC,1.0,17,0.199266
1,3,VQC,1.0,18,0.199124
1,3,VQC,1.0,19,0.199398
1,4,VQC,1.0,0,0.517573
1,4,VQC,1.0,1,0.499125
1,4,VQC,1.0,2,0.463434
1,4,VQC,1.0,3,0.424932
1,4,VQC,1.0,4,0.387427
1,4,VQC,1.0,5,0.353989
1,4,VQC,1.0,6,0.325548
1,4,VQC,1.0,7,0.301847
1,4,VQC,1.0,8,0.282205
1,4,VQC,1.0,9,0.265813
1,4,VQC,1.0,10,0.251859
1,4,VQC,1.0,11,0.23964
1,4,VQC,1.0,12,0.228716
1,4,VQC,1.0,13,0.219075
1,4,VQC,1.0,14,0.211056
1,4,VQC,1.0,15,0.204964
1,4,VQC,1.0,16,0.200761
1,4,VQC,1.0,17,0.19812
1,4,VQC,1.0,18,0.19664
1,4,VQC,1.0,19,0.19599
2,0,VQC,1.0,0,0.35761
2,0,VQC,1.0,1,0.324477
2,0,VQC,1.0,2,0.285735
2,0,VQC,1.0,3,0.251215
2,0,VQC,1.0,4,0.220416
2,0,VQC,1.0,5,0.194916
2,0,VQC,1.0,6,0.17487
2,0,VQC,1.0,7,0.159557
2,0,VQC,1.0,8,0.148033
2,0,VQC,1.0,9,0.139408
2,0,VQC,1.0,10,0.132933
2,0,VQC,1.0,11,0.128009
2,0,VQC,1.0,12,0.124185
2,0,VQC,1.0,13,0.121147
2,0,VQC,1.0,14,0.118694
2,0,VQC,1.0,15,0.116716
2,0,VQC,1.0,16,0.11516
2,0,VQC,1.0,17,0.114006
2,0,VQC,1.0,18,0.113233
2,0,VQC,1.0,19,0.11281
2,1,VQC,1.0,0,0.376407
2,1,VQC,1.0,1,0.330753
2,1,VQC,1.0,2,0.298732
2,1,VQC,1.0,3,0.266643
2,1,VQC,1.0,4,0.236545
2,1,VQC,1.0,5,0.210802
2,1,VQC,1.0,6,0.189875
2,1,VQC,1.0,7,0.173192
2,1,VQC,1.0,8,0.159899
2,1,VQC,1.0,9,0.149205
2,1,VQC,1.0,10,0.140475
2,1,VQC,1.0,11,0.133224
2,1,VQC,1.0,12,0.127099
2,1,VQC,1.0,13,0.121852
2,1,VQC,1.0,14,0.117325
2,1,VQC,1.0,15,0.113427
2,1,VQC,1.0,16,0.110111
2,1,VQC,1.0,17,0.107349
2,1,VQC,1.0,18,0.105115
2,1,VQC,1.0,19,0.103376
2,2,VQC,1.0,0,0.383473
2,2,VQC,1.0,1,0.349611
2,2,VQC,1.0,2,0.308524
2,2,VQC,1.0,3,0.271459
2,2,VQC,1.0,4,0.23855
2,2,VQC,1.0,5,0.21174
2,2,VQC,1.0,6,0.191181
2,2,VQC,1.0,7,0.175878
2,2,VQC,1.0,8,0.16454
2,2,VQC,1.0,9,0.156008
2,2,VQC,1.0,10,0.149374
2,2,VQC,1.0,11,0.143982
2,2,VQC,1.0,12,0.139391
2,2,VQC,1.0,13,0.135335
2,2,VQC,1.0,14,0.131681
2,2,VQC,1.0,15,0.128383
2,2,VQC,1.0,16,0.125446
2,2,VQC,1.0,17,0.122897
2,2,VQC,1.0,18,0.120758
2,2,VQC,1.0,19,0.119037
2,3,VQC,1.0,0,0.369844
2,3,VQC,1.0,1,0.333248
2,3,VQC,1.0,2,0.291254
2,3,VQC,1.0,3,0.255854
2,3,VQC,1.0,4,0.224855
2,3,VQC,1.0,5,0.198831
2,3,VQC,1.0,6,0.177991
2,3,VQC,1.0,7,0.161818
2,3,VQC,1.0,8,0.149486
2,3,VQC,1.0,9,0.14015
2,3,VQC,1.0,10,0.133062
2,3,VQC,1.0,11,0.127609
2,3,VQC,1.0,12,0.123323
2,3,VQC,1.0,13,0.119872
2,3,VQC,1.0,14,0.117046
2,3,VQC,1.0,15,0.114727
2,3,VQC,1.0,16,0.112862
2,3,VQC,1.0,17,0.111428
2,3,VQC,1.0,18,0.11041
2,3,VQC,1.0,19,0.109786
2,4,VQC,1.0,0,0.336837
2,4,VQC,1.0,1,0.305932
2,4,VQC,1.0,2,0.275312
2,4,VQC,1.0,3,0.244238
2,4,VQC,1.0,4,0.216412
2,4,VQC,1.0,5,0.193618
2,4,VQC,1.0,6,0.175832
2,4,VQC,1.0,7,0.162274
2,4,VQC,1.0,8,0.152018
2,4,VQC,1.0,9,0.144232
2,4,VQC,1.0,10,0.138235
2,4,VQC,1.0,11,0.133499
2,4,VQC,1.0,12,0.12964
2,4,VQC,1.0,13,0.126396
2,4,VQC,1.0,14,0.123607
2,4,VQC,1.0,15,0.121192
2,4,VQC,1.0,16,0.119123
2,4,VQC,1.0,17,0.117402
2,4,VQC,1.0,18,0.116036
2,4,VQC,1.0,19,0.115018
3,0,VQC,1.0,0,0.200113
3,0,VQC,1.0,1,0.164229
3,0,VQC,1.0,2,0.138301
3,0,VQC,1.0,3,0.1196
3,0,VQC,1.0,4,0.106565
3,0,VQC,1.0,5,0.097656
3,0,VQC,1.0,6,0.091576
3,0,VQC,1.0,7,0.087404
3,0,VQC,1.0,8,0.084522
3,0,VQC,1.0,9,0.082521
3,0,VQC,1.0,10,0.081126
3,0,VQC,1.0,11,0.080157
3,0,VQC,1.0,12,0.079491
3,0,VQC,1.0,13,0.079043
3,0,VQC,1.0,14,0.078755
3,0,VQC,1.0,15,0.078582
3,0,VQC,1.0,16,0.078491
3,0,VQC,1.0,17,0.078456
3,0,VQC,1.0,18,0.078454
3,0,VQC,1.0,19,0.07847
3,1,VQC,1.0,0,0.164607
3,1,VQC,1.0,1,0.140181
3,1,VQC,1.0,2,0.124615
3,1,VQC,1.0,3,0.11282
3,1,VQC,1.0,4,0.104127
3,1,VQC,1.0,5,0.097862
3,1,VQC,1.0,6,0.09339
3,1,VQC,1.0,7,0.090208
3,1,VQC,1.0,8,0.087947
3,1,VQC,1.0,9,0.086339
3,1,VQC,1.0,10,0.085198
3,1,VQC,1.0,11,0.084393
3,1,VQC,1.0,12,0.083832
3,1,VQC,1.0,13,0.083451
3,1,VQC,1.0,14,0.083203
3,1,VQC,1.0,15,0.083052
3,1,VQC,1.0,16,0.082974
3,1,VQC,1.0,17,0.082947
3,1,VQC,1.0,18,0.082957
3,1,VQC,1.0,19,0.082993
3,2,VQC,1.0,0,0.168171
3,2,VQC,1.0,1,0.14254
3,2,VQC,1.0,2,0.124925
3,2,VQC,1.0,3,0.111064
3,2,VQC,1.0,4,0.100605
3,2,VQC,1.0,5,0.093022
3,2,VQC,1.0,6,0.087635
3,2,VQC,1.0,7,0.083852
3,2,VQC,1.0,8,0.081222
3,2,VQC,1.0,9,0.079419
3,2,VQC,1.0,10,0.07821
3,2,VQC,1.0,11,0.077435
3,2,VQC,1.0,12,0.076978
3,2,VQC,1.0,13,0.076753
3,2,VQC,1.0,14,0.076697
3,2,VQC,1.0,15,0.076757
3,2,VQC,1.0,16,0.07689
3,2,VQC,1.0,17,0.077061
3,2,VQC,1.0,18,0.077241
3,2,VQC,1.0,19,0.077411
3,3,VQC,1.0,0,0.16458
3,3,VQC,1.0,1,0.149016
3,3,VQC,1.0,2,0.140711
3,3,VQC,1.0,3,0.13437
3,3,VQC,1.0,4,0.129851
3,3,VQC,1.0,5,0.126752
3,3,VQC,1.0,6,0.124633
3,3,VQC,1.0,7,0.123179
3,3,VQC,1.0,8,0.12218
3,3,VQC,1.0,9,0.121493
3,3,VQC,1.0,10,0.121023
3,3,VQC,1.0,11,0.120704
3,3,VQC,1.0,12,0.120489
3,3,VQC,1.0,13,0.120345
3,3,VQC,1.0,14,0.120248
3,3,VQC,1.0,15,0.12018
3,3,VQC,1.0,16,0.120125
3,3,VQC,1.0,17,0.120068
3,3,VQC,1.0,18,0.119995
3,3,VQC,1.0,19,0.119893
3,4,VQC,1.0,0,0.179682
3,4,VQC,1.0,1,0.153721
3,4,VQC,1.0,2,0.134576
3,4,VQC,1.0,3,0.121489
3,4,VQC,1.0,4,0.112713
3,4,VQC,1.0,5,0.106818
3,4,VQC,1.0,6,0.102779
3,4,VQC,1.0,7,0.099946
3,4,VQC,1.0,8,0.097915
3,4,VQC,1.0,9,0.096429
3,4,VQC,1.0,10,0.095318
3,4,VQC,1.0,11,0.094469
3,4,VQC,1.0,12,0.093802
3,4,VQC,1.0,13,0.093262
3,4,VQC,1.0,14,0.092809
3,4,VQC,1.0,15,0.092417
3,4,VQC,1.0,16,0.092068
3,4,VQC,1.0,17,0.091754
3,4,VQC,1.0,18,0.091472
3,4,VQC,1.0,19,0.091221
4,0,VQC,1.0,0,0.456397
4,0,VQC,1.0,1,0.422897
4,0,VQC,1.0,2,0.388411
4,0,VQC,1.0,3,0.354292
4,0,VQC,1.0,4,0.324491
4,0,VQC,1.0,5,0.300065
4,0,VQC,1.0,6,0.280562
4,0,VQC,1.0,7,0.265275
4,0,VQC,1.0,8,0.253336
4,0,VQC,1.0,9,0.24365
4,0,VQC,1.0,10,0.235212
4,0,VQC,1.0,11,0.227729
4,0,VQC,1.0,12,0.221478
4,0,VQC,1.0,13,0.216607
4,0,VQC,1.0,14,0.213024
4,0,VQC,1.0,15,0.210545
4,0,VQC,1.0,16,0.208965
4,0,VQC,1.0,17,0.208093
4,0,VQC,1.0,18,0.207765
4,0,VQC,1.0,19,0.207844
4,1,VQC,1.0,0,0.50356
4,1,VQC,1.0,1,0.460046
4,1,VQC,1.0,2,0.41522
4,1,VQC,1.0,3,0.373875
4,1,VQC,1.0,4,0.339343
4,1,VQC,1.0,5,0.311729
4,1,VQC,1.0,6,0.290031
4,1,VQC,1.0,7,0.273163
4,1,VQC,1.0,8,0.259972
4,1,VQC,1.0,9,0.249327
4,1,VQC,1.0,10,0.24044
4,1,VQC,1.0,11,0.233012
4,1,VQC,1.0,12,0.22697
4,1,VQC,1.0,13,0.222253
4,1,VQC,1.0,14,0.218738
4,1,VQC,1.0,15,0.216255
4,1,VQC,1.0,16,0.214622
4,1,VQC,1.0,17,0.213665
4,1,VQC,1.0,18,0.213234
4,1,VQC,1.0,19,0.213203
4,2,VQC,1.0,0,0.452899
4,2,VQC,1.0,1,0.412046
4,2,VQC,1.0,2,0.374356
4,2,VQC,1.0,3,0.340284
4,2,VQC,1.0,4,0.31207
4,2,VQC,1.0,5,0.289446
4,2,VQC,1.0,6,0.271421
4,2,VQC,1.0,7,0.257115
4,2,VQC,1.0,8,0.245771
4,2,VQC,1.0,9,0.236737
4,2,VQC,1.0,10,0.229589
4,2,VQC,1.0,11,0.224161
4,2,VQC,1.0,12,0.220252
4,2,VQC,1.0,13,0.217497
4,2,VQC,1.0,14,0.215578
4,2,VQC,1.0,15,0.214292
4,2,VQC,1.0,16,0.213506
4,2,VQC,1.0,17,0.21312
4,2,VQC,1.0,18,0.213053
4,2,VQC,1.0,19,0.213233
4,3,VQC,1.0,0,0.466436
4,3,VQC,1.0,1,0.430239
4,3,VQC,1.0,2,0.388515
4,3,VQC,1.0,3,0.350811
4,3,VQC,1.0,4,0.32007
4,3,VQC,1.0,5,0.295854
4,3,VQC,1.0,6,0.276957
4,3,VQC,1.0,7,0.262216
4,3,VQC,1.0,8,0.250497
4,3,VQC,1.0,9,0.240775
4,3,VQC,1.0,10,0.232437
4,3,VQC,1.0,11,0.225379
4,3,VQC,1.0,12,0.219643
4,3,VQC,1.0,13,0.215131
4,3,VQC,1.0,14,0.211668
4,3,VQC,1.0,15,0.209085
4,3,VQC,1.0,16,0.20724
4,3,VQC,1.0,17,0.206009
4,3,VQC,1.0,18,0.205286
4,3,VQC,1.0,19,0.204975
4,4,VQC,1.0,0,0.446865
4,4,VQC,1.0,1,0.399566
4,4,VQC,1.0,2,0.359703
4,4,VQC,1.0,3,0.327192
4,4,VQC,1.0,4,0.301119
4,4,VQC,1.0,5,0.28037
4,4,VQC,1.0,6,0.263897
4,4,VQC,1.0,7,0.250838
4,4,VQC,1.0,8,0.240311
4,4,VQC,1.0,9,0.23128
4,4,VQC,1.0,10,0.223032
4,4,VQC,1.0,11,0.21572
4,4,VQC,1.0,12,0.209786
4,4,VQC,1.0,13,0.205288
4,4,VQC,1.0,14,0.202021
4,4,VQC,1.0,15,0.199745
4,4,VQC,1.0,16,0.198249
4,4,VQC,1.0,17,0.197362
4,4,VQC,1.0,18,0.196945
4,4,VQC,1.0,19,0.196886
5,0,VQC,1.0,0,0.510247
5,0,VQC,1.0,1,0.467334
5,0,VQC,1.0,2,0.408631
5,0,VQC,1.0,3,0.354354
5,0,VQC,1.0,4,0.311585
5,0,VQC,1.0,5,0.280012
5,0,VQC,1.0,6,0.257109
5,0,VQC,1.0,7,0.240618
5,0,VQC,1.0,8,0.228783
5,0,VQC,1.0,9,0.220222
5,0,VQC,1.0,10,0.213865
5,0,VQC,1.0,11,0.208924
5,0,VQC,1.0,12,0.204863
5,0,VQC,1.0,13,0.201354
5,0,VQC,1.0,14,0.19823
5,0,VQC,1.0,15,0.195432
5,0,VQC,1.0,16,0.192964
5,0,VQC,1.0,17,0.190855
5,0,VQC,1.0,18,0.189129
5,0,VQC,1.0,19,0.187791
5,1,VQC,1.0,0,0.514166
5,1,VQC,1.0,1,0.475329
5,1,VQC,1.0,2,0.42854
5,1,VQC,1.0,3,0.38461
5,1,VQC,1.0,4,0.347205
5,1,VQC,1.0,5,0.316979
5,1,VQC,1.0,6,0.293115
5,1,VQC,1.0,7,0.274381
5,1,VQC,1.0,8,0.259599
5,1,VQC,1.0,9,0.247783
5,1,VQC,1.0,10,0.238163
5,1,VQC,1.0,11,0.230168
5,1,VQC,1.0,12,0.22341
5,1,VQC,1.0,13,0.217641
5,1,VQC,1.0,14,0.21272
5,1,VQC,1.0,15,0.208564
5,1,VQC,1.0,16,0.205112
5,1,VQC,1.0,17,0.202306
5,1,VQC,1.0,18,0.200084
5,1,VQC,1.0,19,0.198375
5,2,VQC,1.0,0,0.512025
5,2,VQC,1.0,1,0.484164
5,2,VQC,1.0,2,0.439151
5,2,VQC,1.0,3,0.391091
5,2,VQC,1.0,4,0.349908
5,2,VQC,1.0,5,0.318221
5,2,VQC,1.0,6,0.294634
5,2,VQC,1.0,7,0.277059
5,2,VQC,1.0,8,0.263819
5,2,VQC,1.0,9,0.253691
5,2,VQC,1.0,10,0.245773
5,2,VQC,1.0,11,0.239386
5,2,VQC,1.0,12,0.234031
5,2,VQC,1.0,13,0.229356
5,2,VQC,1.0,14,0.225136
5,2,VQC,1.0,15,0.221246
5,2,VQC,1.0,16,0.217636
5,2,VQC,1.0,17,0.214305
5,2,VQC,1.0,18,0.211275
5,2,VQC,1.0,19,0.208574
5,3,VQC,1.0,0,0.491163
5,3,VQC,1.0,1,0.463592
5,3,VQC,1.0,2,0.419324
5,3,VQC,1.0,3,0.37355
5,3,VQC,1.0,4,0.334767
5,3,VQC,1.0,5,0.304451
5,3,VQC,1.0,6,0.281169
5,3,VQC,1.0,7,0.263227
5,3,VQC,1.0,8,0.249278
5,3,VQC,1.0,9,0.238302
5,3,VQC,1.0,10,0.229528
5,3,VQC,1.0,11,0.222381
5,3,VQC,1.0,12,0.21645
5,3,VQC,1.0,13,0.211466
5,3,VQC,1.0,14,0.207273
5,3,VQC,1.0,15,0.203784
5,3,VQC,1.0,16,0.20095
5,3,VQC,1.0,17,0.198732
5,3,VQC,1.0,18,0.197084
5,3,VQC,1.0,19,0.19595
5,4,VQC,1.0,0,0.500218
5,4,VQC,1.0,1,0.474371
5,4,VQC,1.0,2,0.430961
5,4,VQC,1.0,3,0.383171
5,4,VQC,1.0,4,0.3407
5,4,VQC,1.0,5,0.307005
5,4,VQC,1.0,6,0.281248
5,4,VQC,1.0,7,0.261637
5,4,VQC,1.0,8,0.246678
5,4,VQC,1.0,9,0.235256
5,4,VQC,1.0,10,0.226466
5,4,VQC,1.0,11,0.219545
5,4,VQC,1.0,12,0.213914
5,4,VQC,1.0,13,0.209189
5,4,VQC,1.0,14,0.205146
5,4,VQC,1.0,15,0.20167
5,4,VQC,1.0,16,0.198706
5,4,VQC,1.0,17,0.196235
5,4,VQC,1.0,18,0.19425
5,4,VQC,1.0,19,0.192741
6,0,VQC,1.0,0,0.541444
6,0,VQC,1.0,1,0.529315
6,0,VQC,1.0,2,0.489973
6,0,VQC,1.0,3,0.439628
6,0,VQC,1.0,4,0.387735
6,0,VQC,1.0,5,0.338713
6,0,VQC,1.0,6,0.294752
6,0,VQC,1.0,7,0.256985
6,0,VQC,1.0,8,0.225962
6,0,VQC,1.0,9,0.201848
6,0,VQC,1.0,10,0.184538
6,0,VQC,1.0,11,0.173676
6,0,VQC,1.0,12,0.168624
6,0,VQC,1.0,13,0.168434
6,0,VQC,1.0,14,0.17192
6,0,VQC,1.0,15,0.177842
6,0,VQC,1.0,16,0.185106
6,0,VQC,1.0,17,0.192867
6,0,VQC,1.0,18,0.200543
6,0,VQC,1.0,19,0.207772
6,1,VQC,1.0,0,0.562622
6,1,VQC,1.0,1,0.546441
6,1,VQC,1.0,2,0.509571
6,1,VQC,1.0,3,0.460328
6,1,VQC,1.0,4,0.408778
6,1,VQC,1.0,5,0.359873
6,1,VQC,1.0,6,0.315867
6,1,VQC,1.0,7,0.277785
6,1,VQC,1.0,8,0.246094
6,1,VQC,1.0,9,0.220973
6,1,VQC,1.0,10,0.202341
6,1,VQC,1.0,11,0.189856
6,1,VQC,1.0,12,0.182933
6,1,VQC,1.0,13,0.180779
6,1,VQC,1.0,14,0.182452
6,1,VQC,1.0,15,0.186949
6,1,VQC,1.0,16,0.193311
6,1,VQC,1.0,17,0.200705
6,1,VQC,1.0,18,0.208474
6,1,VQC,1.0,19,0.216142
6,2,VQC,1.0,0,0.551841
6,2,VQC,1.0,1,0.53909
6,2,VQC,1.0,2,0.506334
6,2,VQC,1.0,3,0.463416
6,2,VQC,1.0,4,0.417847
6,2,VQC,1.0,5,0.372804
6,2,VQC,1.0,6,0.330113
6,2,VQC,1.0,7,0.291193
6,2,VQC,1.0,8,0.257159
6,2,VQC,1.0,9,0.228751
6,2,VQC,1.0,10,0.206361
6,2,VQC,1.0,11,0.190099
6,2,VQC,1.0,12,0.179807
6,2,VQC,1.0,13,0.174993
6,2,VQC,1.0,14,0.17482
6,2,VQC,1.0,15,0.17821
6,2,VQC,1.0,16,0.184046
6,2,VQC,1.0,17,0.191328
6,2,VQC,1.0,18,0.199255
6,2,VQC,1.0,19,0.207239
6,3,VQC,1.0,0,0.548351
6,3,VQC,1.0,1,0.53244
6,3,VQC,1.0,2,0.496065
6,3,VQC,1.0,3,0.44673
6,3,VQC,1.0,4,0.394323
6,3,VQC,1.0,5,0.344074
6,3,VQC,1.0,6,0.29836
6,3,VQC,1.0,7,0.258562
6,3,VQC,1.0,8,0.225692
6,3,VQC,1.0,9,0.200475
6,3,VQC,1.0,10,0.183254
6,3,VQC,1.0,11,0.173804
6,3,VQC,1.0,12,0.171203
6,3,VQC,1.0,13,0.173959
6,3,VQC,1.0,14,0.180356
6,3,VQC,1.0,15,0.188824
6,3,VQC,1.0,16,0.198132
6,3,VQC,1.0,17,0.207438
6,3,VQC,1.0,18,0.216231
6,3,VQC,1.0,19,0.22425
6,4,VQC,1.0,0,0.552795
6,4,VQC,1.0,1,0.541828
6,4,VQC,1.0,2,0.506151
6,4,VQC,1.0,3,0.458607
6,4,VQC,1.0,4,0.409437
6,4,VQC,1.0,5,0.362436
6,4,VQC,1.0,6,0.319161
6,4,VQC,1.0,7,0.280736
6,4,VQC,1.0,8,0.248087
6,4,VQC,1.0,9,0.221795
6,4,VQC,1.0,10,0.202038
6,4,VQC,1.0,11,0.188609
6,4,VQC,1.0,12,0.180949
6,4,VQC,1.0,13,0.178206
6,4,VQC,1.0,14,0.179348
6,4,VQC,1.0,15,0.183306
6,4,VQC,1.0,16,0.189095
6,4,VQC,1.0,17,0.19589
6,4,VQC,1.0,18,0.203054
6,4,VQC,1.0,19,0.210137
7,0,VQC,1.0,0,0.366436
7,0,VQC,1.0,1,0.24786
7,0,VQC,1.0,2,0.221281
7,0,VQC,1.0,3,0.201153
7,0,VQC,1.0,4,0.184537
7,0,VQC,1.0,5,0.171325
7,0,VQC,1.0,6,0.161548
7,0,VQC,1.0,7,0.154905
7,0,VQC,1.0,8,0.150442
7,0,VQC,1.0,9,0.146308
7,0,VQC,1.0,10,0.141207
7,0,VQC,1.0,11,0.135909
7,0,VQC,1.0,12,0.131514
7,0,VQC,1.0,13,0.128209
7,0,VQC,1.0,14,0.125777
7,0,VQC,1.0,15,0.123993
7,0,VQC,1.0,16,0.122695
7,0,VQC,1.0,17,0.121769
7,0,VQC,1.0,18,0.121134
7,0,VQC,1.0,19,0.120725
7,1,VQC,1.0,0,0.344602
7,1,VQC,1.0,1,0.244989
7,1,VQC,1.0,2,0.222181
7,1,VQC,1.0,3,0.203856
7,1,VQC,1.0,4,0.189698
7,1,VQC,1.0,5,0.179467
7,1,VQC,1.0,6,0.172649
7,1,VQC,1.0,7,0.168449
7,1,VQC,1.0,8,0.165196
7,1,VQC,1.0,9,0.160724
7,1,VQC,1.0,10,0.155106
7,1,VQC,1.0,11,0.150285
7,1,VQC,1.0,12,0.147041
7,1,VQC,1.0,13,0.145082
7,1,VQC,1.0,14,0.143994
7,1,VQC,1.0,15,0.143483
7,1,VQC,1.0,16,0.143355
7,1,VQC,1.0,17,0.143484
7,1,VQC,1.0,18,0.143784
7,1,VQC,1.0,19,0.144192
7,2,VQC,1.0,0,0.384001
7,2,VQC,1.0,1,0.261181
7,2,VQC,1.0,2,0.228173
7,2,VQC,1.0,3,0.202929
7,2,VQC,1.0,4,0.183301
7,2,VQC,1.0,5,0.168058
7,2,VQC,1.0,6,0.156666
7,2,VQC,1.0,7,0.14871
7,2,VQC,1.0,8,0.143589
7,2,VQC,1.0,9,0.140037
7,2,VQC,1.0,10,0.135956
7,2,VQC,1.0,11,0.130636
7,2,VQC,1.0,12,0.125595
7,2,VQC,1.0,13,0.121836
7,2,VQC,1.0,14,0.119301
7,2,VQC,1.0,15,0.117674
7,2,VQC,1.0,16,0.116697
7,2,VQC,1.0,17,0.116186
7,2,VQC,1.0,18,0.116013
7,2,VQC,1.0,19,0.116082
7,3,VQC,1.0,0,0.360336
7,3,VQC,1.0,1,0.283437
7,3,VQC,1.0,2,0.246594
7,3,VQC,1.0,3,0.218472
7,3,VQC,1.0,4,0.197338
7,3,VQC,1.0,5,0.181254
7,3,VQC,1.0,6,0.169092
7,3,VQC,1.0,7,0.1601
7,3,VQC,1.0,8,0.153704
7,3,VQC,1.0,9,0.149097
7,3,VQC,1.0,10,0.145213
7,3,VQC,1.0,11,0.1418
7,3,VQC,1.0,12,0.139061
7,3,VQC,1.0,13,0.137002
7,3,VQC,1.0,14,0.135515
7,3,VQC,1.0,15,0.134481
7,3,VQC,1.0,16,0.133802
7,3,VQC,1.0,17,0.133396
7,3,VQC,1.0,18,0.133199
7,3,VQC,1.0,19,0.133158
7,4,VQC,1.0,0,0.38268
7,4,VQC,1.0,1,0.263932
7,4,VQC,1.0,2,0.234145
7,4,VQC,1.0,3,0.213694
7,4,VQC,1.0,4,0.197422
7,4,VQC,1.0,5,0.184348
7,4,VQC,1.0,6,0.174366
7,4,VQC,1.0,7,0.167153
7,4,VQC,1.0,8,0.161813
7,4,VQC,1.0,9,0.156733
7,4,VQC,1.0,10,0.150707
7,4,VQC,1.0,11,0.144405
7,4,VQC,1.0,12,0.139154
7,4,VQC,1.0,13,0.135369
7,4,VQC,1.0,14,0.132827
7,4,VQC,1.0,15,0.131205
7,4,VQC,1.0,16,0.130247
7,4,VQC,1.0,17,0.12977
7,4,VQC,1.0,18,0.129641
7,4,VQC,1.0,19,0.129758
8,0,VQC,1.0,0,0.440546
8,0,VQC,1.0,1,0.400051
8,0,VQC,1.0,2,0.350603
8,0,VQC,1.0,3,0.306106
8,0,VQC,1.0,4,0.270044
8,0,VQC,1.0,5,0.241868
8,0,VQC,1.0,6,0.220232
8,0,VQC,1.0,7,0.203854
8,0,VQC,1.0,8,0.191609
8,0,VQC,1.0,9,0.182498
8,0,VQC,1.0,10,0.175665
8,0,VQC,1.0,11,0.170434
8,0,VQC,1.0,12,0.166314
8,0,VQC,1.0,13,0.162981
8,0,VQC,1.0,14,0.160246
8,0,VQC,1.0,15,0.158024
8,0,VQC,1.0,16,0.156286
8,0,VQC,1.0,17,0.155031
8,0,VQC,1.0,18,0.15425
8,0,VQC,1.0,19,0.15391
8,1,VQC,1.0,0,0.366212
8,1,VQC,1.0,1,0.331098
8,1,VQC,1.0,2,0.296617
8,1,VQC,1.0,3,0.266163
8,1,VQC,1.0,4,0.241177
8,1,VQC,1.0,5,0.221278
8,1,VQC,1.0,6,0.20526
8,1,VQC,1.0,7,0.191979
8,1,VQC,1.0,8,0.180672
8,1,VQC,1.0,9,0.170936
8,1,VQC,1.0,10,0.162611
8,1,VQC,1.0,11,0.155662
8,1,VQC,1.0,12,0.150072
8,1,VQC,1.0,13,0.145772
8,1,VQC,1.0,14,0.142617
8,1,VQC,1.0,15,0.14041
8,1,VQC,1.0,16,0.138942
8,1,VQC,1.0,17,0.138026
8,1,VQC,1.0,18,0.137515
8,1,VQC,1.0,19,0.137304
8,2,VQC,1.0,0,0.398184
8,2,VQC,1.0,1,0.352305
8,2,VQC,1.0,2,0.307324
8,2,VQC,1.0,3,0.268674
8,2,VQC,1.0,4,0.238436
8,2,VQC,1.0,5,0.215388
8,2,VQC,1.0,6,0.197727
8,2,VQC,1.0,7,0.183985
8,2,VQC,1.0,8,0.173139
8,2,VQC,1.0,9,0.164514
8,2,VQC,1.0,10,0.157671
8,2,VQC,1.0,11,0.15232
8,2,VQC,1.0,12,0.148245
8,2,VQC,1.0,13,0.145251
8,2,VQC,1.0,14,0.143139
8,2,VQC,1.0,15,0.14171
8,2,VQC,1.0,16,0.140792
8,2,VQC,1.0,17,0.14025
8,2,VQC,1.0,18,0.139989
8,2,VQC,1.0,19,0.139949
8,3,VQC,1.0,0,0.366019
8,3,VQC,1.0,1,0.332795
8,3,VQC,1.0,2,0.294878
8,3,VQC,1.0,3,0.260468
8,3,VQC,1.0,4,0.23333
8,3,VQC,1.0,5,0.213033
8,3,VQC,1.0,6,0.198041
8,3,VQC,1.0,7,0.18679
8,3,VQC,1.0,8,0.17805
8,3,VQC,1.0,9,0.171013
8,3,VQC,1.0,10,0.165222
8,3,VQC,1.0,11,0.160443
8,3,VQC,1.0,12,0.156547
8,3,VQC,1.0,13,0.153442
8,3,VQC,1.0,14,0.151031
8,3,VQC,1.0,15,0.149213
8,3,VQC,1.0,16,0.147885
8,3,VQC,1.0,17,0.14695
8,3,VQC,1.0,18,0.146322
8,3,VQC,1.0,19,0.145929
8,4,VQC,1.0,0,0.412246
8,4,VQC,1.0,1,0.374847
8,4,VQC,1.0,2,0.331404
8,4,VQC,1.0,3,0.291529
8,4,VQC,1.0,4,0.258746
8,4,VQC,1.0,5,0.232882
8,4,VQC,1.0,6,0.212674
8,4,VQC,1.0,7,0.19684
8,4,VQC,1.0,8,0.184338
8,4,VQC,1.0,9,0.174365
8,4,VQC,1.0,10,0.166307
8,4,VQC,1.0,11,0.159719
8,4,VQC,1.0,12,0.154309
8,4,VQC,1.0,13,0.149915
8,4,VQC,1.0,14,0.14645
8,4,VQC,1.0,15,0.143858
8,4,VQC,1.0,16,0.142068
8,4,VQC,1.0,17,0.140979
8,4,VQC,1.0,18,0.140464
8,4,VQC,1.0,19,0.140386
9,0,VQC,1.0,0,0.629491
9,0,VQC,1.0,1,0.608035
9,0,VQC,1.0,2,0.574063
9,0,VQC,1.0,3,0.532516
9,0,VQC,1.0,4,0.489023
9,0,VQC,1.0,5,0.448634
9,0,VQC,1.0,6,0.414317
9,0,VQC,1.0,7,0.386662
9,0,VQC,1.0,8,0.36485
9,0,VQC,1.0,9,0.347648
9,0,VQC,1.0,10,0.333895
9,0,VQC,1.0,11,0.322646
9,0,VQC,1.0,12,0.313168
9,0,VQC,1.0,13,0.304911
9,0,VQC,1.0,14,0.297487
9,0,VQC,1.0,15,0.29065
9,0,VQC,1.0,16,0.284277
9,0,VQC,1.0,17,0.278334
9,0,VQC,1.0,18,0.272851
9,0,VQC,1.0,19,0.267887
9,1,VQC,1.0,0,0.648575
9,1,VQC,1.0,1,0.619141
9,1,VQC,1.0,2,0.580446
9,1,VQC,1.0,3,0.535612
9,1,VQC,1.0,4,0.490571
9,1,VQC,1.0,5,0.450237
9,1,VQC,1.0,6,0.416927
9,1,VQC,1.0,7,0.390513
9,1,VQC,1.0,8,0.369697
9,1,VQC,1.0,9,0.353032
9,1,VQC,1.0,10,0.339328
9,1,VQC,1.0,11,0.327719
9,1,VQC,1.0,12,0.317602
9,1,VQC,1.0,13,0.308579
9,1,VQC,1.0,14,0.300412
9,1,VQC,1.0,15,0.292982
9,1,VQC,1.0,16,0.286263
9,1,VQC,1.0,17,0.280282
9,1,VQC,1.0,18,0.275088
9,1,VQC,1.0,19,0.270718
9,2,VQC,1.0,0,0.628873
9,2,VQC,1.0,1,0.604522
9,2,VQC,1.0,2,0.565334
9,2,VQC,1.0,3,0.519751
9,2,VQC,1.0,4,0.475243
9,2,VQC,1.0,5,0.436338
9,2,VQC,1.0,6,0.404477
9,2,VQC,1.0,7,0.378978
9,2,VQC,1.0,8,0.35837
9,2,VQC,1.0,9,0.341236
9,2,VQC,1.0,10,0.326539
9,2,VQC,1.0,11,0.31365
9,2,VQC,1.0,12,0.302278
9,2,VQC,1.0,13,0.292348
9,2,VQC,1.0,14,0.283887
9,2,VQC,1.0,15,0.276899
9,2,VQC,1.0,16,0.271314
9,2,VQC,1.0,17,0.26698
9,2,VQC,1.0,18,0.263712
9,2,VQC,1.0,19,0.261327
9,3,VQC,1.0,0,0.642144
9,3,VQC,1.0,1,0.615096
9,3,VQC,1.0,2,0.574818
9,3,VQC,1.0,3,0.529401
9,3,VQC,1.0,4,0.485461
9,3,VQC,1.0,5,0.447303
9,3,VQC,1.0,6,0.416271
9,3,VQC,1.0,7,0.391606
9,3,VQC,1.0,8,0.371806
9,3,VQC,1.0,9,0.355451
9,3,VQC,1.0,10,0.341483
9,3,VQC,1.0,11,0.329228
9,3,VQC,1.0,12,0.318315
9,3,VQC,1.0,13,0.308588
9,3,VQC,1.0,14,0.30002
9,3,VQC,1.0,15,0.292646
9,3,VQC,1.0,16,0.286486
9,3,VQC,1.0,17,0.281493
9,3,VQC,1.0,18,0.277544
9,3,VQC,1.0,19,0.274487
9,4,VQC,1.0,0,0.617619
9,4,VQC,1.0,1,0.599197
9,4,VQC,1.0,2,0.567313
9,4,VQC,1.0,3,0.529061
9,4,VQC,1.0,4,0.489073
9,4,VQC,1.0,5,0.451448
9,4,VQC,1.0,6,0.418646
9,4,VQC,1.0,7,0.391195
9,4,VQC,1.0,8,0.368459
9,4,VQC,1.0,9,0.349443
9,4,VQC,1.0,10,0.333233
9,4,VQC,1.0,11,0.319142
9,4,VQC,1.0,12,0.30673
9,4,VQC,1.0,13,0.295754
9,4,VQC,1.0,14,0.286118
9,4,VQC,1.0,15,0.277801
9,4,VQC,1.0,16,0.270802
9,4,VQC,1.0,17,0.265087
9,4,VQC,1.0,18,0.260572
9,4,VQC,1.0,19,0.257125
0,0,VQC,100,0,0.124482
0,0,VQC,100,1,0.103835
0,0,VQC,100,2,0.081934
0,0,VQC,100,3,0.065288
0,0,VQC,100,4,0.054147
0,0,VQC,100,5,0.046821
0,0,VQC,100,6,0.041835
0,0,VQC,100,7,0.038346
0,0,VQC,100,8,0.035897
0,0,VQC,100,9,0.034203
0,0,VQC,100,10,0.033061
0,0,VQC,100,11,0.032321
0,0,VQC,100,12,0.031872
0,0,VQC,100,13,0.031636
0,0,VQC,100,14,0.031558
0,0,VQC,100,15,0.031598
0,0,VQC,100,16,0.031728
0,0,VQC,100,17,0.031924
0,0,VQC,100,18,0.032169
0,0,VQC,100,19,0.032445
0,1,VQC,100,0,0.067348
0,1,VQC,100,1,0.05566
0,1,VQC,100,2,0.049201
0,1,VQC,100,3,0.043347
0,1,VQC,100,4,0.039374
0,1,VQC,100,5,0.037006
0,1,VQC,100,6,0.035494
0,1,VQC,100,7,0.034446
0,1,VQC,100,8,0.033701
0,1,VQC,100,9,0.033182
0,1,VQC,100,10,0.03284
0,1,VQC,100,11,0.032635
0,1,VQC,100,12,0.032532
0,1,VQC,100,13,0.032503
0,1,VQC,100,14,0.032525
0,1,VQC,100,15,0.03258
0,1,VQC,100,16,0.032652
0,1,VQC,100,17,0.032732
0,1,VQC,100,18,0.03281
0,1,VQC,100,19,0.032882
0,2,VQC,100,0,0.109311
0,2,VQC,100,1,0.093149
0,2,VQC,100,2,0.07782
0,2,VQC,100,3,0.068037
0,2,VQC,100,4,0.061201
0,2,VQC,100,5,0.056044
0,2,VQC,100,6,0.052071
0,2,VQC,100,7,0.049032
0,2,VQC,100,8,0.046746
0,2,VQC,100,9,0.045054
0,2,VQC,100,10,0.043813
0,2,VQC,100,11,0.042905
0,2,VQC,100,12,0.042239
0,2,VQC,100,13,0.041747
0,2,VQC,100,14,0.04138
0,2,VQC,100,15,0.041105
0,2,VQC,100,16,0.0409
0,2,VQC,100,17,0.040752
0,2,VQC,100,18,0.040651
0,2,VQC,100,19,0.040592
0,3,VQC,100,0,0.093975
0,3,VQC,100,1,0.064499
0,3,VQC,100,2,0.049218
0,3,VQC,100,3,0.041556
0,3,VQC,100,4,0.037418
0,3,VQC,100,5,0.035106
0,3,VQC,100,6,0.03375
0,3,VQC,100,7,0.032922
0,3,VQC,100,8,0.032433
0,3,VQC,100,9,0.032183
0,3,VQC,100,10,0.032099
0,3,VQC,100,11,0.032122
0,3,VQC,100,12,0.032208
0,3,VQC,100,13,0.03233
0,3,VQC,100,14,0.03247
0,3,VQC,100,15,0.032618
0,3,VQC,100,16,0.032767
0,3,VQC,100,17,0.032914
0,3,VQC,100,18,0.033054
0,3,VQC,100,19,0.033184
0,4,VQC,100,0,0.101612
0,4,VQC,100,1,0.083877
0,4,VQC,100,2,0.073554
0,4,VQC,100,3,0.066015
0,4,VQC,100,4,0.060324
0,4,VQC,100,5,0.056137
0,4,VQC,100,6,0.05298
0,4,VQC,100,7,0.050559
0,4,VQC,100,8,0.048734
0,4,VQC,100,9,0.047435
0,4,VQC,100,10,0.046612
0,4,VQC,100,11,0.046212
0,4,VQC,100,12,0.046168
0,4,VQC,100,13,0.046412
0,4,VQC,100,14,0.04688
0,4,VQC,100,15,0.047503
0,4,VQC,100,16,0.04821
0,4,VQC,100,17,0.04894
0,4,VQC,100,18,0.049651
0,4,VQC,100,19,0.050315
1,0,VQC,100,0,0.072179
1,0,VQC,100,1,0.050228
1,0,VQC,100,2,0.051599
1,0,VQC,100,3,0.053661
1,0,VQC,100,4,0.053886
1,0,VQC,100,5,0.053109
1,0,VQC,100,6,0.052128
1,0,VQC,100,7,0.051243
1,0,VQC,100,8,0.050503
1,0,VQC,100,9,0.049869
1,0,VQC,100,10,0.049283
1,0,VQC,100,11,0.048695
1,0,VQC,100,12,0.048073
1,0,VQC,100,13,0.047402
1,0,VQC,100,14,0.046683
1,0,VQC,100,15,0.045934
1,0,VQC,100,16,0.045177
1,0,VQC,100,17,0.044439
1,0,VQC,100,18,0.043745
1,0,VQC,100,19,0.043111
1,1,VQC,100,0,0.086074
1,1,VQC,100,1,0.058186
1,1,VQC,100,2,0.054742
1,1,VQC,100,3,0.058393
1,1,VQC,100,4,0.060248
1,1,VQC,100,5,0.060163
1,1,VQC,100,6,0.059249
1,1,VQC,100,7,0.058104
1,1,VQC,100,8,0.056965
1,1,VQC,100,9,0.055909
1,1,VQC,100,10,0.054953
1,1,VQC,100,11,0.054091
1,1,VQC,100,12,0.05331
1,1,VQC,100,13,0.052591
1,1,VQC,100,14,0.051912
1,1,VQC,100,15,0.051254
1,1,VQC,100,16,0.050609
1,1,VQC,100,17,0.04998
1,1,VQC,100,18,0.049379
1,1,VQC,100,19,0.048828
1,2,VQC,100,0,0.053062
1,2,VQC,100,1,0.051488
1,2,VQC,100,2,0.049909
1,2,VQC,100,3,0.051696
1,2,VQC,100,4,0.052607
1,2,VQC,100,5,0.052312
1,2,VQC,100,6,0.051594
1,2,VQC,100,7,0.050984
1,2,VQC,100,8,0.0507
1,2,VQC,100,9,0.050779
1,2,VQC,100,10,0.051153
1,2,VQC,100,11,0.051708
1,2,VQC,100,12,0.052323
1,2,VQC,100,13,0.052897
1,2,VQC,100,14,0.053367
1,2,VQC,100,15,0.053716
1,2,VQC,100,16,0.053956
1,2,VQC,100,17,0.054118
1,2,VQC,100,18,0.05423
1,2,VQC,100,19,0.054319
1,3,VQC,100,0,0.065567
1,3,VQC,100,1,0.057253
1,3,VQC,100,2,0.060936
1,3,VQC,100,3,0.060244
1,3,VQC,100,4,0.057085
1,3,VQC,100,5,0.05333
1,3,VQC,100,6,0.049981
1,3,VQC,100,7,0.047329
1,3,VQC,100,8,0.045376
1,3,VQC,100,9,0.04402
1,3,VQC,100,10,0.043133
1,3,VQC,100,11,0.042594
1,3,VQC,100,12,0.042309
1,3,VQC,100,13,0.042209
1,3,VQC,100,14,0.04225
1,3,VQC,100,15,0.042397
1,3,VQC,100,16,0.042621
1,3,VQC,100,17,0.042893
1,3,VQC,100,18,0.043182
1,3,VQC,100,19,0.043468
1,4,VQC,100,0,0.104978
1,4,VQC,100,1,0.076444
1,4,VQC,100,2,0.073231
1,4,VQC,100,3,0.072381
1,4,VQC,100,4,0.070123
1,4,VQC,100,5,0.066885
1,4,VQC,100,6,0.063486
1,4,VQC,100,7,0.060412
1,4,VQC,100,8,0.057859
1,4,VQC,100,9,0.055862
1,4,VQC,100,10,0.054368
1,4,VQC,100,11,0.053289
1,4,VQC,100,12,0.052533
1,4,VQC,100,13,0.052017
1,4,VQC,100,14,0.051679
1,4,VQC,100,15,0.051472
1,4,VQC,100,16,0.051362
1,4,VQC,100,17,0.051322
1,4,VQC,100,18,0.051332
1,4,VQC,100,19,0.051374
2,0,VQC,100,0,0.117693
2,0,VQC,100,1,0.069188
2,0,VQC,100,2,0.060815
2,0,VQC,100,3,0.059681
2,0,VQC,100,4,0.058798
2,0,VQC,100,5,0.058037
2,0,VQC,100,6,0.057483
2,0,VQC,100,7,0.057063
2,0,VQC,100,8,0.056673
2,0,VQC,100,9,0.056242
2,0,VQC,100,10,0.055739
2,0,VQC,100,11,0.055169
2,0,VQC,100,12,0.054555
2,0,VQC,100,13,0.053941
2,0,VQC,100,14,0.053371
2,0,VQC,100,15,0.052881
2,0,VQC,100,16,0.052492
2,0,VQC,100,17,0.052205
2,0,VQC,100,18,0.052008
2,0,VQC,100,19,0.051882
2,1,VQC,100,0,0.087665
2,1,VQC,100,1,0.055585
2,1,VQC,100,2,0.062375
2,1,VQC,100,3,0.062723
2,1,VQC,100,4,0.061316
2,1,VQC,100,5,0.059898
2,1,VQC,100,6,0.058917
2,1,VQC,100,7,0.058337
2,1,VQC,100,8,0.057989
2,1,VQC,100,9,0.057719
2,1,VQC,100,10,0.057433
2,1,VQC,100,11,0.057099
2,1,VQC,100,12,0.056719
2,1,VQC,100,13,0.05632
2,1,VQC,100,14,0.055928
2,1,VQC,100,15,0.055562
2,1,VQC,100,16,0.055223
2,1,VQC,100,17,0.054905
2,1,VQC,100,18,0.054594
2,1,VQC,100,19,0.054281
2,2,VQC,100,0,0.101978
2,2,VQC,100,1,0.0613
2,2,VQC,100,2,0.057135
2,2,VQC,100,3,0.054649
2,2,VQC,100,4,0.051892
2,2,VQC,100,5,0.049808
2,2,VQC,100,6,0.048527
2,2,VQC,100,7,0.047805
2,2,VQC,100,8,0.047364
2,2,VQC,100,9,0.047002
2,2,VQC,100,10,0.046598
2,2,VQC,100,11,0.046092
2,2,VQC,100,12,0.045474
2,2,VQC,100,13,0.044769
2,2,VQC,100,14,0.044022
2,2,VQC,100,15,0.043284
2,2,VQC,100,16,0.042595
2,2,VQC,100,17,0.04198
2,2,VQC,100,18,0.041449
2,2,VQC,100,19,0.040998
2,3,VQC,100,0,0.085084
2,3,VQC,100,1,0.043773
2,3,VQC,100,2,0.03824
2,3,VQC,100,3,0.037656
2,3,VQC,100,4,0.037214
2,3,VQC,100,5,0.036873
2,3,VQC,100,6,0.036717
2,3,VQC,100,7,0.036738
2,3,VQC,100,8,0.036866
2,3,VQC,100,9,0.037028
2,3,VQC,100,10,0.037176
2,3,VQC,100,11,0.037286
2,3,VQC,100,12,0.037359
2,3,VQC,100,13,0.037413
2,3,VQC,100,14,0.037474
2,3,VQC,100,15,0.037566
2,3,VQC,100,16,0.037707
2,3,VQC,100,17,0.037905
2,3,VQC,100,18,0.038154
2,3,VQC,100,19,0.038441
2,4,VQC,100,0,0.124385
2,4,VQC,100,1,0.055265
2,4,VQC,100,2,0.052189
2,4,VQC,100,3,0.057097
2,4,VQC,100,4,0.060569
2,4,VQC,100,5,0.062787
2,4,VQC,100,6,0.064246
2,4,VQC,100,7,0.065268
2,4,VQC,100,8,0.066023
2,4,VQC,100,9,0.066589
2,4,VQC,100,10,0.066998
2,4,VQC,100,11,0.067258
2,4,VQC,100,12,0.06737
2,4,VQC,100,13,0.06734
2,4,VQC,100,14,0.067186
2,4,VQC,100,15,0.066933
2,4,VQC,100,16,0.066614
2,4,VQC,100,17,0.066254
2,4,VQC,100,18,0.065876
2,4,VQC,100,19,0.065489
3,0,VQC,100,0,0.12227
3,0,VQC,100,1,0.087541
3,0,VQC,100,2,0.076784
3,0,VQC,100,3,0.072503
3,0,VQC,100,4,0.070222
3,0,VQC,100,5,0.068766
3,0,VQC,100,6,0.067783
3,0,VQC,100,7,0.067116
3,0,VQC,100,8,0.066664
3,0,VQC,100,9,0.066356
3,0,VQC,100,10,0.066139
3,0,VQC,100,11,0.065982
3,0,VQC,100,12,0.06586
3,0,VQC,100,13,0.065762
3,0,VQC,100,14,0.06568
3,0,VQC,100,15,0.06561
3,0,VQC,100,16,0.06555
3,0,VQC,100,17,0.0655
3,0,VQC,100,18,0.065454
3,0,VQC,100,19,0.065403
3,1,VQC,100,0,0.092383
3,1,VQC,100,1,0.065883
3,1,VQC,100,2,0.058091
3,1,VQC,100,3,0.055704
3,1,VQC,100,4,0.054406
3,1,VQC,100,5,0.053151
3,1,VQC,100,6,0.051907
3,1,VQC,100,7,0.050784
3,1,VQC,100,8,0.049838
3,1,VQC,100,9,0.049068
3,1,VQC,100,10,0.048446
3,1,VQC,100,11,0.047937
3,1,VQC,100,12,0.047509
3,1,VQC,100,13,0.047134
3,1,VQC,100,14,0.04679
3,1,VQC,100,15,0.046466
3,1,VQC,100,16,0.046157
3,1,VQC,100,17,0.045869
3,1,VQC,100,18,0.045621
3,1,VQC,100,19,0.045449
3,2,VQC,100,0,0.083754
3,2,VQC,100,1,0.072634
3,2,VQC,100,2,0.066515
3,2,VQC,100,3,0.063194
3,2,VQC,100,4,0.061413
3,2,VQC,100,5,0.060385
3,2,VQC,100,6,0.059742
3,2,VQC,100,7,0.059323
3,2,VQC,100,8,0.059042
3,2,VQC,100,9,0.058841
3,2,VQC,100,10,0.058679
3,2,VQC,100,11,0.058519
3,2,VQC,100,12,0.058337
3,2,VQC,100,13,0.058109
3,2,VQC,100,14,0.057817
3,2,VQC,100,15,0.057447
3,2,VQC,100,16,0.05699
3,2,VQC,100,17,0.056441
3,2,VQC,100,18,0.055805
3,2,VQC,100,19,0.055091
3,3,VQC,100,0,0.11678
3,3,VQC,100,1,0.091377
3,3,VQC,100,2,0.079603
3,3,VQC,100,3,0.073595
3,3,VQC,100,4,0.069672
3,3,VQC,100,5,0.066729
3,3,VQC,100,6,0.064481
3,3,VQC,100,7,0.062804
3,3,VQC,100,8,0.061583
3,3,VQC,100,9,0.060704
3,3,VQC,100,10,0.060071
3,3,VQC,100,11,0.059609
3,3,VQC,100,12,0.059257
3,3,VQC,100,13,0.058975
3,3,VQC,100,14,0.058731
3,3,VQC,100,15,0.058504
3,3,VQC,100,16,0.058279
3,3,VQC,100,17,0.058044
3,3,VQC,100,18,0.057795
3,3,VQC,100,19,0.057529
3,4,VQC,100,0,0.120269
3,4,VQC,100,1,0.089767
3,4,VQC,100,2,0.077142
3,4,VQC,100,3,0.071352
3,4,VQC,100,4,0.068308
3,4,VQC,100,5,0.066419
3,4,VQC,100,6,0.065146
3,4,VQC,100,7,0.064286
3,4,VQC,100,8,0.063729
3,4,VQC,100,9,0.063398
3,4,VQC,100,10,0.063233
3,4,VQC,100,11,0.06319
3,4,VQC,100,12,0.063235
3,4,VQC,100,13,0.06334
3,4,VQC,100,14,0.063487
3,4,VQC,100,15,0.063656
3,4,VQC,100,16,0.063831
3,4,VQC,100,17,0.063991
3,4,VQC,100,18,0.064112
3,4,VQC,100,19,0.064171
4,0,VQC,100,0,0.12366
4,0,VQC,100,1,0.077569
4,0,VQC,100,2,0.054147
4,0,VQC,100,3,0.044406
4,0,VQC,100,4,0.040639
4,0,VQC,100,5,0.039479
4,0,VQC,100,6,0.039647
4,0,VQC,100,7,0.040594
4,0,VQC,100,8,0.041634
4,0,VQC,100,9,0.042145
4,0,VQC,100,10,0.042158
4,0,VQC,100,11,0.042101
4,0,VQC,100,12,0.042274
4,0,VQC,100,13,0.042717
4,0,VQC,100,14,0.043338
4,0,VQC,100,15,0.044034
4,0,VQC,100,16,0.044728
4,0,VQC,100,17,0.045378
4,0,VQC,100,18,0.045965
4,0,VQC,100,19,0.046483
4,1,VQC,100,0,0.100945
4,1,VQC,100,1,0.05601
4,1,VQC,100,2,0.039506
4,1,VQC,100,3,0.035323
4,1,VQC,100,4,0.034233
4,1,VQC,100,5,0.033741
4,1,VQC,100,6,0.033519
4,1,VQC,100,7,0.033501
4,1,VQC,100,8,0.033564
4,1,VQC,100,9,0.033644
4,1,VQC,100,10,0.033772
4,1,VQC,100,11,0.033965
4,1,VQC,100,12,0.034199
4,1,VQC,100,13,0.034449
4,1,VQC,100,14,0.034699
4,1,VQC,100,15,0.034945
4,1,VQC,100,16,0.03518
4,1,VQC,100,17,0.035402
4,1,VQC,100,18,0.03561
4,1,VQC,100,19,0.035801
4,2,VQC,100,0,0.128256
4,2,VQC,100,1,0.067916
4,2,VQC,100,2,0.043636
4,2,VQC,100,3,0.036317
4,2,VQC,100,4,0.035093
4,2,VQC,100,5,0.035719
4,2,VQC,100,6,0.036789
4,2,VQC,100,7,0.037942
4,2,VQC,100,8,0.039206
4,2,VQC,100,9,0.040705
4,2,VQC,100,10,0.042399
4,2,VQC,100,11,0.044044
4,2,VQC,100,12,0.04543
4,2,VQC,100,13,0.0465
4,2,VQC,100,14,0.047298
4,2,VQC,100,15,0.047889
4,2,VQC,100,16,0.04833
4,2,VQC,100,17,0.048663
4,2,VQC,100,18,0.048918
4,2,VQC,100,19,0.049118
4,3,VQC,100,0,0.108904
4,3,VQC,100,1,0.057785
4,3,VQC,100,2,0.043261
4,3,VQC,100,3,0.039586
4,3,VQC,100,4,0.038675
4,3,VQC,100,5,0.038451
4,3,VQC,100,6,0.038312
4,3,VQC,100,7,0.038011
4,3,VQC,100,8,0.03749
4,3,VQC,100,9,0.036901
4,3,VQC,100,10,0.036514
4,3,VQC,100,11,0.036492
4,3,VQC,100,12,0.036817
4,3,VQC,100,13,0.037368
4,3,VQC,100,14,0.038022
4,3,VQC,100,15,0.038688
4,3,VQC,100,16,0.039314
4,3,VQC,100,17,0.039877
4,3,VQC,100,18,0.040367
4,3,VQC,100,19,0.040786
4,4,VQC,100,0,0.082358
4,4,VQC,100,1,0.051011
4,4,VQC,100,2,0.045819
4,4,VQC,100,3,0.044372
4,4,VQC,100,4,0.043738
4,4,VQC,100,5,0.043437
4,4,VQC,100,6,0.043393
4,4,VQC,100,7,0.043462
4,4,VQC,100,8,0.043516
4,4,VQC,100,9,0.043684
4,4,VQC,100,10,0.044186
4,4,VQC,100,11,0.044969
4,4,VQC,100,12,0.04582
4,4,VQC,100,13,0.046591
4,4,VQC,100,14,0.047236
4,4,VQC,100,15,0.047758
4,4,VQC,100,16,0.048174
4,4,VQC,100,17,0.048504
4,4,VQC,100,18,0.048765
4,4,VQC,100,19,0.04897
5,0,VQC,100,0,0.101774
5,0,VQC,100,1,0.077377
5,0,VQC,100,2,0.061055
5,0,VQC,100,3,0.054619
5,0,VQC,100,4,0.052743
5,0,VQC,100,5,0.052571
5,0,VQC,100,6,0.052806
5,0,VQC,100,7,0.052966
5,0,VQC,100,8,0.052941
5,0,VQC,100,9,0.052746
5,0,VQC,100,10,0.052415
5,0,VQC,100,11,0.051974
5,0,VQC,100,12,0.051433
5,0,VQC,100,13,0.050803
5,0,VQC,100,14,0.050098
5,0,VQC,100,15,0.049342
5,0,VQC,100,16,0.048567
5,0,VQC,100,17,0.047814
5,0,VQC,100,18,0.047119
5,0,VQC,100,19,0.046511
5,1,VQC,100,0,0.097081
5,1,VQC,100,1,0.073066
5,1,VQC,100,2,0.064988
5,1,VQC,100,3,0.063282
5,1,VQC,100,4,0.062354
5,1,VQC,100,5,0.061476
5,1,VQC,100,6,0.060501
5,1,VQC,100,7,0.059444
5,1,VQC,100,8,0.058366
5,1,VQC,100,9,0.057331
5,1,VQC,100,10,0.05638
5,1,VQC,100,11,0.055543
5,1,VQC,100,12,0.054838
5,1,VQC,100,13,0.054272
5,1,VQC,100,14,0.05385
5,1,VQC,100,15,0.053563
5,1,VQC,100,16,0.053393
5,1,VQC,100,17,0.053312
5,1,VQC,100,18,0.053288
5,1,VQC,100,19,0.05329
5,2,VQC,100,0,0.060877
5,2,VQC,100,1,0.03936
5,2,VQC,100,2,0.043377
5,2,VQC,100,3,0.047693
5,2,VQC,100,4,0.050073
5,2,VQC,100,5,0.051264
5,2,VQC,100,6,0.051774
5,2,VQC,100,7,0.05189
5,2,VQC,100,8,0.051788
5,2,VQC,100,9,0.051583
5,2,VQC,100,10,0.051347
5,2,VQC,100,11,0.051126
5,2,VQC,100,12,0.050947
5,2,VQC,100,13,0.050832
5,2,VQC,100,14,0.050798
5,2,VQC,100,15,0.05086
5,2,VQC,100,16,0.051032
5,2,VQC,100,17,0.051321
5,2,VQC,100,18,0.05173
5,2,VQC,100,19,0.05225
5,3,VQC,100,0,0.079616
5,3,VQC,100,1,0.053636
5,3,VQC,100,2,0.050336
5,3,VQC,100,3,0.051283
5,3,VQC,100,4,0.05254
5,3,VQC,100,5,0.053726
5,3,VQC,100,6,0.054746
5,3,VQC,100,7,0.055554
5,3,VQC,100,8,0.056162
5,3,VQC,100,9,0.056625
5,3,VQC,100,10,0.057002
5,3,VQC,100,11,0.05734
5,3,VQC,100,12,0.057665
5,3,VQC,100,13,0.057993
5,3,VQC,100,14,0.058332
5,3,VQC,100,15,0.058687
5,3,VQC,100,16,0.059061
5,3,VQC,100,17,0.059453
5,3,VQC,100,18,0.059858
5,3,VQC,100,19,0.060263
5,4,VQC,100,0,0.056247
5,4,VQC,100,1,0.045661
5,4,VQC,100,2,0.036853
5,4,VQC,100,3,0.039148
5,4,VQC,100,4,0.04215
5,4,VQC,100,5,0.044297
5,4,VQC,100,6,0.045626
5,4,VQC,100,7,0.046349
5,4,VQC,100,8,0.046672
5,4,VQC,100,9,0.04676
5,4,VQC,100,10,0.046735
5,4,VQC,100,11,0.04668
5,4,VQC,100,12,0.04665
5,4,VQC,100,13,0.046676
5,4,VQC,100,14,0.046773
5,4,VQC,100,15,0.046943
5,4,VQC,100,16,0.047181
5,4,VQC,100,17,0.047473
5,4,VQC,100,18,0.047798
5,4,VQC,100,19,0.048131
6,0,VQC,100,0,0.09117
6,0,VQC,100,1,0.090554
6,0,VQC,100,2,0.086118
6,0,VQC,100,3,0.079037
6,0,VQC,100,4,0.070881
6,0,VQC,100,5,0.063296
6,0,VQC,100,6,0.057245
6,0,VQC,100,7,0.053061
6,0,VQC,100,8,0.050614
6,0,VQC,100,9,0.049447
6,0,VQC,100,10,0.049052
6,0,VQC,100,11,0.04907
6,0,VQC,100,12,0.049293
6,0,VQC,100,13,0.049612
6,0,VQC,100,14,0.049964
6,0,VQC,100,15,0.050316
6,0,VQC,100,16,0.050651
6,0,VQC,100,17,0.050959
6,0,VQC,100,18,0.051237
6,0,VQC,100,19,0.051486
6,1,VQC,100,0,0.139915
6,1,VQC,100,1,0.130647
6,1,VQC,100,2,0.117175
6,1,VQC,100,3,0.103778
6,1,VQC,100,4,0.091208
6,1,VQC,100,5,0.080453
6,1,VQC,100,6,0.072181
6,1,VQC,100,7,0.066507
6,1,VQC,100,8,0.063101
6,1,VQC,100,9,0.061389
6,1,VQC,100,10,0.060787
6,1,VQC,100,11,0.060843
6,1,VQC,100,12,0.061258
6,1,VQC,100,13,0.061842
6,1,VQC,100,14,0.062484
6,1,VQC,100,15,0.06312
6,1,VQC,100,16,0.063716
6,1,VQC,100,17,0.064258
6,1,VQC,100,18,0.064741
6,1,VQC,100,19,0.065165
6,2,VQC,100,0,0.131683
6,2,VQC,100,1,0.117524
6,2,VQC,100,2,0.107055
6,2,VQC,100,3,0.096771
6,2,VQC,100,4,0.086648
6,2,VQC,100,5,0.077389
6,2,VQC,100,6,0.069629
6,2,VQC,100,7,0.063679
6,2,VQC,100,8,0.059509
6,2,VQC,100,9,0.056844
6,2,VQC,100,10,0.055309
6,2,VQC,100,11,0.054552
6,2,VQC,100,12,0.054295
6,2,VQC,100,13,0.054335
6,2,VQC,100,14,0.054536
6,2,VQC,100,15,0.054812
6,2,VQC,100,16,0.055109
6,2,VQC,100,17,0.055397
6,2,VQC,100,18,0.055662
6,2,VQC,100,19,0.055898
6,3,VQC,100,0,0.137006
6,3,VQC,100,1,0.118767
6,3,VQC,100,2,0.112692
6,3,VQC,100,3,0.104118
6,3,VQC,100,4,0.094515
6,3,VQC,100,5,0.08567
6,3,VQC,100,6,0.078523
6,3,VQC,100,7,0.073347
6,3,VQC,100,8,0.069974
6,3,VQC,100,9,0.067971
6,3,VQC,100,10,0.06687
6,3,VQC,100,11,0.066318
6,3,VQC,100,12,0.066087
6,3,VQC,100,13,0.066041
6,3,VQC,100,14,0.066099
6,3,VQC,100,15,0.066211
6,3,VQC,100,16,0.06635
6,3,VQC,100,17,0.066497
6,3,VQC,100,18,0.066643
6,3,VQC,100,19,0.066778
6,4,VQC,100,0,0.097967
6,4,VQC,100,1,0.099417
6,4,VQC,100,2,0.094298
6,4,VQC,100,3,0.087444
6,4,VQC,100,4,0.079415
6,4,VQC,100,5,0.071409
6,4,VQC,100,6,0.064565
6,4,VQC,100,7,0.059491
6,4,VQC,100,8,0.056266
6,4,VQC,100,9,0.0546
6,4,VQC,100,10,0.054068
6,4,VQC,100,11,0.054286
6,4,VQC,100,12,0.054955
6,4,VQC,100,13,0.055852
6,4,VQC,100,14,0.056826
6,4,VQC,100,15,0.057788
6,4,VQC,100,16,0.058694
6,4,VQC,100,17,0.059521
6,4,VQC,100,18,0.060264
6,4,VQC,100,19,0.060927
7,0,VQC,100,0,0.113578
7,0,VQC,100,1,0.109092
7,0,VQC,100,2,0.090396
7,0,VQC,100,3,0.079638
7,0,VQC,100,4,0.072126
7,0,VQC,100,5,0.066817
7,0,VQC,100,6,0.063414
7,0,VQC,100,7,0.061172
7,0,VQC,100,8,0.058949
7,0,VQC,100,9,0.056018
7,0,VQC,100,10,0.052598
7,0,VQC,100,11,0.049503
7,0,VQC,100,12,0.047174
7,0,VQC,100,13,0.045539
7,0,VQC,100,14,0.044392
7,0,VQC,100,15,0.043566
7,0,VQC,100,16,0.04295
7,0,VQC,100,17,0.042472
7,0,VQC,100,18,0.042091
7,0,VQC,100,19,0.041778
7,1,VQC,100,0,0.183564
7,1,VQC,100,1,0.086538
7,1,VQC,100,2,0.07522
7,1,VQC,100,3,0.068288
7,1,VQC,100,4,0.063754
7,1,VQC,100,5,0.061169
7,1,VQC,100,6,0.059905
7,1,VQC,100,7,0.058478
7,1,VQC,100,8,0.055228
7,1,VQC,100,9,0.050402
7,1,VQC,100,10,0.045692
7,1,VQC,100,11,0.042151
7,1,VQC,100,12,0.039836
7,1,VQC,100,13,0.038419
7,1,VQC,100,14,0.037586
7,1,VQC,100,15,0.037115
7,1,VQC,100,16,0.036864
7,1,VQC,100,17,0.036746
7,1,VQC,100,18,0.036705
7,1,VQC,100,19,0.036706
7,2,VQC,100,0,0.139843
7,2,VQC,100,1,0.108989
7,2,VQC,100,2,0.092659
7,2,VQC,100,3,0.081232
7,2,VQC,100,4,0.074193
7,2,VQC,100,5,0.069682
7,2,VQC,100,6,0.067002
7,2,VQC,100,7,0.065605
7,2,VQC,100,8,0.064948
7,2,VQC,100,9,0.06473
7,2,VQC,100,10,0.064698
7,2,VQC,100,11,0.064549
7,2,VQC,100,12,0.064268
7,2,VQC,100,13,0.063967
7,2,VQC,100,14,0.063705
7,2,VQC,100,15,0.063486
7,2,VQC,100,16,0.063297
7,2,VQC,100,17,0.063124
7,2,VQC,100,18,0.062962
7,2,VQC,100,19,0.062808
7,3,VQC,100,0,0.142497
7,3,VQC,100,1,0.117318
7,3,VQC,100,2,0.097836
7,3,VQC,100,3,0.082764
7,3,VQC,100,4,0.072228
7,3,VQC,100,5,0.065009
7,3,VQC,100,6,0.060659
7,3,VQC,100,7,0.058677
7,3,VQC,100,8,0.057776
7,3,VQC,100,9,0.055922
7,3,VQC,100,10,0.052837
7,3,VQC,100,11,0.050176
7,3,VQC,100,12,0.048607
7,3,VQC,100,13,0.047855
7,3,VQC,100,14,0.047573
7,3,VQC,100,15,0.047542
7,3,VQC,100,16,0.047641
7,3,VQC,100,17,0.047805
7,3,VQC,100,18,0.047998
7,3,VQC,100,19,0.0482
7,4,VQC,100,0,0.102696
7,4,VQC,100,1,0.101898
7,4,VQC,100,2,0.088716
7,4,VQC,100,3,0.080245
7,4,VQC,100,4,0.075178
7,4,VQC,100,5,0.072147
7,4,VQC,100,6,0.070351
7,4,VQC,100,7,0.068951
7,4,VQC,100,8,0.067045
7,4,VQC,100,9,0.06425
7,4,VQC,100,10,0.061216
7,4,VQC,100,11,0.058845
7,4,VQC,100,12,0.057394
7,4,VQC,100,13,0.056646
7,4,VQC,100,14,0.056321
7,4,VQC,100,15,0.056227
7,4,VQC,100,16,0.056249
7,4,VQC,100,17,0.056326
7,4,VQC,100,18,0.056424
7,4,VQC,100,19,0.056523
8,0,VQC,100,0,0.098708
8,0,VQC,100,1,0.074546
8,0,VQC,100,2,0.061238
8,0,VQC,100,3,0.051865
8,0,VQC,100,4,0.044621
8,0,VQC,100,5,0.0391
8,0,VQC,100,6,0.035004
8,0,VQC,100,7,0.032021
8,0,VQC,100,8,0.029862
8,0,VQC,100,9,0.028288
8,0,VQC,100,10,0.027119
8,0,VQC,100,11,0.026235
8,0,VQC,100,12,0.02557
8,0,VQC,100,13,0.025097
8,0,VQC,100,14,0.02481
8,0,VQC,100,15,0.024709
8,0,VQC,100,16,0.024789
8,0,VQC,100,17,0.025025
8,0,VQC,100,18,0.025378
8,0,VQC,100,19,0.025802
8,1,VQC,100,0,0.079867
8,1,VQC,100,1,0.063859
8,1,VQC,100,2,0.054085
8,1,VQC,100,3,0.045959
8,1,VQC,100,4,0.039985
8,1,VQC,100,5,0.036027
8,1,VQC,100,6,0.033607
8,1,VQC,100,7,0.032241
8,1,VQC,100,8,0.031562
8,1,VQC,100,9,0.031336
8,1,VQC,100,10,0.031423
8,1,VQC,100,11,0.031737
8,1,VQC,100,12,0.032213
8,1,VQC,100,13,0.032792
8,1,VQC,100,14,0.033421
8,1,VQC,100,15,0.034058
8,1,VQC,100,16,0.034671
8,1,VQC,100,17,0.035242
8,1,VQC,100,18,0.035765
8,1,VQC,100,19,0.036236
8,2,VQC,100,0,0.122302
8,2,VQC,100,1,0.093285
8,2,VQC,100,2,0.074942
8,2,VQC,100,3,0.062421
8,2,VQC,100,4,0.053899
8,2,VQC,100,5,0.048165
8,2,VQC,100,6,0.044373
8,2,VQC,100,7,0.041829
8,2,VQC,100,8,0.040039
8,2,VQC,100,9,0.038685
8,2,VQC,100,10,0.037574
8,2,VQC,100,11,0.036593
8,2,VQC,100,12,0.035683
8,2,VQC,100,13,0.03483
8,2,VQC,100,14,0.034043
8,2,VQC,100,15,0.033343
8,2,VQC,100,16,0.032758
8,2,VQC,100,17,0.032303
8,2,VQC,100,18,0.031985
8,2,VQC,100,19,0.031796
8,3,VQC,100,0,0.124155
8,3,VQC,100,1,0.110789
8,3,VQC,100,2,0.098366
8,3,VQC,100,3,0.086625
8,3,VQC,100,4,0.077162
8,3,VQC,100,5,0.070337
8,3,VQC,100,6,0.065867
8,3,VQC,100,7,0.063204
8,3,VQC,100,8,0.061775
8,3,VQC,100,9,0.061118
8,3,VQC,100,10,0.060899
8,3,VQC,100,11,0.060891
8,3,VQC,100,12,0.060938
8,3,VQC,100,13,0.060947
8,3,VQC,100,14,0.060881
8,3,VQC,100,15,0.06075
8,3,VQC,100,16,0.060581
8,3,VQC,100,17,0.060404
8,3,VQC,100,18,0.060237
8,3,VQC,100,19,0.06009
8,4,VQC,100,0,0.094427
8,4,VQC,100,1,0.073929
8,4,VQC,100,2,0.064168
8,4,VQC,100,3,0.057832
8,4,VQC,100,4,0.052861
8,4,VQC,100,5,0.048862
8,4,VQC,100,6,0.04578
8,4,VQC,100,7,0.043524
8,4,VQC,100,8,0.041956
8,4,VQC,100,9,0.040934
8,4,VQC,100,10,0.040338
8,4,VQC,100,11,0.040085
8,4,VQC,100,12,0.040121
8,4,VQC,100,13,0.040411
8,4,VQC,100,14,0.040923
8,4,VQC,100,15,0.041617
8,4,VQC,100,16,0.042445
8,4,VQC,100,17,0.043353
8,4,VQC,100,18,0.044292
8,4,VQC,100,19,0.045218
9,0,VQC,100,0,0.110262
9,0,VQC,100,1,0.068049
9,0,VQC,100,2,0.062346
9,0,VQC,100,3,0.0575
9,0,VQC,100,4,0.053736
9,0,VQC,100,5,0.051375
9,0,VQC,100,6,0.049932
9,0,VQC,100,7,0.049
9,0,VQC,100,8,0.048365
9,0,VQC,100,9,0.047915
9,0,VQC,100,10,0.047578
9,0,VQC,100,11,0.047303
9,0,VQC,100,12,0.047049
9,0,VQC,100,13,0.046783
9,0,VQC,100,14,0.04648
9,0,VQC,100,15,0.046125
9,0,VQC,100,16,0.045711
9,0,VQC,100,17,0.045238
9,0,VQC,100,18,0.044716
9,0,VQC,100,19,0.044161
9,1,VQC,100,0,0.113591
9,1,VQC,100,1,0.072528
9,1,VQC,100,2,0.064688
9,1,VQC,100,3,0.059562
9,1,VQC,100,4,0.055913
9,1,VQC,100,5,0.053835
9,1,VQC,100,6,0.052852
9,1,VQC,100,7,0.052455
9,1,VQC,100,8,0.052324
9,1,VQC,100,9,0.052281
9,1,VQC,100,10,0.052229
9,1,VQC,100,11,0.052121
9,1,VQC,100,12,0.051946
9,1,VQC,100,13,0.051714
9,1,VQC,100,14,0.051449
9,1,VQC,100,15,0.051181
9,1,VQC,100,16,0.050935
9,1,VQC,100,17,0.050726
9,1,VQC,100,18,0.050557
9,1,VQC,100,19,0.050419
9,2,VQC,100,0,0.117265
9,2,VQC,100,1,0.100253
9,2,VQC,100,2,0.087622
9,2,VQC,100,3,0.078932
9,2,VQC,100,4,0.074053
9,2,VQC,100,5,0.071554
9,2,VQC,100,6,0.070073
9,2,VQC,100,7,0.068913
9,2,VQC,100,8,0.067844
9,2,VQC,100,9,0.066834
9,2,VQC,100,10,0.065901
9,2,VQC,100,11,0.065055
9,2,VQC,100,12,0.064289
9,2,VQC,100,13,0.063583
9,2,VQC,100,14,0.062911
9,2,VQC,100,15,0.062257
9,2,VQC,100,16,0.061613
9,2,VQC,100,17,0.060985
9,2,VQC,100,18,0.060386
9,2,VQC,100,19,0.059829
9,3,VQC,100,0,0.149895
9,3,VQC,100,1,0.098438
9,3,VQC,100,2,0.087191
9,3,VQC,100,3,0.081806
9,3,VQC,100,4,0.077748
9,3,VQC,100,5,0.074388
9,3,VQC,100,6,0.071779
9,3,VQC,100,7,0.06975
9,3,VQC,100,8,0.068073
9,3,VQC,100,9,0.066589
9,3,VQC,100,10,0.065226
9,3,VQC,100,11,0.063969
9,3,VQC,100,12,0.062829
9,3,VQC,100,13,0.061813
9,3,VQC,100,14,0.060914
9,3,VQC,100,15,0.06011
9,3,VQC,100,16,0.059379
9,3,VQC,100,17,0.058707
9,3,VQC,100,18,0.058094
9,3,VQC,100,19,0.057546
9,4,VQC,100,0,0.10158
9,4,VQC,100,1,0.063806
9,4,VQC,100,2,0.059624
9,4,VQC,100,3,0.058078
9,4,VQC,100,4,0.055723
9,4,VQC,100,5,0.053495
9,4,VQC,100,6,0.051766
9,4,VQC,100,7,0.050467
9,4,VQC,100,8,0.049461
9,4,VQC,100,9,0.048653
9,4,VQC,100,10,0.047982
9,4,VQC,100,11,0.047409
9,4,VQC,100,12,0.046917
9,4,VQC,100,13,0.0465
9,4,VQC,100,14,0.046165
9,4,VQC,100,15,0.04592
9,4,VQC,100,16,0.045762
9,4,VQC,100,17,0.045677
9,4,VQC,100,18,0.045636
9,4,VQC,100,19,0.045606
0,0,VQC,natural,0,0.511611
0,0,VQC,natural,1,0.478334
0,0,VQC,natural,2,0.426747
0,0,VQC,natural,3,0.367043
0,0,VQC,natural,4,0.312523
0,0,VQC,natural,5,0.269821
0,0,VQC,natural,6,0.238932
0,0,VQC,natural,7,0.217301
0,0,VQC,natural,8,0.202298
0,0,VQC,natural,9,0.191888
0,0,VQC,natural,10,0.184639
0,0,VQC,natural,11,0.17958
0,0,VQC,natural,12,0.176058
0,0,VQC,natural,13,0.173633
0,0,VQC,natural,14,0.172006
0,0,VQC,natural,15,0.170976
0,0,VQC,natural,16,0.170402
0,0,VQC,natural,17,0.170187
0,0,VQC,natural,18,0.170266
0,0,VQC,natural,19,0.170591
0,1,VQC,natural,0,0.511096
0,1,VQC,natural,1,0.475752
0,1,VQC,natural,2,0.421936
0,1,VQC,natural,3,0.358596
0,1,VQC,natural,4,0.299372
0,1,VQC,natural,5,0.251799
0,1,VQC,natural,6,0.216517
0,1,VQC,natural,7,0.191369
0,1,VQC,natural,8,0.173812
0,1,VQC,natural,9,0.16165
0,1,VQC,natural,10,0.153202
0,1,VQC,natural,11,0.147265
0,1,VQC,natural,12,0.143016
0,1,VQC,natural,13,0.139902
0,1,VQC,natural,14,0.137554
0,1,VQC,natural,15,0.13573
0,1,VQC,natural,16,0.134267
0,1,VQC,natural,17,0.13306
0,1,VQC,natural,18,0.132041
0,1,VQC,natural,19,0.131169
0,2,VQC,natural,0,0.503894
0,2,VQC,natural,1,0.470189
0,2,VQC,natural,2,0.420673
0,2,VQC,natural,3,0.36729
0,2,VQC,natural,4,0.319356
0,2,VQC,natural,5,0.280692
0,2,VQC,natural,6,0.251482
0,2,VQC,natural,7,0.230247
0,2,VQC,natural,8,0.215118
0,2,VQC,natural,9,0.204427
0,2,VQC,natural,10,0.196879
0,2,VQC,natural,11,0.191537
0,2,VQC,natural,12,0.187748
0,2,VQC,natural,13,0.185058
0,2,VQC,natural,14,0.183159
0,2,VQC,natural,15,0.181837
0,2,VQC,natural,16,0.180944
0,2,VQC,natural,17,0.180381
0,2,VQC,natural,18,0.180078
0,2,VQC,natural,19,0.179988
0,3,VQC,natural,0,0.525302
0,3,VQC,natural,1,0.480334
0,3,VQC,natural,2,0.411586
0,3,VQC,natural,3,0.340705
0,3,VQC,natural,4,0.282058
0,3,VQC,natural,5,0.238695
0,3,VQC,natural,6,0.208176
0,3,VQC,natural,7,0.187118
0,3,VQC,natural,8,0.172661
0,3,VQC,natural,9,0.162685
0,3,VQC,natural,10,0.155718
0,3,VQC,natural,11,0.150772
0,3,VQC,natural,12,0.147194
0,3,VQC,natural,13,0.144554
0,3,VQC,natural,14,0.142568
0,3,VQC,natural,15,0.141048
0,3,VQC,natural,16,0.13987
0,3,VQC,natural,17,0.138955
0,3,VQC,natural,18,0.138251
0,3,VQC,natural,19,0.137729
0,4,VQC,natural,0,0.529762
0,4,VQC,natural,1,0.493087
0,4,VQC,natural,2,0.435552
0,4,VQC,natural,3,0.371327
0,4,VQC,natural,4,0.314529
0,4,VQC,natural,5,0.271106
0,4,VQC,natural,6,0.240189
0,4,VQC,natural,7,0.218674
0,4,VQC,natural,8,0.203684
0,4,VQC,natural,9,0.193116
0,4,VQC,natural,10,0.185556
0,4,VQC,natural,11,0.180075
0,4,VQC,natural,12,0.176067
0,4,VQC,natural,13,0.173132
0,4,VQC,natural,14,0.171001
0,4,VQC,natural,15,0.169489
0,4,VQC,natural,16,0.168469
0,4,VQC,natural,17,0.167851
0,4,VQC,natural,18,0.167577
0,4,VQC,natural,19,0.167604
1,0,VQC,natural,0,0.531859
1,0,VQC,natural,1,0.501128
1,0,VQC,natural,2,0.456858
1,0,VQC,natural,3,0.404803
1,0,VQC,natural,4,0.354908
1,0,VQC,natural,5,0.313123
1,0,VQC,natural,6,0.280713
1,0,VQC,natural,7,0.256433
1,0,VQC,natural,8,0.238277
1,0,VQC,natural,9,0.224344
1,0,VQC,natural,10,0.213176
1,0,VQC,natural,11,0.2038
1,0,VQC,natural,12,0.195622
1,0,VQC,natural,13,0.188308
1,0,VQC,natural,14,0.181676
1,0,VQC,natural,15,0.175629
1,0,VQC,natural,16,0.170115
1,0,VQC,natural,17,0.165111
1,0,VQC,natural,18,0.160611
1,0,VQC,natural,19,0.156616
1,1,VQC,natural,0,0.517857
1,1,VQC,natural,1,0.484857
1,1,VQC,natural,2,0.444266
1,1,VQC,natural,3,0.394295
1,1,VQC,natural,4,0.342643
1,1,VQC,natural,5,0.298379
1,1,VQC,natural,6,0.264022
1,1,VQC,natural,7,0.238024
1,1,VQC,natural,8,0.218306
1,1,VQC,natural,9,0.203128
1,1,VQC,natural,10,0.19116
1,1,VQC,natural,11,0.181434
1,1,VQC,natural,12,0.173265
1,1,VQC,natural,13,0.166183
1,1,VQC,natural,14,0.159893
1,1,VQC,natural,15,0.154236
1,1,VQC,natural,16,0.149146
1,1,VQC,natural,17,0.144605
1,1,VQC,natural,18,0.140609
1,1,VQC,natural,19,0.137146
1,2,VQC,natural,0,0.515789
1,2,VQC,natural,1,0.491567
1,2,VQC,natural,2,0.45719
1,2,VQC,natural,3,0.412934
1,2,VQC,natural,4,0.362896
1,2,VQC,natural,5,0.314809
1,2,VQC,natural,6,0.276253
1,2,VQC,natural,7,0.246854
1,2,VQC,natural,8,0.223546
1,2,VQC,natural,9,0.204622
1,2,VQC,natural,10,0.18922
1,2,VQC,natural,11,0.176705
1,2,VQC,natural,12,0.166382
1,2,VQC,natural,13,0.157556
1,2,VQC,natural,14,0.149827
1,2,VQC,natural,15,0.14315
1,2,VQC,natural,16,0.137578
1,2,VQC,natural,17,0.133065
1,2,VQC,natural,18,0.129479
1,2,VQC,natural,19,0.126662
1,3,VQC,natural,0,0.526665
1,3,VQC,natural,1,0.488267
1,3,VQC,natural,2,0.438685
1,3,VQC,natural,3,0.3839
1,3,VQC,natural,4,0.331949
1,3,VQC,natural,5,0.289364
1,3,VQC,natural,6,0.256669
1,3,VQC,natural,7,0.231874
1,3,VQC,natural,8,0.212884
1,3,VQC,natural,9,0.198014
1,3,VQC,natural,10,0.186017
1,3,VQC,natural,11,0.176026
1,3,VQC,natural,12,0.167458
1,3,VQC,natural,13,0.159948
1,3,VQC,natural,14,0.153285
1,3,VQC,natural,15,0.147362
1,3,VQC,natural,16,0.142135
1,3,VQC,natural,17,0.137586
1,3,VQC,natural,18,0.133699
1,3,VQC,natural,19,0.130445
1,4,VQC,natural,0,0.532589
1,4,VQC,natural,1,0.492591
1,4,VQC,natural,2,0.446326
1,4,VQC,natural,3,0.398472
1,4,VQC,natural,4,0.352972
1,4,VQC,natural,5,0.313708
1,4,VQC,natural,6,0.281557
1,4,VQC,natural,7,0.255794
1,4,VQC,natural,8,0.235279
1,4,VQC,natural,9,0.218893
1,4,VQC,natural,10,0.205659
1,4,VQC,natural,11,0.19477
1,4,VQC,natural,12,0.185594
1,4,VQC,natural,13,0.177665
1,4,VQC,natural,14,0.170678
1,4,VQC,natural,15,0.164452
1,4,VQC,natural,16,0.158891
1,4,VQC,natural,17,0.153949
1,4,VQC,natural,18,0.149598
1,4,VQC,natural,19,0.145815
2,0,VQC,natural,0,0.553307
2,0,VQC,natural,1,0.510084
2,0,VQC,natural,2,0.463641
2,0,VQC,natural,3,0.41146
2,0,VQC,natural,4,0.361078
2,0,VQC,natural,5,0.318924
2,0,VQC,natural,6,0.286233
2,0,VQC,natural,7,0.261428
2,0,VQC,natural,8,0.242389
2,0,VQC,natural,9,0.227302
2,0,VQC,natural,10,0.214838
2,0,VQC,natural,11,0.20412
2,0,VQC,natural,12,0.194618
2,0,VQC,natural,13,0.186034
2,0,VQC,natural,14,0.17822
2,0,VQC,natural,15,0.171117
2,0,VQC,natural,16,0.164709
2,0,VQC,natural,17,0.159003
2,0,VQC,natural,18,0.154004
2,0,VQC,natural,19,0.149703
2,1,VQC,natural,0,0.498172
2,1,VQC,natural,1,0.465649
2,1,VQC,natural,2,0.422129
2,1,VQC,natural,3,0.376915
2,1,VQC,natural,4,0.335126
2,1,VQC,natural,5,0.299819
2,1,VQC,natural,6,0.271656
2,1,VQC,natural,7,0.249798
2,1,VQC,natural,8,0.232833
2,1,VQC,natural,9,0.21937
2,1,VQC,natural,10,0.208297
2,1,VQC,natural,11,0.198831
2,1,VQC,natural,12,0.190472
2,1,VQC,natural,13,0.182922
2,1,VQC,natural,14,0.176017
2,1,VQC,natural,15,0.169669
2,1,VQC,natural,16,0.163831
2,1,VQC,natural,17,0.158482
2,1,VQC,natural,18,0.153609
2,1,VQC,natural,19,0.149206
2,2,VQC,natural,0,0.530029
2,2,VQC,natural,1,0.491571
2,2,VQC,natural,2,0.445712
2,2,VQC,natural,3,0.392639
2,2,VQC,natural,4,0.342328
2,2,VQC,natural,5,0.301092
2,2,VQC,natural,6,0.269662
2,2,VQC,natural,7,0.246198
2,2,VQC,natural,8,0.228421
2,2,VQC,natural,9,0.214409
2,2,VQC,natural,10,0.202787
2,2,VQC,natural,11,0.192686
2,2,VQC,natural,12,0.183626
2,2,VQC,natural,13,0.175377
2,2,VQC,natural,14,0.167859
2,2,VQC,natural,15,0.161057
2,2,VQC,natural,16,0.154983
2,2,VQC,natural,17,0.14964
2,2,VQC,natural,18,0.145018
2,2,VQC,natural,19,0.141085
2,3,VQC,natural,0,0.521343
2,3,VQC,natural,1,0.485398
2,3,VQC,natural,2,0.438199
2,3,VQC,natural,3,0.384999
2,3,VQC,natural,4,0.334673
2,3,VQC,natural,5,0.293258
2,3,VQC,natural,6,0.261687
2,3,VQC,natural,7,0.238307
2,3,VQC,natural,8,0.220936
2,3,VQC,natural,9,0.207659
2,3,VQC,natural,10,0.197037
2,3,VQC,natural,11,0.188096
2,3,VQC,natural,12,0.180228
2,3,VQC,natural,13,0.173088
2,3,VQC,natural,14,0.166497
2,3,VQC,natural,15,0.16038
2,3,VQC,natural,16,0.154716
2,3,VQC,natural,17,0.149509
2,3,VQC,natural,18,0.144772
2,3,VQC,natural,19,0.140518
2,4,VQC,natural,0,0.513047
2,4,VQC,natural,1,0.473353
2,4,VQC,natural,2,0.428045
2,4,VQC,natural,3,0.377625
2,4,VQC,natural,4,0.330788
2,4,VQC,natural,5,0.292726
2,4,VQC,natural,6,0.263903
2,4,VQC,natural,7,0.242672
2,4,VQC,natural,8,0.226951
2,4,VQC,natural,9,0.214896
2,4,VQC,natural,10,0.205116
2,4,VQC,natural,11,0.196676
2,4,VQC,natural,12,0.189017
2,4,VQC,natural,13,0.181849
2,4,VQC,natural,14,0.175054
2,4,VQC,natural,15,0.168617
2,4,VQC,natural,16,0.162571
2,4,VQC,natural,17,0.156966
2,4,VQC,natural,18,0.151851
2,4,VQC,natural,19,0.147263
3,0,VQC,natural,0,0.48129
3,0,VQC,natural,1,0.406922
3,0,VQC,natural,2,0.347363
3,0,VQC,natural,3,0.302099
3,0,VQC,natural,4,0.269245
3,0,VQC,natural,5,0.246017
3,0,VQC,natural,6,0.229827
3,0,VQC,natural,7,0.21863
3,0,VQC,natural,8,0.210926
3,0,VQC,natural,9,0.205646
3,0,VQC,natural,10,0.202031
3,0,VQC,natural,11,0.199532
3,0,VQC,natural,12,0.19774
3,0,VQC,natural,13,0.196331
3,0,VQC,natural,14,0.195037
3,0,VQC,natural,15,0.193629
3,0,VQC,natural,16,0.191914
3,0,VQC,natural,17,0.189743
3,0,VQC,natural,18,0.187022
3,0,VQC,natural,19,0.183726
3,1,VQC,natural,0,0.49796
3,1,VQC,natural,1,0.42006
3,1,VQC,natural,2,0.357932
3,1,VQC,natural,3,0.311713
3,1,VQC,natural,4,0.278672
3,1,VQC,natural,5,0.255503
3,1,VQC,natural,6,0.239411
3,1,VQC,natural,7,0.228283
3,1,VQC,natural,8,0.220606
3,1,VQC,natural,9,0.215314
3,1,VQC,natural,10,0.211658
3,1,VQC,natural,11,0.209095
3,1,VQC,natural,12,0.207217
3,1,VQC,natural,13,0.205703
3,1,VQC,natural,14,0.204292
3,1,VQC,natural,15,0.202767
3,1,VQC,natural,16,0.200952
3,1,VQC,natural,17,0.198722
3,1,VQC,natural,18,0.196008
3,1,VQC,natural,19,0.192802
3,2,VQC,natural,0,0.471879
3,2,VQC,natural,1,0.407024
3,2,VQC,natural,2,0.348775
3,2,VQC,natural,3,0.301886
3,2,VQC,natural,4,0.266929
3,2,VQC,natural,5,0.241898
3,2,VQC,natural,6,0.22434
3,2,VQC,natural,7,0.212119
3,2,VQC,natural,8,0.203591
3,2,VQC,natural,9,0.197551
3,2,VQC,natural,10,0.193131
3,2,VQC,natural,11,0.189694
3,2,VQC,natural,12,0.186768
3,2,VQC,natural,13,0.183992
3,2,VQC,natural,14,0.181103
3,2,VQC,natural,15,0.177921
3,2,VQC,natural,16,0.174353
3,2,VQC,natural,17,0.170385
3,2,VQC,natural,18,0.166078
3,2,VQC,natural,19,0.161542
3,3,VQC,natural,0,0.456097
3,3,VQC,natural,1,0.392534
3,3,VQC,natural,2,0.338716
3,3,VQC,natural,3,0.295236
3,3,VQC,natural,4,0.261785
3,3,VQC,natural,5,0.236938
3,3,VQC,natural,6,0.218878
3,3,VQC,natural,7,0.205916
3,3,VQC,natural,8,0.196686
3,3,VQC,natural,9,0.190153
3,3,VQC,natural,10,0.185558
3,3,VQC,natural,11,0.182348
3,3,VQC,natural,12,0.180115
3,3,VQC,natural,13,0.178549
3,3,VQC,natural,14,0.177409
3,3,VQC,natural,15,0.176491
3,3,VQC,natural,16,0.175624
3,3,VQC,natural,17,0.174659
3,3,VQC,natural,18,0.173467
3,3,VQC,natural,19,0.171951
3,4,VQC,natural,0,0.46127
3,4,VQC,natural,1,0.39052
3,4,VQC,natural,2,0.332952
3,4,VQC,natural,3,0.289618
3,4,VQC,natural,4,0.258421
3,4,VQC,natural,5,0.23652
3,4,VQC,natural,6,0.221355
3,4,VQC,natural,7,0.210924
3,4,VQC,natural,8,0.203756
3,4,VQC,natural,9,0.198799
3,4,VQC,natural,10,0.195293
3,4,VQC,natural,11,0.192682
3,4,VQC,natural,12,0.19054
3,4,VQC,natural,13,0.188535
3,4,VQC,natural,14,0.186402
3,4,VQC,natural,15,0.183942
3,4,VQC,natural,16,0.181018
3,4,VQC,natural,17,0.177567
3,4,VQC,natural,18,0.1736
3,4,VQC,natural,19,0.169191
4,0,VQC,natural,0,0.46223
4,0,VQC,natural,1,0.4191
4,0,VQC,natural,2,0.361923
4,0,VQC,natural,3,0.308859
4,0,VQC,natural,4,0.270645
4,0,VQC,natural,5,0.241764
4,0,VQC,natural,6,0.218343
4,0,VQC,natural,7,0.199349
4,0,VQC,natural,8,0.184372
4,0,VQC,natural,9,0.172648
4,0,VQC,natural,10,0.163
4,0,VQC,natural,11,0.154525
4,0,VQC,natural,12,0.147026
4,0,VQC,natural,13,0.140634
4,0,VQC,natural,14,0.135388
4,0,VQC,natural,15,0.131192
4,0,VQC,natural,16,0.127892
4,0,VQC,natural,17,0.125329
4,0,VQC,natural,18,0.123364
4,0,VQC,natural,19,0.121878
4,1,VQC,natural,0,0.489447
4,1,VQC,natural,1,0.439595
4,1,VQC,natural,2,0.377338
4,1,VQC,natural,3,0.321461
4,1,VQC,natural,4,0.281877
4,1,VQC,natural,5,0.25284
4,1,VQC,natural,6,0.230205
4,1,VQC,natural,7,0.212405
4,1,VQC,natural,8,0.198548
4,1,VQC,natural,9,0.187633
4,1,VQC,natural,10,0.178598
4,1,VQC,natural,11,0.170744
4,1,VQC,natural,12,0.163851
4,1,VQC,natural,13,0.157932
4,1,VQC,natural,14,0.153007
4,1,VQC,natural,15,0.149022
4,1,VQC,natural,16,0.145875
4,1,VQC,natural,17,0.143442
4,1,VQC,natural,18,0.1416
4,1,VQC,natural,19,0.140235
4,2,VQC,natural,0,0.497294
4,2,VQC,natural,1,0.446146
4,2,VQC,natural,2,0.3855
4,2,VQC,natural,3,0.328981
4,2,VQC,natural,4,0.287046
4,2,VQC,natural,5,0.255919
4,2,VQC,natural,6,0.231544
4,2,VQC,natural,7,0.212176
4,2,VQC,natural,8,0.196873
4,2,VQC,natural,9,0.184862
4,2,VQC,natural,10,0.175376
4,2,VQC,natural,11,0.167714
4,2,VQC,natural,12,0.161341
4,2,VQC,natural,13,0.155944
4,2,VQC,natural,14,0.151387
4,2,VQC,natural,15,0.147592
4,2,VQC,natural,16,0.144478
4,2,VQC,natural,17,0.141957
4,2,VQC,natural,18,0.139939
4,2,VQC,natural,19,0.138343
4,3,VQC,natural,0,0.467525
4,3,VQC,natural,1,0.420769
4,3,VQC,natural,2,0.359645
4,3,VQC,natural,3,0.306681
4,3,VQC,natural,4,0.268497
4,3,VQC,natural,5,0.239636
4,3,VQC,natural,6,0.216777
4,3,VQC,natural,7,0.198631
4,3,VQC,natural,8,0.1844
4,3,VQC,natural,9,0.173189
4,3,VQC,natural,10,0.164031
4,3,VQC,natural,11,0.156176
4,3,VQC,natural,12,0.14925
4,3,VQC,natural,13,0.143138
4,3,VQC,natural,14,0.137812
4,3,VQC,natural,15,0.133243
4,3,VQC,natural,16,0.12938
4,3,VQC,natural,17,0.126158
4,3,VQC,natural,18,0.123503
4,3,VQC,natural,19,0.121345
4,4,VQC,natural,0,0.485645
4,4,VQC,natural,1,0.426115
4,4,VQC,natural,2,0.370168
4,4,VQC,natural,3,0.324383
4,4,VQC,natural,4,0.288033
4,4,VQC,natural,5,0.258991
4,4,VQC,natural,6,0.23549
4,4,VQC,natural,7,0.216585
4,4,VQC,natural,8,0.201648
4,4,VQC,natural,9,0.189803
4,4,VQC,natural,10,0.179891
4,4,VQC,natural,11,0.17102
4,4,VQC,natural,12,0.162912
4,4,VQC,natural,13,0.155657
4,4,VQC,natural,14,0.149369
4,4,VQC,natural,15,0.144058
4,4,VQC,natural,16,0.139653
4,4,VQC,natural,17,0.136046
4,4,VQC,natural,18,0.13312
4,4,VQC,natural,19,0.130768
5,0,VQC,natural,0,0.540358
5,0,VQC,natural,1,0.494939
5,0,VQC,natural,2,0.429972
5,0,VQC,natural,3,0.366556
5,0,VQC,natural,4,0.316802
5,0,VQC,natural,5,0.281426
5,0,VQC,natural,6,0.256812
5,0,VQC,natural,7,0.239496
5,0,VQC,natural,8,0.226869
5,0,VQC,natural,9,0.217115
5,0,VQC,natural,10,0.209024
5,0,VQC,natural,11,0.201821
5,0,VQC,natural,12,0.195044
5,0,VQC,natural,13,0.188455
5,0,VQC,natural,14,0.181977
5,0,VQC,natural,15,0.175627
5,0,VQC,natural,16,0.169475
5,0,VQC,natural,17,0.163601
5,0,VQC,natural,18,0.158084
5,0,VQC,natural,19,0.152985
5,1,VQC,natural,0,0.522186
5,1,VQC,natural,1,0.485011
5,1,VQC,natural,2,0.433297
5,1,VQC,natural,3,0.382288
5,1,VQC,natural,4,0.339035
5,1,VQC,natural,5,0.304919
5,1,VQC,natural,6,0.278925
5,1,VQC,natural,7,0.259245
5,1,VQC,natural,8,0.244095
5,1,VQC,natural,9,0.232013
5,1,VQC,natural,10,0.221911
5,1,VQC,natural,11,0.213039
5,1,VQC,natural,12,0.204923
5,1,VQC,natural,13,0.197302
5,1,VQC,natural,14,0.190069
5,1,VQC,natural,15,0.183214
5,1,VQC,natural,16,0.176777
5,1,VQC,natural,17,0.170812
5,1,VQC,natural,18,0.165369
5,1,VQC,natural,19,0.160483
5,2,VQC,natural,0,0.509341
5,2,VQC,natural,1,0.477808
5,2,VQC,natural,2,0.427526
5,2,VQC,natural,3,0.370659
5,2,VQC,natural,4,0.320666
5,2,VQC,natural,5,0.282558
5,2,VQC,natural,6,0.255141
5,2,VQC,natural,7,0.235738
5,2,VQC,natural,8,0.221899
5,2,VQC,natural,9,0.211739
5,2,VQC,natural,10,0.203911
5,2,VQC,natural,11,0.197494
5,2,VQC,natural,12,0.19187
5,2,VQC,natural,13,0.186646
5,2,VQC,natural,14,0.181595
5,2,VQC,natural,15,0.176615
5,2,VQC,natural,16,0.171687
5,2,VQC,natural,17,0.166848
5,2,VQC,natural,18,0.162158
5,2,VQC,natural,19,0.157682
5,3,VQC,natural,0,0.48967
5,3,VQC,natural,1,0.460415
5,3,VQC,natural,2,0.40999
5,3,VQC,natural,3,0.354376
5,3,VQC,natural,4,0.307395
5,3,VQC,natural,5,0.272611
5,3,VQC,natural,6,0.2479
5,3,VQC,natural,7,0.230334
5,3,VQC,natural,8,0.217514
5,3,VQC,natural,9,0.207709
5,3,VQC,natural,10,0.199751
5,3,VQC,natural,11,0.192881
5,3,VQC,natural,12,0.186631
5,3,VQC,natural,13,0.18073
5,3,VQC,natural,14,0.175053
5,3,VQC,natural,15,0.169561
5,3,VQC,natural,16,0.16427
5,3,VQC,natural,17,0.159225
5,3,VQC,natural,18,0.154478
5,3,VQC,natural,19,0.150081
5,4,VQC,natural,0,0.500127
5,4,VQC,natural,1,0.471797
5,4,VQC,natural,2,0.423687
5,4,VQC,natural,3,0.367811
5,4,VQC,natural,4,0.317897
5,4,VQC,natural,5,0.279565
5,4,VQC,natural,6,0.251729
5,4,VQC,natural,7,0.23171
5,4,VQC,natural,8,0.217085
5,4,VQC,natural,9,0.205996
5,4,VQC,natural,10,0.197115
5,4,VQC,natural,11,0.189534
5,4,VQC,natural,12,0.182667
5,4,VQC,natural,13,0.176171
5,4,VQC,natural,14,0.169883
5,4,VQC,natural,15,0.163761
5,4,VQC,natural,16,0.157829
5,4,VQC,natural,17,0.152147
5,4,VQC,natural,18,0.146785
5,4,VQC,natural,19,0.141811
6,0,VQC,natural,0,0.545818
6,0,VQC,natural,1,0.511359
6,0,VQC,natural,2,0.460655
6,0,VQC,natural,3,0.397211
6,0,VQC,natural,4,0.334059
6,0,VQC,natural,5,0.280036
6,0,VQC,natural,6,0.237604
6,0,VQC,natural,7,0.205892
6,0,VQC,natural,8,0.183018
6,0,VQC,natural,9,0.167056
6,0,VQC,natural,10,0.156369
6,0,VQC,natural,11,0.149658
6,0,VQC,natural,12,0.145918
6,0,VQC,natural,13,0.144355
6,0,VQC,natural,14,0.144339
6,0,VQC,natural,15,0.145358
6,0,VQC,natural,16,0.147007
6,0,VQC,natural,17,0.148977
6,0,VQC,natural,18,0.151047
6,0,VQC,natural,19,0.153068
6,1,VQC,natural,0,0.545089
6,1,VQC,natural,1,0.509826
6,1,VQC,natural,2,0.464337
6,1,VQC,natural,3,0.407293
6,1,VQC,natural,4,0.347909
6,1,VQC,natural,5,0.294441
6,1,VQC,natural,6,0.250718
6,1,VQC,natural,7,0.217166
6,1,VQC,natural,8,0.192578
6,1,VQC,natural,9,0.175212
6,1,VQC,natural,10,0.163407
6,1,VQC,natural,11,0.155812
6,1,VQC,natural,12,0.151377
6,1,VQC,natural,13,0.149291
6,1,VQC,natural,14,0.148909
6,1,VQC,natural,15,0.149709
6,1,VQC,natural,16,0.151266
6,1,VQC,natural,17,0.153245
6,1,VQC,natural,18,0.155391
6,1,VQC,natural,19,0.157526
6,2,VQC,natural,0,0.504753
6,2,VQC,natural,1,0.466937
6,2,VQC,natural,2,0.418783
6,2,VQC,natural,3,0.364258
6,2,VQC,natural,4,0.311283
6,2,VQC,natural,5,0.264644
6,2,VQC,natural,6,0.226187
6,2,VQC,natural,7,0.195908
6,2,VQC,natural,8,0.172847
6,2,VQC,natural,9,0.155751
6,2,VQC,natural,10,0.143433
6,2,VQC,natural,11,0.13489
6,2,VQC,natural,12,0.129301
6,2,VQC,natural,13,0.125999
6,2,VQC,natural,14,0.124437
6,2,VQC,natural,15,0.124161
6,2,VQC,natural,16,0.124793
6,2,VQC,natural,17,0.126023
6,2,VQC,natural,18,0.127601
6,2,VQC,natural,19,0.129341
6,3,VQC,natural,0,0.523997
6,3,VQC,natural,1,0.479656
6,3,VQC,natural,2,0.426179
6,3,VQC,natural,3,0.363927
6,3,VQC,natural,4,0.304509
6,3,VQC,natural,5,0.255282
6,3,VQC,natural,6,0.217417
6,3,VQC,natural,7,0.189393
6,3,VQC,natural,8,0.169304
6,3,VQC,natural,9,0.155547
6,3,VQC,natural,10,0.146795
6,3,VQC,natural,11,0.141864
6,3,VQC,natural,12,0.139703
6,3,VQC,natural,13,0.139437
6,3,VQC,natural,14,0.140368
6,3,VQC,natural,15,0.141973
6,3,VQC,natural,16,0.143885
6,3,VQC,natural,17,0.145864
6,3,VQC,natural,18,0.147768
6,3,VQC,natural,19,0.149523
6,4,VQC,natural,0,0.51783
6,4,VQC,natural,1,0.484568
6,4,VQC,natural,2,0.438667
6,4,VQC,natural,3,0.383306
6,4,VQC,natural,4,0.327725
6,4,VQC,natural,5,0.278185
6,4,VQC,natural,6,0.237231
6,4,VQC,natural,7,0.205153
6,4,VQC,natural,8,0.181168
6,4,VQC,natural,9,0.164058
6,4,VQC,natural,10,0.152521
6,4,VQC,natural,11,0.145324
6,4,VQC,natural,12,0.141382
6,4,VQC,natural,13,0.139809
6,4,VQC,natural,14,0.1399
6,4,VQC,natural,15,0.141106
6,4,VQC,natural,16,0.142999
6,4,VQC,natural,17,0.14526
6,4,VQC,natural,18,0.147656
6,4,VQC,natural,19,0.150028
7,0,VQC,natural,0,0.532253
7,0,VQC,natural,1,0.453354
7,0,VQC,natural,2,0.398946
7,0,VQC,natural,3,0.345283
7,0,VQC,natural,4,0.301027
7,0,VQC,natural,5,0.266191
7,0,VQC,natural,6,0.238887
7,0,VQC,natural,7,0.2179
7,0,VQC,natural,8,0.202509
7,0,VQC,natural,9,0.191761
7,0,VQC,natural,10,0.183692
7,0,VQC,natural,11,0.17609
7,0,VQC,natural,12,0.168279
7,0,VQC,natural,13,0.160795
7,0,VQC,natural,14,0.154172
7,0,VQC,natural,15,0.148592
7,0,VQC,natural,16,0.144009
7,0,VQC,natural,17,0.140293
7,0,VQC,natural,18,0.137307
7,0,VQC,natural,19,0.134923
7,1,VQC,natural,0,0.545491
7,1,VQC,natural,1,0.430436
7,1,VQC,natural,2,0.37566
7,1,VQC,natural,3,0.326586
7,1,VQC,natural,4,0.287068
7,1,VQC,natural,5,0.255686
7,1,VQC,natural,6,0.230941
7,1,VQC,natural,7,0.212022
7,1,VQC,natural,8,0.198138
7,1,VQC,natural,9,0.187741
7,1,VQC,natural,10,0.17873
7,1,VQC,natural,11,0.169975
7,1,VQC,natural,12,0.161665
7,1,VQC,natural,13,0.154275
7,1,VQC,natural,14,0.14802
7,1,VQC,natural,15,0.142877
7,1,VQC,natural,16,0.13872
7,1,VQC,natural,17,0.135401
7,1,VQC,natural,18,0.132778
7,1,VQC,natural,19,0.130726
7,2,VQC,natural,0,0.519674
7,2,VQC,natural,1,0.458026
7,2,VQC,natural,2,0.416375
7,2,VQC,natural,3,0.363469
7,2,VQC,natural,4,0.312708
7,2,VQC,natural,5,0.273058
7,2,VQC,natural,6,0.242191
7,2,VQC,natural,7,0.217739
7,2,VQC,natural,8,0.198827
7,2,VQC,natural,9,0.185056
7,2,VQC,natural,10,0.175469
7,2,VQC,natural,11,0.168003
7,2,VQC,natural,12,0.160833
7,2,VQC,natural,13,0.153794
7,2,VQC,natural,14,0.147488
7,2,VQC,natural,15,0.142289
7,2,VQC,natural,16,0.138223
7,2,VQC,natural,17,0.135151
7,2,VQC,natural,18,0.132896
7,2,VQC,natural,19,0.131289
7,3,VQC,natural,0,0.545243
7,3,VQC,natural,1,0.478874
7,3,VQC,natural,2,0.428246
7,3,VQC,natural,3,0.37021
7,3,VQC,natural,4,0.318319
7,3,VQC,natural,5,0.27879
7,3,VQC,natural,6,0.248351
7,3,VQC,natural,7,0.224168
7,3,VQC,natural,8,0.204951
7,3,VQC,natural,9,0.189939
7,3,VQC,natural,10,0.178059
7,3,VQC,natural,11,0.167822
7,3,VQC,natural,12,0.15896
7,3,VQC,natural,13,0.151871
7,3,VQC,natural,14,0.146393
7,3,VQC,natural,15,0.142171
7,3,VQC,natural,16,0.138907
7,3,VQC,natural,17,0.136383
7,3,VQC,natural,18,0.134437
7,3,VQC,natural,19,0.132947
7,4,VQC,natural,0,0.532253
7,4,VQC,natural,1,0.45963
7,4,VQC,natural,2,0.408895
7,4,VQC,natural,3,0.352576
7,4,VQC,natural,4,0.303081
7,4,VQC,natural,5,0.264373
7,4,VQC,natural,6,0.234236
7,4,VQC,natural,7,0.210864
7,4,VQC,natural,8,0.193262
7,4,VQC,natural,9,0.180501
7,4,VQC,natural,10,0.170934
7,4,VQC,natural,11,0.162568
7,4,VQC,natural,12,0.154499
7,4,VQC,natural,13,0.146944
7,4,VQC,natural,14,0.140299
7,4,VQC,natural,15,0.134729
7,4,VQC,natural,16,0.130203
7,4,VQC,natural,17,0.126603
7,4,VQC,natural,18,0.123788
7,4,VQC,natural,19,0.12162
8,0,VQC,natural,0,0.490337
8,0,VQC,natural,1,0.450447
8,0,VQC,natural,2,0.399122
8,0,VQC,natural,3,0.349796
8,0,VQC,natural,4,0.308889
8,0,VQC,natural,5,0.277484
8,0,VQC,natural,6,0.254228
8,0,VQC,natural,7,0.237152
8,0,VQC,natural,8,0.224405
8,0,VQC,natural,9,0.214509
8,0,VQC,natural,10,0.206382
8,0,VQC,natural,11,0.199279
8,0,VQC,natural,12,0.192721
8,0,VQC,natural,13,0.186432
8,0,VQC,natural,14,0.180291
8,0,VQC,natural,15,0.174284
8,0,VQC,natural,16,0.168462
8,0,VQC,natural,17,0.162903
8,0,VQC,natural,18,0.15769
8,0,VQC,natural,19,0.152894
8,1,VQC,natural,0,0.458734
8,1,VQC,natural,1,0.421558
8,1,VQC,natural,2,0.377211
8,1,VQC,natural,3,0.334908
8,1,VQC,natural,4,0.298598
8,1,VQC,natural,5,0.269341
8,1,VQC,natural,6,0.246481
8,1,VQC,natural,7,0.228657
8,1,VQC,natural,8,0.214461
8,1,VQC,natural,9,0.202744
8,1,VQC,natural,10,0.192686
8,1,VQC,natural,11,0.183763
8,1,VQC,natural,12,0.175666
8,1,VQC,natural,13,0.16823
8,1,VQC,natural,14,0.161379
8,1,VQC,natural,15,0.155092
8,1,VQC,natural,16,0.149371
8,1,VQC,natural,17,0.144229
8,1,VQC,natural,18,0.139678
8,1,VQC,natural,19,0.135715
8,2,VQC,natural,0,0.474962
8,2,VQC,natural,1,0.436615
8,2,VQC,natural,2,0.389703
8,2,VQC,natural,3,0.344972
8,2,VQC,natural,4,0.307745
8,2,VQC,natural,5,0.278788
8,2,VQC,natural,6,0.256725
8,2,VQC,natural,7,0.239706
8,2,VQC,natural,8,0.226082
8,2,VQC,natural,9,0.214626
8,2,VQC,natural,10,0.20454
8,2,VQC,natural,11,0.19537
8,2,VQC,natural,12,0.186899
8,2,VQC,natural,13,0.179048
8,2,VQC,natural,14,0.171807
8,2,VQC,natural,15,0.1652
8,2,VQC,natural,16,0.159254
8,2,VQC,natural,17,0.153987
8,2,VQC,natural,18,0.149398
8,2,VQC,natural,19,0.145465
8,3,VQC,natural,0,0.492358
8,3,VQC,natural,1,0.450176
8,3,VQC,natural,2,0.401273
8,3,VQC,natural,3,0.352944
8,3,VQC,natural,4,0.311372
8,3,VQC,natural,5,0.278588
8,3,VQC,natural,6,0.253622
8,3,VQC,natural,7,0.234552
8,3,VQC,natural,8,0.219592
8,3,VQC,natural,9,0.207425
8,3,VQC,natural,10,0.19718
8,3,VQC,natural,11,0.1883
8,3,VQC,natural,12,0.180423
8,3,VQC,natural,13,0.173315
8,3,VQC,natural,14,0.166845
8,3,VQC,natural,15,0.160967
8,3,VQC,natural,16,0.15568
8,3,VQC,natural,17,0.150992
8,3,VQC,natural,18,0.146901
8,3,VQC,natural,19,0.143379
8,4,VQC,natural,0,0.50055
8,4,VQC,natural,1,0.456933
8,4,VQC,natural,2,0.404329
8,4,VQC,natural,3,0.354244
8,4,VQC,natural,4,0.31277
8,4,VQC,natural,5,0.280658
8,4,VQC,natural,6,0.256353
8,4,VQC,natural,7,0.237847
8,4,VQC,natural,8,0.223363
8,4,VQC,natural,9,0.211532
8,4,VQC,natural,10,0.201402
8,4,VQC,natural,11,0.192365
8,4,VQC,natural,12,0.184074
8,4,VQC,natural,13,0.176363
8,4,VQC,natural,14,0.169174
8,4,VQC,natural,15,0.162506
8,4,VQC,natural,16,0.156381
8,4,VQC,natural,17,0.150822
8,4,VQC,natural,18,0.145845
8,4,VQC,natural,19,0.141452
9,0,VQC,natural,0,0.507656
9,0,VQC,natural,1,0.489633
9,0,VQC,natural,2,0.450114
9,0,VQC,natural,3,0.401311
9,0,VQC,natural,4,0.352512
9,0,VQC,natural,5,0.311189
9,0,VQC,natural,6,0.279718
9,0,VQC,natural,7,0.256848
9,0,VQC,natural,8,0.240337
9,0,VQC,natural,9,0.22816
9,0,VQC,natural,10,0.218776
9,0,VQC,natural,11,0.211103
9,0,VQC,natural,12,0.204407
9,0,VQC,natural,13,0.198215
9,0,VQC,natural,14,0.192253
9,0,VQC,natural,15,0.186394
9,0,VQC,natural,16,0.180612
9,0,VQC,natural,17,0.174944
9,0,VQC,natural,18,0.169456
9,0,VQC,natural,19,0.164217
9,1,VQC,natural,0,0.500293
9,1,VQC,natural,1,0.477623
9,1,VQC,natural,2,0.43494
9,1,VQC,natural,3,0.383059
9,1,VQC,natural,4,0.332874
9,1,VQC,natural,5,0.291656
9,1,VQC,natural,6,0.260788
9,1,VQC,natural,7,0.238431
9,1,VQC,natural,8,0.222139
9,1,VQC,natural,9,0.209839
9,1,VQC,natural,10,0.200031
9,1,VQC,natural,11,0.191721
9,1,VQC,natural,12,0.184301
9,1,VQC,natural,13,0.177431
9,1,VQC,natural,14,0.170952
9,1,VQC,natural,15,0.164808
9,1,VQC,natural,16,0.159002
9,1,VQC,natural,17,0.153559
9,1,VQC,natural,18,0.148511
9,1,VQC,natural,19,0.143891
9,2,VQC,natural,0,0.516455
9,2,VQC,natural,1,0.489646
9,2,VQC,natural,2,0.451151
9,2,VQC,natural,3,0.402208
9,2,VQC,natural,4,0.353366
9,2,VQC,natural,5,0.311442
9,2,VQC,natural,6,0.278226
9,2,VQC,natural,7,0.252729
9,2,VQC,natural,8,0.233208
9,2,VQC,natural,9,0.218019
9,2,VQC,natural,10,0.205842
9,2,VQC,natural,11,0.195676
9,2,VQC,natural,12,0.186818
9,2,VQC,natural,13,0.178844
9,2,VQC,natural,14,0.171567
9,2,VQC,natural,15,0.164945
9,2,VQC,natural,16,0.158997
9,2,VQC,natural,17,0.153746
9,2,VQC,natural,18,0.149192
9,2,VQC,natural,19,0.145309
9,3,VQC,natural,0,0.524578
9,3,VQC,natural,1,0.497852
9,3,VQC,natural,2,0.448321
9,3,VQC,natural,3,0.392128
9,3,VQC,natural,4,0.340396
9,3,VQC,natural,5,0.299292
9,3,VQC,natural,6,0.268624
9,3,VQC,natural,7,0.245736
9,3,VQC,natural,8,0.228086
9,3,VQC,natural,9,0.213842
9,3,VQC,natural,10,0.201858
9,3,VQC,natural,11,0.191489
9,3,VQC,natural,12,0.182395
9,3,VQC,natural,13,0.174384
9,3,VQC,natural,14,0.167326
9,3,VQC,natural,15,0.161122
9,3,VQC,natural,16,0.155708
9,3,VQC,natural,17,0.15104
9,3,VQC,natural,18,0.147082
9,3,VQC,natural,19,0.143789
9,4,VQC,natural,0,0.47457
9,4,VQC,natural,1,0.453946
9,4,VQC,natural,2,0.415445
9,4,VQC,natural,3,0.370456
9,4,VQC,natural,4,0.326521
9,4,VQC,natural,5,0.289039
9,4,VQC,natural,6,0.259575
9,4,VQC,natural,7,0.2372
9,4,VQC,natural,8,0.220235
9,4,VQC,natural,9,0.207071
9,4,VQC,natural,10,0.196448
9,4,VQC,natural,11,0.187489
9,4,VQC,natural,12,0.179635
9,4,VQC,natural,13,0.172553
9,4,VQC,natural,14,0.166055
9,4,VQC,natural,15,0.160042
9,4,VQC,natural,16,0.154465
9,4,VQC,natural,17,0.149309
9,4,VQC,natural,18,0.144578
9,4,VQC,natural,19,0.140284
