seed,fold,model,condition,round,mean_pairwise_l2
0,0,VQC-circmean,0.1,0,0.611929
0,0,VQC-circmean,0.1,1,0.598664
0,0,VQC-circmean,0.1,2,0.576732
0,0,VQC-circmean,0.1,3,0.547008
0,0,VQC-circmean,0.1,4,0.512544
0,0,VQC-circmean,0.1,5,0.476991
0,0,VQC-circmean,0.1,6,0.443514
0,0,VQC-circmean,0.1,7,0.414239
0,0,VQC-circmean,0.1,8,0.389906
0,0,VQC-circmean,0.1,9,0.370236
0,0,VQC-circmean,0.1,10,0.354553
0,0,VQC-circmean,0.1,11,0.342147
0,0,VQC-circmean,0.1,12,0.332376
0,0,VQC-circmean,0.1,13,0.324678
0,0,VQC-circmean,0.1,14,0.318558
0,0,VQC-circmean,0.1,15,0.313577
0,0,VQC-circmean,0.1,16,0.309356
0,0,VQC-circmean,0.1,17,0.305578
0,0,VQC-circmean,0.1,18,0.301992
0,0,VQC-circmean,0.1,19,0.298424
0,1,VQC-circmean,0.1,0,0.623462
0,1,VQC-circmean,0.1,1,0.610351
0,1,VQC-circmean,0.1,2,0.589609
0,1,VQC-circmean,0.1,3,0.560773
0,1,VQC-circmean,0.1,4,0.525914
0,1,VQC-circmean,0.1,5,0.488625
0,1,VQC-circmean,0.1,6,0.45219
0,1,VQC-circmean,0.1,7,0.419061
0,1,VQC-circmean,0.1,8,0.390625
0,1,VQC-circmean,0.1,9,0.367258
0,1,VQC-circmean,0.1,10,0.348664
0,1,VQC-circmean,0.1,11,0.334237
0,1,VQC-circmean,0.1,12,0.323281
0,1,VQC-circmean,0.1,13,0.315113
0,1,VQC-circmean,0.1,14,0.309109
0,1,VQC-circmean,0.1,15,0.304725
0,1,VQC-circmean,0.1,16,0.301492
0,1,VQC-circmean,0.1,17,0.29901
0,1,VQC-circmean,0.1,18,0.296939
0,1,VQC-circmean,0.1,19,0.294997
0,2,VQC-circmean,0.1,0,0.597858
0,2,VQC-circmean,0.1,1,0.585639
0,2,VQC-circmean,0.1,2,0.566007
0,2,VQC-circmean,0.1,3,0.53998
0,2,VQC-circmean,0.1,4,0.509723
0,2,VQC-circmean,0.1,5,0.477932
0,2,VQC-circmean,0.1,6,0.447014
0,2,VQC-circmean,0.1,7,0.418668
0,2,VQC-circmean,0.1,8,0.393822
0,2,VQC-circmean,0.1,9,0.372776
0,2,VQC-circmean,0.1,10,0.355407
0,2,VQC-circmean,0.1,11,0.341337
0,2,VQC-circmean,0.1,12,0.330057
0,2,VQC-circmean,0.1,13,0.321021
0,2,VQC-circmean,0.1,14,0.313707
0,2,VQC-circmean,0.1,15,0.307647
0,2,VQC-circmean,0.1,16,0.302441
0,2,VQC-circmean,0.1,17,0.29776
0,2,VQC-circmean,0.1,18,0.293358
0,2,VQC-circmean,0.1,19,0.289065
0,3,VQC-circmean,0.1,0,0.619777
0,3,VQC-circmean,0.1,1,0.600258
0,3,VQC-circmean,0.1,2,0.570836
0,3,VQC-circmean,0.1,3,0.534141
0,3,VQC-circmean,0.1,4,0.494041
0,3,VQC-circmean,0.1,5,0.454986
0,3,VQC-circmean,0.1,6,0.420207
0,3,VQC-circmean,0.1,7,0.390959
0,3,VQC-circmean,0.1,8,0.367191
0,3,VQC-circmean,0.1,9,0.348348
0,3,VQC-circmean,0.1,10,0.333747
0,3,VQC-circmean,0.1,11,0.322701
0,3,VQC-circmean,0.1,12,0.314551
0,3,VQC-circmean,0.1,13,0.308698
0,3,VQC-circmean,0.1,14,0.304614
0,3,VQC-circmean,0.1,15,0.301839
0,3,VQC-circmean,0.1,16,0.299981
0,3,VQC-circmean,0.1,17,0.298701
0,3,VQC-circmean,0.1,18,0.29771
0,3,VQC-circmean,0.1,19,0.296771
0,4,VQC-circmean,0.1,0,0.621541
0,4,VQC-circmean,0.1,1,0.610107
0,4,VQC-circmean,0.1,2,0.59038
0,4,VQC-circmean,0.1,3,0.562363
0,4,VQC-circmean,0.1,4,0.528461
0,4,VQC-circmean,0.1,5,0.492095
0,4,VQC-circmean,0.1,6,0.456685
0,4,VQC-circmean,0.1,7,0.424711
0,4,VQC-circmean,0.1,8,0.397354
0,4,VQC-circmean,0.1,9,0.374773
0,4,VQC-circmean,0.1,10,0.356586
0,4,VQC-circmean,0.1,11,0.342214
0,4,VQC-circmean,0.1,12,0.331045
0,4,VQC-circmean,0.1,13,0.322494
0,4,VQC-circmean,0.1,14,0.316029
0,4,VQC-circmean,0.1,15,0.311181
0,4,VQC-circmean,0.1,16,0.307543
0,4,VQC-circmean,0.1,17,0.304765
0,4,VQC-circmean,0.1,18,0.30255
0,4,VQC-circmean,0.1,19,0.300643
1,0,VQC-circmean,0.1,0,0.675516
1,0,VQC-circmean,0.1,1,0.645836
1,0,VQC-circmean,0.1,2,0.608009
1,0,VQC-circmean,0.1,3,0.565484
1,0,VQC-circmean,0.1,4,0.520971
1,0,VQC-circmean,0.1,5,0.477768
1,0,VQC-circmean,0.1,6,0.438357
1,0,VQC-circmean,0.1,7,0.404159
1,0,VQC-circmean,0.1,8,0.375504
1,0,VQC-circmean,0.1,9,0.351904
1,0,VQC-circmean,0.1,10,0.332477
1,0,VQC-circmean,0.1,11,0.316286
1,0,VQC-circmean,0.1,12,0.302531
1,0,VQC-circmean,0.1,13,0.29062
1,0,VQC-circmean,0.1,14,0.280187
1,0,VQC-circmean,0.1,15,0.27107
1,0,VQC-circmean,0.1,16,0.263256
1,0,VQC-circmean,0.1,17,0.256773
1,0,VQC-circmean,0.1,18,0.251586
1,0,VQC-circmean,0.1,19,0.24757
1,1,VQC-circmean,0.1,0,0.659629
1,1,VQC-circmean,0.1,1,0.635268
1,1,VQC-circmean,0.1,2,0.602786
1,1,VQC-circmean,0.1,3,0.564606
1,1,VQC-circmean,0.1,4,0.522902
1,1,VQC-circmean,0.1,5,0.481266
1,1,VQC-circmean,0.1,6,0.442621
1,1,VQC-circmean,0.1,7,0.408752
1,1,VQC-circmean,0.1,8,0.380215
1,1,VQC-circmean,0.1,9,0.356649
1,1,VQC-circmean,0.1,10,0.337273
1,1,VQC-circmean,0.1,11,0.321231
1,1,VQC-circmean,0.1,12,0.307775
1,1,VQC-circmean,0.1,13,0.296322
1,1,VQC-circmean,0.1,14,0.286483
1,1,VQC-circmean,0.1,15,0.278068
1,1,VQC-circmean,0.1,16,0.271029
1,1,VQC-circmean,0.1,17,0.265335
1,1,VQC-circmean,0.1,18,0.260874
1,1,VQC-circmean,0.1,19,0.257465
1,2,VQC-circmean,0.1,0,0.627089
1,2,VQC-circmean,0.1,1,0.605583
1,2,VQC-circmean,0.1,2,0.575729
1,2,VQC-circmean,0.1,3,0.542969
1,2,VQC-circmean,0.1,4,0.507005
1,2,VQC-circmean,0.1,5,0.469681
1,2,VQC-circmean,0.1,6,0.433479
1,2,VQC-circmean,0.1,7,0.400642
1,2,VQC-circmean,0.1,8,0.372368
1,2,VQC-circmean,0.1,9,0.348729
1,2,VQC-circmean,0.1,10,0.329224
1,2,VQC-circmean,0.1,11,0.31322
1,2,VQC-circmean,0.1,12,0.300093
1,2,VQC-circmean,0.1,13,0.289241
1,2,VQC-circmean,0.1,14,0.280065
1,2,VQC-circmean,0.1,15,0.272083
1,2,VQC-circmean,0.1,16,0.265159
1,2,VQC-circmean,0.1,17,0.259471
1,2,VQC-circmean,0.1,18,0.255114
1,2,VQC-circmean,0.1,19,0.251936
1,3,VQC-circmean,0.1,0,0.658835
1,3,VQC-circmean,0.1,1,0.628579
1,3,VQC-circmean,0.1,2,0.587428
1,3,VQC-circmean,0.1,3,0.544274
1,3,VQC-circmean,0.1,4,0.500633
1,3,VQC-circmean,0.1,5,0.459057
1,3,VQC-circmean,0.1,6,0.421709
1,3,VQC-circmean,0.1,7,0.38973
1,3,VQC-circmean,0.1,8,0.363177
1,3,VQC-circmean,0.1,9,0.341403
1,3,VQC-circmean,0.1,10,0.3235
1,3,VQC-circmean,0.1,11,0.308575
1,3,VQC-circmean,0.1,12,0.295901
1,3,VQC-circmean,0.1,13,0.284993
1,3,VQC-circmean,0.1,14,0.275643
1,3,VQC-circmean,0.1,15,0.267869
1,3,VQC-circmean,0.1,16,0.261719
1,3,VQC-circmean,0.1,17,0.257103
1,3,VQC-circmean,0.1,18,0.253779
1,3,VQC-circmean,0.1,19,0.251464
1,4,VQC-circmean,0.1,0,0.638963
1,4,VQC-circmean,0.1,1,0.613134
1,4,VQC-circmean,0.1,2,0.575666
1,4,VQC-circmean,0.1,3,0.536554
1,4,VQC-circmean,0.1,4,0.497197
1,4,VQC-circmean,0.1,5,0.45975
1,4,VQC-circmean,0.1,6,0.425793
1,4,VQC-circmean,0.1,7,0.396121
1,4,VQC-circmean,0.1,8,0.370854
1,4,VQC-circmean,0.1,9,0.349668
1,4,VQC-circmean,0.1,10,0.332009
1,4,VQC-circmean,0.1,11,0.317236
1,4,VQC-circmean,0.1,12,0.304701
1,4,VQC-circmean,0.1,13,0.293825
1,4,VQC-circmean,0.1,14,0.284174
1,4,VQC-circmean,0.1,15,0.275581
1,4,VQC-circmean,0.1,16,0.268162
1,4,VQC-circmean,0.1,17,0.262143
1,4,VQC-circmean,0.1,18,0.257596
1,4,VQC-circmean,0.1,19,0.254365
2,0,VQC-circmean,0.1,0,0.783198
2,0,VQC-circmean,0.1,1,0.736701
2,0,VQC-circmean,0.1,2,0.689904
2,0,VQC-circmean,0.1,3,0.640138
2,0,VQC-circmean,0.1,4,0.588978
2,0,VQC-circmean,0.1,5,0.540266
2,0,VQC-circmean,0.1,6,0.496821
2,0,VQC-circmean,0.1,7,0.459783
2,0,VQC-circmean,0.1,8,0.428902
2,0,VQC-circmean,0.1,9,0.403206
2,0,VQC-circmean,0.1,10,0.381557
2,0,VQC-circmean,0.1,11,0.362949
2,0,VQC-circmean,0.1,12,0.34664
2,0,VQC-circmean,0.1,13,0.332171
2,0,VQC-circmean,0.1,14,0.319343
2,0,VQC-circmean,0.1,15,0.308146
2,0,VQC-circmean,0.1,16,0.298629
2,0,VQC-circmean,0.1,17,0.290774
2,0,VQC-circmean,0.1,18,0.284463
2,0,VQC-circmean,0.1,19,0.27951
2,1,VQC-circmean,0.1,0,0.745286
2,1,VQC-circmean,0.1,1,0.716362
2,1,VQC-circmean,0.1,2,0.675772
2,1,VQC-circmean,0.1,3,0.630495
2,1,VQC-circmean,0.1,4,0.584767
2,1,VQC-circmean,0.1,5,0.541822
2,1,VQC-circmean,0.1,6,0.503315
2,1,VQC-circmean,0.1,7,0.469919
2,1,VQC-circmean,0.1,8,0.441535
2,1,VQC-circmean,0.1,9,0.417544
2,1,VQC-circmean,0.1,10,0.397137
2,1,VQC-circmean,0.1,11,0.379537
2,1,VQC-circmean,0.1,12,0.364115
2,1,VQC-circmean,0.1,13,0.350411
2,1,VQC-circmean,0.1,14,0.338132
2,1,VQC-circmean,0.1,15,0.327133
2,1,VQC-circmean,0.1,16,0.317386
2,1,VQC-circmean,0.1,17,0.308914
2,1,VQC-circmean,0.1,18,0.301725
2,1,VQC-circmean,0.1,19,0.29576
2,2,VQC-circmean,0.1,0,0.764436
2,2,VQC-circmean,0.1,1,0.728492
2,2,VQC-circmean,0.1,2,0.684316
2,2,VQC-circmean,0.1,3,0.635024
2,2,VQC-circmean,0.1,4,0.583691
2,2,VQC-circmean,0.1,5,0.534698
2,2,VQC-circmean,0.1,6,0.491096
2,2,VQC-circmean,0.1,7,0.454077
2,2,VQC-circmean,0.1,8,0.423361
2,2,VQC-circmean,0.1,9,0.397933
2,2,VQC-circmean,0.1,10,0.37662
2,2,VQC-circmean,0.1,11,0.358413
2,2,VQC-circmean,0.1,12,0.342583
2,2,VQC-circmean,0.1,13,0.328684
2,2,VQC-circmean,0.1,14,0.316483
2,2,VQC-circmean,0.1,15,0.305876
2,2,VQC-circmean,0.1,16,0.296793
2,2,VQC-circmean,0.1,17,0.289153
2,2,VQC-circmean,0.1,18,0.282854
2,2,VQC-circmean,0.1,19,0.277778
2,3,VQC-circmean,0.1,0,0.755227
2,3,VQC-circmean,0.1,1,0.722427
2,3,VQC-circmean,0.1,2,0.679931
2,3,VQC-circmean,0.1,3,0.633429
2,3,VQC-circmean,0.1,4,0.584837
2,3,VQC-circmean,0.1,5,0.537705
2,3,VQC-circmean,0.1,6,0.494959
2,3,VQC-circmean,0.1,7,0.45808
2,3,VQC-circmean,0.1,8,0.427153
2,3,VQC-circmean,0.1,9,0.40142
2,3,VQC-circmean,0.1,10,0.379829
2,3,VQC-circmean,0.1,11,0.361381
2,3,VQC-circmean,0.1,12,0.345295
2,3,VQC-circmean,0.1,13,0.331057
2,3,VQC-circmean,0.1,14,0.318405
2,3,VQC-circmean,0.1,15,0.307273
2,3,VQC-circmean,0.1,16,0.297684
2,3,VQC-circmean,0.1,17,0.289641
2,3,VQC-circmean,0.1,18,0.283072
2,3,VQC-circmean,0.1,19,0.277834
2,4,VQC-circmean,0.1,0,0.751656
2,4,VQC-circmean,0.1,1,0.71735
2,4,VQC-circmean,0.1,2,0.676433
2,4,VQC-circmean,0.1,3,0.630803
2,4,VQC-circmean,0.1,4,0.583173
2,4,VQC-circmean,0.1,5,0.537272
2,4,VQC-circmean,0.1,6,0.495916
2,4,VQC-circmean,0.1,7,0.460404
2,4,VQC-circmean,0.1,8,0.430688
2,4,VQC-circmean,0.1,9,0.405943
2,4,VQC-circmean,0.1,10,0.385101
2,4,VQC-circmean,0.1,11,0.367187
2,4,VQC-circmean,0.1,12,0.351474
2,4,VQC-circmean,0.1,13,0.337527
2,4,VQC-circmean,0.1,14,0.325168
2,4,VQC-circmean,0.1,15,0.314391
2,4,VQC-circmean,0.1,16,0.305226
2,4,VQC-circmean,0.1,17,0.297628
2,4,VQC-circmean,0.1,18,0.291461
2,4,VQC-circmean,0.1,19,0.286537
3,0,VQC-circmean,0.1,0,0.726181
3,0,VQC-circmean,0.1,1,0.659821
3,0,VQC-circmean,0.1,2,0.594971
3,0,VQC-circmean,0.1,3,0.535921
3,0,VQC-circmean,0.1,4,0.486582
3,0,VQC-circmean,0.1,5,0.447564
3,0,VQC-circmean,0.1,6,0.417445
3,0,VQC-circmean,0.1,7,0.394629
3,0,VQC-circmean,0.1,8,0.377632
3,0,VQC-circmean,0.1,9,0.365125
3,0,VQC-circmean,0.1,10,0.355981
3,0,VQC-circmean,0.1,11,0.34929
3,0,VQC-circmean,0.1,12,0.344337
3,0,VQC-circmean,0.1,13,0.340564
3,0,VQC-circmean,0.1,14,0.337534
3,0,VQC-circmean,0.1,15,0.334904
3,0,VQC-circmean,0.1,16,0.332408
3,0,VQC-circmean,0.1,17,0.329856
3,0,VQC-circmean,0.1,18,0.32713
3,0,VQC-circmean,0.1,19,0.324187
3,1,VQC-circmean,0.1,0,0.717644
3,1,VQC-circmean,0.1,1,0.648155
3,1,VQC-circmean,0.1,2,0.583484
3,1,VQC-circmean,0.1,3,0.527213
3,1,VQC-circmean,0.1,4,0.48093
3,1,VQC-circmean,0.1,5,0.444144
3,1,VQC-circmean,0.1,6,0.415598
3,1,VQC-circmean,0.1,7,0.393884
3,1,VQC-circmean,0.1,8,0.377639
3,1,VQC-circmean,0.1,9,0.365624
3,1,VQC-circmean,0.1,10,0.356772
3,1,VQC-circmean,0.1,11,0.350205
3,1,VQC-circmean,0.1,12,0.345223
3,1,VQC-circmean,0.1,13,0.341276
3,1,VQC-circmean,0.1,14,0.337933
3,1,VQC-circmean,0.1,15,0.334863
3,1,VQC-circmean,0.1,16,0.33182
3,1,VQC-circmean,0.1,17,0.328642
3,1,VQC-circmean,0.1,18,0.325244
3,1,VQC-circmean,0.1,19,0.321617
3,2,VQC-circmean,0.1,0,0.705383
3,2,VQC-circmean,0.1,1,0.64909
3,2,VQC-circmean,0.1,2,0.591242
3,2,VQC-circmean,0.1,3,0.537466
3,2,VQC-circmean,0.1,4,0.49124
3,2,VQC-circmean,0.1,5,0.453473
3,2,VQC-circmean,0.1,6,0.423683
3,2,VQC-circmean,0.1,7,0.400769
3,2,VQC-circmean,0.1,8,0.383425
3,2,VQC-circmean,0.1,9,0.370369
3,2,VQC-circmean,0.1,10,0.360467
3,2,VQC-circmean,0.1,11,0.352782
3,2,VQC-circmean,0.1,12,0.346568
3,2,VQC-circmean,0.1,13,0.341257
3,2,VQC-circmean,0.1,14,0.336431
3,2,VQC-circmean,0.1,15,0.33181
3,2,VQC-circmean,0.1,16,0.327239
3,2,VQC-circmean,0.1,17,0.322667
3,2,VQC-circmean,0.1,18,0.318127
3,2,VQC-circmean,0.1,19,0.313707
3,3,VQC-circmean,0.1,0,0.715375
3,3,VQC-circmean,0.1,1,0.657356
3,3,VQC-circmean,0.1,2,0.601024
3,3,VQC-circmean,0.1,3,0.548933
3,3,VQC-circmean,0.1,4,0.503457
3,3,VQC-circmean,0.1,5,0.465581
3,3,VQC-circmean,0.1,6,0.435037
3,3,VQC-circmean,0.1,7,0.411008
3,3,VQC-circmean,0.1,8,0.392503
3,3,VQC-circmean,0.1,9,0.3785
3,3,VQC-circmean,0.1,10,0.368039
3,3,VQC-circmean,0.1,11,0.360279
3,3,VQC-circmean,0.1,12,0.354523
3,3,VQC-circmean,0.1,13,0.350208
3,3,VQC-circmean,0.1,14,0.346884
3,3,VQC-circmean,0.1,15,0.344196
3,3,VQC-circmean,0.1,16,0.341865
3,3,VQC-circmean,0.1,17,0.339679
3,3,VQC-circmean,0.1,18,0.337487
3,3,VQC-circmean,0.1,19,0.335199
3,4,VQC-circmean,0.1,0,0.71284
3,4,VQC-circmean,0.1,1,0.652904
3,4,VQC-circmean,0.1,2,0.594182
3,4,VQC-circmean,0.1,3,0.541257
3,4,VQC-circmean,0.1,4,0.496544
3,4,VQC-circmean,0.1,5,0.460252
3,4,VQC-circmean,0.1,6,0.431605
3,4,VQC-circmean,0.1,7,0.409475
3,4,VQC-circmean,0.1,8,0.392639
3,4,VQC-circmean,0.1,9,0.379912
3,4,VQC-circmean,0.1,10,0.370239
3,4,VQC-circmean,0.1,11,0.362734
3,4,VQC-circmean,0.1,12,0.356686
3,4,VQC-circmean,0.1,13,0.351543
3,4,VQC-circmean,0.1,14,0.346894
3,4,VQC-circmean,0.1,15,0.342453
3,4,VQC-circmean,0.1,16,0.338049
3,4,VQC-circmean,0.1,17,0.333607
3,4,VQC-circmean,0.1,18,0.329141
3,4,VQC-circmean,0.1,19,0.324721
4,0,VQC-circmean,0.1,0,0.584541
4,0,VQC-circmean,0.1,1,0.552182
4,0,VQC-circmean,0.1,2,0.517703
4,0,VQC-circmean,0.1,3,0.481406
4,0,VQC-circmean,0.1,4,0.446898
4,0,VQC-circmean,0.1,5,0.417158
4,0,VQC-circmean,0.1,6,0.39279
4,0,VQC-circmean,0.1,7,0.372987
4,0,VQC-circmean,0.1,8,0.356631
4,0,VQC-circmean,0.1,9,0.342841
4,0,VQC-circmean,0.1,10,0.331134
4,0,VQC-circmean,0.1,11,0.321156
4,0,VQC-circmean,0.1,12,0.312212
4,0,VQC-circmean,0.1,13,0.302959
4,0,VQC-circmean,0.1,14,0.292297
4,0,VQC-circmean,0.1,15,0.281533
4,0,VQC-circmean,0.1,16,0.272574
4,0,VQC-circmean,0.1,17,0.265462
4,0,VQC-circmean,0.1,18,0.260033
4,0,VQC-circmean,0.1,19,0.256108
4,1,VQC-circmean,0.1,0,0.597712
4,1,VQC-circmean,0.1,1,0.561221
4,1,VQC-circmean,0.1,2,0.521502
4,1,VQC-circmean,0.1,3,0.480231
4,1,VQC-circmean,0.1,4,0.441517
4,1,VQC-circmean,0.1,5,0.407697
4,1,VQC-circmean,0.1,6,0.3793
4,1,VQC-circmean,0.1,7,0.355887
4,1,VQC-circmean,0.1,8,0.336587
4,1,VQC-circmean,0.1,9,0.320637
4,1,VQC-circmean,0.1,10,0.307426
4,1,VQC-circmean,0.1,11,0.29623
4,1,VQC-circmean,0.1,12,0.286094
4,1,VQC-circmean,0.1,13,0.276539
4,1,VQC-circmean,0.1,14,0.268377
4,1,VQC-circmean,0.1,15,0.262295
4,1,VQC-circmean,0.1,16,0.257803
4,1,VQC-circmean,0.1,17,0.254378
4,1,VQC-circmean,0.1,18,0.251852
4,1,VQC-circmean,0.1,19,0.250127
4,2,VQC-circmean,0.1,0,0.586492
4,2,VQC-circmean,0.1,1,0.552607
4,2,VQC-circmean,0.1,2,0.515374
4,2,VQC-circmean,0.1,3,0.476663
4,2,VQC-circmean,0.1,4,0.440617
4,2,VQC-circmean,0.1,5,0.409749
4,2,VQC-circmean,0.1,6,0.384017
4,2,VQC-circmean,0.1,7,0.362578
4,2,VQC-circmean,0.1,8,0.344621
4,2,VQC-circmean,0.1,9,0.329494
4,2,VQC-circmean,0.1,10,0.316715
4,2,VQC-circmean,0.1,11,0.305795
4,2,VQC-circmean,0.1,12,0.295966
4,2,VQC-circmean,0.1,13,0.286317
4,2,VQC-circmean,0.1,14,0.276989
4,2,VQC-circmean,0.1,15,0.269069
4,2,VQC-circmean,0.1,16,0.262737
4,2,VQC-circmean,0.1,17,0.257858
4,2,VQC-circmean,0.1,18,0.254233
4,2,VQC-circmean,0.1,19,0.251627
4,3,VQC-circmean,0.1,0,0.579499
4,3,VQC-circmean,0.1,1,0.549533
4,3,VQC-circmean,0.1,2,0.513547
4,3,VQC-circmean,0.1,3,0.47688
4,3,VQC-circmean,0.1,4,0.44366
4,3,VQC-circmean,0.1,5,0.414403
4,3,VQC-circmean,0.1,6,0.388999
4,3,VQC-circmean,0.1,7,0.367442
4,3,VQC-circmean,0.1,8,0.349367
4,3,VQC-circmean,0.1,9,0.334313
4,3,VQC-circmean,0.1,10,0.321872
4,3,VQC-circmean,0.1,11,0.311512
4,3,VQC-circmean,0.1,12,0.302359
4,3,VQC-circmean,0.1,13,0.293333
4,3,VQC-circmean,0.1,14,0.283956
4,3,VQC-circmean,0.1,15,0.274922
4,3,VQC-circmean,0.1,16,0.267096
4,3,VQC-circmean,0.1,17,0.260868
4,3,VQC-circmean,0.1,18,0.256326
4,3,VQC-circmean,0.1,19,0.25328
4,4,VQC-circmean,0.1,0,0.586116
4,4,VQC-circmean,0.1,1,0.542226
4,4,VQC-circmean,0.1,2,0.502068
4,4,VQC-circmean,0.1,3,0.464921
4,4,VQC-circmean,0.1,4,0.431935
4,4,VQC-circmean,0.1,5,0.403857
4,4,VQC-circmean,0.1,6,0.380741
4,4,VQC-circmean,0.1,7,0.36195
4,4,VQC-circmean,0.1,8,0.346608
4,4,VQC-circmean,0.1,9,0.334023
4,4,VQC-circmean,0.1,10,0.32373
4,4,VQC-circmean,0.1,11,0.31525
4,4,VQC-circmean,0.1,12,0.307772
4,4,VQC-circmean,0.1,13,0.300143
4,4,VQC-circmean,0.1,14,0.291733
4,4,VQC-circmean,0.1,15,0.283141
4,4,VQC-circmean,0.1,16,0.274883
4,4,VQC-circmean,0.1,17,0.267334
4,4,VQC-circmean,0.1,18,0.261111
4,4,VQC-circmean,0.1,19,0.256421
5,0,VQC-circmean,0.1,0,0.804921
5,0,VQC-circmean,0.1,1,0.780654
5,0,VQC-circmean,0.1,2,0.736341
5,0,VQC-circmean,0.1,3,0.676574
5,0,VQC-circmean,0.1,4,0.611929
5,0,VQC-circmean,0.1,5,0.554633
5,0,VQC-circmean,0.1,6,0.509282
5,0,VQC-circmean,0.1,7,0.474222
5,0,VQC-circmean,0.1,8,0.446741
5,0,VQC-circmean,0.1,9,0.424883
5,0,VQC-circmean,0.1,10,0.407463
5,0,VQC-circmean,0.1,11,0.393644
5,0,VQC-circmean,0.1,12,0.382643
5,0,VQC-circmean,0.1,13,0.373696
5,0,VQC-circmean,0.1,14,0.366149
5,0,VQC-circmean,0.1,15,0.359525
5,0,VQC-circmean,0.1,16,0.353529
5,0,VQC-circmean,0.1,17,0.348019
5,0,VQC-circmean,0.1,18,0.342965
5,0,VQC-circmean,0.1,19,0.338403
5,1,VQC-circmean,0.1,0,0.760447
5,1,VQC-circmean,0.1,1,0.730889
5,1,VQC-circmean,0.1,2,0.691683
5,1,VQC-circmean,0.1,3,0.648121
5,1,VQC-circmean,0.1,4,0.60524
5,1,VQC-circmean,0.1,5,0.566087
5,1,VQC-circmean,0.1,6,0.531837
5,1,VQC-circmean,0.1,7,0.502454
5,1,VQC-circmean,0.1,8,0.477274
5,1,VQC-circmean,0.1,9,0.455437
5,1,VQC-circmean,0.1,10,0.436141
5,1,VQC-circmean,0.1,11,0.418777
5,1,VQC-circmean,0.1,12,0.402987
5,1,VQC-circmean,0.1,13,0.38867
5,1,VQC-circmean,0.1,14,0.375921
5,1,VQC-circmean,0.1,15,0.36485
5,1,VQC-circmean,0.1,16,0.355416
5,1,VQC-circmean,0.1,17,0.347419
5,1,VQC-circmean,0.1,18,0.340627
5,1,VQC-circmean,0.1,19,0.334864
5,2,VQC-circmean,0.1,0,0.793898
5,2,VQC-circmean,0.1,1,0.774406
5,2,VQC-circmean,0.1,2,0.741206
5,2,VQC-circmean,0.1,3,0.690883
5,2,VQC-circmean,0.1,4,0.631094
5,2,VQC-circmean,0.1,5,0.574862
5,2,VQC-circmean,0.1,6,0.529395
5,2,VQC-circmean,0.1,7,0.49409
5,2,VQC-circmean,0.1,8,0.466549
5,2,VQC-circmean,0.1,9,0.444737
5,2,VQC-circmean,0.1,10,0.42718
5,2,VQC-circmean,0.1,11,0.412834
5,2,VQC-circmean,0.1,12,0.400907
5,2,VQC-circmean,0.1,13,0.390763
5,2,VQC-circmean,0.1,14,0.381899
5,2,VQC-circmean,0.1,15,0.373943
5,2,VQC-circmean,0.1,16,0.366655
5,2,VQC-circmean,0.1,17,0.359907
5,2,VQC-circmean,0.1,18,0.353656
5,2,VQC-circmean,0.1,19,0.347918
5,3,VQC-circmean,0.1,0,0.791468
5,3,VQC-circmean,0.1,1,0.768167
5,3,VQC-circmean,0.1,2,0.729095
5,3,VQC-circmean,0.1,3,0.675342
5,3,VQC-circmean,0.1,4,0.615761
5,3,VQC-circmean,0.1,5,0.560912
5,3,VQC-circmean,0.1,6,0.516009
5,3,VQC-circmean,0.1,7,0.480608
5,3,VQC-circmean,0.1,8,0.452542
5,3,VQC-circmean,0.1,9,0.429794
5,3,VQC-circmean,0.1,10,0.410951
5,3,VQC-circmean,0.1,11,0.395164
5,3,VQC-circmean,0.1,12,0.381924
5,3,VQC-circmean,0.1,13,0.37085
5,3,VQC-circmean,0.1,14,0.361574
5,3,VQC-circmean,0.1,15,0.353741
5,3,VQC-circmean,0.1,16,0.347045
5,3,VQC-circmean,0.1,17,0.341259
5,3,VQC-circmean,0.1,18,0.33624
5,3,VQC-circmean,0.1,19,0.331903
5,4,VQC-circmean,0.1,0,0.805988
5,4,VQC-circmean,0.1,1,0.786009
5,4,VQC-circmean,0.1,2,0.751684
5,4,VQC-circmean,0.1,3,0.703752
5,4,VQC-circmean,0.1,4,0.647509
5,4,VQC-circmean,0.1,5,0.592143
5,4,VQC-circmean,0.1,6,0.54512
5,4,VQC-circmean,0.1,7,0.507764
5,4,VQC-circmean,0.1,8,0.478183
5,4,VQC-circmean,0.1,9,0.454209
5,4,VQC-circmean,0.1,10,0.434336
5,4,VQC-circmean,0.1,11,0.417743
5,4,VQC-circmean,0.1,12,0.403967
5,4,VQC-circmean,0.1,13,0.392582
5,4,VQC-circmean,0.1,14,0.38308
5,4,VQC-circmean,0.1,15,0.374944
5,4,VQC-circmean,0.1,16,0.367758
5,4,VQC-circmean,0.1,17,0.361255
5,4,VQC-circmean,0.1,18,0.355302
5,4,VQC-circmean,0.1,19,0.349867
6,0,VQC-circmean,0.1,0,0.722322
6,0,VQC-circmean,0.1,1,0.689735
6,0,VQC-circmean,0.1,2,0.629578
6,0,VQC-circmean,0.1,3,0.5527
6,0,VQC-circmean,0.1,4,0.47475
6,0,VQC-circmean,0.1,5,0.40572
6,0,VQC-circmean,0.1,6,0.349576
6,0,VQC-circmean,0.1,7,0.307452
6,0,VQC-circmean,0.1,8,0.278699
6,0,VQC-circmean,0.1,9,0.261482
6,0,VQC-circmean,0.1,10,0.253473
6,0,VQC-circmean,0.1,11,0.252378
6,0,VQC-circmean,0.1,12,0.256182
6,0,VQC-circmean,0.1,13,0.263233
6,0,VQC-circmean,0.1,14,0.272229
6,0,VQC-circmean,0.1,15,0.282186
6,0,VQC-circmean,0.1,16,0.292384
6,0,VQC-circmean,0.1,17,0.302324
6,0,VQC-circmean,0.1,18,0.311689
6,0,VQC-circmean,0.1,19,0.320294
6,1,VQC-circmean,0.1,0,0.723693
6,1,VQC-circmean,0.1,1,0.688428
6,1,VQC-circmean,0.1,2,0.633228
6,1,VQC-circmean,0.1,3,0.562737
6,1,VQC-circmean,0.1,4,0.488389
6,1,VQC-circmean,0.1,5,0.419662
6,1,VQC-circmean,0.1,6,0.361389
6,1,VQC-circmean,0.1,7,0.315794
6,1,VQC-circmean,0.1,8,0.283395
6,1,VQC-circmean,0.1,9,0.263193
6,1,VQC-circmean,0.1,10,0.253104
6,1,VQC-circmean,0.1,11,0.250645
6,1,VQC-circmean,0.1,12,0.253506
6,1,VQC-circmean,0.1,13,0.259804
6,1,VQC-circmean,0.1,14,0.268108
6,1,VQC-circmean,0.1,15,0.277373
6,1,VQC-circmean,0.1,16,0.286866
6,1,VQC-circmean,0.1,17,0.2961
6,1,VQC-circmean,0.1,18,0.304769
6,1,VQC-circmean,0.1,19,0.312708
6,2,VQC-circmean,0.1,0,0.696876
6,2,VQC-circmean,0.1,1,0.663007
6,2,VQC-circmean,0.1,2,0.606903
6,2,VQC-circmean,0.1,3,0.540325
6,2,VQC-circmean,0.1,4,0.472874
6,2,VQC-circmean,0.1,5,0.410097
6,2,VQC-circmean,0.1,6,0.355659
6,2,VQC-circmean,0.1,7,0.311893
6,2,VQC-circmean,0.1,8,0.279635
6,2,VQC-circmean,0.1,9,0.25841
6,2,VQC-circmean,0.1,10,0.246806
6,2,VQC-circmean,0.1,11,0.242884
6,2,VQC-circmean,0.1,12,0.244578
6,2,VQC-circmean,0.1,13,0.250019
6,2,VQC-circmean,0.1,14,0.257701
6,2,VQC-circmean,0.1,15,0.266498
6,2,VQC-circmean,0.1,16,0.275624
6,2,VQC-circmean,0.1,17,0.284555
6,2,VQC-circmean,0.1,18,0.292969
6,2,VQC-circmean,0.1,19,0.30069
6,3,VQC-circmean,0.1,0,0.728333
6,3,VQC-circmean,0.1,1,0.689745
6,3,VQC-circmean,0.1,2,0.625634
6,3,VQC-circmean,0.1,3,0.546048
6,3,VQC-circmean,0.1,4,0.463493
6,3,VQC-circmean,0.1,5,0.387578
6,3,VQC-circmean,0.1,6,0.324058
6,3,VQC-circmean,0.1,7,0.276523
6,3,VQC-circmean,0.1,8,0.246122
6,3,VQC-circmean,0.1,9,0.23114
6,3,VQC-circmean,0.1,10,0.227857
6,3,VQC-circmean,0.1,11,0.232184
6,3,VQC-circmean,0.1,12,0.240769
6,3,VQC-circmean,0.1,13,0.25127
6,3,VQC-circmean,0.1,14,0.262209
6,3,VQC-circmean,0.1,15,0.272729
6,3,VQC-circmean,0.1,16,0.282383
6,3,VQC-circmean,0.1,17,0.290983
6,3,VQC-circmean,0.1,18,0.298491
6,3,VQC-circmean,0.1,19,0.304954
6,4,VQC-circmean,0.1,0,0.739644
6,4,VQC-circmean,0.1,1,0.707648
6,4,VQC-circmean,0.1,2,0.65068
6,4,VQC-circmean,0.1,3,0.578403
6,4,VQC-circmean,0.1,4,0.50418
6,4,VQC-circmean,0.1,5,0.43771
6,4,VQC-circmean,0.1,6,0.382738
6,4,VQC-circmean,0.1,7,0.340389
6,4,VQC-circmean,0.1,8,0.310344
6,4,VQC-circmean,0.1,9,0.291118
6,4,VQC-circmean,0.1,10,0.280622
6,4,VQC-circmean,0.1,11,0.276699
6,4,VQC-circmean,0.1,12,0.277431
6,4,VQC-circmean,0.1,13,0.281257
6,4,VQC-circmean,0.1,14,0.286979
6,4,VQC-circmean,0.1,15,0.293714
6,4,VQC-circmean,0.1,16,0.300838
6,4,VQC-circmean,0.1,17,0.307924
6,4,VQC-circmean,0.1,18,0.314697
6,4,VQC-circmean,0.1,19,0.320996
7,0,VQC-circmean,0.1,0,0.709293
7,0,VQC-circmean,0.1,1,0.600035
7,0,VQC-circmean,0.1,2,0.535828
7,0,VQC-circmean,0.1,3,0.481585
7,0,VQC-circmean,0.1,4,0.439337
7,0,VQC-circmean,0.1,5,0.407811
7,0,VQC-circmean,0.1,6,0.384856
7,0,VQC-circmean,0.1,7,0.367779
7,0,VQC-circmean,0.1,8,0.352804
7,0,VQC-circmean,0.1,9,0.336379
7,0,VQC-circmean,0.1,10,0.320135
7,0,VQC-circmean,0.1,11,0.307824
7,0,VQC-circmean,0.1,12,0.299141
7,0,VQC-circmean,0.1,13,0.292779
7,0,VQC-circmean,0.1,14,0.287949
7,0,VQC-circmean,0.1,15,0.284206
7,0,VQC-circmean,0.1,16,0.281283
7,0,VQC-circmean,0.1,17,0.279008
7,0,VQC-circmean,0.1,18,0.277258
7,0,VQC-circmean,0.1,19,0.275941
7,1,VQC-circmean,0.1,0,0.729693
7,1,VQC-circmean,0.1,1,0.61436
7,1,VQC-circmean,0.1,2,0.550909
7,1,VQC-circmean,0.1,3,0.494884
7,1,VQC-circmean,0.1,4,0.450669
7,1,VQC-circmean,0.1,5,0.417822
7,1,VQC-circmean,0.1,6,0.393651
7,1,VQC-circmean,0.1,7,0.374396
7,1,VQC-circmean,0.1,8,0.355498
7,1,VQC-circmean,0.1,9,0.335435
7,1,VQC-circmean,0.1,10,0.318868
7,1,VQC-circmean,0.1,11,0.307698
7,1,VQC-circmean,0.1,12,0.300081
7,1,VQC-circmean,0.1,13,0.294524
7,1,VQC-circmean,0.1,14,0.290269
7,1,VQC-circmean,0.1,15,0.286928
7,1,VQC-circmean,0.1,16,0.284284
7,1,VQC-circmean,0.1,17,0.282199
7,1,VQC-circmean,0.1,18,0.280573
7,1,VQC-circmean,0.1,19,0.279327
7,2,VQC-circmean,0.1,0,0.742751
7,2,VQC-circmean,0.1,1,0.644109
7,2,VQC-circmean,0.1,2,0.583533
7,2,VQC-circmean,0.1,3,0.522845
7,2,VQC-circmean,0.1,4,0.470804
7,2,VQC-circmean,0.1,5,0.429802
7,2,VQC-circmean,0.1,6,0.398455
7,2,VQC-circmean,0.1,7,0.374739
7,2,VQC-circmean,0.1,8,0.356264
7,2,VQC-circmean,0.1,9,0.339734
7,2,VQC-circmean,0.1,10,0.323265
7,2,VQC-circmean,0.1,11,0.309766
7,2,VQC-circmean,0.1,12,0.300474
7,2,VQC-circmean,0.1,13,0.294021
7,2,VQC-circmean,0.1,14,0.289366
7,2,VQC-circmean,0.1,15,0.285945
7,2,VQC-circmean,0.1,16,0.283434
7,2,VQC-circmean,0.1,17,0.281623
7,2,VQC-circmean,0.1,18,0.280368
7,2,VQC-circmean,0.1,19,0.279556
7,3,VQC-circmean,0.1,0,0.684516
7,3,VQC-circmean,0.1,1,0.608173
7,3,VQC-circmean,0.1,2,0.540994
7,3,VQC-circmean,0.1,3,0.480611
7,3,VQC-circmean,0.1,4,0.432789
7,3,VQC-circmean,0.1,5,0.396654
7,3,VQC-circmean,0.1,6,0.369515
7,3,VQC-circmean,0.1,7,0.348892
7,3,VQC-circmean,0.1,8,0.332071
7,3,VQC-circmean,0.1,9,0.315861
7,3,VQC-circmean,0.1,10,0.301035
7,3,VQC-circmean,0.1,11,0.290909
7,3,VQC-circmean,0.1,12,0.284003
7,3,VQC-circmean,0.1,13,0.278819
7,3,VQC-circmean,0.1,14,0.274816
7,3,VQC-circmean,0.1,15,0.271718
7,3,VQC-circmean,0.1,16,0.269335
7,3,VQC-circmean,0.1,17,0.267523
7,3,VQC-circmean,0.1,18,0.266169
7,3,VQC-circmean,0.1,19,0.26518
7,4,VQC-circmean,0.1,0,0.726003
7,4,VQC-circmean,0.1,1,0.618228
7,4,VQC-circmean,0.1,2,0.554216
7,4,VQC-circmean,0.1,3,0.4964
7,4,VQC-circmean,0.1,4,0.449785
7,4,VQC-circmean,0.1,5,0.414195
7,4,VQC-circmean,0.1,6,0.387533
7,4,VQC-circmean,0.1,7,0.366999
7,4,VQC-circmean,0.1,8,0.348869
7,4,VQC-circmean,0.1,9,0.329829
7,4,VQC-circmean,0.1,10,0.311551
7,4,VQC-circmean,0.1,11,0.297764
7,4,VQC-circmean,0.1,12,0.288199
7,4,VQC-circmean,0.1,13,0.281409
7,4,VQC-circmean,0.1,14,0.276487
7,4,VQC-circmean,0.1,15,0.272904
7,4,VQC-circmean,0.1,16,0.270322
7,4,VQC-circmean,0.1,17,0.268504
7,4,VQC-circmean,0.1,18,0.267278
7,4,VQC-circmean,0.1,19,0.266507
8,0,VQC-circmean,0.1,0,0.599824
8,0,VQC-circmean,0.1,1,0.578998
8,0,VQC-circmean,0.1,2,0.552573
8,0,VQC-circmean,0.1,3,0.522638
8,0,VQC-circmean,0.1,4,0.49138
8,0,VQC-circmean,0.1,5,0.460951
8,0,VQC-circmean,0.1,6,0.432989
8,0,VQC-circmean,0.1,7,0.408346
8,0,VQC-circmean,0.1,8,0.387191
8,0,VQC-circmean,0.1,9,0.369241
8,0,VQC-circmean,0.1,10,0.353987
8,0,VQC-circmean,0.1,11,0.340866
8,0,VQC-circmean,0.1,12,0.329367
8,0,VQC-circmean,0.1,13,0.319085
8,0,VQC-circmean,0.1,14,0.309734
8,0,VQC-circmean,0.1,15,0.301135
8,0,VQC-circmean,0.1,16,0.293185
8,0,VQC-circmean,0.1,17,0.285832
8,0,VQC-circmean,0.1,18,0.279044
8,0,VQC-circmean,0.1,19,0.272806
8,1,VQC-circmean,0.1,0,0.581454
8,1,VQC-circmean,0.1,1,0.560329
8,1,VQC-circmean,0.1,2,0.536403
8,1,VQC-circmean,0.1,3,0.510663
8,1,VQC-circmean,0.1,4,0.484296
8,1,VQC-circmean,0.1,5,0.458577
8,1,VQC-circmean,0.1,6,0.434569
8,1,VQC-circmean,0.1,7,0.412923
8,1,VQC-circmean,0.1,8,0.393841
8,1,VQC-circmean,0.1,9,0.377189
8,1,VQC-circmean,0.1,10,0.36265
8,1,VQC-circmean,0.1,11,0.34986
8,1,VQC-circmean,0.1,12,0.338492
8,1,VQC-circmean,0.1,13,0.328293
8,1,VQC-circmean,0.1,14,0.319082
8,1,VQC-circmean,0.1,15,0.310724
8,1,VQC-circmean,0.1,16,0.303083
8,1,VQC-circmean,0.1,17,0.295998
8,1,VQC-circmean,0.1,18,0.289336
8,1,VQC-circmean,0.1,19,0.283096
8,2,VQC-circmean,0.1,0,0.589446
8,2,VQC-circmean,0.1,1,0.566183
8,2,VQC-circmean,0.1,2,0.539031
8,2,VQC-circmean,0.1,3,0.509414
8,2,VQC-circmean,0.1,4,0.479162
8,2,VQC-circmean,0.1,5,0.450077
8,2,VQC-circmean,0.1,6,0.423434
8,2,VQC-circmean,0.1,7,0.399811
8,2,VQC-circmean,0.1,8,0.379219
8,2,VQC-circmean,0.1,9,0.36132
8,2,VQC-circmean,0.1,10,0.345645
8,2,VQC-circmean,0.1,11,0.33175
8,2,VQC-circmean,0.1,12,0.319297
8,2,VQC-circmean,0.1,13,0.30809
8,2,VQC-circmean,0.1,14,0.298048
8,2,VQC-circmean,0.1,15,0.289144
8,2,VQC-circmean,0.1,16,0.281314
8,2,VQC-circmean,0.1,17,0.274429
8,2,VQC-circmean,0.1,18,0.26835
8,2,VQC-circmean,0.1,19,0.263008
8,3,VQC-circmean,0.1,0,0.578038
8,3,VQC-circmean,0.1,1,0.556526
8,3,VQC-circmean,0.1,2,0.532427
8,3,VQC-circmean,0.1,3,0.50665
8,3,VQC-circmean,0.1,4,0.480289
8,3,VQC-circmean,0.1,5,0.454526
8,3,VQC-circmean,0.1,6,0.430348
8,3,VQC-circmean,0.1,7,0.408367
8,3,VQC-circmean,0.1,8,0.388773
8,3,VQC-circmean,0.1,9,0.371429
8,3,VQC-circmean,0.1,10,0.356042
8,3,VQC-circmean,0.1,11,0.342311
8,3,VQC-circmean,0.1,12,0.330009
8,3,VQC-circmean,0.1,13,0.319018
8,3,VQC-circmean,0.1,14,0.309326
8,3,VQC-circmean,0.1,15,0.300973
8,3,VQC-circmean,0.1,16,0.293878
8,3,VQC-circmean,0.1,17,0.287696
8,3,VQC-circmean,0.1,18,0.281942
8,3,VQC-circmean,0.1,19,0.276322
8,4,VQC-circmean,0.1,0,0.596385
8,4,VQC-circmean,0.1,1,0.572038
8,4,VQC-circmean,0.1,2,0.54489
8,4,VQC-circmean,0.1,3,0.51568
8,4,VQC-circmean,0.1,4,0.486153
8,4,VQC-circmean,0.1,5,0.457923
8,4,VQC-circmean,0.1,6,0.432126
8,4,VQC-circmean,0.1,7,0.409328
8,4,VQC-circmean,0.1,8,0.38959
8,4,VQC-circmean,0.1,9,0.372614
8,4,VQC-circmean,0.1,10,0.357925
8,4,VQC-circmean,0.1,11,0.345024
8,4,VQC-circmean,0.1,12,0.33349
8,4,VQC-circmean,0.1,13,0.323035
8,4,VQC-circmean,0.1,14,0.313501
8,4,VQC-circmean,0.1,15,0.30481
8,4,VQC-circmean,0.1,16,0.296892
8,4,VQC-circmean,0.1,17,0.289631
8,4,VQC-circmean,0.1,18,0.282885
8,4,VQC-circmean,0.1,19,0.276569
9,0,VQC-circmean,0.1,0,0.68015
9,0,VQC-circmean,0.1,1,0.639018
9,0,VQC-circmean,0.1,2,0.590993
9,0,VQC-circmean,0.1,3,0.537582
9,0,VQC-circmean,0.1,4,0.485415
9,0,VQC-circmean,0.1,5,0.439417
9,0,VQC-circmean,0.1,6,0.401819
9,0,VQC-circmean,0.1,7,0.372595
9,0,VQC-circmean,0.1,8,0.350547
9,0,VQC-circmean,0.1,9,0.334154
9,0,VQC-circmean,0.1,10,0.321996
9,0,VQC-circmean,0.1,11,0.312897
9,0,VQC-circmean,0.1,12,0.30593
9,0,VQC-circmean,0.1,13,0.300385
9,0,VQC-circmean,0.1,14,0.29572
9,0,VQC-circmean,0.1,15,0.291538
9,0,VQC-circmean,0.1,16,0.287564
9,0,VQC-circmean,0.1,17,0.28363
9,0,VQC-circmean,0.1,18,0.279665
9,0,VQC-circmean,0.1,19,0.275679
9,1,VQC-circmean,0.1,0,0.706342
9,1,VQC-circmean,0.1,1,0.667053
9,1,VQC-circmean,0.1,2,0.618611
9,1,VQC-circmean,0.1,3,0.56326
9,1,VQC-circmean,0.1,4,0.508562
9,1,VQC-circmean,0.1,5,0.459813
9,1,VQC-circmean,0.1,6,0.419581
9,1,VQC-circmean,0.1,7,0.387981
9,1,VQC-circmean,0.1,8,0.36374
9,1,VQC-circmean,0.1,9,0.345166
9,1,VQC-circmean,0.1,10,0.330688
9,1,VQC-circmean,0.1,11,0.319034
9,1,VQC-circmean,0.1,12,0.309248
9,1,VQC-circmean,0.1,13,0.300656
9,1,VQC-circmean,0.1,14,0.29282
9,1,VQC-circmean,0.1,15,0.285496
9,1,VQC-circmean,0.1,16,0.278587
9,1,VQC-circmean,0.1,17,0.272099
9,1,VQC-circmean,0.1,18,0.26609
9,1,VQC-circmean,0.1,19,0.26063
9,2,VQC-circmean,0.1,0,0.679229
9,2,VQC-circmean,0.1,1,0.640516
9,2,VQC-circmean,0.1,2,0.585202
9,2,VQC-circmean,0.1,3,0.526069
9,2,VQC-circmean,0.1,4,0.47212
9,2,VQC-circmean,0.1,5,0.427582
9,2,VQC-circmean,0.1,6,0.392924
9,2,VQC-circmean,0.1,7,0.36649
9,2,VQC-circmean,0.1,8,0.346071
9,2,VQC-circmean,0.1,9,0.329774
9,2,VQC-circmean,0.1,10,0.316268
9,2,VQC-circmean,0.1,11,0.304718
9,2,VQC-circmean,0.1,12,0.294645
9,2,VQC-circmean,0.1,13,0.285788
9,2,VQC-circmean,0.1,14,0.278006
9,2,VQC-circmean,0.1,15,0.271218
9,2,VQC-circmean,0.1,16,0.265364
9,2,VQC-circmean,0.1,17,0.260392
9,2,VQC-circmean,0.1,18,0.256252
9,2,VQC-circmean,0.1,19,0.252889
9,3,VQC-circmean,0.1,0,0.683234
9,3,VQC-circmean,0.1,1,0.636033
9,3,VQC-circmean,0.1,2,0.579235
9,3,VQC-circmean,0.1,3,0.5203
9,3,VQC-circmean,0.1,4,0.467578
9,3,VQC-circmean,0.1,5,0.424768
9,3,VQC-circmean,0.1,6,0.391972
9,3,VQC-circmean,0.1,7,0.367412
9,3,VQC-circmean,0.1,8,0.348869
9,3,VQC-circmean,0.1,9,0.334411
9,3,VQC-circmean,0.1,10,0.32261
9,3,VQC-circmean,0.1,11,0.312512
9,3,VQC-circmean,0.1,12,0.303543
9,3,VQC-circmean,0.1,13,0.295404
9,3,VQC-circmean,0.1,14,0.287981
9,3,VQC-circmean,0.1,15,0.281268
9,3,VQC-circmean,0.1,16,0.275305
9,3,VQC-circmean,0.1,17,0.270134
9,3,VQC-circmean,0.1,18,0.265772
9,3,VQC-circmean,0.1,19,0.262207
9,4,VQC-circmean,0.1,0,0.695234
9,4,VQC-circmean,0.1,1,0.652134
9,4,VQC-circmean,0.1,2,0.607017
9,4,VQC-circmean,0.1,3,0.557754
9,4,VQC-circmean,0.1,4,0.509155
9,4,VQC-circmean,0.1,5,0.465522
9,4,VQC-circmean,0.1,6,0.429148
9,4,VQC-circmean,0.1,7,0.400268
9,4,VQC-circmean,0.1,8,0.377899
9,4,VQC-circmean,0.1,9,0.360655
9,4,VQC-circmean,0.1,10,0.347213
9,4,VQC-circmean,0.1,11,0.336479
9,4,VQC-circmean,0.1,12,0.327617
9,4,VQC-circmean,0.1,13,0.320018
9,4,VQC-circmean,0.1,14,0.313262
9,4,VQC-circmean,0.1,15,0.307086
9,4,VQC-circmean,0.1,16,0.301345
9,4,VQC-circmean,0.1,17,0.295982
9,4,VQC-circmean,0.1,18,0.290996
9,4,VQC-circmean,0.1,19,0.286416
0,0,VQC-circmean,0.5,0,0.501173
0,0,VQC-circmean,0.5,1,0.483119
0,0,VQC-circmean,0.5,2,0.446798
0,0,VQC-circmean,0.5,3,0.402808
0,0,VQC-circmean,0.5,4,0.360844
0,0,VQC-circmean,0.5,5,0.325175
0,0,VQC-circmean,0.5,6,0.296409
0,0,VQC-circmean,0.5,7,0.273746
0,0,VQC-circmean,0.5,8,0.256146
0,0,VQC-circmean,0.5,9,0.24267
0,0,VQC-circmean,0.5,10,0.2325
0,0,VQC-circmean,0.5,11,0.224929
0,0,VQC-circmean,0.5,12,0.21936
0,0,VQC-circmean,0.5,13,0.215307
0,0,VQC-circmean,0.5,14,0.212391
0,0,VQC-circmean,0.5,15,0.210326
0,0,VQC-circmean,0.5,16,0.208903
0,0,VQC-circmean,0.5,17,0.207967
0,0,VQC-circmean,0.5,18,0.207412
0,0,VQC-circmean,0.5,19,0.207162
0,1,VQC-circmean,0.5,0,0.455143
0,1,VQC-circmean,0.5,1,0.443419
0,1,VQC-circmean,0.5,2,0.410954
0,1,VQC-circmean,0.5,3,0.367292
0,1,VQC-circmean,0.5,4,0.323989
0,1,VQC-circmean,0.5,5,0.286407
0,1,VQC-circmean,0.5,6,0.255655
0,1,VQC-circmean,0.5,7,0.231306
0,1,VQC-circmean,0.5,8,0.21255
0,1,VQC-circmean,0.5,9,0.198483
0,1,VQC-circmean,0.5,10,0.188191
0,1,VQC-circmean,0.5,11,0.180829
0,1,VQC-circmean,0.5,12,0.175675
0,1,VQC-circmean,0.5,13,0.172161
0,1,VQC-circmean,0.5,14,0.169864
0,1,VQC-circmean,0.5,15,0.168489
0,1,VQC-circmean,0.5,16,0.167843
0,1,VQC-circmean,0.5,17,0.167813
0,1,VQC-circmean,0.5,18,0.168344
0,1,VQC-circmean,0.5,19,0.169425
0,2,VQC-circmean,0.5,0,0.456322
0,2,VQC-circmean,0.5,1,0.439017
0,2,VQC-circmean,0.5,2,0.406044
0,2,VQC-circmean,0.5,3,0.367691
0,2,VQC-circmean,0.5,4,0.330665
0,2,VQC-circmean,0.5,5,0.297889
0,2,VQC-circmean,0.5,6,0.270234
0,2,VQC-circmean,0.5,7,0.247671
0,2,VQC-circmean,0.5,8,0.229797
0,2,VQC-circmean,0.5,9,0.216029
0,2,VQC-circmean,0.5,10,0.205689
0,2,VQC-circmean,0.5,11,0.198089
0,2,VQC-circmean,0.5,12,0.192593
0,2,VQC-circmean,0.5,13,0.188664
0,2,VQC-circmean,0.5,14,0.185874
0,2,VQC-circmean,0.5,15,0.183902
0,2,VQC-circmean,0.5,16,0.182511
0,2,VQC-circmean,0.5,17,0.181532
0,2,VQC-circmean,0.5,18,0.180844
0,2,VQC-circmean,0.5,19,0.180365
0,3,VQC-circmean,0.5,0,0.470477
0,3,VQC-circmean,0.5,1,0.440991
0,3,VQC-circmean,0.5,2,0.396449
0,3,VQC-circmean,0.5,3,0.351203
0,3,VQC-circmean,0.5,4,0.312297
0,3,VQC-circmean,0.5,5,0.281305
0,3,VQC-circmean,0.5,6,0.257643
0,3,VQC-circmean,0.5,7,0.240135
0,3,VQC-circmean,0.5,8,0.22754
0,3,VQC-circmean,0.5,9,0.218713
0,3,VQC-circmean,0.5,10,0.212686
0,3,VQC-circmean,0.5,11,0.208689
0,3,VQC-circmean,0.5,12,0.206146
0,3,VQC-circmean,0.5,13,0.204649
0,3,VQC-circmean,0.5,14,0.203914
0,3,VQC-circmean,0.5,15,0.203761
0,3,VQC-circmean,0.5,16,0.204075
0,3,VQC-circmean,0.5,17,0.204798
0,3,VQC-circmean,0.5,18,0.205901
0,3,VQC-circmean,0.5,19,0.207381
0,4,VQC-circmean,0.5,0,0.439372
0,4,VQC-circmean,0.5,1,0.422166
0,4,VQC-circmean,0.5,2,0.390191
0,4,VQC-circmean,0.5,3,0.351071
0,4,VQC-circmean,0.5,4,0.313122
0,4,VQC-circmean,0.5,5,0.280719
0,4,VQC-circmean,0.5,6,0.2548
0,4,VQC-circmean,0.5,7,0.234848
0,4,VQC-circmean,0.5,8,0.219952
0,4,VQC-circmean,0.5,9,0.209155
0,4,VQC-circmean,0.5,10,0.20157
0,4,VQC-circmean,0.5,11,0.196429
0,4,VQC-circmean,0.5,12,0.193118
0,4,VQC-circmean,0.5,13,0.191174
0,4,VQC-circmean,0.5,14,0.190267
0,4,VQC-circmean,0.5,15,0.190182
0,4,VQC-circmean,0.5,16,0.190787
0,4,VQC-circmean,0.5,17,0.19201
0,4,VQC-circmean,0.5,18,0.19382
0,4,VQC-circmean,0.5,19,0.196204
1,0,VQC-circmean,0.5,0,0.473931
1,0,VQC-circmean,0.5,1,0.447076
1,0,VQC-circmean,0.5,2,0.409922
1,0,VQC-circmean,0.5,3,0.36862
1,0,VQC-circmean,0.5,4,0.330005
1,0,VQC-circmean,0.5,5,0.29756
1,0,VQC-circmean,0.5,6,0.271984
1,0,VQC-circmean,0.5,7,0.252428
1,0,VQC-circmean,0.5,8,0.237492
1,0,VQC-circmean,0.5,9,0.225878
1,0,VQC-circmean,0.5,10,0.216617
1,0,VQC-circmean,0.5,11,0.209069
1,0,VQC-circmean,0.5,12,0.202832
1,0,VQC-circmean,0.5,13,0.19766
1,0,VQC-circmean,0.5,14,0.193402
1,0,VQC-circmean,0.5,15,0.189958
1,0,VQC-circmean,0.5,16,0.187249
1,0,VQC-circmean,0.5,17,0.185198
1,0,VQC-circmean,0.5,18,0.183724
1,0,VQC-circmean,0.5,19,0.182741
1,1,VQC-circmean,0.5,0,0.486264
1,1,VQC-circmean,0.5,1,0.457224
1,1,VQC-circmean,0.5,2,0.420212
1,1,VQC-circmean,0.5,3,0.382654
1,1,VQC-circmean,0.5,4,0.347331
1,1,VQC-circmean,0.5,5,0.316575
1,1,VQC-circmean,0.5,6,0.291334
1,1,VQC-circmean,0.5,7,0.271285
1,1,VQC-circmean,0.5,8,0.255435
1,1,VQC-circmean,0.5,9,0.242698
1,1,VQC-circmean,0.5,10,0.232209
1,1,VQC-circmean,0.5,11,0.223418
1,1,VQC-circmean,0.5,12,0.216067
1,1,VQC-circmean,0.5,13,0.210076
1,1,VQC-circmean,0.5,14,0.205383
1,1,VQC-circmean,0.5,15,0.201853
1,1,VQC-circmean,0.5,16,0.199282
1,1,VQC-circmean,0.5,17,0.197458
1,1,VQC-circmean,0.5,18,0.196201
1,1,VQC-circmean,0.5,19,0.19538
1,2,VQC-circmean,0.5,0,0.468131
1,2,VQC-circmean,0.5,1,0.44912
1,2,VQC-circmean,0.5,2,0.418405
1,2,VQC-circmean,0.5,3,0.385037
1,2,VQC-circmean,0.5,4,0.351922
1,2,VQC-circmean,0.5,5,0.321972
1,2,VQC-circmean,0.5,6,0.296675
1,2,VQC-circmean,0.5,7,0.276221
1,2,VQC-circmean,0.5,8,0.260072
1,2,VQC-circmean,0.5,9,0.247449
1,2,VQC-circmean,0.5,10,0.237607
1,2,VQC-circmean,0.5,11,0.229917
1,2,VQC-circmean,0.5,12,0.223862
1,2,VQC-circmean,0.5,13,0.219039
1,2,VQC-circmean,0.5,14,0.215163
1,2,VQC-circmean,0.5,15,0.212056
1,2,VQC-circmean,0.5,16,0.209605
1,2,VQC-circmean,0.5,17,0.20772
1,2,VQC-circmean,0.5,18,0.206318
1,2,VQC-circmean,0.5,19,0.205318
1,3,VQC-circmean,0.5,0,0.480812
1,3,VQC-circmean,0.5,1,0.451551
1,3,VQC-circmean,0.5,2,0.41009
1,3,VQC-circmean,0.5,3,0.369323
1,3,VQC-circmean,0.5,4,0.332788
1,3,VQC-circmean,0.5,5,0.302398
1,3,VQC-circmean,0.5,6,0.27833
1,3,VQC-circmean,0.5,7,0.259615
1,3,VQC-circmean,0.5,8,0.244963
1,3,VQC-circmean,0.5,9,0.233277
1,3,VQC-circmean,0.5,10,0.223815
1,3,VQC-circmean,0.5,11,0.216131
1,3,VQC-circmean,0.5,12,0.209968
1,3,VQC-circmean,0.5,13,0.205146
1,3,VQC-circmean,0.5,14,0.201495
1,3,VQC-circmean,0.5,15,0.198829
1,3,VQC-circmean,0.5,16,0.196956
1,3,VQC-circmean,0.5,17,0.195698
1,3,VQC-circmean,0.5,18,0.194911
1,3,VQC-circmean,0.5,19,0.194486
1,4,VQC-circmean,0.5,0,0.484647
1,4,VQC-circmean,0.5,1,0.456818
1,4,VQC-circmean,0.5,2,0.417679
1,4,VQC-circmean,0.5,3,0.379879
1,4,VQC-circmean,0.5,4,0.346126
1,4,VQC-circmean,0.5,5,0.317171
1,4,VQC-circmean,0.5,6,0.293151
1,4,VQC-circmean,0.5,7,0.273669
1,4,VQC-circmean,0.5,8,0.257945
1,4,VQC-circmean,0.5,9,0.24511
1,4,VQC-circmean,0.5,10,0.234439
1,4,VQC-circmean,0.5,11,0.225441
1,4,VQC-circmean,0.5,12,0.217865
1,4,VQC-circmean,0.5,13,0.211619
1,4,VQC-circmean,0.5,14,0.206647
1,4,VQC-circmean,0.5,15,0.202845
1,4,VQC-circmean,0.5,16,0.20005
1,4,VQC-circmean,0.5,17,0.198069
1,4,VQC-circmean,0.5,18,0.196728
1,4,VQC-circmean,0.5,19,0.195884
2,0,VQC-circmean,0.5,0,0.665061
2,0,VQC-circmean,0.5,1,0.622088
2,0,VQC-circmean,0.5,2,0.573322
2,0,VQC-circmean,0.5,3,0.520573
2,0,VQC-circmean,0.5,4,0.46982
2,0,VQC-circmean,0.5,5,0.425321
2,0,VQC-circmean,0.5,6,0.388533
2,0,VQC-circmean,0.5,7,0.359048
2,0,VQC-circmean,0.5,8,0.335634
2,0,VQC-circmean,0.5,9,0.31692
2,0,VQC-circmean,0.5,10,0.301717
2,0,VQC-circmean,0.5,11,0.289103
2,0,VQC-circmean,0.5,12,0.278415
2,0,VQC-circmean,0.5,13,0.269219
2,0,VQC-circmean,0.5,14,0.261259
2,0,VQC-circmean,0.5,15,0.254408
2,0,VQC-circmean,0.5,16,0.248614
2,0,VQC-circmean,0.5,17,0.243847
2,0,VQC-circmean,0.5,18,0.240068
2,0,VQC-circmean,0.5,19,0.237207
2,1,VQC-circmean,0.5,0,0.669215
2,1,VQC-circmean,0.5,1,0.633193
2,1,VQC-circmean,0.5,2,0.588771
2,1,VQC-circmean,0.5,3,0.541619
2,1,VQC-circmean,0.5,4,0.495599
2,1,VQC-circmean,0.5,5,0.453844
2,1,VQC-circmean,0.5,6,0.417965
2,1,VQC-circmean,0.5,7,0.388162
2,1,VQC-circmean,0.5,8,0.363715
2,1,VQC-circmean,0.5,9,0.343554
2,1,VQC-circmean,0.5,10,0.326648
2,1,VQC-circmean,0.5,11,0.312178
2,1,VQC-circmean,0.5,12,0.299571
2,1,VQC-circmean,0.5,13,0.288469
2,1,VQC-circmean,0.5,14,0.278676
2,1,VQC-circmean,0.5,15,0.270103
2,1,VQC-circmean,0.5,16,0.262712
2,1,VQC-circmean,0.5,17,0.256469
2,1,VQC-circmean,0.5,18,0.25131
2,1,VQC-circmean,0.5,19,0.247139
2,2,VQC-circmean,0.5,0,0.661497
2,2,VQC-circmean,0.5,1,0.622849
2,2,VQC-circmean,0.5,2,0.574747
2,2,VQC-circmean,0.5,3,0.522001
2,2,VQC-circmean,0.5,4,0.471093
2,2,VQC-circmean,0.5,5,0.426544
2,2,VQC-circmean,0.5,6,0.389971
2,2,VQC-circmean,0.5,7,0.360988
2,2,VQC-circmean,0.5,8,0.338278
2,2,VQC-circmean,0.5,9,0.320336
2,2,VQC-circmean,0.5,10,0.305845
2,2,VQC-circmean,0.5,11,0.293797
2,2,VQC-circmean,0.5,12,0.283494
2,2,VQC-circmean,0.5,13,0.274503
2,2,VQC-circmean,0.5,14,0.266594
2,2,VQC-circmean,0.5,15,0.25967
2,2,VQC-circmean,0.5,16,0.253696
2,2,VQC-circmean,0.5,17,0.248655
2,2,VQC-circmean,0.5,18,0.244515
2,2,VQC-circmean,0.5,19,0.241222
2,3,VQC-circmean,0.5,0,0.665852
2,3,VQC-circmean,0.5,1,0.628214
2,3,VQC-circmean,0.5,2,0.582454
2,3,VQC-circmean,0.5,3,0.532576
2,3,VQC-circmean,0.5,4,0.483025
2,3,VQC-circmean,0.5,5,0.438118
2,3,VQC-circmean,0.5,6,0.399985
2,3,VQC-circmean,0.5,7,0.36884
2,3,VQC-circmean,0.5,8,0.343829
2,3,VQC-circmean,0.5,9,0.323748
2,3,VQC-circmean,0.5,10,0.307447
2,3,VQC-circmean,0.5,11,0.293984
2,3,VQC-circmean,0.5,12,0.282649
2,3,VQC-circmean,0.5,13,0.272942
2,3,VQC-circmean,0.5,14,0.26454
2,3,VQC-circmean,0.5,15,0.257254
2,3,VQC-circmean,0.5,16,0.250985
2,3,VQC-circmean,0.5,17,0.245683
2,3,VQC-circmean,0.5,18,0.241311
2,3,VQC-circmean,0.5,19,0.237823
2,4,VQC-circmean,0.5,0,0.66358
2,4,VQC-circmean,0.5,1,0.624428
2,4,VQC-circmean,0.5,2,0.578374
2,4,VQC-circmean,0.5,3,0.528753
2,4,VQC-circmean,0.5,4,0.480519
2,4,VQC-circmean,0.5,5,0.437615
2,4,VQC-circmean,0.5,6,0.4017
2,4,VQC-circmean,0.5,7,0.372661
2,4,VQC-circmean,0.5,8,0.349462
2,4,VQC-circmean,0.5,9,0.330822
2,4,VQC-circmean,0.5,10,0.315586
2,4,VQC-circmean,0.5,11,0.302855
2,4,VQC-circmean,0.5,12,0.292002
2,4,VQC-circmean,0.5,13,0.282626
2,4,VQC-circmean,0.5,14,0.274503
2,4,VQC-circmean,0.5,15,0.267522
2,4,VQC-circmean,0.5,16,0.261623
2,4,VQC-circmean,0.5,17,0.256755
2,4,VQC-circmean,0.5,18,0.252846
2,4,VQC-circmean,0.5,19,0.249802
3,0,VQC-circmean,0.5,0,0.539485
3,0,VQC-circmean,0.5,1,0.466929
3,0,VQC-circmean,0.5,2,0.406253
3,0,VQC-circmean,0.5,3,0.357219
3,0,VQC-circmean,0.5,4,0.319539
3,0,VQC-circmean,0.5,5,0.291464
3,0,VQC-circmean,0.5,6,0.27103
3,0,VQC-circmean,0.5,7,0.256464
3,0,VQC-circmean,0.5,8,0.246274
3,0,VQC-circmean,0.5,9,0.239268
3,0,VQC-circmean,0.5,10,0.234539
3,0,VQC-circmean,0.5,11,0.231416
3,0,VQC-circmean,0.5,12,0.229404
3,0,VQC-circmean,0.5,13,0.228137
3,0,VQC-circmean,0.5,14,0.22733
3,0,VQC-circmean,0.5,15,0.226754
3,0,VQC-circmean,0.5,16,0.226221
3,0,VQC-circmean,0.5,17,0.225575
3,0,VQC-circmean,0.5,18,0.224702
3,0,VQC-circmean,0.5,19,0.223534
3,1,VQC-circmean,0.5,0,0.508161
3,1,VQC-circmean,0.5,1,0.439299
3,1,VQC-circmean,0.5,2,0.381379
3,1,VQC-circmean,0.5,3,0.335061
3,1,VQC-circmean,0.5,4,0.299371
3,1,VQC-circmean,0.5,5,0.272624
3,1,VQC-circmean,0.5,6,0.253151
3,1,VQC-circmean,0.5,7,0.239361
3,1,VQC-circmean,0.5,8,0.229818
3,1,VQC-circmean,0.5,9,0.223339
3,1,VQC-circmean,0.5,10,0.219014
3,1,VQC-circmean,0.5,11,0.216178
3,1,VQC-circmean,0.5,12,0.214346
3,1,VQC-circmean,0.5,13,0.213164
3,1,VQC-circmean,0.5,14,0.212362
3,1,VQC-circmean,0.5,15,0.211728
3,1,VQC-circmean,0.5,16,0.211092
3,1,VQC-circmean,0.5,17,0.210323
3,1,VQC-circmean,0.5,18,0.209331
3,1,VQC-circmean,0.5,19,0.208075
3,2,VQC-circmean,0.5,0,0.490172
3,2,VQC-circmean,0.5,1,0.442604
3,2,VQC-circmean,0.5,2,0.39277
3,2,VQC-circmean,0.5,3,0.348805
3,2,VQC-circmean,0.5,4,0.313321
3,2,VQC-circmean,0.5,5,0.286052
3,2,VQC-circmean,0.5,6,0.265842
3,2,VQC-circmean,0.5,7,0.251289
3,2,VQC-circmean,0.5,8,0.24101
3,2,VQC-circmean,0.5,9,0.233811
3,2,VQC-circmean,0.5,10,0.228744
3,2,VQC-circmean,0.5,11,0.225091
3,2,VQC-circmean,0.5,12,0.222324
3,2,VQC-circmean,0.5,13,0.220057
3,2,VQC-circmean,0.5,14,0.218022
3,2,VQC-circmean,0.5,15,0.216042
3,2,VQC-circmean,0.5,16,0.214023
3,2,VQC-circmean,0.5,17,0.211945
3,2,VQC-circmean,0.5,18,0.209846
3,2,VQC-circmean,0.5,19,0.207801
3,3,VQC-circmean,0.5,0,0.524494
3,3,VQC-circmean,0.5,1,0.46196
3,3,VQC-circmean,0.5,2,0.408463
3,3,VQC-circmean,0.5,3,0.363307
3,3,VQC-circmean,0.5,4,0.326358
3,3,VQC-circmean,0.5,5,0.297014
3,3,VQC-circmean,0.5,6,0.274439
3,3,VQC-circmean,0.5,7,0.257603
3,3,VQC-circmean,0.5,8,0.24538
3,3,VQC-circmean,0.5,9,0.236694
3,3,VQC-circmean,0.5,10,0.230632
3,3,VQC-circmean,0.5,11,0.226473
3,3,VQC-circmean,0.5,12,0.223671
3,3,VQC-circmean,0.5,13,0.221817
3,3,VQC-circmean,0.5,14,0.220605
3,3,VQC-circmean,0.5,15,0.2198
3,3,VQC-circmean,0.5,16,0.219214
3,3,VQC-circmean,0.5,17,0.218696
3,3,VQC-circmean,0.5,18,0.218126
3,3,VQC-circmean,0.5,19,0.217417
3,4,VQC-circmean,0.5,0,0.519329
3,4,VQC-circmean,0.5,1,0.459021
3,4,VQC-circmean,0.5,2,0.405151
3,4,VQC-circmean,0.5,3,0.360579
3,4,VQC-circmean,0.5,4,0.325174
3,4,VQC-circmean,0.5,5,0.29782
3,4,VQC-circmean,0.5,6,0.277286
3,4,VQC-circmean,0.5,7,0.262296
3,4,VQC-circmean,0.5,8,0.251584
3,4,VQC-circmean,0.5,9,0.24402
3,4,VQC-circmean,0.5,10,0.238678
3,4,VQC-circmean,0.5,11,0.234838
3,4,VQC-circmean,0.5,12,0.231957
3,4,VQC-circmean,0.5,13,0.229627
3,4,VQC-circmean,0.5,14,0.227549
3,4,VQC-circmean,0.5,15,0.22551
3,4,VQC-circmean,0.5,16,0.223377
3,4,VQC-circmean,0.5,17,0.221094
3,4,VQC-circmean,0.5,18,0.218671
3,4,VQC-circmean,0.5,19,0.216175
4,0,VQC-circmean,0.5,0,0.288142
4,0,VQC-circmean,0.5,1,0.266399
4,0,VQC-circmean,0.5,2,0.246359
4,0,VQC-circmean,0.5,3,0.22811
4,0,VQC-circmean,0.5,4,0.212389
4,0,VQC-circmean,0.5,5,0.199073
4,0,VQC-circmean,0.5,6,0.187953
4,0,VQC-circmean,0.5,7,0.178713
4,0,VQC-circmean,0.5,8,0.171009
4,0,VQC-circmean,0.5,9,0.164668
4,0,VQC-circmean,0.5,10,0.15968
4,0,VQC-circmean,0.5,11,0.155987
4,0,VQC-circmean,0.5,12,0.153386
4,0,VQC-circmean,0.5,13,0.151626
4,0,VQC-circmean,0.5,14,0.1505
4,0,VQC-circmean,0.5,15,0.149849
4,0,VQC-circmean,0.5,16,0.149562
4,0,VQC-circmean,0.5,17,0.14955
4,0,VQC-circmean,0.5,18,0.149748
4,0,VQC-circmean,0.5,19,0.150101
4,1,VQC-circmean,0.5,0,0.341649
4,1,VQC-circmean,0.5,1,0.300183
4,1,VQC-circmean,0.5,2,0.265157
4,1,VQC-circmean,0.5,3,0.239686
4,1,VQC-circmean,0.5,4,0.220008
4,1,VQC-circmean,0.5,5,0.204382
4,1,VQC-circmean,0.5,6,0.191927
4,1,VQC-circmean,0.5,7,0.181995
4,1,VQC-circmean,0.5,8,0.174114
4,1,VQC-circmean,0.5,9,0.168006
4,1,VQC-circmean,0.5,10,0.163451
4,1,VQC-circmean,0.5,11,0.160179
4,1,VQC-circmean,0.5,12,0.157911
4,1,VQC-circmean,0.5,13,0.15642
4,1,VQC-circmean,0.5,14,0.155532
4,1,VQC-circmean,0.5,15,0.155114
4,1,VQC-circmean,0.5,16,0.155057
4,1,VQC-circmean,0.5,17,0.155272
4,1,VQC-circmean,0.5,18,0.155686
4,1,VQC-circmean,0.5,19,0.156242
4,2,VQC-circmean,0.5,0,0.342113
4,2,VQC-circmean,0.5,1,0.294431
4,2,VQC-circmean,0.5,2,0.258359
4,2,VQC-circmean,0.5,3,0.233348
4,2,VQC-circmean,0.5,4,0.215393
4,2,VQC-circmean,0.5,5,0.202198
4,2,VQC-circmean,0.5,6,0.192324
4,2,VQC-circmean,0.5,7,0.184798
4,2,VQC-circmean,0.5,8,0.178972
4,2,VQC-circmean,0.5,9,0.174434
4,2,VQC-circmean,0.5,10,0.170897
4,2,VQC-circmean,0.5,11,0.168114
4,2,VQC-circmean,0.5,12,0.165887
4,2,VQC-circmean,0.5,13,0.164091
4,2,VQC-circmean,0.5,14,0.162659
4,2,VQC-circmean,0.5,15,0.161548
4,2,VQC-circmean,0.5,16,0.160722
4,2,VQC-circmean,0.5,17,0.160146
4,2,VQC-circmean,0.5,18,0.159785
4,2,VQC-circmean,0.5,19,0.159602
4,3,VQC-circmean,0.5,0,0.370322
4,3,VQC-circmean,0.5,1,0.32055
4,3,VQC-circmean,0.5,2,0.279989
4,3,VQC-circmean,0.5,3,0.251981
4,3,VQC-circmean,0.5,4,0.231755
4,3,VQC-circmean,0.5,5,0.216467
4,3,VQC-circmean,0.5,6,0.204553
4,3,VQC-circmean,0.5,7,0.194986
4,3,VQC-circmean,0.5,8,0.187093
4,3,VQC-circmean,0.5,9,0.180544
4,3,VQC-circmean,0.5,10,0.175219
4,3,VQC-circmean,0.5,11,0.171006
4,3,VQC-circmean,0.5,12,0.167741
4,3,VQC-circmean,0.5,13,0.16525
4,3,VQC-circmean,0.5,14,0.16339
4,3,VQC-circmean,0.5,15,0.162052
4,3,VQC-circmean,0.5,16,0.161149
4,3,VQC-circmean,0.5,17,0.160607
4,3,VQC-circmean,0.5,18,0.160359
4,3,VQC-circmean,0.5,19,0.160347
4,4,VQC-circmean,0.5,0,0.330608
4,4,VQC-circmean,0.5,1,0.279858
4,4,VQC-circmean,0.5,2,0.247547
4,4,VQC-circmean,0.5,3,0.226308
4,4,VQC-circmean,0.5,4,0.211164
4,4,VQC-circmean,0.5,5,0.199784
4,4,VQC-circmean,0.5,6,0.190752
4,4,VQC-circmean,0.5,7,0.183135
4,4,VQC-circmean,0.5,8,0.176417
4,4,VQC-circmean,0.5,9,0.170559
4,4,VQC-circmean,0.5,10,0.165769
4,4,VQC-circmean,0.5,11,0.1621
4,4,VQC-circmean,0.5,12,0.159391
4,4,VQC-circmean,0.5,13,0.157435
4,4,VQC-circmean,0.5,14,0.156065
4,4,VQC-circmean,0.5,15,0.155156
4,4,VQC-circmean,0.5,16,0.154614
4,4,VQC-circmean,0.5,17,0.154362
4,4,VQC-circmean,0.5,18,0.154337
4,4,VQC-circmean,0.5,19,0.154486
5,0,VQC-circmean,0.5,0,0.78605
5,0,VQC-circmean,0.5,1,0.755941
5,0,VQC-circmean,0.5,2,0.714803
5,0,VQC-circmean,0.5,3,0.668673
5,0,VQC-circmean,0.5,4,0.62135
5,0,VQC-circmean,0.5,5,0.576193
5,0,VQC-circmean,0.5,6,0.535576
5,0,VQC-circmean,0.5,7,0.500513
5,0,VQC-circmean,0.5,8,0.470866
5,0,VQC-circmean,0.5,9,0.445887
5,0,VQC-circmean,0.5,10,0.424659
5,0,VQC-circmean,0.5,11,0.406346
5,0,VQC-circmean,0.5,12,0.3903
5,0,VQC-circmean,0.5,13,0.37609
5,0,VQC-circmean,0.5,14,0.363485
5,0,VQC-circmean,0.5,15,0.352412
5,0,VQC-circmean,0.5,16,0.342883
5,0,VQC-circmean,0.5,17,0.334924
5,0,VQC-circmean,0.5,18,0.328503
5,0,VQC-circmean,0.5,19,0.323515
5,1,VQC-circmean,0.5,0,0.779645
5,1,VQC-circmean,0.5,1,0.752034
5,1,VQC-circmean,0.5,2,0.715906
5,1,VQC-circmean,0.5,3,0.675464
5,1,VQC-circmean,0.5,4,0.634204
5,1,VQC-circmean,0.5,5,0.594418
5,1,VQC-circmean,0.5,6,0.557583
5,1,VQC-circmean,0.5,7,0.524484
5,1,VQC-circmean,0.5,8,0.495287
5,1,VQC-circmean,0.5,9,0.469716
5,1,VQC-circmean,0.5,10,0.447277
5,1,VQC-circmean,0.5,11,0.427434
5,1,VQC-circmean,0.5,12,0.409715
5,1,VQC-circmean,0.5,13,0.393755
5,1,VQC-circmean,0.5,14,0.379296
5,1,VQC-circmean,0.5,15,0.366172
5,1,VQC-circmean,0.5,16,0.354312
5,1,VQC-circmean,0.5,17,0.343742
5,1,VQC-circmean,0.5,18,0.334542
5,1,VQC-circmean,0.5,19,0.326765
5,2,VQC-circmean,0.5,0,0.777821
5,2,VQC-circmean,0.5,1,0.754148
5,2,VQC-circmean,0.5,2,0.724103
5,2,VQC-circmean,0.5,3,0.687445
5,2,VQC-circmean,0.5,4,0.647437
5,2,VQC-circmean,0.5,5,0.607244
5,2,VQC-circmean,0.5,6,0.569431
5,2,VQC-circmean,0.5,7,0.535651
5,2,VQC-circmean,0.5,8,0.506487
5,2,VQC-circmean,0.5,9,0.481688
5,2,VQC-circmean,0.5,10,0.46058
5,2,VQC-circmean,0.5,11,0.442386
5,2,VQC-circmean,0.5,12,0.426417
5,2,VQC-circmean,0.5,13,0.412138
5,2,VQC-circmean,0.5,14,0.39919
5,2,VQC-circmean,0.5,15,0.387374
5,2,VQC-circmean,0.5,16,0.376625
5,2,VQC-circmean,0.5,17,0.366969
5,2,VQC-circmean,0.5,18,0.358471
5,2,VQC-circmean,0.5,19,0.351181
5,3,VQC-circmean,0.5,0,0.751865
5,3,VQC-circmean,0.5,1,0.72728
5,3,VQC-circmean,0.5,2,0.695251
5,3,VQC-circmean,0.5,3,0.65703
5,3,VQC-circmean,0.5,4,0.61637
5,3,VQC-circmean,0.5,5,0.576474
5,3,VQC-circmean,0.5,6,0.53968
5,3,VQC-circmean,0.5,7,0.507229
5,3,VQC-circmean,0.5,8,0.479326
5,3,VQC-circmean,0.5,9,0.455521
5,3,VQC-circmean,0.5,10,0.435103
5,3,VQC-circmean,0.5,11,0.417343
5,3,VQC-circmean,0.5,12,0.40162
5,3,VQC-circmean,0.5,13,0.387467
5,3,VQC-circmean,0.5,14,0.374576
5,3,VQC-circmean,0.5,15,0.362797
5,3,VQC-circmean,0.5,16,0.352122
5,3,VQC-circmean,0.5,17,0.342658
5,3,VQC-circmean,0.5,18,0.334549
5,3,VQC-circmean,0.5,19,0.327879
5,4,VQC-circmean,0.5,0,0.766172
5,4,VQC-circmean,0.5,1,0.743553
5,4,VQC-circmean,0.5,2,0.711992
5,4,VQC-circmean,0.5,3,0.674268
5,4,VQC-circmean,0.5,4,0.633179
5,4,VQC-circmean,0.5,5,0.591819
5,4,VQC-circmean,0.5,6,0.552834
5,4,VQC-circmean,0.5,7,0.517898
5,4,VQC-circmean,0.5,8,0.487544
5,4,VQC-circmean,0.5,9,0.461471
5,4,VQC-circmean,0.5,10,0.438991
5,4,VQC-circmean,0.5,11,0.419355
5,4,VQC-circmean,0.5,12,0.401928
5,4,VQC-circmean,0.5,13,0.386257
5,4,VQC-circmean,0.5,14,0.372081
5,4,VQC-circmean,0.5,15,0.359311
5,4,VQC-circmean,0.5,16,0.347987
5,4,VQC-circmean,0.5,17,0.338209
5,4,VQC-circmean,0.5,18,0.330038
5,4,VQC-circmean,0.5,19,0.323432
6,0,VQC-circmean,0.5,0,0.53371
6,0,VQC-circmean,0.5,1,0.510227
6,0,VQC-circmean,0.5,2,0.473902
6,0,VQC-circmean,0.5,3,0.426085
6,0,VQC-circmean,0.5,4,0.376216
6,0,VQC-circmean,0.5,5,0.33079
6,0,VQC-circmean,0.5,6,0.292986
6,0,VQC-circmean,0.5,7,0.26375
6,0,VQC-circmean,0.5,8,0.242688
6,0,VQC-circmean,0.5,9,0.228726
6,0,VQC-circmean,0.5,10,0.220543
6,0,VQC-circmean,0.5,11,0.216828
6,0,VQC-circmean,0.5,12,0.2164
6,0,VQC-circmean,0.5,13,0.218254
6,0,VQC-circmean,0.5,14,0.221569
6,0,VQC-circmean,0.5,15,0.225694
6,0,VQC-circmean,0.5,16,0.230146
6,0,VQC-circmean,0.5,17,0.234582
6,0,VQC-circmean,0.5,18,0.238783
6,0,VQC-circmean,0.5,19,0.242624
6,1,VQC-circmean,0.5,0,0.543224
6,1,VQC-circmean,0.5,1,0.515138
6,1,VQC-circmean,0.5,2,0.478337
6,1,VQC-circmean,0.5,3,0.431163
6,1,VQC-circmean,0.5,4,0.38091
6,1,VQC-circmean,0.5,5,0.333522
6,1,VQC-circmean,0.5,6,0.292292
6,1,VQC-circmean,0.5,7,0.25895
6,1,VQC-circmean,0.5,8,0.233965
6,1,VQC-circmean,0.5,9,0.216766
6,1,VQC-circmean,0.5,10,0.206231
6,1,VQC-circmean,0.5,11,0.201065
6,1,VQC-circmean,0.5,12,0.199991
6,1,VQC-circmean,0.5,13,0.201848
6,1,VQC-circmean,0.5,14,0.205649
6,1,VQC-circmean,0.5,15,0.210593
6,1,VQC-circmean,0.5,16,0.216065
6,1,VQC-circmean,0.5,17,0.221619
6,1,VQC-circmean,0.5,18,0.226956
6,1,VQC-circmean,0.5,19,0.231898
6,2,VQC-circmean,0.5,0,0.537673
6,2,VQC-circmean,0.5,1,0.513848
6,2,VQC-circmean,0.5,2,0.4806
6,2,VQC-circmean,0.5,3,0.439494
6,2,VQC-circmean,0.5,4,0.395409
6,2,VQC-circmean,0.5,5,0.352027
6,2,VQC-circmean,0.5,6,0.312804
6,2,VQC-circmean,0.5,7,0.280258
6,2,VQC-circmean,0.5,8,0.25522
6,2,VQC-circmean,0.5,9,0.237216
6,2,VQC-circmean,0.5,10,0.225179
6,2,VQC-circmean,0.5,11,0.217933
6,2,VQC-circmean,0.5,12,0.214412
6,2,VQC-circmean,0.5,13,0.213711
6,2,VQC-circmean,0.5,14,0.215079
6,2,VQC-circmean,0.5,15,0.217893
6,2,VQC-circmean,0.5,16,0.221639
6,2,VQC-circmean,0.5,17,0.225901
6,2,VQC-circmean,0.5,18,0.230355
6,2,VQC-circmean,0.5,19,0.23476
6,3,VQC-circmean,0.5,0,0.554976
6,3,VQC-circmean,0.5,1,0.522475
6,3,VQC-circmean,0.5,2,0.482292
6,3,VQC-circmean,0.5,3,0.431057
6,3,VQC-circmean,0.5,4,0.377104
6,3,VQC-circmean,0.5,5,0.326929
6,3,VQC-circmean,0.5,6,0.284758
6,3,VQC-circmean,0.5,7,0.252467
6,3,VQC-circmean,0.5,8,0.230091
6,3,VQC-circmean,0.5,9,0.216549
6,3,VQC-circmean,0.5,10,0.210162
6,3,VQC-circmean,0.5,11,0.209037
6,3,VQC-circmean,0.5,12,0.211378
6,3,VQC-circmean,0.5,13,0.2157
6,3,VQC-circmean,0.5,14,0.220913
6,3,VQC-circmean,0.5,15,0.226296
6,3,VQC-circmean,0.5,16,0.231423
6,3,VQC-circmean,0.5,17,0.236075
6,3,VQC-circmean,0.5,18,0.240168
6,3,VQC-circmean,0.5,19,0.243695
6,4,VQC-circmean,0.5,0,0.540605
6,4,VQC-circmean,0.5,1,0.520368
6,4,VQC-circmean,0.5,2,0.490053
6,4,VQC-circmean,0.5,3,0.448497
6,4,VQC-circmean,0.5,4,0.401607
6,4,VQC-circmean,0.5,5,0.35433
6,4,VQC-circmean,0.5,6,0.310838
6,4,VQC-circmean,0.5,7,0.274332
6,4,VQC-circmean,0.5,8,0.246349
6,4,VQC-circmean,0.5,9,0.226824
6,4,VQC-circmean,0.5,10,0.2147
6,4,VQC-circmean,0.5,11,0.208521
6,4,VQC-circmean,0.5,12,0.206824
6,4,VQC-circmean,0.5,13,0.208324
6,4,VQC-circmean,0.5,14,0.211971
6,4,VQC-circmean,0.5,15,0.21694
6,4,VQC-circmean,0.5,16,0.222601
6,4,VQC-circmean,0.5,17,0.228488
6,4,VQC-circmean,0.5,18,0.234279
6,4,VQC-circmean,0.5,19,0.239763
7,0,VQC-circmean,0.5,0,0.419648
7,0,VQC-circmean,0.5,1,0.360576
7,0,VQC-circmean,0.5,2,0.32845
7,0,VQC-circmean,0.5,3,0.298505
7,0,VQC-circmean,0.5,4,0.273128
7,0,VQC-circmean,0.5,5,0.252593
7,0,VQC-circmean,0.5,6,0.236525
7,0,VQC-circmean,0.5,7,0.22419
7,0,VQC-circmean,0.5,8,0.214632
7,0,VQC-circmean,0.5,9,0.206729
7,0,VQC-circmean,0.5,10,0.199474
7,0,VQC-circmean,0.5,11,0.192877
7,0,VQC-circmean,0.5,12,0.187691
7,0,VQC-circmean,0.5,13,0.184154
7,0,VQC-circmean,0.5,14,0.181942
7,0,VQC-circmean,0.5,15,0.18065
7,0,VQC-circmean,0.5,16,0.179972
7,0,VQC-circmean,0.5,17,0.179707
7,0,VQC-circmean,0.5,18,0.17972
7,0,VQC-circmean,0.5,19,0.179921
7,1,VQC-circmean,0.5,0,0.497012
7,1,VQC-circmean,0.5,1,0.374697
7,1,VQC-circmean,0.5,2,0.332758
7,1,VQC-circmean,0.5,3,0.301678
7,1,VQC-circmean,0.5,4,0.277748
7,1,VQC-circmean,0.5,5,0.258979
7,1,VQC-circmean,0.5,6,0.244327
7,1,VQC-circmean,0.5,7,0.232919
7,1,VQC-circmean,0.5,8,0.223744
7,1,VQC-circmean,0.5,9,0.215407
7,1,VQC-circmean,0.5,10,0.206812
7,1,VQC-circmean,0.5,11,0.198713
7,1,VQC-circmean,0.5,12,0.192496
7,1,VQC-circmean,0.5,13,0.188345
7,1,VQC-circmean,0.5,14,0.185732
7,1,VQC-circmean,0.5,15,0.184136
7,1,VQC-circmean,0.5,16,0.183199
7,1,VQC-circmean,0.5,17,0.182697
7,1,VQC-circmean,0.5,18,0.182485
7,1,VQC-circmean,0.5,19,0.182468
7,2,VQC-circmean,0.5,0,0.455085
7,2,VQC-circmean,0.5,1,0.374532
7,2,VQC-circmean,0.5,2,0.340208
7,2,VQC-circmean,0.5,3,0.312065
7,2,VQC-circmean,0.5,4,0.28808
7,2,VQC-circmean,0.5,5,0.26782
7,2,VQC-circmean,0.5,6,0.251502
7,2,VQC-circmean,0.5,7,0.238824
7,2,VQC-circmean,0.5,8,0.229006
7,2,VQC-circmean,0.5,9,0.221089
7,2,VQC-circmean,0.5,10,0.214283
7,2,VQC-circmean,0.5,11,0.208087
7,2,VQC-circmean,0.5,12,0.202665
7,2,VQC-circmean,0.5,13,0.198506
7,2,VQC-circmean,0.5,14,0.195627
7,2,VQC-circmean,0.5,15,0.193743
7,2,VQC-circmean,0.5,16,0.192571
7,2,VQC-circmean,0.5,17,0.191902
7,2,VQC-circmean,0.5,18,0.191589
7,2,VQC-circmean,0.5,19,0.191531
7,3,VQC-circmean,0.5,0,0.401105
7,3,VQC-circmean,0.5,1,0.37416
7,3,VQC-circmean,0.5,2,0.335105
7,3,VQC-circmean,0.5,3,0.299041
7,3,VQC-circmean,0.5,4,0.268622
7,3,VQC-circmean,0.5,5,0.243732
7,3,VQC-circmean,0.5,6,0.224044
7,3,VQC-circmean,0.5,7,0.209054
7,3,VQC-circmean,0.5,8,0.198116
7,3,VQC-circmean,0.5,9,0.190565
7,3,VQC-circmean,0.5,10,0.185436
7,3,VQC-circmean,0.5,11,0.181701
7,3,VQC-circmean,0.5,12,0.178917
7,3,VQC-circmean,0.5,13,0.176944
7,3,VQC-circmean,0.5,14,0.175646
7,3,VQC-circmean,0.5,15,0.174872
7,3,VQC-circmean,0.5,16,0.174494
7,3,VQC-circmean,0.5,17,0.174406
7,3,VQC-circmean,0.5,18,0.174526
7,3,VQC-circmean,0.5,19,0.174792
7,4,VQC-circmean,0.5,0,0.453113
7,4,VQC-circmean,0.5,1,0.395285
7,4,VQC-circmean,0.5,2,0.354206
7,4,VQC-circmean,0.5,3,0.318039
7,4,VQC-circmean,0.5,4,0.288336
7,4,VQC-circmean,0.5,5,0.264312
7,4,VQC-circmean,0.5,6,0.245286
7,4,VQC-circmean,0.5,7,0.230518
7,4,VQC-circmean,0.5,8,0.219058
7,4,VQC-circmean,0.5,9,0.209782
7,4,VQC-circmean,0.5,10,0.201554
7,4,VQC-circmean,0.5,11,0.193966
7,4,VQC-circmean,0.5,12,0.187683
7,4,VQC-circmean,0.5,13,0.18327
7,4,VQC-circmean,0.5,14,0.180553
7,4,VQC-circmean,0.5,15,0.179059
7,4,VQC-circmean,0.5,16,0.178371
7,4,VQC-circmean,0.5,17,0.1782
7,4,VQC-circmean,0.5,18,0.178363
7,4,VQC-circmean,0.5,19,0.178736
8,0,VQC-circmean,0.5,0,0.36106
8,0,VQC-circmean,0.5,1,0.327111
8,0,VQC-circmean,0.5,2,0.289597
8,0,VQC-circmean,0.5,3,0.254167
8,0,VQC-circmean,0.5,4,0.224599
8,0,VQC-circmean,0.5,5,0.202086
8,0,VQC-circmean,0.5,6,0.18592
8,0,VQC-circmean,0.5,7,0.174702
8,0,VQC-circmean,0.5,8,0.167056
8,0,VQC-circmean,0.5,9,0.161878
8,0,VQC-circmean,0.5,10,0.158346
8,0,VQC-circmean,0.5,11,0.155864
8,0,VQC-circmean,0.5,12,0.154
8,0,VQC-circmean,0.5,13,0.152454
8,0,VQC-circmean,0.5,14,0.151026
8,0,VQC-circmean,0.5,15,0.149595
8,0,VQC-circmean,0.5,16,0.148102
8,0,VQC-circmean,0.5,17,0.14653
8,0,VQC-circmean,0.5,18,0.144893
8,0,VQC-circmean,0.5,19,0.143224
8,1,VQC-circmean,0.5,0,0.325242
8,1,VQC-circmean,0.5,1,0.302522
8,1,VQC-circmean,0.5,2,0.275768
8,1,VQC-circmean,0.5,3,0.248949
8,1,VQC-circmean,0.5,4,0.225251
8,1,VQC-circmean,0.5,5,0.206551
8,1,VQC-circmean,0.5,6,0.192945
8,1,VQC-circmean,0.5,7,0.183562
8,1,VQC-circmean,0.5,8,0.177276
8,1,VQC-circmean,0.5,9,0.173059
8,1,VQC-circmean,0.5,10,0.170117
8,1,VQC-circmean,0.5,11,0.167897
8,1,VQC-circmean,0.5,12,0.166043
8,1,VQC-circmean,0.5,13,0.164346
8,1,VQC-circmean,0.5,14,0.162705
8,1,VQC-circmean,0.5,15,0.16109
8,1,VQC-circmean,0.5,16,0.159516
8,1,VQC-circmean,0.5,17,0.158017
8,1,VQC-circmean,0.5,18,0.156627
8,1,VQC-circmean,0.5,19,0.155375
8,2,VQC-circmean,0.5,0,0.398238
8,2,VQC-circmean,0.5,1,0.362294
8,2,VQC-circmean,0.5,2,0.320921
8,2,VQC-circmean,0.5,3,0.282037
8,2,VQC-circmean,0.5,4,0.250124
8,2,VQC-circmean,0.5,5,0.225999
8,2,VQC-circmean,0.5,6,0.208369
8,2,VQC-circmean,0.5,7,0.19541
8,2,VQC-circmean,0.5,8,0.185527
8,2,VQC-circmean,0.5,9,0.177569
8,2,VQC-circmean,0.5,10,0.17081
8,2,VQC-circmean,0.5,11,0.164834
8,2,VQC-circmean,0.5,12,0.159431
8,2,VQC-circmean,0.5,13,0.154511
8,2,VQC-circmean,0.5,14,0.150045
8,2,VQC-circmean,0.5,15,0.146044
8,2,VQC-circmean,0.5,16,0.142529
8,2,VQC-circmean,0.5,17,0.139519
8,2,VQC-circmean,0.5,18,0.137018
8,2,VQC-circmean,0.5,19,0.135011
8,3,VQC-circmean,0.5,0,0.398814
8,3,VQC-circmean,0.5,1,0.367454
8,3,VQC-circmean,0.5,2,0.332532
8,3,VQC-circmean,0.5,3,0.298762
8,3,VQC-circmean,0.5,4,0.269867
8,3,VQC-circmean,0.5,5,0.247245
8,3,VQC-circmean,0.5,6,0.230397
8,3,VQC-circmean,0.5,7,0.21804
8,3,VQC-circmean,0.5,8,0.208856
8,3,VQC-circmean,0.5,9,0.201798
8,3,VQC-circmean,0.5,10,0.196139
8,3,VQC-circmean,0.5,11,0.19142
8,3,VQC-circmean,0.5,12,0.187374
8,3,VQC-circmean,0.5,13,0.183865
8,3,VQC-circmean,0.5,14,0.180821
8,3,VQC-circmean,0.5,15,0.178198
8,3,VQC-circmean,0.5,16,0.175957
8,3,VQC-circmean,0.5,17,0.174063
8,3,VQC-circmean,0.5,18,0.172478
8,3,VQC-circmean,0.5,19,0.171169
8,4,VQC-circmean,0.5,0,0.325634
8,4,VQC-circmean,0.5,1,0.295599
8,4,VQC-circmean,0.5,2,0.262963
8,4,VQC-circmean,0.5,3,0.234005
8,4,VQC-circmean,0.5,4,0.210839
8,4,VQC-circmean,0.5,5,0.193749
8,4,VQC-circmean,0.5,6,0.181778
8,4,VQC-circmean,0.5,7,0.173546
8,4,VQC-circmean,0.5,8,0.167823
8,4,VQC-circmean,0.5,9,0.163711
8,4,VQC-circmean,0.5,10,0.160611
8,4,VQC-circmean,0.5,11,0.158133
8,4,VQC-circmean,0.5,12,0.156025
8,4,VQC-circmean,0.5,13,0.154125
8,4,VQC-circmean,0.5,14,0.152325
8,4,VQC-circmean,0.5,15,0.15056
8,4,VQC-circmean,0.5,16,0.148794
8,4,VQC-circmean,0.5,17,0.147021
8,4,VQC-circmean,0.5,18,0.145258
8,4,VQC-circmean,0.5,19,0.143537
9,0,VQC-circmean,0.5,0,0.596504
9,0,VQC-circmean,0.5,1,0.585149
9,0,VQC-circmean,0.5,2,0.560457
9,0,VQC-circmean,0.5,3,0.527325
9,0,VQC-circmean,0.5,4,0.489599
9,0,VQC-circmean,0.5,5,0.451597
9,0,VQC-circmean,0.5,6,0.416854
9,0,VQC-circmean,0.5,7,0.387229
9,0,VQC-circmean,0.5,8,0.363026
9,0,VQC-circmean,0.5,9,0.343631
9,0,VQC-circmean,0.5,10,0.328089
9,0,VQC-circmean,0.5,11,0.315452
9,0,VQC-circmean,0.5,12,0.304911
9,0,VQC-circmean,0.5,13,0.295833
9,0,VQC-circmean,0.5,14,0.287755
9,0,VQC-circmean,0.5,15,0.28037
9,0,VQC-circmean,0.5,16,0.273501
9,0,VQC-circmean,0.5,17,0.267072
9,0,VQC-circmean,0.5,18,0.261078
9,0,VQC-circmean,0.5,19,0.255546
9,1,VQC-circmean,0.5,0,0.605594
9,1,VQC-circmean,0.5,1,0.592617
9,1,VQC-circmean,0.5,2,0.565648
9,1,VQC-circmean,0.5,3,0.529535
9,1,VQC-circmean,0.5,4,0.488929
9,1,VQC-circmean,0.5,5,0.448549
9,1,VQC-circmean,0.5,6,0.411981
9,1,VQC-circmean,0.5,7,0.380994
9,1,VQC-circmean,0.5,8,0.355764
9,1,VQC-circmean,0.5,9,0.335537
9,1,VQC-circmean,0.5,10,0.319233
9,1,VQC-circmean,0.5,11,0.305814
9,1,VQC-circmean,0.5,12,0.294433
9,1,VQC-circmean,0.5,13,0.284473
9,1,VQC-circmean,0.5,14,0.275523
9,1,VQC-circmean,0.5,15,0.267348
9,1,VQC-circmean,0.5,16,0.259842
9,1,VQC-circmean,0.5,17,0.252983
9,1,VQC-circmean,0.5,18,0.246789
9,1,VQC-circmean,0.5,19,0.241286
9,2,VQC-circmean,0.5,0,0.619202
9,2,VQC-circmean,0.5,1,0.602646
9,2,VQC-circmean,0.5,2,0.573645
9,2,VQC-circmean,0.5,3,0.535308
9,2,VQC-circmean,0.5,4,0.492864
9,2,VQC-circmean,0.5,5,0.451214
9,2,VQC-circmean,0.5,6,0.413804
9,2,VQC-circmean,0.5,7,0.382095
9,2,VQC-circmean,0.5,8,0.355986
9,2,VQC-circmean,0.5,9,0.334567
9,2,VQC-circmean,0.5,10,0.316754
9,2,VQC-circmean,0.5,11,0.301632
9,2,VQC-circmean,0.5,12,0.288574
9,2,VQC-circmean,0.5,13,0.277206
9,2,VQC-circmean,0.5,14,0.267315
9,2,VQC-circmean,0.5,15,0.258736
9,2,VQC-circmean,0.5,16,0.251309
9,2,VQC-circmean,0.5,17,0.244898
9,2,VQC-circmean,0.5,18,0.239408
9,2,VQC-circmean,0.5,19,0.234781
9,3,VQC-circmean,0.5,0,0.593682
9,3,VQC-circmean,0.5,1,0.579943
9,3,VQC-circmean,0.5,2,0.550986
9,3,VQC-circmean,0.5,3,0.51366
9,3,VQC-circmean,0.5,4,0.472702
9,3,VQC-circmean,0.5,5,0.432454
9,3,VQC-circmean,0.5,6,0.396107
9,3,VQC-circmean,0.5,7,0.365091
9,3,VQC-circmean,0.5,8,0.339366
9,3,VQC-circmean,0.5,9,0.318138
9,3,VQC-circmean,0.5,10,0.30044
9,3,VQC-circmean,0.5,11,0.28545
9,3,VQC-circmean,0.5,12,0.27259
9,3,VQC-circmean,0.5,13,0.261503
9,3,VQC-circmean,0.5,14,0.251979
9,3,VQC-circmean,0.5,15,0.243884
9,3,VQC-circmean,0.5,16,0.237113
9,3,VQC-circmean,0.5,17,0.231552
9,3,VQC-circmean,0.5,18,0.227066
9,3,VQC-circmean,0.5,19,0.223517
9,4,VQC-circmean,0.5,0,0.619903
9,4,VQC-circmean,0.5,1,0.605298
9,4,VQC-circmean,0.5,2,0.579593
9,4,VQC-circmean,0.5,3,0.546706
9,4,VQC-circmean,0.5,4,0.509813
9,4,VQC-circmean,0.5,5,0.472352
9,4,VQC-circmean,0.5,6,0.437165
9,4,VQC-circmean,0.5,7,0.405968
9,4,VQC-circmean,0.5,8,0.379318
9,4,VQC-circmean,0.5,9,0.356945
9,4,VQC-circmean,0.5,10,0.338166
9,4,VQC-circmean,0.5,11,0.322215
9,4,VQC-circmean,0.5,12,0.308431
9,4,VQC-circmean,0.5,13,0.296328
9,4,VQC-circmean,0.5,14,0.285595
9,4,VQC-circmean,0.5,15,0.276064
9,4,VQC-circmean,0.5,16,0.267661
9,4,VQC-circmean,0.5,17,0.260358
9,4,VQC-circmean,0.5,18,0.254131
9,4,VQC-circmean,0.5,19,0.24894
0,0,VQC-circmean,1.0,0,0.143624
0,0,VQC-circmean,1.0,1,0.125269
0,0,VQC-circmean,1.0,2,0.105652
0,0,VQC-circmean,1.0,3,0.089363
0,0,VQC-circmean,1.0,4,0.076398
0,0,VQC-circmean,1.0,5,0.065968
0,0,VQC-circmean,1.0,6,0.057533
0,0,VQC-circmean,1.0,7,0.050809
0,0,VQC-circmean,1.0,8,0.045613
0,0,VQC-circmean,1.0,9,0.041764
0,0,VQC-circmean,1.0,10,0.039059
0,0,VQC-circmean,1.0,11,0.037286
0,0,VQC-circmean,1.0,12,0.036242
0,0,VQC-circmean,1.0,13,0.035749
0,0,VQC-circmean,1.0,14,0.035672
0,0,VQC-circmean,1.0,15,0.035911
0,0,VQC-circmean,1.0,16,0.036394
0,0,VQC-circmean,1.0,17,0.03707
0,0,VQC-circmean,1.0,18,0.0379
0,0,VQC-circmean,1.0,19,0.03885
0,1,VQC-circmean,1.0,0,0.16471
0,1,VQC-circmean,1.0,1,0.145028
0,1,VQC-circmean,1.0,2,0.120899
0,1,VQC-circmean,1.0,3,0.101123
0,1,VQC-circmean,1.0,4,0.086425
0,1,VQC-circmean,1.0,5,0.075483
0,1,VQC-circmean,1.0,6,0.067349
0,1,VQC-circmean,1.0,7,0.061461
0,1,VQC-circmean,1.0,8,0.057443
0,1,VQC-circmean,1.0,9,0.055027
0,1,VQC-circmean,1.0,10,0.053928
0,1,VQC-circmean,1.0,11,0.053764
0,1,VQC-circmean,1.0,12,0.054216
0,1,VQC-circmean,1.0,13,0.05508
0,1,VQC-circmean,1.0,14,0.056221
0,1,VQC-circmean,1.0,15,0.057539
0,1,VQC-circmean,1.0,16,0.058954
0,1,VQC-circmean,1.0,17,0.060403
0,1,VQC-circmean,1.0,18,0.061833
0,1,VQC-circmean,1.0,19,0.063205
0,2,VQC-circmean,1.0,0,0.142648
0,2,VQC-circmean,1.0,1,0.120569
0,2,VQC-circmean,1.0,2,0.1026
0,2,VQC-circmean,1.0,3,0.090192
0,2,VQC-circmean,1.0,4,0.079898
0,2,VQC-circmean,1.0,5,0.070874
0,2,VQC-circmean,1.0,6,0.063238
0,2,VQC-circmean,1.0,7,0.057094
0,2,VQC-circmean,1.0,8,0.052414
0,2,VQC-circmean,1.0,9,0.049057
0,2,VQC-circmean,1.0,10,0.046817
0,2,VQC-circmean,1.0,11,0.045463
0,2,VQC-circmean,1.0,12,0.044779
0,2,VQC-circmean,1.0,13,0.044584
0,2,VQC-circmean,1.0,14,0.044743
0,2,VQC-circmean,1.0,15,0.045163
0,2,VQC-circmean,1.0,16,0.045778
0,2,VQC-circmean,1.0,17,0.046538
0,2,VQC-circmean,1.0,18,0.047406
0,2,VQC-circmean,1.0,19,0.048348
0,3,VQC-circmean,1.0,0,0.187709
0,3,VQC-circmean,1.0,1,0.15243
0,3,VQC-circmean,1.0,2,0.12472
0,3,VQC-circmean,1.0,3,0.10715
0,3,VQC-circmean,1.0,4,0.095337
0,3,VQC-circmean,1.0,5,0.086949
0,3,VQC-circmean,1.0,6,0.080879
0,3,VQC-circmean,1.0,7,0.076521
0,3,VQC-circmean,1.0,8,0.073459
0,3,VQC-circmean,1.0,9,0.071355
0,3,VQC-circmean,1.0,10,0.069925
0,3,VQC-circmean,1.0,11,0.068955
0,3,VQC-circmean,1.0,12,0.068301
0,3,VQC-circmean,1.0,13,0.067869
0,3,VQC-circmean,1.0,14,0.067595
0,3,VQC-circmean,1.0,15,0.067436
0,3,VQC-circmean,1.0,16,0.067359
0,3,VQC-circmean,1.0,17,0.067336
0,3,VQC-circmean,1.0,18,0.067346
0,3,VQC-circmean,1.0,19,0.067374
0,4,VQC-circmean,1.0,0,0.153128
0,4,VQC-circmean,1.0,1,0.126776
0,4,VQC-circmean,1.0,2,0.106598
0,4,VQC-circmean,1.0,3,0.092226
0,4,VQC-circmean,1.0,4,0.081118
0,4,VQC-circmean,1.0,5,0.072672
0,4,VQC-circmean,1.0,6,0.066367
0,4,VQC-circmean,1.0,7,0.061833
0,4,VQC-circmean,1.0,8,0.058787
0,4,VQC-circmean,1.0,9,0.056953
0,4,VQC-circmean,1.0,10,0.056042
0,4,VQC-circmean,1.0,11,0.05578
0,4,VQC-circmean,1.0,12,0.055943
0,4,VQC-circmean,1.0,13,0.056369
0,4,VQC-circmean,1.0,14,0.056945
0,4,VQC-circmean,1.0,15,0.057593
0,4,VQC-circmean,1.0,16,0.058259
0,4,VQC-circmean,1.0,17,0.058908
0,4,VQC-circmean,1.0,18,0.059514
0,4,VQC-circmean,1.0,19,0.060065
1,0,VQC-circmean,1.0,0,0.537858
1,0,VQC-circmean,1.0,1,0.5221
1,0,VQC-circmean,1.0,2,0.483633
1,0,VQC-circmean,1.0,3,0.437891
1,0,VQC-circmean,1.0,4,0.392125
1,0,VQC-circmean,1.0,5,0.351646
1,0,VQC-circmean,1.0,6,0.31821
1,0,VQC-circmean,1.0,7,0.291423
1,0,VQC-circmean,1.0,8,0.270055
1,0,VQC-circmean,1.0,9,0.252742
1,0,VQC-circmean,1.0,10,0.238339
1,0,VQC-circmean,1.0,11,0.226066
1,0,VQC-circmean,1.0,12,0.215558
1,0,VQC-circmean,1.0,13,0.206782
1,0,VQC-circmean,1.0,14,0.199831
1,0,VQC-circmean,1.0,15,0.194683
1,0,VQC-circmean,1.0,16,0.191135
1,0,VQC-circmean,1.0,17,0.188883
1,0,VQC-circmean,1.0,18,0.187619
1,0,VQC-circmean,1.0,19,0.187087
1,1,VQC-circmean,1.0,0,0.529321
1,1,VQC-circmean,1.0,1,0.512054
1,1,VQC-circmean,1.0,2,0.47813
1,1,VQC-circmean,1.0,3,0.435584
1,1,VQC-circmean,1.0,4,0.391222
1,1,VQC-circmean,1.0,5,0.351096
1,1,VQC-circmean,1.0,6,0.317886
1,1,VQC-circmean,1.0,7,0.291459
1,1,VQC-circmean,1.0,8,0.270608
1,1,VQC-circmean,1.0,9,0.254015
1,1,VQC-circmean,1.0,10,0.240541
1,1,VQC-circmean,1.0,11,0.229316
1,1,VQC-circmean,1.0,12,0.21983
1,1,VQC-circmean,1.0,13,0.211979
1,1,VQC-circmean,1.0,14,0.205863
1,1,VQC-circmean,1.0,15,0.20145
1,1,VQC-circmean,1.0,16,0.19848
1,1,VQC-circmean,1.0,17,0.196598
1,1,VQC-circmean,1.0,18,0.195503
1,1,VQC-circmean,1.0,19,0.194981
1,2,VQC-circmean,1.0,0,0.518539
1,2,VQC-circmean,1.0,1,0.508545
1,2,VQC-circmean,1.0,2,0.479847
1,2,VQC-circmean,1.0,3,0.443966
1,2,VQC-circmean,1.0,4,0.404115
1,2,VQC-circmean,1.0,5,0.36517
1,2,VQC-circmean,1.0,6,0.33165
1,2,VQC-circmean,1.0,7,0.304744
1,2,VQC-circmean,1.0,8,0.283266
1,2,VQC-circmean,1.0,9,0.265978
1,2,VQC-circmean,1.0,10,0.252014
1,2,VQC-circmean,1.0,11,0.240625
1,2,VQC-circmean,1.0,12,0.231007
1,2,VQC-circmean,1.0,13,0.222537
1,2,VQC-circmean,1.0,14,0.215341
1,2,VQC-circmean,1.0,15,0.209921
1,2,VQC-circmean,1.0,16,0.206228
1,2,VQC-circmean,1.0,17,0.203812
1,2,VQC-circmean,1.0,18,0.202277
1,2,VQC-circmean,1.0,19,0.201361
1,3,VQC-circmean,1.0,0,0.528529
1,3,VQC-circmean,1.0,1,0.509545
1,3,VQC-circmean,1.0,2,0.469897
1,3,VQC-circmean,1.0,3,0.424867
1,3,VQC-circmean,1.0,4,0.380427
1,3,VQC-circmean,1.0,5,0.342065
1,3,VQC-circmean,1.0,6,0.311249
1,3,VQC-circmean,1.0,7,0.286957
1,3,VQC-circmean,1.0,8,0.26766
1,3,VQC-circmean,1.0,9,0.251965
1,3,VQC-circmean,1.0,10,0.23874
1,3,VQC-circmean,1.0,11,0.227285
1,3,VQC-circmean,1.0,12,0.217556
1,3,VQC-circmean,1.0,13,0.209986
1,3,VQC-circmean,1.0,14,0.204797
1,3,VQC-circmean,1.0,15,0.201651
1,3,VQC-circmean,1.0,16,0.19996
1,3,VQC-circmean,1.0,17,0.199216
1,3,VQC-circmean,1.0,18,0.199089
1,3,VQC-circmean,1.0,19,0.199372
1,4,VQC-circmean,1.0,0,0.517573
1,4,VQC-circmean,1.0,1,0.499141
1,4,VQC-circmean,1.0,2,0.463245
1,4,VQC-circmean,1.0,3,0.424614
1,4,VQC-circmean,1.0,4,0.387056
1,4,VQC-circmean,1.0,5,0.35361
1,4,VQC-circmean,1.0,6,0.325175
1,4,VQC-circmean,1.0,7,0.30148
1,4,VQC-circmean,1.0,8,0.281843
1,4,VQC-circmean,1.0,9,0.26545
1,4,VQC-circmean,1.0,10,0.251486
1,4,VQC-circmean,1.0,11,0.239247
1,4,VQC-circmean,1.0,12,0.228311
1,4,VQC-circmean,1.0,13,0.218687
1,4,VQC-circmean,1.0,14,0.210728
1,4,VQC-circmean,1.0,15,0.20472
1,4,VQC-circmean,1.0,16,0.200599
1,4,VQC-circmean,1.0,17,0.198021
1,4,VQC-circmean,1.0,18,0.196584
1,4,VQC-circmean,1.0,19,0.195962
2,0,VQC-circmean,1.0,0,0.35761
2,0,VQC-circmean,1.0,1,0.324463
2,0,VQC-circmean,1.0,2,0.285748
2,0,VQC-circmean,1.0,3,0.251254
2,0,VQC-circmean,1.0,4,0.220468
2,0,VQC-circmean,1.0,5,0.194975
2,0,VQC-circmean,1.0,6,0.174928
2,0,VQC-circmean,1.0,7,0.15961
2,0,VQC-circmean,1.0,8,0.148079
2,0,VQC-circmean,1.0,9,0.139448
2,0,VQC-circmean,1.0,10,0.132966
2,0,VQC-circmean,1.0,11,0.128037
2,0,VQC-circmean,1.0,12,0.124209
2,0,VQC-circmean,1.0,13,0.121168
2,0,VQC-circmean,1.0,14,0.118711
2,0,VQC-circmean,1.0,15,0.116728
2,0,VQC-circmean,1.0,16,0.115167
2,0,VQC-circmean,1.0,17,0.114006
2,0,VQC-circmean,1.0,18,0.113228
2,0,VQC-circmean,1.0,19,0.1128
2,1,VQC-circmean,1.0,0,0.376407
2,1,VQC-circmean,1.0,1,0.330722
2,1,VQC-circmean,1.0,2,0.298737
2,1,VQC-circmean,1.0,3,0.266662
2,1,VQC-circmean,1.0,4,0.236577
2,1,VQC-circmean,1.0,5,0.210845
2,1,VQC-circmean,1.0,6,0.189925
2,1,VQC-circmean,1.0,7,0.173245
2,1,VQC-circmean,1.0,8,0.159952
2,1,VQC-circmean,1.0,9,0.149257
2,1,VQC-circmean,1.0,10,0.140524
2,1,VQC-circmean,1.0,11,0.133271
2,1,VQC-circmean,1.0,12,0.127141
2,1,VQC-circmean,1.0,13,0.121889
2,1,VQC-circmean,1.0,14,0.117357
2,1,VQC-circmean,1.0,15,0.113453
2,1,VQC-circmean,1.0,16,0.110131
2,1,VQC-circmean,1.0,17,0.107363
2,1,VQC-circmean,1.0,18,0.105125
2,1,VQC-circmean,1.0,19,0.103382
2,2,VQC-circmean,1.0,0,0.383473
2,2,VQC-circmean,1.0,1,0.34958
2,2,VQC-circmean,1.0,2,0.308537
2,2,VQC-circmean,1.0,3,0.2715
2,2,VQC-circmean,1.0,4,0.238604
2,2,VQC-circmean,1.0,5,0.211798
2,2,VQC-circmean,1.0,6,0.191238
2,2,VQC-circmean,1.0,7,0.17593
2,2,VQC-circmean,1.0,8,0.164587
2,2,VQC-circmean,1.0,9,0.156052
2,2,VQC-circmean,1.0,10,0.149415
2,2,VQC-circmean,1.0,11,0.144022
2,2,VQC-circmean,1.0,12,0.13943
2,2,VQC-circmean,1.0,13,0.135374
2,2,VQC-circmean,1.0,14,0.131718
2,2,VQC-circmean,1.0,15,0.128416
2,2,VQC-circmean,1.0,16,0.125475
2,2,VQC-circmean,1.0,17,0.12292
2,2,VQC-circmean,1.0,18,0.120775
2,2,VQC-circmean,1.0,19,0.119048
2,3,VQC-circmean,1.0,0,0.369844
2,3,VQC-circmean,1.0,1,0.33322
2,3,VQC-circmean,1.0,2,0.291239
2,3,VQC-circmean,1.0,3,0.255876
2,3,VQC-circmean,1.0,4,0.224899
2,3,VQC-circmean,1.0,5,0.198888
2,3,VQC-circmean,1.0,6,0.178052
2,3,VQC-circmean,1.0,7,0.161878
2,3,VQC-circmean,1.0,8,0.149542
2,3,VQC-circmean,1.0,9,0.140201
2,3,VQC-circmean,1.0,10,0.133107
2,3,VQC-circmean,1.0,11,0.127649
2,3,VQC-circmean,1.0,12,0.123357
2,3,VQC-circmean,1.0,13,0.119901
2,3,VQC-circmean,1.0,14,0.117069
2,3,VQC-circmean,1.0,15,0.114744
2,3,VQC-circmean,1.0,16,0.112873
2,3,VQC-circmean,1.0,17,0.111433
2,3,VQC-circmean,1.0,18,0.11041
2,3,VQC-circmean,1.0,19,0.109781
2,4,VQC-circmean,1.0,0,0.336837
2,4,VQC-circmean,1.0,1,0.305948
2,4,VQC-circmean,1.0,2,0.27535
2,4,VQC-circmean,1.0,3,0.244286
2,4,VQC-circmean,1.0,4,0.216463
2,4,VQC-circmean,1.0,5,0.193667
2,4,VQC-circmean,1.0,6,0.175877
2,4,VQC-circmean,1.0,7,0.162313
2,4,VQC-circmean,1.0,8,0.152053
2,4,VQC-circmean,1.0,9,0.144264
2,4,VQC-circmean,1.0,10,0.138264
2,4,VQC-circmean,1.0,11,0.133527
2,4,VQC-circmean,1.0,12,0.129667
2,4,VQC-circmean,1.0,13,0.126422
2,4,VQC-circmean,1.0,14,0.123631
2,4,VQC-circmean,1.0,15,0.121213
2,4,VQC-circmean,1.0,16,0.11914
2,4,VQC-circmean,1.0,17,0.117414
2,4,VQC-circmean,1.0,18,0.116041
2,4,VQC-circmean,1.0,19,0.115018
3,0,VQC-circmean,1.0,0,0.200113
3,0,VQC-circmean,1.0,1,0.16422
3,0,VQC-circmean,1.0,2,0.138292
3,0,VQC-circmean,1.0,3,0.119591
3,0,VQC-circmean,1.0,4,0.106557
3,0,VQC-circmean,1.0,5,0.097649
3,0,VQC-circmean,1.0,6,0.091569
3,0,VQC-circmean,1.0,7,0.087397
3,0,VQC-circmean,1.0,8,0.084516
3,0,VQC-circmean,1.0,9,0.082515
3,0,VQC-circmean,1.0,10,0.081121
3,0,VQC-circmean,1.0,11,0.080152
3,0,VQC-circmean,1.0,12,0.079485
3,0,VQC-circmean,1.0,13,0.079038
3,0,VQC-circmean,1.0,14,0.078749
3,0,VQC-circmean,1.0,15,0.078576
3,0,VQC-circmean,1.0,16,0.078486
3,0,VQC-circmean,1.0,17,0.078451
3,0,VQC-circmean,1.0,18,0.07845
3,0,VQC-circmean,1.0,19,0.078467
3,1,VQC-circmean,1.0,0,0.164607
3,1,VQC-circmean,1.0,1,0.140177
3,1,VQC-circmean,1.0,2,0.12461
3,1,VQC-circmean,1.0,3,0.112814
3,1,VQC-circmean,1.0,4,0.104121
3,1,VQC-circmean,1.0,5,0.097856
3,1,VQC-circmean,1.0,6,0.093384
3,1,VQC-circmean,1.0,7,0.090202
3,1,VQC-circmean,1.0,8,0.087941
3,1,VQC-circmean,1.0,9,0.086333
3,1,VQC-circmean,1.0,10,0.085192
3,1,VQC-circmean,1.0,11,0.084387
3,1,VQC-circmean,1.0,12,0.083827
3,1,VQC-circmean,1.0,13,0.083446
3,1,VQC-circmean,1.0,14,0.083198
3,1,VQC-circmean,1.0,15,0.083048
3,1,VQC-circmean,1.0,16,0.08297
3,1,VQC-circmean,1.0,17,0.082943
3,1,VQC-circmean,1.0,18,0.082953
3,1,VQC-circmean,1.0,19,0.08299
3,2,VQC-circmean,1.0,0,0.168171
3,2,VQC-circmean,1.0,1,0.142537
3,2,VQC-circmean,1.0,2,0.124922
3,2,VQC-circmean,1.0,3,0.111061
3,2,VQC-circmean,1.0,4,0.100602
3,2,VQC-circmean,1.0,5,0.093019
3,2,VQC-circmean,1.0,6,0.087633
3,2,VQC-circmean,1.0,7,0.08385
3,2,VQC-circmean,1.0,8,0.08122
3,2,VQC-circmean,1.0,9,0.079417
3,2,VQC-circmean,1.0,10,0.078209
3,2,VQC-circmean,1.0,11,0.077434
3,2,VQC-circmean,1.0,12,0.076976
3,2,VQC-circmean,1.0,13,0.076752
3,2,VQC-circmean,1.0,14,0.076696
3,2,VQC-circmean,1.0,15,0.076756
3,2,VQC-circmean,1.0,16,0.076889
3,2,VQC-circmean,1.0,17,0.07706
3,2,VQC-circmean,1.0,18,0.077241
3,2,VQC-circmean,1.0,19,0.077411
3,3,VQC-circmean,1.0,0,0.16458
3,3,VQC-circmean,1.0,1,0.149014
3,3,VQC-circmean,1.0,2,0.140709
3,3,VQC-circmean,1.0,3,0.134368
3,3,VQC-circmean,1.0,4,0.129849
3,3,VQC-circmean,1.0,5,0.12675
3,3,VQC-circmean,1.0,6,0.124631
3,3,VQC-circmean,1.0,7,0.123177
3,3,VQC-circmean,1.0,8,0.122178
3,3,VQC-circmean,1.0,9,0.121491
3,3,VQC-circmean,1.0,10,0.121022
3,3,VQC-circmean,1.0,11,0.120702
3,3,VQC-circmean,1.0,12,0.120487
3,3,VQC-circmean,1.0,13,0.120344
3,3,VQC-circmean,1.0,14,0.120247
3,3,VQC-circmean,1.0,15,0.12018
3,3,VQC-circmean,1.0,16,0.120124
3,3,VQC-circmean,1.0,17,0.120067
3,3,VQC-circmean,1.0,18,0.119994
3,3,VQC-circmean,1.0,19,0.119893
3,4,VQC-circmean,1.0,0,0.179682
3,4,VQC-circmean,1.0,1,0.153713
3,4,VQC-circmean,1.0,2,0.134567
3,4,VQC-circmean,1.0,3,0.12148
3,4,VQC-circmean,1.0,4,0.112705
3,4,VQC-circmean,1.0,5,0.106811
3,4,VQC-circmean,1.0,6,0.102773
3,4,VQC-circmean,1.0,7,0.099941
3,4,VQC-circmean,1.0,8,0.097911
3,4,VQC-circmean,1.0,9,0.096425
3,4,VQC-circmean,1.0,10,0.095315
3,4,VQC-circmean,1.0,11,0.094466
3,4,VQC-circmean,1.0,12,0.0938
3,4,VQC-circmean,1.0,13,0.09326
3,4,VQC-circmean,1.0,14,0.092807
3,4,VQC-circmean,1.0,15,0.092416
3,4,VQC-circmean,1.0,16,0.092067
3,4,VQC-circmean,1.0,17,0.091754
3,4,VQC-circmean,1.0,18,0.091472
3,4,VQC-circmean,1.0,19,0.091222
4,0,VQC-circmean,1.0,0,0.456397
4,0,VQC-circmean,1.0,1,0.422865
4,0,VQC-circmean,1.0,2,0.388321
4,0,VQC-circmean,1.0,3,0.354197
4,0,VQC-circmean,1.0,4,0.324418
4,0,VQC-circmean,1.0,5,0.300008
4,0,VQC-circmean,1.0,6,0.280512
4,0,VQC-circmean,1.0,7,0.265225
4,0,VQC-circmean,1.0,8,0.253278
4,0,VQC-circmean,1.0,9,0.243572
4,0,VQC-circmean,1.0,10,0.235111
4,0,VQC-circmean,1.0,11,0.227622
4,0,VQC-circmean,1.0,12,0.221384
4,0,VQC-circmean,1.0,13,0.216532
4,0,VQC-circmean,1.0,14,0.212968
4,0,VQC-circmean,1.0,15,0.210506
4,0,VQC-circmean,1.0,16,0.208939
4,0,VQC-circmean,1.0,17,0.208077
4,0,VQC-circmean,1.0,18,0.207756
4,0,VQC-circmean,1.0,19,0.20784
4,1,VQC-circmean,1.0,0,0.50356
4,1,VQC-circmean,1.0,1,0.460016
4,1,VQC-circmean,1.0,2,0.415117
4,1,VQC-circmean,1.0,3,0.373753
4,1,VQC-circmean,1.0,4,0.339234
4,1,VQC-circmean,1.0,5,0.311635
4,1,VQC-circmean,1.0,6,0.289949
4,1,VQC-circmean,1.0,7,0.273091
4,1,VQC-circmean,1.0,8,0.259904
4,1,VQC-circmean,1.0,9,0.249257
4,1,VQC-circmean,1.0,10,0.240369
4,1,VQC-circmean,1.0,11,0.232943
4,1,VQC-circmean,1.0,12,0.226909
4,1,VQC-circmean,1.0,13,0.222202
4,1,VQC-circmean,1.0,14,0.218698
4,1,VQC-circmean,1.0,15,0.216225
4,1,VQC-circmean,1.0,16,0.214599
4,1,VQC-circmean,1.0,17,0.213649
4,1,VQC-circmean,1.0,18,0.213223
4,1,VQC-circmean,1.0,19,0.213196
4,2,VQC-circmean,1.0,0,0.452899
4,2,VQC-circmean,1.0,1,0.411999
4,2,VQC-circmean,1.0,2,0.374246
4,2,VQC-circmean,1.0,3,0.340169
4,2,VQC-circmean,1.0,4,0.311975
4,2,VQC-circmean,1.0,5,0.289367
4,2,VQC-circmean,1.0,6,0.271352
4,2,VQC-circmean,1.0,7,0.257052
4,2,VQC-circmean,1.0,8,0.245711
4,2,VQC-circmean,1.0,9,0.236682
4,2,VQC-circmean,1.0,10,0.22954
4,2,VQC-circmean,1.0,11,0.224123
4,2,VQC-circmean,1.0,12,0.220223
4,2,VQC-circmean,1.0,13,0.217475
4,2,VQC-circmean,1.0,14,0.21556
4,2,VQC-circmean,1.0,15,0.214277
4,2,VQC-circmean,1.0,16,0.213493
4,2,VQC-circmean,1.0,17,0.21311
4,2,VQC-circmean,1.0,18,0.213044
4,2,VQC-circmean,1.0,19,0.213226
4,3,VQC-circmean,1.0,0,0.466436
4,3,VQC-circmean,1.0,1,0.43022
4,3,VQC-circmean,1.0,2,0.388397
4,3,VQC-circmean,1.0,3,0.350669
4,3,VQC-circmean,1.0,4,0.319944
4,3,VQC-circmean,1.0,5,0.295746
4,3,VQC-circmean,1.0,6,0.276861
4,3,VQC-circmean,1.0,7,0.262127
4,3,VQC-circmean,1.0,8,0.250406
4,3,VQC-circmean,1.0,9,0.240678
4,3,VQC-circmean,1.0,10,0.232335
4,3,VQC-circmean,1.0,11,0.225283
4,3,VQC-circmean,1.0,12,0.219559
4,3,VQC-circmean,1.0,13,0.21506
4,3,VQC-circmean,1.0,14,0.21161
4,3,VQC-circmean,1.0,15,0.209038
4,3,VQC-circmean,1.0,16,0.207202
4,3,VQC-circmean,1.0,17,0.205979
4,3,VQC-circmean,1.0,18,0.205262
4,3,VQC-circmean,1.0,19,0.204956
4,4,VQC-circmean,1.0,0,0.446865
4,4,VQC-circmean,1.0,1,0.399521
4,4,VQC-circmean,1.0,2,0.359615
4,4,VQC-circmean,1.0,3,0.327101
4,4,VQC-circmean,1.0,4,0.301039
4,4,VQC-circmean,1.0,5,0.280297
4,4,VQC-circmean,1.0,6,0.263828
4,4,VQC-circmean,1.0,7,0.250769
4,4,VQC-circmean,1.0,8,0.240234
4,4,VQC-circmean,1.0,9,0.231187
4,4,VQC-circmean,1.0,10,0.222925
4,4,VQC-circmean,1.0,11,0.215617
4,4,VQC-circmean,1.0,12,0.209702
4,4,VQC-circmean,1.0,13,0.205224
4,4,VQC-circmean,1.0,14,0.201974
4,4,VQC-circmean,1.0,15,0.19971
4,4,VQC-circmean,1.0,16,0.198224
4,4,VQC-circmean,1.0,17,0.197345
4,4,VQC-circmean,1.0,18,0.196934
4,4,VQC-circmean,1.0,19,0.196878
5,0,VQC-circmean,1.0,0,0.510247
5,0,VQC-circmean,1.0,1,0.467117
5,0,VQC-circmean,1.0,2,0.408365
5,0,VQC-circmean,1.0,3,0.354132
5,0,VQC-circmean,1.0,4,0.311428
5,0,VQC-circmean,1.0,5,0.279907
5,0,VQC-circmean,1.0,6,0.257037
5,0,VQC-circmean,1.0,7,0.240568
5,0,VQC-circmean,1.0,8,0.228746
5,0,VQC-circmean,1.0,9,0.220191
5,0,VQC-circmean,1.0,10,0.213833
5,0,VQC-circmean,1.0,11,0.208887
5,0,VQC-circmean,1.0,12,0.204818
5,0,VQC-circmean,1.0,13,0.201303
5,0,VQC-circmean,1.0,14,0.198174
5,0,VQC-circmean,1.0,15,0.195375
5,0,VQC-circmean,1.0,16,0.19291
5,0,VQC-circmean,1.0,17,0.190807
5,0,VQC-circmean,1.0,18,0.189088
5,0,VQC-circmean,1.0,19,0.187758
5,1,VQC-circmean,1.0,0,0.514166
5,1,VQC-circmean,1.0,1,0.475195
5,1,VQC-circmean,1.0,2,0.428392
5,1,VQC-circmean,1.0,3,0.384471
5,1,VQC-circmean,1.0,4,0.347078
5,1,VQC-circmean,1.0,5,0.316867
5,1,VQC-circmean,1.0,6,0.293016
5,1,VQC-circmean,1.0,7,0.274292
5,1,VQC-circmean,1.0,8,0.259515
5,1,VQC-circmean,1.0,9,0.247699
5,1,VQC-circmean,1.0,10,0.238077
5,1,VQC-circmean,1.0,11,0.230082
5,1,VQC-circmean,1.0,12,0.223323
5,1,VQC-circmean,1.0,13,0.217558
5,1,VQC-circmean,1.0,14,0.212643
5,1,VQC-circmean,1.0,15,0.208496
5,1,VQC-circmean,1.0,16,0.205055
5,1,VQC-circmean,1.0,17,0.202261
5,1,VQC-circmean,1.0,18,0.200049
5,1,VQC-circmean,1.0,19,0.19835
5,2,VQC-circmean,1.0,0,0.512025
5,2,VQC-circmean,1.0,1,0.484092
5,2,VQC-circmean,1.0,2,0.43903
5,2,VQC-circmean,1.0,3,0.390968
5,2,VQC-circmean,1.0,4,0.349816
5,2,VQC-circmean,1.0,5,0.318161
5,2,VQC-circmean,1.0,6,0.294596
5,2,VQC-circmean,1.0,7,0.277033
5,2,VQC-circmean,1.0,8,0.263798
5,2,VQC-circmean,1.0,9,0.253671
5,2,VQC-circmean,1.0,10,0.245749
5,2,VQC-circmean,1.0,11,0.239356
5,2,VQC-circmean,1.0,12,0.233994
5,2,VQC-circmean,1.0,13,0.229312
5,2,VQC-circmean,1.0,14,0.225085
5,2,VQC-circmean,1.0,15,0.22119
5,2,VQC-circmean,1.0,16,0.217578
5,2,VQC-circmean,1.0,17,0.214247
5,2,VQC-circmean,1.0,18,0.21122
5,2,VQC-circmean,1.0,19,0.208523
5,3,VQC-circmean,1.0,0,0.491163
5,3,VQC-circmean,1.0,1,0.463515
5,3,VQC-circmean,1.0,2,0.419168
5,3,VQC-circmean,1.0,3,0.373372
5,3,VQC-circmean,1.0,4,0.334617
5,3,VQC-circmean,1.0,5,0.304337
5,3,VQC-circmean,1.0,6,0.28108
5,3,VQC-circmean,1.0,7,0.263153
5,3,VQC-circmean,1.0,8,0.249209
5,3,VQC-circmean,1.0,9,0.238233
5,3,VQC-circmean,1.0,10,0.229456
5,3,VQC-circmean,1.0,11,0.222305
5,3,VQC-circmean,1.0,12,0.216371
5,3,VQC-circmean,1.0,13,0.211389
5,3,VQC-circmean,1.0,14,0.2072
5,3,VQC-circmean,1.0,15,0.20372
5,3,VQC-circmean,1.0,16,0.200898
5,3,VQC-circmean,1.0,17,0.198693
5,3,VQC-circmean,1.0,18,0.197058
5,3,VQC-circmean,1.0,19,0.195936
5,4,VQC-circmean,1.0,0,0.500218
5,4,VQC-circmean,1.0,1,0.474243
5,4,VQC-circmean,1.0,2,0.430736
5,4,VQC-circmean,1.0,3,0.382913
5,4,VQC-circmean,1.0,4,0.340465
5,4,VQC-circmean,1.0,5,0.306808
5,4,VQC-circmean,1.0,6,0.281083
5,4,VQC-circmean,1.0,7,0.261496
5,4,VQC-circmean,1.0,8,0.246557
5,4,VQC-circmean,1.0,9,0.235152
5,4,VQC-circmean,1.0,10,0.226377
5,4,VQC-circmean,1.0,11,0.219467
5,4,VQC-circmean,1.0,12,0.213843
5,4,VQC-circmean,1.0,13,0.209123
5,4,VQC-circmean,1.0,14,0.205086
5,4,VQC-circmean,1.0,15,0.201614
5,4,VQC-circmean,1.0,16,0.198656
5,4,VQC-circmean,1.0,17,0.196191
5,4,VQC-circmean,1.0,18,0.194213
5,4,VQC-circmean,1.0,19,0.192711
6,0,VQC-circmean,1.0,0,0.541444
6,0,VQC-circmean,1.0,1,0.529534
6,0,VQC-circmean,1.0,2,0.490111
6,0,VQC-circmean,1.0,3,0.439625
6,0,VQC-circmean,1.0,4,0.387619
6,0,VQC-circmean,1.0,5,0.338529
6,0,VQC-circmean,1.0,6,0.294541
6,0,VQC-circmean,1.0,7,0.256775
6,0,VQC-circmean,1.0,8,0.225774
6,0,VQC-circmean,1.0,9,0.201704
6,0,VQC-circmean,1.0,10,0.184462
6,0,VQC-circmean,1.0,11,0.173693
6,0,VQC-circmean,1.0,12,0.168753
6,0,VQC-circmean,1.0,13,0.168676
6,0,VQC-circmean,1.0,14,0.172258
6,0,VQC-circmean,1.0,15,0.178246
6,0,VQC-circmean,1.0,16,0.185543
6,0,VQC-circmean,1.0,17,0.193307
6,0,VQC-circmean,1.0,18,0.200963
6,0,VQC-circmean,1.0,19,0.208158
6,1,VQC-circmean,1.0,0,0.562622
6,1,VQC-circmean,1.0,1,0.546584
6,1,VQC-circmean,1.0,2,0.509689
6,1,VQC-circmean,1.0,3,0.460331
6,1,VQC-circmean,1.0,4,0.408679
6,1,VQC-circmean,1.0,5,0.359706
6,1,VQC-circmean,1.0,6,0.315665
6,1,VQC-circmean,1.0,7,0.277574
6,1,VQC-circmean,1.0,8,0.245894
6,1,VQC-circmean,1.0,9,0.220799
6,1,VQC-circmean,1.0,10,0.20221
6,1,VQC-circmean,1.0,11,0.189783
6,1,VQC-circmean,1.0,12,0.182932
6,1,VQC-circmean,1.0,13,0.180859
6,1,VQC-circmean,1.0,14,0.18261
6,1,VQC-circmean,1.0,15,0.187171
6,1,VQC-circmean,1.0,16,0.193579
6,1,VQC-circmean,1.0,17,0.200998
6,1,VQC-circmean,1.0,18,0.208772
6,1,VQC-circmean,1.0,19,0.216429
6,2,VQC-circmean,1.0,0,0.551841
6,2,VQC-circmean,1.0,1,0.539311
6,2,VQC-circmean,1.0,2,0.506507
6,2,VQC-circmean,1.0,3,0.463447
6,2,VQC-circmean,1.0,4,0.417732
6,2,VQC-circmean,1.0,5,0.372575
6,2,VQC-circmean,1.0,6,0.329817
6,2,VQC-circmean,1.0,7,0.290874
6,2,VQC-circmean,1.0,8,0.256849
6,2,VQC-circmean,1.0,9,0.228474
6,2,VQC-circmean,1.0,10,0.206141
6,2,VQC-circmean,1.0,11,0.189964
6,2,VQC-circmean,1.0,12,0.179781
6,2,VQC-circmean,1.0,13,0.175093
6,2,VQC-circmean,1.0,14,0.175047
6,2,VQC-circmean,1.0,15,0.178548
6,2,VQC-circmean,1.0,16,0.184468
6,2,VQC-circmean,1.0,17,0.1918
6,2,VQC-circmean,1.0,18,0.199744
6,2,VQC-circmean,1.0,19,0.207717
6,3,VQC-circmean,1.0,0,0.548351
6,3,VQC-circmean,1.0,1,0.532552
6,3,VQC-circmean,1.0,2,0.496146
6,3,VQC-circmean,1.0,3,0.446673
6,3,VQC-circmean,1.0,4,0.39415
6,3,VQC-circmean,1.0,5,0.343832
6,3,VQC-circmean,1.0,6,0.298093
6,3,VQC-circmean,1.0,7,0.258305
6,3,VQC-circmean,1.0,8,0.225473
6,3,VQC-circmean,1.0,9,0.200322
6,3,VQC-circmean,1.0,10,0.183194
6,3,VQC-circmean,1.0,11,0.173857
6,3,VQC-circmean,1.0,12,0.171373
6,3,VQC-circmean,1.0,13,0.17423
6,3,VQC-circmean,1.0,14,0.1807
6,3,VQC-circmean,1.0,15,0.189205
6,3,VQC-circmean,1.0,16,0.19852
6,3,VQC-circmean,1.0,17,0.207807
6,3,VQC-circmean,1.0,18,0.216566
6,3,VQC-circmean,1.0,19,0.224541
6,4,VQC-circmean,1.0,0,0.552795
6,4,VQC-circmean,1.0,1,0.542044
6,4,VQC-circmean,1.0,2,0.506343
6,4,VQC-circmean,1.0,3,0.458677
6,4,VQC-circmean,1.0,4,0.4094
6,4,VQC-circmean,1.0,5,0.36233
6,4,VQC-circmean,1.0,6,0.319023
6,4,VQC-circmean,1.0,7,0.280593
6,4,VQC-circmean,1.0,8,0.247957
6,4,VQC-circmean,1.0,9,0.22169
6,4,VQC-circmean,1.0,10,0.201968
6,4,VQC-circmean,1.0,11,0.188585
6,4,VQC-circmean,1.0,12,0.18098
6,4,VQC-circmean,1.0,13,0.178297
6,4,VQC-circmean,1.0,14,0.179497
6,4,VQC-circmean,1.0,15,0.183503
6,4,VQC-circmean,1.0,16,0.189327
6,4,VQC-circmean,1.0,17,0.196141
6,4,VQC-circmean,1.0,18,0.20331
6,4,VQC-circmean,1.0,19,0.210383
7,0,VQC-circmean,1.0,0,0.366436
7,0,VQC-circmean,1.0,1,0.247857
7,0,VQC-circmean,1.0,2,0.221278
7,0,VQC-circmean,1.0,3,0.201149
7,0,VQC-circmean,1.0,4,0.184532
7,0,VQC-circmean,1.0,5,0.171321
7,0,VQC-circmean,1.0,6,0.161545
7,0,VQC-circmean,1.0,7,0.154904
7,0,VQC-circmean,1.0,8,0.150441
7,0,VQC-circmean,1.0,9,0.146304
7,0,VQC-circmean,1.0,10,0.1412
7,0,VQC-circmean,1.0,11,0.135901
7,0,VQC-circmean,1.0,12,0.131507
7,0,VQC-circmean,1.0,13,0.128205
7,0,VQC-circmean,1.0,14,0.125774
7,0,VQC-circmean,1.0,15,0.123991
7,0,VQC-circmean,1.0,16,0.122693
7,0,VQC-circmean,1.0,17,0.121768
7,0,VQC-circmean,1.0,18,0.121133
7,0,VQC-circmean,1.0,19,0.120724
7,1,VQC-circmean,1.0,0,0.344602
7,1,VQC-circmean,1.0,1,0.244976
7,1,VQC-circmean,1.0,2,0.222171
7,1,VQC-circmean,1.0,3,0.203849
7,1,VQC-circmean,1.0,4,0.189692
7,1,VQC-circmean,1.0,5,0.179463
7,1,VQC-circmean,1.0,6,0.172647
7,1,VQC-circmean,1.0,7,0.168449
7,1,VQC-circmean,1.0,8,0.165196
7,1,VQC-circmean,1.0,9,0.160723
7,1,VQC-circmean,1.0,10,0.155102
7,1,VQC-circmean,1.0,11,0.150281
7,1,VQC-circmean,1.0,12,0.147038
7,1,VQC-circmean,1.0,13,0.14508
7,1,VQC-circmean,1.0,14,0.143993
7,1,VQC-circmean,1.0,15,0.143482
7,1,VQC-circmean,1.0,16,0.143355
7,1,VQC-circmean,1.0,17,0.143485
7,1,VQC-circmean,1.0,18,0.143784
7,1,VQC-circmean,1.0,19,0.144192
7,2,VQC-circmean,1.0,0,0.384001
7,2,VQC-circmean,1.0,1,0.261204
7,2,VQC-circmean,1.0,2,0.228193
7,2,VQC-circmean,1.0,3,0.202941
7,2,VQC-circmean,1.0,4,0.183309
7,2,VQC-circmean,1.0,5,0.168064
7,2,VQC-circmean,1.0,6,0.156671
7,2,VQC-circmean,1.0,7,0.148715
7,2,VQC-circmean,1.0,8,0.143594
7,2,VQC-circmean,1.0,9,0.140041
7,2,VQC-circmean,1.0,10,0.135958
7,2,VQC-circmean,1.0,11,0.130635
7,2,VQC-circmean,1.0,12,0.125592
7,2,VQC-circmean,1.0,13,0.121835
7,2,VQC-circmean,1.0,14,0.1193
7,2,VQC-circmean,1.0,15,0.117674
7,2,VQC-circmean,1.0,16,0.116697
7,2,VQC-circmean,1.0,17,0.116187
7,2,VQC-circmean,1.0,18,0.116014
7,2,VQC-circmean,1.0,19,0.116083
7,3,VQC-circmean,1.0,0,0.360336
7,3,VQC-circmean,1.0,1,0.283438
7,3,VQC-circmean,1.0,2,0.246588
7,3,VQC-circmean,1.0,3,0.218462
7,3,VQC-circmean,1.0,4,0.197327
7,3,VQC-circmean,1.0,5,0.181244
7,3,VQC-circmean,1.0,6,0.169084
7,3,VQC-circmean,1.0,7,0.160094
7,3,VQC-circmean,1.0,8,0.1537
7,3,VQC-circmean,1.0,9,0.149094
7,3,VQC-circmean,1.0,10,0.14521
7,3,VQC-circmean,1.0,11,0.141797
7,3,VQC-circmean,1.0,12,0.139058
7,3,VQC-circmean,1.0,13,0.137
7,3,VQC-circmean,1.0,14,0.135513
7,3,VQC-circmean,1.0,15,0.134481
7,3,VQC-circmean,1.0,16,0.133802
7,3,VQC-circmean,1.0,17,0.133396
7,3,VQC-circmean,1.0,18,0.133199
7,3,VQC-circmean,1.0,19,0.133159
7,4,VQC-circmean,1.0,0,0.38268
7,4,VQC-circmean,1.0,1,0.263939
7,4,VQC-circmean,1.0,2,0.234154
7,4,VQC-circmean,1.0,3,0.213701
7,4,VQC-circmean,1.0,4,0.19743
7,4,VQC-circmean,1.0,5,0.184357
7,4,VQC-circmean,1.0,6,0.174373
7,4,VQC-circmean,1.0,7,0.167159
7,4,VQC-circmean,1.0,8,0.16182
7,4,VQC-circmean,1.0,9,0.156748
7,4,VQC-circmean,1.0,10,0.150728
7,4,VQC-circmean,1.0,11,0.144426
7,4,VQC-circmean,1.0,12,0.13917
7,4,VQC-circmean,1.0,13,0.135381
7,4,VQC-circmean,1.0,14,0.132835
7,4,VQC-circmean,1.0,15,0.13121
7,4,VQC-circmean,1.0,16,0.130251
7,4,VQC-circmean,1.0,17,0.129773
7,4,VQC-circmean,1.0,18,0.129643
7,4,VQC-circmean,1.0,19,0.12976
8,0,VQC-circmean,1.0,0,0.440546
8,0,VQC-circmean,1.0,1,0.399953
8,0,VQC-circmean,1.0,2,0.350453
8,0,VQC-circmean,1.0,3,0.305956
8,0,VQC-circmean,1.0,4,0.269909
8,0,VQC-circmean,1.0,5,0.24175
8,0,VQC-circmean,1.0,6,0.220132
8,0,VQC-circmean,1.0,7,0.203774
8,0,VQC-circmean,1.0,8,0.191548
8,0,VQC-circmean,1.0,9,0.182452
8,0,VQC-circmean,1.0,10,0.175631
8,0,VQC-circmean,1.0,11,0.170408
8,0,VQC-circmean,1.0,12,0.166293
8,0,VQC-circmean,1.0,13,0.162964
8,0,VQC-circmean,1.0,14,0.160236
8,0,VQC-circmean,1.0,15,0.15802
8,0,VQC-circmean,1.0,16,0.156292
8,0,VQC-circmean,1.0,17,0.155048
8,0,VQC-circmean,1.0,18,0.154279
8,0,VQC-circmean,1.0,19,0.153948
8,1,VQC-circmean,1.0,0,0.366212
8,1,VQC-circmean,1.0,1,0.331011
8,1,VQC-circmean,1.0,2,0.29653
8,1,VQC-circmean,1.0,3,0.266084
8,1,VQC-circmean,1.0,4,0.241105
8,1,VQC-circmean,1.0,5,0.22121
8,1,VQC-circmean,1.0,6,0.205191
8,1,VQC-circmean,1.0,7,0.191907
8,1,VQC-circmean,1.0,8,0.180599
8,1,VQC-circmean,1.0,9,0.170863
8,1,VQC-circmean,1.0,10,0.162545
8,1,VQC-circmean,1.0,11,0.155607
8,1,VQC-circmean,1.0,12,0.150031
8,1,VQC-circmean,1.0,13,0.145745
8,1,VQC-circmean,1.0,14,0.142602
8,1,VQC-circmean,1.0,15,0.140404
8,1,VQC-circmean,1.0,16,0.13894
8,1,VQC-circmean,1.0,17,0.138027
8,1,VQC-circmean,1.0,18,0.137518
8,1,VQC-circmean,1.0,19,0.137307
8,2,VQC-circmean,1.0,0,0.398184
8,2,VQC-circmean,1.0,1,0.352219
8,2,VQC-circmean,1.0,2,0.307213
8,2,VQC-circmean,1.0,3,0.268557
8,2,VQC-circmean,1.0,4,0.238325
8,2,VQC-circmean,1.0,5,0.215284
8,2,VQC-circmean,1.0,6,0.19763
8,2,VQC-circmean,1.0,7,0.183895
8,2,VQC-circmean,1.0,8,0.173058
8,2,VQC-circmean,1.0,9,0.164445
8,2,VQC-circmean,1.0,10,0.157616
8,2,VQC-circmean,1.0,11,0.152281
8,2,VQC-circmean,1.0,12,0.148221
8,2,VQC-circmean,1.0,13,0.145239
8,2,VQC-circmean,1.0,14,0.143135
8,2,VQC-circmean,1.0,15,0.141711
8,2,VQC-circmean,1.0,16,0.140795
8,2,VQC-circmean,1.0,17,0.140253
8,2,VQC-circmean,1.0,18,0.139992
8,2,VQC-circmean,1.0,19,0.139951
8,3,VQC-circmean,1.0,0,0.366019
8,3,VQC-circmean,1.0,1,0.332721
8,3,VQC-circmean,1.0,2,0.29478
8,3,VQC-circmean,1.0,3,0.26037
8,3,VQC-circmean,1.0,4,0.233245
8,3,VQC-circmean,1.0,5,0.212964
8,3,VQC-circmean,1.0,6,0.197986
8,3,VQC-circmean,1.0,7,0.186746
8,3,VQC-circmean,1.0,8,0.178013
8,3,VQC-circmean,1.0,9,0.170981
8,3,VQC-circmean,1.0,10,0.165194
8,3,VQC-circmean,1.0,11,0.160419
8,3,VQC-circmean,1.0,12,0.156528
8,3,VQC-circmean,1.0,13,0.153427
8,3,VQC-circmean,1.0,14,0.15102
8,3,VQC-circmean,1.0,15,0.149204
8,3,VQC-circmean,1.0,16,0.147879
8,3,VQC-circmean,1.0,17,0.146945
8,3,VQC-circmean,1.0,18,0.146318
8,3,VQC-circmean,1.0,19,0.145926
8,4,VQC-circmean,1.0,0,0.412246
8,4,VQC-circmean,1.0,1,0.374827
8,4,VQC-circmean,1.0,2,0.331336
8,4,VQC-circmean,1.0,3,0.291431
8,4,VQC-circmean,1.0,4,0.258636
8,4,VQC-circmean,1.0,5,0.232771
8,4,VQC-circmean,1.0,6,0.212567
8,4,VQC-circmean,1.0,7,0.196737
8,4,VQC-circmean,1.0,8,0.184239
8,4,VQC-circmean,1.0,9,0.17427
8,4,VQC-circmean,1.0,10,0.166218
8,4,VQC-circmean,1.0,11,0.159637
8,4,VQC-circmean,1.0,12,0.154238
8,4,VQC-circmean,1.0,13,0.149857
8,4,VQC-circmean,1.0,14,0.146409
8,4,VQC-circmean,1.0,15,0.143834
8,4,VQC-circmean,1.0,16,0.142061
8,4,VQC-circmean,1.0,17,0.140986
8,4,VQC-circmean,1.0,18,0.14048
8,4,VQC-circmean,1.0,19,0.140409
9,0,VQC-circmean,1.0,0,0.629491
9,0,VQC-circmean,1.0,1,0.60798
9,0,VQC-circmean,1.0,2,0.574051
9,0,VQC-circmean,1.0,3,0.532529
9,0,VQC-circmean,1.0,4,0.489079
9,0,VQC-circmean,1.0,5,0.448733
9,0,VQC-circmean,1.0,6,0.414444
9,0,VQC-circmean,1.0,7,0.386805
9,0,VQC-circmean,1.0,8,0.365001
9,0,VQC-circmean,1.0,9,0.347799
9,0,VQC-circmean,1.0,10,0.334041
9,0,VQC-circmean,1.0,11,0.32278
9,0,VQC-circmean,1.0,12,0.313284
9,0,VQC-circmean,1.0,13,0.305005
9,0,VQC-circmean,1.0,14,0.297558
9,0,VQC-circmean,1.0,15,0.290699
9,0,VQC-circmean,1.0,16,0.284304
9,0,VQC-circmean,1.0,17,0.278344
9,0,VQC-circmean,1.0,18,0.272847
9,0,VQC-circmean,1.0,19,0.267874
9,1,VQC-circmean,1.0,0,0.648575
9,1,VQC-circmean,1.0,1,0.619104
9,1,VQC-circmean,1.0,2,0.580378
9,1,VQC-circmean,1.0,3,0.535531
9,1,VQC-circmean,1.0,4,0.490512
9,1,VQC-circmean,1.0,5,0.450212
9,1,VQC-circmean,1.0,6,0.41693
9,1,VQC-circmean,1.0,7,0.390534
9,1,VQC-circmean,1.0,8,0.369725
9,1,VQC-circmean,1.0,9,0.353053
9,1,VQC-circmean,1.0,10,0.339333
9,1,VQC-circmean,1.0,11,0.327697
9,1,VQC-circmean,1.0,12,0.317549
9,1,VQC-circmean,1.0,13,0.308495
9,1,VQC-circmean,1.0,14,0.3003
9,1,VQC-circmean,1.0,15,0.29285
9,1,VQC-circmean,1.0,16,0.286121
9,1,VQC-circmean,1.0,17,0.28014
9,1,VQC-circmean,1.0,18,0.274956
9,1,VQC-circmean,1.0,19,0.270604
9,2,VQC-circmean,1.0,0,0.628873
9,2,VQC-circmean,1.0,1,0.604521
9,2,VQC-circmean,1.0,2,0.565263
9,2,VQC-circmean,1.0,3,0.519642
9,2,VQC-circmean,1.0,4,0.47514
9,2,VQC-circmean,1.0,5,0.43626
9,2,VQC-circmean,1.0,6,0.404423
9,2,VQC-circmean,1.0,7,0.378943
9,2,VQC-circmean,1.0,8,0.358347
9,2,VQC-circmean,1.0,9,0.341218
9,2,VQC-circmean,1.0,10,0.32652
9,2,VQC-circmean,1.0,11,0.313627
9,2,VQC-circmean,1.0,12,0.302245
9,2,VQC-circmean,1.0,13,0.292306
9,2,VQC-circmean,1.0,14,0.283839
9,2,VQC-circmean,1.0,15,0.276853
9,2,VQC-circmean,1.0,16,0.271274
9,2,VQC-circmean,1.0,17,0.266952
9,2,VQC-circmean,1.0,18,0.263697
9,2,VQC-circmean,1.0,19,0.261325
9,3,VQC-circmean,1.0,0,0.642144
9,3,VQC-circmean,1.0,1,0.615066
9,3,VQC-circmean,1.0,2,0.574834
9,3,VQC-circmean,1.0,3,0.529453
9,3,VQC-circmean,1.0,4,0.485553
9,3,VQC-circmean,1.0,5,0.447419
9,3,VQC-circmean,1.0,6,0.416393
9,3,VQC-circmean,1.0,7,0.391723
9,3,VQC-circmean,1.0,8,0.371913
9,3,VQC-circmean,1.0,9,0.355545
9,3,VQC-circmean,1.0,10,0.341565
9,3,VQC-circmean,1.0,11,0.329296
9,3,VQC-circmean,1.0,12,0.318371
9,3,VQC-circmean,1.0,13,0.308631
9,3,VQC-circmean,1.0,14,0.300053
9,3,VQC-circmean,1.0,15,0.292669
9,3,VQC-circmean,1.0,16,0.286505
9,3,VQC-circmean,1.0,17,0.281511
9,3,VQC-circmean,1.0,18,0.277565
9,3,VQC-circmean,1.0,19,0.274513
9,4,VQC-circmean,1.0,0,0.617619
9,4,VQC-circmean,1.0,1,0.599106
9,4,VQC-circmean,1.0,2,0.567246
9,4,VQC-circmean,1.0,3,0.529007
9,4,VQC-circmean,1.0,4,0.489053
9,4,VQC-circmean,1.0,5,0.451467
9,4,VQC-circmean,1.0,6,0.418695
9,4,VQC-circmean,1.0,7,0.391264
9,4,VQC-circmean,1.0,8,0.368539
9,4,VQC-circmean,1.0,9,0.349529
9,4,VQC-circmean,1.0,10,0.333318
9,4,VQC-circmean,1.0,11,0.319222
9,4,VQC-circmean,1.0,12,0.306798
9,4,VQC-circmean,1.0,13,0.295807
9,4,VQC-circmean,1.0,14,0.286153
9,4,VQC-circmean,1.0,15,0.27782
9,4,VQC-circmean,1.0,16,0.270808
9,4,VQC-circmean,1.0,17,0.265086
9,4,VQC-circmean,1.0,18,0.260568
9,4,VQC-circmean,1.0,19,0.257124
0,0,VQC-circmean,100,0,0.124482
0,0,VQC-circmean,100,1,0.103833
0,0,VQC-circmean,100,2,0.081934
0,0,VQC-circmean,100,3,0.065288
0,0,VQC-circmean,100,4,0.054147
0,0,VQC-circmean,100,5,0.046821
0,0,VQC-circmean,100,6,0.041836
0,0,VQC-circmean,100,7,0.038347
0,0,VQC-circmean,100,8,0.035898
0,0,VQC-circmean,100,9,0.034204
0,0,VQC-circmean,100,10,0.033062
0,0,VQC-circmean,100,11,0.032321
0,0,VQC-circmean,100,12,0.031872
0,0,VQC-circmean,100,13,0.031637
0,0,VQC-circmean,100,14,0.031558
0,0,VQC-circmean,100,15,0.031598
0,0,VQC-circmean,100,16,0.031728
0,0,VQC-circmean,100,17,0.031924
0,0,VQC-circmean,100,18,0.032168
0,0,VQC-circmean,100,19,0.032445
0,1,VQC-circmean,100,0,0.067348
0,1,VQC-circmean,100,1,0.05566
0,1,VQC-circmean,100,2,0.049201
0,1,VQC-circmean,100,3,0.043347
0,1,VQC-circmean,100,4,0.039374
0,1,VQC-circmean,100,5,0.037006
0,1,VQC-circmean,100,6,0.035494
0,1,VQC-circmean,100,7,0.034446
0,1,VQC-circmean,100,8,0.033701
0,1,VQC-circmean,100,9,0.033182
0,1,VQC-circmean,100,10,0.03284
0,1,VQC-circmean,100,11,0.032635
0,1,VQC-circmean,100,12,0.032532
0,1,VQC-circmean,100,13,0.032503
0,1,VQC-circmean,100,14,0.032525
0,1,VQC-circmean,100,15,0.032579
0,1,VQC-circmean,100,16,0.032652
0,1,VQC-circmean,100,17,0.032732
0,1,VQC-circmean,100,18,0.03281
0,1,VQC-circmean,100,19,0.032882
0,2,VQC-circmean,100,0,0.109311
0,2,VQC-circmean,100,1,0.093149
0,2,VQC-circmean,100,2,0.07782
0,2,VQC-circmean,100,3,0.068037
0,2,VQC-circmean,100,4,0.061201
0,2,VQC-circmean,100,5,0.056044
0,2,VQC-circmean,100,6,0.052071
0,2,VQC-circmean,100,7,0.049032
0,2,VQC-circmean,100,8,0.046746
0,2,VQC-circmean,100,9,0.045054
0,2,VQC-circmean,100,10,0.043813
0,2,VQC-circmean,100,11,0.042905
0,2,VQC-circmean,100,12,0.042239
0,2,VQC-circmean,100,13,0.041747
0,2,VQC-circmean,100,14,0.04138
0,2,VQC-circmean,100,15,0.041105
0,2,VQC-circmean,100,16,0.0409
0,2,VQC-circmean,100,17,0.040751
0,2,VQC-circmean,100,18,0.040651
0,2,VQC-circmean,100,19,0.040592
0,3,VQC-circmean,100,0,0.093975
0,3,VQC-circmean,100,1,0.064499
0,3,VQC-circmean,100,2,0.049218
0,3,VQC-circmean,100,3,0.041557
0,3,VQC-circmean,100,4,0.037418
0,3,VQC-circmean,100,5,0.035106
0,3,VQC-circmean,100,6,0.03375
0,3,VQC-circmean,100,7,0.032922
0,3,VQC-circmean,100,8,0.032433
0,3,VQC-circmean,100,9,0.032183
0,3,VQC-circmean,100,10,0.032099
0,3,VQC-circmean,100,11,0.032122
0,3,VQC-circmean,100,12,0.032208
0,3,VQC-circmean,100,13,0.03233
0,3,VQC-circmean,100,14,0.03247
0,3,VQC-circmean,100,15,0.032618
0,3,VQC-circmean,100,16,0.032767
0,3,VQC-circmean,100,17,0.032914
0,3,VQC-circmean,100,18,0.033054
0,3,VQC-circmean,100,19,0.033184
0,4,VQC-circmean,100,0,0.101612
0,4,VQC-circmean,100,1,0.083877
0,4,VQC-circmean,100,2,0.073554
0,4,VQC-circmean,100,3,0.066015
0,4,VQC-circmean,100,4,0.060324
0,4,VQC-circmean,100,5,0.056137
0,4,VQC-circmean,100,6,0.05298
0,4,VQC-circmean,100,7,0.05056
0,4,VQC-circmean,100,8,0.048735
0,4,VQC-circmean,100,9,0.047435
0,4,VQC-circmean,100,10,0.046612
0,4,VQC-circmean,100,11,0.046212
0,4,VQC-circmean,100,12,0.046168
0,4,VQC-circmean,100,13,0.046412
0,4,VQC-circmean,100,14,0.04688
0,4,VQC-circmean,100,15,0.047503
0,4,VQC-circmean,100,16,0.04821
0,4,VQC-circmean,100,17,0.04894
0,4,VQC-circmean,100,18,0.049651
0,4,VQC-circmean,100,19,0.050315
1,0,VQC-circmean,100,0,0.072179
1,0,VQC-circmean,100,1,0.050228
1,0,VQC-circmean,100,2,0.051599
1,0,VQC-circmean,100,3,0.053662
1,0,VQC-circmean,100,4,0.053886
1,0,VQC-circmean,100,5,0.053109
1,0,VQC-circmean,100,6,0.052128
1,0,VQC-circmean,100,7,0.051243
1,0,VQC-circmean,100,8,0.050503
1,0,VQC-circmean,100,9,0.049869
1,0,VQC-circmean,100,10,0.049283
1,0,VQC-circmean,100,11,0.048695
1,0,VQC-circmean,100,12,0.048073
1,0,VQC-circmean,100,13,0.047402
1,0,VQC-circmean,100,14,0.046684
1,0,VQC-circmean,100,15,0.045935
1,0,VQC-circmean,100,16,0.045178
1,0,VQC-circmean,100,17,0.04444
1,0,VQC-circmean,100,18,0.043745
1,0,VQC-circmean,100,19,0.043112
1,1,VQC-circmean,100,0,0.086074
1,1,VQC-circmean,100,1,0.058187
1,1,VQC-circmean,100,2,0.054742
1,1,VQC-circmean,100,3,0.058393
1,1,VQC-circmean,100,4,0.060248
1,1,VQC-circmean,100,5,0.060163
1,1,VQC-circmean,100,6,0.059249
1,1,VQC-circmean,100,7,0.058104
1,1,VQC-circmean,100,8,0.056965
1,1,VQC-circmean,100,9,0.055909
1,1,VQC-circmean,100,10,0.054953
1,1,VQC-circmean,100,11,0.054091
1,1,VQC-circmean,100,12,0.05331
1,1,VQC-circmean,100,13,0.052591
1,1,VQC-circmean,100,14,0.051912
1,1,VQC-circmean,100,15,0.051254
1,1,VQC-circmean,100,16,0.050609
1,1,VQC-circmean,100,17,0.049979
1,1,VQC-circmean,100,18,0.049379
1,1,VQC-circmean,100,19,0.048828
1,2,VQC-circmean,100,0,0.053062
1,2,VQC-circmean,100,1,0.051488
1,2,VQC-circmean,100,2,0.049909
1,2,VQC-circmean,100,3,0.051696
1,2,VQC-circmean,100,4,0.052607
1,2,VQC-circmean,100,5,0.052312
1,2,VQC-circmean,100,6,0.051594
1,2,VQC-circmean,100,7,0.050984
1,2,VQC-circmean,100,8,0.0507
1,2,VQC-circmean,100,9,0.050779
1,2,VQC-circmean,100,10,0.051153
1,2,VQC-circmean,100,11,0.051708
1,2,VQC-circmean,100,12,0.052323
1,2,VQC-circmean,100,13,0.052896
1,2,VQC-circmean,100,14,0.053367
1,2,VQC-circmean,100,15,0.053715
1,2,VQC-circmean,100,16,0.053956
1,2,VQC-circmean,100,17,0.054117
1,2,VQC-circmean,100,18,0.05423
1,2,VQC-circmean,100,19,0.054319
1,3,VQC-circmean,100,0,0.065567
1,3,VQC-circmean,100,1,0.057253
1,3,VQC-circmean,100,2,0.060936
1,3,VQC-circmean,100,3,0.060244
1,3,VQC-circmean,100,4,0.057085
1,3,VQC-circmean,100,5,0.05333
1,3,VQC-circmean,100,6,0.049981
1,3,VQC-circmean,100,7,0.047329
1,3,VQC-circmean,100,8,0.045376
1,3,VQC-circmean,100,9,0.04402
1,3,VQC-circmean,100,10,0.043133
1,3,VQC-circmean,100,11,0.042594
1,3,VQC-circmean,100,12,0.042309
1,3,VQC-circmean,100,13,0.042209
1,3,VQC-circmean,100,14,0.04225
1,3,VQC-circmean,100,15,0.042397
1,3,VQC-circmean,100,16,0.042621
1,3,VQC-circmean,100,17,0.042893
1,3,VQC-circmean,100,18,0.043182
1,3,VQC-circmean,100,19,0.043468
1,4,VQC-circmean,100,0,0.104978
1,4,VQC-circmean,100,1,0.076444
1,4,VQC-circmean,100,2,0.073231
1,4,VQC-circmean,100,3,0.072381
1,4,VQC-circmean,100,4,0.070123
1,4,VQC-circmean,100,5,0.066885
1,4,VQC-circmean,100,6,0.063486
1,4,VQC-circmean,100,7,0.060412
1,4,VQC-circmean,100,8,0.057859
1,4,VQC-circmean,100,9,0.055862
1,4,VQC-circmean,100,10,0.054368
1,4,VQC-circmean,100,11,0.053289
1,4,VQC-circmean,100,12,0.052533
1,4,VQC-circmean,100,13,0.052017
1,4,VQC-circmean,100,14,0.051679
1,4,VQC-circmean,100,15,0.051472
1,4,VQC-circmean,100,16,0.051362
1,4,VQC-circmean,100,17,0.051322
1,4,VQC-circmean,100,18,0.051332
1,4,VQC-circmean,100,19,0.051374
2,0,VQC-circmean,100,0,0.117693
2,0,VQC-circmean,100,1,0.069187
2,0,VQC-circmean,100,2,0.060814
2,0,VQC-circmean,100,3,0.059681
2,0,VQC-circmean,100,4,0.058798
2,0,VQC-circmean,100,5,0.058037
2,0,VQC-circmean,100,6,0.057483
2,0,VQC-circmean,100,7,0.057063
2,0,VQC-circmean,100,8,0.056673
2,0,VQC-circmean,100,9,0.056242
2,0,VQC-circmean,100,10,0.05574
2,0,VQC-circmean,100,11,0.055169
2,0,VQC-circmean,100,12,0.054556
2,0,VQC-circmean,100,13,0.053942
2,0,VQC-circmean,100,14,0.053371
2,0,VQC-circmean,100,15,0.052881
2,0,VQC-circmean,100,16,0.052492
2,0,VQC-circmean,100,17,0.052205
2,0,VQC-circmean,100,18,0.052008
2,0,VQC-circmean,100,19,0.051882
2,1,VQC-circmean,100,0,0.087665
2,1,VQC-circmean,100,1,0.055585
2,1,VQC-circmean,100,2,0.062375
2,1,VQC-circmean,100,3,0.062723
2,1,VQC-circmean,100,4,0.061317
2,1,VQC-circmean,100,5,0.059898
2,1,VQC-circmean,100,6,0.058917
2,1,VQC-circmean,100,7,0.058338
2,1,VQC-circmean,100,8,0.057989
2,1,VQC-circmean,100,9,0.057719
2,1,VQC-circmean,100,10,0.057434
2,1,VQC-circmean,100,11,0.057099
2,1,VQC-circmean,100,12,0.056719
2,1,VQC-circmean,100,13,0.05632
2,1,VQC-circmean,100,14,0.055928
2,1,VQC-circmean,100,15,0.055562
2,1,VQC-circmean,100,16,0.055223
2,1,VQC-circmean,100,17,0.054905
2,1,VQC-circmean,100,18,0.054594
2,1,VQC-circmean,100,19,0.054281
2,2,VQC-circmean,100,0,0.101978
2,2,VQC-circmean,100,1,0.0613
2,2,VQC-circmean,100,2,0.057135
2,2,VQC-circmean,100,3,0.054649
2,2,VQC-circmean,100,4,0.051892
2,2,VQC-circmean,100,5,0.049808
2,2,VQC-circmean,100,6,0.048527
2,2,VQC-circmean,100,7,0.047805
2,2,VQC-circmean,100,8,0.047364
2,2,VQC-circmean,100,9,0.047002
2,2,VQC-circmean,100,10,0.046598
2,2,VQC-circmean,100,11,0.046092
2,2,VQC-circmean,100,12,0.045474
2,2,VQC-circmean,100,13,0.044769
2,2,VQC-circmean,100,14,0.044022
2,2,VQC-circmean,100,15,0.043283
2,2,VQC-circmean,100,16,0.042595
2,2,VQC-circmean,100,17,0.04198
2,2,VQC-circmean,100,18,0.041449
2,2,VQC-circmean,100,19,0.040998
2,3,VQC-circmean,100,0,0.085084
2,3,VQC-circmean,100,1,0.043772
2,3,VQC-circmean,100,2,0.03824
2,3,VQC-circmean,100,3,0.037656
2,3,VQC-circmean,100,4,0.037214
2,3,VQC-circmean,100,5,0.036872
2,3,VQC-circmean,100,6,0.036717
2,3,VQC-circmean,100,7,0.036738
2,3,VQC-circmean,100,8,0.036866
2,3,VQC-circmean,100,9,0.037028
2,3,VQC-circmean,100,10,0.037176
2,3,VQC-circmean,100,11,0.037286
2,3,VQC-circmean,100,12,0.037359
2,3,VQC-circmean,100,13,0.037414
2,3,VQC-circmean,100,14,0.037474
2,3,VQC-circmean,100,15,0.037566
2,3,VQC-circmean,100,16,0.037707
2,3,VQC-circmean,100,17,0.037905
2,3,VQC-circmean,100,18,0.038154
2,3,VQC-circmean,100,19,0.038441
2,4,VQC-circmean,100,0,0.124385
2,4,VQC-circmean,100,1,0.055262
2,4,VQC-circmean,100,2,0.052189
2,4,VQC-circmean,100,3,0.057097
2,4,VQC-circmean,100,4,0.060569
2,4,VQC-circmean,100,5,0.062787
2,4,VQC-circmean,100,6,0.064245
2,4,VQC-circmean,100,7,0.065267
2,4,VQC-circmean,100,8,0.066022
2,4,VQC-circmean,100,9,0.066589
2,4,VQC-circmean,100,10,0.066998
2,4,VQC-circmean,100,11,0.067258
2,4,VQC-circmean,100,12,0.06737
2,4,VQC-circmean,100,13,0.067341
2,4,VQC-circmean,100,14,0.067186
2,4,VQC-circmean,100,15,0.066934
2,4,VQC-circmean,100,16,0.066614
2,4,VQC-circmean,100,17,0.066255
2,4,VQC-circmean,100,18,0.065876
2,4,VQC-circmean,100,19,0.065489
3,0,VQC-circmean,100,0,0.12227
3,0,VQC-circmean,100,1,0.087539
3,0,VQC-circmean,100,2,0.076784
3,0,VQC-circmean,100,3,0.072503
3,0,VQC-circmean,100,4,0.070222
3,0,VQC-circmean,100,5,0.068766
3,0,VQC-circmean,100,6,0.067783
3,0,VQC-circmean,100,7,0.067116
3,0,VQC-circmean,100,8,0.066664
3,0,VQC-circmean,100,9,0.066356
3,0,VQC-circmean,100,10,0.066139
3,0,VQC-circmean,100,11,0.065982
3,0,VQC-circmean,100,12,0.06586
3,0,VQC-circmean,100,13,0.065762
3,0,VQC-circmean,100,14,0.06568
3,0,VQC-circmean,100,15,0.06561
3,0,VQC-circmean,100,16,0.06555
3,0,VQC-circmean,100,17,0.0655
3,0,VQC-circmean,100,18,0.065454
3,0,VQC-circmean,100,19,0.065403
3,1,VQC-circmean,100,0,0.092383
3,1,VQC-circmean,100,1,0.065883
3,1,VQC-circmean,100,2,0.058091
3,1,VQC-circmean,100,3,0.055704
3,1,VQC-circmean,100,4,0.054406
3,1,VQC-circmean,100,5,0.053151
3,1,VQC-circmean,100,6,0.051907
3,1,VQC-circmean,100,7,0.050784
3,1,VQC-circmean,100,8,0.049838
3,1,VQC-circmean,100,9,0.049067
3,1,VQC-circmean,100,10,0.048446
3,1,VQC-circmean,100,11,0.047937
3,1,VQC-circmean,100,12,0.047509
3,1,VQC-circmean,100,13,0.047134
3,1,VQC-circmean,100,14,0.04679
3,1,VQC-circmean,100,15,0.046466
3,1,VQC-circmean,100,16,0.046157
3,1,VQC-circmean,100,17,0.045868
3,1,VQC-circmean,100,18,0.045621
3,1,VQC-circmean,100,19,0.045449
3,2,VQC-circmean,100,0,0.083754
3,2,VQC-circmean,100,1,0.072634
3,2,VQC-circmean,100,2,0.066515
3,2,VQC-circmean,100,3,0.063194
3,2,VQC-circmean,100,4,0.061413
3,2,VQC-circmean,100,5,0.060385
3,2,VQC-circmean,100,6,0.059742
3,2,VQC-circmean,100,7,0.059323
3,2,VQC-circmean,100,8,0.059042
3,2,VQC-circmean,100,9,0.058841
3,2,VQC-circmean,100,10,0.058679
3,2,VQC-circmean,100,11,0.05852
3,2,VQC-circmean,100,12,0.058337
3,2,VQC-circmean,100,13,0.058109
3,2,VQC-circmean,100,14,0.057817
3,2,VQC-circmean,100,15,0.057447
3,2,VQC-circmean,100,16,0.05699
3,2,VQC-circmean,100,17,0.056441
3,2,VQC-circmean,100,18,0.055805
3,2,VQC-circmean,100,19,0.055091
3,3,VQC-circmean,100,0,0.11678
3,3,VQC-circmean,100,1,0.091377
3,3,VQC-circmean,100,2,0.079602
3,3,VQC-circmean,100,3,0.073595
3,3,VQC-circmean,100,4,0.069672
3,3,VQC-circmean,100,5,0.066729
3,3,VQC-circmean,100,6,0.064481
3,3,VQC-circmean,100,7,0.062804
3,3,VQC-circmean,100,8,0.061582
3,3,VQC-circmean,100,9,0.060704
3,3,VQC-circmean,100,10,0.060071
3,3,VQC-circmean,100,11,0.059609
3,3,VQC-circmean,100,12,0.059257
3,3,VQC-circmean,100,13,0.058975
3,3,VQC-circmean,100,14,0.058731
3,3,VQC-circmean,100,15,0.058504
3,3,VQC-circmean,100,16,0.058279
3,3,VQC-circmean,100,17,0.058045
3,3,VQC-circmean,100,18,0.057795
3,3,VQC-circmean,100,19,0.057529
3,4,VQC-circmean,100,0,0.120269
3,4,VQC-circmean,100,1,0.089767
3,4,VQC-circmean,100,2,0.077142
3,4,VQC-circmean,100,3,0.071352
3,4,VQC-circmean,100,4,0.068308
3,4,VQC-circmean,100,5,0.066419
3,4,VQC-circmean,100,6,0.065146
3,4,VQC-circmean,100,7,0.064285
3,4,VQC-circmean,100,8,0.063728
3,4,VQC-circmean,100,9,0.063397
3,4,VQC-circmean,100,10,0.063233
3,4,VQC-circmean,100,11,0.06319
3,4,VQC-circmean,100,12,0.063234
3,4,VQC-circmean,100,13,0.06334
3,4,VQC-circmean,100,14,0.063486
3,4,VQC-circmean,100,15,0.063655
3,4,VQC-circmean,100,16,0.06383
3,4,VQC-circmean,100,17,0.06399
3,4,VQC-circmean,100,18,0.064112
3,4,VQC-circmean,100,19,0.064171
4,0,VQC-circmean,100,0,0.12366
4,0,VQC-circmean,100,1,0.07757
4,0,VQC-circmean,100,2,0.054146
4,0,VQC-circmean,100,3,0.044405
4,0,VQC-circmean,100,4,0.040639
4,0,VQC-circmean,100,5,0.039481
4,0,VQC-circmean,100,6,0.039649
4,0,VQC-circmean,100,7,0.040596
4,0,VQC-circmean,100,8,0.041637
4,0,VQC-circmean,100,9,0.042147
4,0,VQC-circmean,100,10,0.042159
4,0,VQC-circmean,100,11,0.042102
4,0,VQC-circmean,100,12,0.042275
4,0,VQC-circmean,100,13,0.042717
4,0,VQC-circmean,100,14,0.043339
4,0,VQC-circmean,100,15,0.044034
4,0,VQC-circmean,100,16,0.044728
4,0,VQC-circmean,100,17,0.045379
4,0,VQC-circmean,100,18,0.045965
4,0,VQC-circmean,100,19,0.046483
4,1,VQC-circmean,100,0,0.100945
4,1,VQC-circmean,100,1,0.056009
4,1,VQC-circmean,100,2,0.039505
4,1,VQC-circmean,100,3,0.035322
4,1,VQC-circmean,100,4,0.034233
4,1,VQC-circmean,100,5,0.03374
4,1,VQC-circmean,100,6,0.033519
4,1,VQC-circmean,100,7,0.033501
4,1,VQC-circmean,100,8,0.033564
4,1,VQC-circmean,100,9,0.033644
4,1,VQC-circmean,100,10,0.033772
4,1,VQC-circmean,100,11,0.033966
4,1,VQC-circmean,100,12,0.0342
4,1,VQC-circmean,100,13,0.034449
4,1,VQC-circmean,100,14,0.0347
4,1,VQC-circmean,100,15,0.034945
4,1,VQC-circmean,100,16,0.03518
4,1,VQC-circmean,100,17,0.035402
4,1,VQC-circmean,100,18,0.03561
4,1,VQC-circmean,100,19,0.035801
4,2,VQC-circmean,100,0,0.128256
4,2,VQC-circmean,100,1,0.067917
4,2,VQC-circmean,100,2,0.043636
4,2,VQC-circmean,100,3,0.036317
4,2,VQC-circmean,100,4,0.035093
4,2,VQC-circmean,100,5,0.035719
4,2,VQC-circmean,100,6,0.036789
4,2,VQC-circmean,100,7,0.037943
4,2,VQC-circmean,100,8,0.039206
4,2,VQC-circmean,100,9,0.040705
4,2,VQC-circmean,100,10,0.042399
4,2,VQC-circmean,100,11,0.044044
4,2,VQC-circmean,100,12,0.04543
4,2,VQC-circmean,100,13,0.0465
4,2,VQC-circmean,100,14,0.047298
4,2,VQC-circmean,100,15,0.047889
4,2,VQC-circmean,100,16,0.04833
4,2,VQC-circmean,100,17,0.048663
4,2,VQC-circmean,100,18,0.048919
4,2,VQC-circmean,100,19,0.049118
4,3,VQC-circmean,100,0,0.108904
4,3,VQC-circmean,100,1,0.057782
4,3,VQC-circmean,100,2,0.04326
4,3,VQC-circmean,100,3,0.039586
4,3,VQC-circmean,100,4,0.038675
4,3,VQC-circmean,100,5,0.038451
4,3,VQC-circmean,100,6,0.038312
4,3,VQC-circmean,100,7,0.038012
4,3,VQC-circmean,100,8,0.03749
4,3,VQC-circmean,100,9,0.036902
4,3,VQC-circmean,100,10,0.036514
4,3,VQC-circmean,100,11,0.036492
4,3,VQC-circmean,100,12,0.036817
4,3,VQC-circmean,100,13,0.037369
4,3,VQC-circmean,100,14,0.038022
4,3,VQC-circmean,100,15,0.038688
4,3,VQC-circmean,100,16,0.039315
4,3,VQC-circmean,100,17,0.039877
4,3,VQC-circmean,100,18,0.040367
4,3,VQC-circmean,100,19,0.040786
4,4,VQC-circmean,100,0,0.082358
4,4,VQC-circmean,100,1,0.051011
4,4,VQC-circmean,100,2,0.045819
4,4,VQC-circmean,100,3,0.044372
4,4,VQC-circmean,100,4,0.043738
4,4,VQC-circmean,100,5,0.043437
4,4,VQC-circmean,100,6,0.043393
4,4,VQC-circmean,100,7,0.043462
4,4,VQC-circmean,100,8,0.043516
4,4,VQC-circmean,100,9,0.043685
4,4,VQC-circmean,100,10,0.044186
4,4,VQC-circmean,100,11,0.044969
4,4,VQC-circmean,100,12,0.04582
4,4,VQC-circmean,100,13,0.046591
4,4,VQC-circmean,100,14,0.047237
4,4,VQC-circmean,100,15,0.047758
4,4,VQC-circmean,100,16,0.048174
4,4,VQC-circmean,100,17,0.048504
4,4,VQC-circmean,100,18,0.048765
4,4,VQC-circmean,100,19,0.04897
5,0,VQC-circmean,100,0,0.101774
5,0,VQC-circmean,100,1,0.077376
5,0,VQC-circmean,100,2,0.061055
5,0,VQC-circmean,100,3,0.054619
5,0,VQC-circmean,100,4,0.052743
5,0,VQC-circmean,100,5,0.052571
5,0,VQC-circmean,100,6,0.052806
5,0,VQC-circmean,100,7,0.052966
5,0,VQC-circmean,100,8,0.052941
5,0,VQC-circmean,100,9,0.052746
5,0,VQC-circmean,100,10,0.052416
5,0,VQC-circmean,100,11,0.051974
5,0,VQC-circmean,100,12,0.051434
5,0,VQC-circmean,100,13,0.050804
5,0,VQC-circmean,100,14,0.050099
5,0,VQC-circmean,100,15,0.049342
5,0,VQC-circmean,100,16,0.048568
5,0,VQC-circmean,100,17,0.047814
5,0,VQC-circmean,100,18,0.047119
5,0,VQC-circmean,100,19,0.046511
5,1,VQC-circmean,100,0,0.097081
5,1,VQC-circmean,100,1,0.073066
5,1,VQC-circmean,100,2,0.064989
5,1,VQC-circmean,100,3,0.063282
5,1,VQC-circmean,100,4,0.062355
5,1,VQC-circmean,100,5,0.061476
5,1,VQC-circmean,100,6,0.060502
5,1,VQC-circmean,100,7,0.059444
5,1,VQC-circmean,100,8,0.058367
5,1,VQC-circmean,100,9,0.057331
5,1,VQC-circmean,100,10,0.05638
5,1,VQC-circmean,100,11,0.055544
5,1,VQC-circmean,100,12,0.054838
5,1,VQC-circmean,100,13,0.054272
5,1,VQC-circmean,100,14,0.05385
5,1,VQC-circmean,100,15,0.053563
5,1,VQC-circmean,100,16,0.053392
5,1,VQC-circmean,100,17,0.053311
5,1,VQC-circmean,100,18,0.053288
5,1,VQC-circmean,100,19,0.05329
5,2,VQC-circmean,100,0,0.060877
5,2,VQC-circmean,100,1,0.03936
5,2,VQC-circmean,100,2,0.043377
5,2,VQC-circmean,100,3,0.047693
5,2,VQC-circmean,100,4,0.050073
5,2,VQC-circmean,100,5,0.051264
5,2,VQC-circmean,100,6,0.051774
5,2,VQC-circmean,100,7,0.05189
5,2,VQC-circmean,100,8,0.051788
5,2,VQC-circmean,100,9,0.051583
5,2,VQC-circmean,100,10,0.051347
5,2,VQC-circmean,100,11,0.051126
5,2,VQC-circmean,100,12,0.050947
5,2,VQC-circmean,100,13,0.050832
5,2,VQC-circmean,100,14,0.050798
5,2,VQC-circmean,100,15,0.05086
5,2,VQC-circmean,100,16,0.051032
5,2,VQC-circmean,100,17,0.051322
5,2,VQC-circmean,100,18,0.05173
5,2,VQC-circmean,100,19,0.05225
5,3,VQC-circmean,100,0,0.079616
5,3,VQC-circmean,100,1,0.053636
5,3,VQC-circmean,100,2,0.050336
5,3,VQC-circmean,100,3,0.051282
5,3,VQC-circmean,100,4,0.052539
5,3,VQC-circmean,100,5,0.053725
5,3,VQC-circmean,100,6,0.054746
5,3,VQC-circmean,100,7,0.055553
5,3,VQC-circmean,100,8,0.056161
5,3,VQC-circmean,100,9,0.056624
5,3,VQC-circmean,100,10,0.057002
5,3,VQC-circmean,100,11,0.057339
5,3,VQC-circmean,100,12,0.057664
5,3,VQC-circmean,100,13,0.057992
5,3,VQC-circmean,100,14,0.058331
5,3,VQC-circmean,100,15,0.058686
5,3,VQC-circmean,100,16,0.05906
5,3,VQC-circmean,100,17,0.059452
5,3,VQC-circmean,100,18,0.059857
5,3,VQC-circmean,100,19,0.060262
5,4,VQC-circmean,100,0,0.056247
5,4,VQC-circmean,100,1,0.045661
5,4,VQC-circmean,100,2,0.036853
5,4,VQC-circmean,100,3,0.039148
5,4,VQC-circmean,100,4,0.04215
5,4,VQC-circmean,100,5,0.044297
5,4,VQC-circmean,100,6,0.045626
5,4,VQC-circmean,100,7,0.046349
5,4,VQC-circmean,100,8,0.046672
5,4,VQC-circmean,100,9,0.04676
5,4,VQC-circmean,100,10,0.046735
5,4,VQC-circmean,100,11,0.04668
5,4,VQC-circmean,100,12,0.04665
5,4,VQC-circmean,100,13,0.046676
5,4,VQC-circmean,100,14,0.046773
5,4,VQC-circmean,100,15,0.046943
5,4,VQC-circmean,100,16,0.047181
5,4,VQC-circmean,100,17,0.047473
5,4,VQC-circmean,100,18,0.047798
5,4,VQC-circmean,100,19,0.048131
6,0,VQC-circmean,100,0,0.09117
6,0,VQC-circmean,100,1,0.090554
6,0,VQC-circmean,100,2,0.086118
6,0,VQC-circmean,100,3,0.079037
6,0,VQC-circmean,100,4,0.070881
6,0,VQC-circmean,100,5,0.063296
6,0,VQC-circmean,100,6,0.057245
6,0,VQC-circmean,100,7,0.053062
6,0,VQC-circmean,100,8,0.050614
6,0,VQC-circmean,100,9,0.049447
6,0,VQC-circmean,100,10,0.049052
6,0,VQC-circmean,100,11,0.049069
6,0,VQC-circmean,100,12,0.049293
6,0,VQC-circmean,100,13,0.049612
6,0,VQC-circmean,100,14,0.049964
6,0,VQC-circmean,100,15,0.050316
6,0,VQC-circmean,100,16,0.05065
6,0,VQC-circmean,100,17,0.050958
6,0,VQC-circmean,100,18,0.051237
6,0,VQC-circmean,100,19,0.051485
6,1,VQC-circmean,100,0,0.139915
6,1,VQC-circmean,100,1,0.130646
6,1,VQC-circmean,100,2,0.117173
6,1,VQC-circmean,100,3,0.103777
6,1,VQC-circmean,100,4,0.091208
6,1,VQC-circmean,100,5,0.080453
6,1,VQC-circmean,100,6,0.072181
6,1,VQC-circmean,100,7,0.066507
6,1,VQC-circmean,100,8,0.063101
6,1,VQC-circmean,100,9,0.061389
6,1,VQC-circmean,100,10,0.060787
6,1,VQC-circmean,100,11,0.060843
6,1,VQC-circmean,100,12,0.061258
6,1,VQC-circmean,100,13,0.061842
6,1,VQC-circmean,100,14,0.062484
6,1,VQC-circmean,100,15,0.06312
6,1,VQC-circmean,100,16,0.063717
6,1,VQC-circmean,100,17,0.064259
6,1,VQC-circmean,100,18,0.064741
6,1,VQC-circmean,100,19,0.065165
6,2,VQC-circmean,100,0,0.131683
6,2,VQC-circmean,100,1,0.117524
6,2,VQC-circmean,100,2,0.107055
6,2,VQC-circmean,100,3,0.096772
6,2,VQC-circmean,100,4,0.086649
6,2,VQC-circmean,100,5,0.077389
6,2,VQC-circmean,100,6,0.069629
6,2,VQC-circmean,100,7,0.063679
6,2,VQC-circmean,100,8,0.05951
6,2,VQC-circmean,100,9,0.056844
6,2,VQC-circmean,100,10,0.055309
6,2,VQC-circmean,100,11,0.054552
6,2,VQC-circmean,100,12,0.054295
6,2,VQC-circmean,100,13,0.054335
6,2,VQC-circmean,100,14,0.054536
6,2,VQC-circmean,100,15,0.054812
6,2,VQC-circmean,100,16,0.055109
6,2,VQC-circmean,100,17,0.055397
6,2,VQC-circmean,100,18,0.055662
6,2,VQC-circmean,100,19,0.055898
6,3,VQC-circmean,100,0,0.137006
6,3,VQC-circmean,100,1,0.118766
6,3,VQC-circmean,100,2,0.112692
6,3,VQC-circmean,100,3,0.104117
6,3,VQC-circmean,100,4,0.094515
6,3,VQC-circmean,100,5,0.08567
6,3,VQC-circmean,100,6,0.078522
6,3,VQC-circmean,100,7,0.073346
6,3,VQC-circmean,100,8,0.069973
6,3,VQC-circmean,100,9,0.06797
6,3,VQC-circmean,100,10,0.066869
6,3,VQC-circmean,100,11,0.066317
6,3,VQC-circmean,100,12,0.066086
6,3,VQC-circmean,100,13,0.06604
6,3,VQC-circmean,100,14,0.066097
6,3,VQC-circmean,100,15,0.06621
6,3,VQC-circmean,100,16,0.066349
6,3,VQC-circmean,100,17,0.066496
6,3,VQC-circmean,100,18,0.066641
6,3,VQC-circmean,100,19,0.066777
6,4,VQC-circmean,100,0,0.097967
6,4,VQC-circmean,100,1,0.099417
6,4,VQC-circmean,100,2,0.094298
6,4,VQC-circmean,100,3,0.087444
6,4,VQC-circmean,100,4,0.079415
6,4,VQC-circmean,100,5,0.071408
6,4,VQC-circmean,100,6,0.064565
6,4,VQC-circmean,100,7,0.05949
6,4,VQC-circmean,100,8,0.056266
6,4,VQC-circmean,100,9,0.0546
6,4,VQC-circmean,100,10,0.054067
6,4,VQC-circmean,100,11,0.054286
6,4,VQC-circmean,100,12,0.054955
6,4,VQC-circmean,100,13,0.055851
6,4,VQC-circmean,100,14,0.056825
6,4,VQC-circmean,100,15,0.057788
6,4,VQC-circmean,100,16,0.058693
6,4,VQC-circmean,100,17,0.05952
6,4,VQC-circmean,100,18,0.060264
6,4,VQC-circmean,100,19,0.060927
7,0,VQC-circmean,100,0,0.113578
7,0,VQC-circmean,100,1,0.109096
7,0,VQC-circmean,100,2,0.090398
7,0,VQC-circmean,100,3,0.079639
7,0,VQC-circmean,100,4,0.072126
7,0,VQC-circmean,100,5,0.066817
7,0,VQC-circmean,100,6,0.063414
7,0,VQC-circmean,100,7,0.061172
7,0,VQC-circmean,100,8,0.058949
7,0,VQC-circmean,100,9,0.05602
7,0,VQC-circmean,100,10,0.052601
7,0,VQC-circmean,100,11,0.049506
7,0,VQC-circmean,100,12,0.047175
7,0,VQC-circmean,100,13,0.04554
7,0,VQC-circmean,100,14,0.044394
7,0,VQC-circmean,100,15,0.043567
7,0,VQC-circmean,100,16,0.042951
7,0,VQC-circmean,100,17,0.042473
7,0,VQC-circmean,100,18,0.042092
7,0,VQC-circmean,100,19,0.041778
7,1,VQC-circmean,100,0,0.183564
7,1,VQC-circmean,100,1,0.086534
7,1,VQC-circmean,100,2,0.075218
7,1,VQC-circmean,100,3,0.068287
7,1,VQC-circmean,100,4,0.063752
7,1,VQC-circmean,100,5,0.061167
7,1,VQC-circmean,100,6,0.059904
7,1,VQC-circmean,100,7,0.058476
7,1,VQC-circmean,100,8,0.055225
7,1,VQC-circmean,100,9,0.050401
7,1,VQC-circmean,100,10,0.045692
7,1,VQC-circmean,100,11,0.04215
7,1,VQC-circmean,100,12,0.039835
7,1,VQC-circmean,100,13,0.038419
7,1,VQC-circmean,100,14,0.037586
7,1,VQC-circmean,100,15,0.037115
7,1,VQC-circmean,100,16,0.036864
7,1,VQC-circmean,100,17,0.036746
7,1,VQC-circmean,100,18,0.036705
7,1,VQC-circmean,100,19,0.036706
7,2,VQC-circmean,100,0,0.139843
7,2,VQC-circmean,100,1,0.108988
7,2,VQC-circmean,100,2,0.092657
7,2,VQC-circmean,100,3,0.081231
7,2,VQC-circmean,100,4,0.074193
7,2,VQC-circmean,100,5,0.069682
7,2,VQC-circmean,100,6,0.067002
7,2,VQC-circmean,100,7,0.065605
7,2,VQC-circmean,100,8,0.064948
7,2,VQC-circmean,100,9,0.06473
7,2,VQC-circmean,100,10,0.064698
7,2,VQC-circmean,100,11,0.064549
7,2,VQC-circmean,100,12,0.064268
7,2,VQC-circmean,100,13,0.063966
7,2,VQC-circmean,100,14,0.063705
7,2,VQC-circmean,100,15,0.063486
7,2,VQC-circmean,100,16,0.063296
7,2,VQC-circmean,100,17,0.063124
7,2,VQC-circmean,100,18,0.062962
7,2,VQC-circmean,100,19,0.062808
7,3,VQC-circmean,100,0,0.142497
7,3,VQC-circmean,100,1,0.117318
7,3,VQC-circmean,100,2,0.097836
7,3,VQC-circmean,100,3,0.082764
7,3,VQC-circmean,100,4,0.072228
7,3,VQC-circmean,100,5,0.065009
7,3,VQC-circmean,100,6,0.060659
7,3,VQC-circmean,100,7,0.058677
7,3,VQC-circmean,100,8,0.057775
7,3,VQC-circmean,100,9,0.055921
7,3,VQC-circmean,100,10,0.052836
7,3,VQC-circmean,100,11,0.050176
7,3,VQC-circmean,100,12,0.048607
7,3,VQC-circmean,100,13,0.047855
7,3,VQC-circmean,100,14,0.047573
7,3,VQC-circmean,100,15,0.047541
7,3,VQC-circmean,100,16,0.047641
7,3,VQC-circmean,100,17,0.047805
7,3,VQC-circmean,100,18,0.047998
7,3,VQC-circmean,100,19,0.048199
7,4,VQC-circmean,100,0,0.102696
7,4,VQC-circmean,100,1,0.101898
7,4,VQC-circmean,100,2,0.088717
7,4,VQC-circmean,100,3,0.080246
7,4,VQC-circmean,100,4,0.075178
7,4,VQC-circmean,100,5,0.072148
7,4,VQC-circmean,100,6,0.070351
7,4,VQC-circmean,100,7,0.068952
7,4,VQC-circmean,100,8,0.067047
7,4,VQC-circmean,100,9,0.064253
7,4,VQC-circmean,100,10,0.061219
7,4,VQC-circmean,100,11,0.058847
7,4,VQC-circmean,100,12,0.057396
7,4,VQC-circmean,100,13,0.056647
7,4,VQC-circmean,100,14,0.056322
7,4,VQC-circmean,100,15,0.056228
7,4,VQC-circmean,100,16,0.05625
7,4,VQC-circmean,100,17,0.056327
7,4,VQC-circmean,100,18,0.056424
7,4,VQC-circmean,100,19,0.056524
8,0,VQC-circmean,100,0,0.098708
8,0,VQC-circmean,100,1,0.074545
8,0,VQC-circmean,100,2,0.061238
8,0,VQC-circmean,100,3,0.051865
8,0,VQC-circmean,100,4,0.044621
8,0,VQC-circmean,100,5,0.0391
8,0,VQC-circmean,100,6,0.035003
8,0,VQC-circmean,100,7,0.03202
8,0,VQC-circmean,100,8,0.029861
8,0,VQC-circmean,100,9,0.028287
8,0,VQC-circmean,100,10,0.027118
8,0,VQC-circmean,100,11,0.026235
8,0,VQC-circmean,100,12,0.02557
8,0,VQC-circmean,100,13,0.025097
8,0,VQC-circmean,100,14,0.024809
8,0,VQC-circmean,100,15,0.024709
8,0,VQC-circmean,100,16,0.024789
8,0,VQC-circmean,100,17,0.025025
8,0,VQC-circmean,100,18,0.025378
8,0,VQC-circmean,100,19,0.025802
8,1,VQC-circmean,100,0,0.079867
8,1,VQC-circmean,100,1,0.063859
8,1,VQC-circmean,100,2,0.054085
8,1,VQC-circmean,100,3,0.045959
8,1,VQC-circmean,100,4,0.039985
8,1,VQC-circmean,100,5,0.036026
8,1,VQC-circmean,100,6,0.033607
8,1,VQC-circmean,100,7,0.032241
8,1,VQC-circmean,100,8,0.031562
8,1,VQC-circmean,100,9,0.031336
8,1,VQC-circmean,100,10,0.031423
8,1,VQC-circmean,100,11,0.031737
8,1,VQC-circmean,100,12,0.032213
8,1,VQC-circmean,100,13,0.032792
8,1,VQC-circmean,100,14,0.033421
8,1,VQC-circmean,100,15,0.034058
8,1,VQC-circmean,100,16,0.034671
8,1,VQC-circmean,100,17,0.035242
8,1,VQC-circmean,100,18,0.035765
8,1,VQC-circmean,100,19,0.036236
8,2,VQC-circmean,100,0,0.122302
8,2,VQC-circmean,100,1,0.093285
8,2,VQC-circmean,100,2,0.074942
8,2,VQC-circmean,100,3,0.06242
8,2,VQC-circmean,100,4,0.053899
8,2,VQC-circmean,100,5,0.048165
8,2,VQC-circmean,100,6,0.044373
8,2,VQC-circmean,100,7,0.041829
8,2,VQC-circmean,100,8,0.040038
8,2,VQC-circmean,100,9,0.038685
8,2,VQC-circmean,100,10,0.037574
8,2,VQC-circmean,100,11,0.036593
8,2,VQC-circmean,100,12,0.035683
8,2,VQC-circmean,100,13,0.03483
8,2,VQC-circmean,100,14,0.034043
8,2,VQC-circmean,100,15,0.033343
8,2,VQC-circmean,100,16,0.032758
8,2,VQC-circmean,100,17,0.032303
8,2,VQC-circmean,100,18,0.031985
8,2,VQC-circmean,100,19,0.031795
8,3,VQC-circmean,100,0,0.124155
8,3,VQC-circmean,100,1,0.110789
8,3,VQC-circmean,100,2,0.098366
8,3,VQC-circmean,100,3,0.086625
8,3,VQC-circmean,100,4,0.077162
8,3,VQC-circmean,100,5,0.070337
8,3,VQC-circmean,100,6,0.065867
8,3,VQC-circmean,100,7,0.063204
8,3,VQC-circmean,100,8,0.061775
8,3,VQC-circmean,100,9,0.061118
8,3,VQC-circmean,100,10,0.060899
8,3,VQC-circmean,100,11,0.060891
8,3,VQC-circmean,100,12,0.060938
8,3,VQC-circmean,100,13,0.060947
8,3,VQC-circmean,100,14,0.060881
8,3,VQC-circmean,100,15,0.06075
8,3,VQC-circmean,100,16,0.060581
8,3,VQC-circmean,100,17,0.060404
8,3,VQC-circmean,100,18,0.060237
8,3,VQC-circmean,100,19,0.06009
8,4,VQC-circmean,100,0,0.094427
8,4,VQC-circmean,100,1,0.073928
8,4,VQC-circmean,100,2,0.064168
8,4,VQC-circmean,100,3,0.057832
8,4,VQC-circmean,100,4,0.052861
8,4,VQC-circmean,100,5,0.048862
8,4,VQC-circmean,100,6,0.04578
8,4,VQC-circmean,100,7,0.043524
8,4,VQC-circmean,100,8,0.041956
8,4,VQC-circmean,100,9,0.040934
8,4,VQC-circmean,100,10,0.040338
8,4,VQC-circmean,100,11,0.040085
8,4,VQC-circmean,100,12,0.040121
8,4,VQC-circmean,100,13,0.040411
8,4,VQC-circmean,100,14,0.040923
8,4,VQC-circmean,100,15,0.041617
8,4,VQC-circmean,100,16,0.042445
8,4,VQC-circmean,100,17,0.043354
8,4,VQC-circmean,100,18,0.044292
8,4,VQC-circmean,100,19,0.045219
9,0,VQC-circmean,100,0,0.110262
9,0,VQC-circmean,100,1,0.068049
9,0,VQC-circmean,100,2,0.062346
9,0,VQC-circmean,100,3,0.0575
9,0,VQC-circmean,100,4,0.053736
9,0,VQC-circmean,100,5,0.051376
9,0,VQC-circmean,100,6,0.049932
9,0,VQC-circmean,100,7,0.049
9,0,VQC-circmean,100,8,0.048365
9,0,VQC-circmean,100,9,0.047915
9,0,VQC-circmean,100,10,0.047578
9,0,VQC-circmean,100,11,0.047304
9,0,VQC-circmean,100,12,0.047049
9,0,VQC-circmean,100,13,0.046783
9,0,VQC-circmean,100,14,0.04648
9,0,VQC-circmean,100,15,0.046125
9,0,VQC-circmean,100,16,0.045711
9,0,VQC-circmean,100,17,0.045238
9,0,VQC-circmean,100,18,0.044716
9,0,VQC-circmean,100,19,0.044161
9,1,VQC-circmean,100,0,0.113591
9,1,VQC-circmean,100,1,0.072528
9,1,VQC-circmean,100,2,0.064688
9,1,VQC-circmean,100,3,0.059562
9,1,VQC-circmean,100,4,0.055913
9,1,VQC-circmean,100,5,0.053835
9,1,VQC-circmean,100,6,0.052852
9,1,VQC-circmean,100,7,0.052455
9,1,VQC-circmean,100,8,0.052324
9,1,VQC-circmean,100,9,0.05228
9,1,VQC-circmean,100,10,0.052228
9,1,VQC-circmean,100,11,0.052121
9,1,VQC-circmean,100,12,0.051946
9,1,VQC-circmean,100,13,0.051713
9,1,VQC-circmean,100,14,0.051448
9,1,VQC-circmean,100,15,0.05118
9,1,VQC-circmean,100,16,0.050934
9,1,VQC-circmean,100,17,0.050725
9,1,VQC-circmean,100,18,0.050556
9,1,VQC-circmean,100,19,0.050419
9,2,VQC-circmean,100,0,0.117265
9,2,VQC-circmean,100,1,0.100253
9,2,VQC-circmean,100,2,0.087622
9,2,VQC-circmean,100,3,0.078932
9,2,VQC-circmean,100,4,0.074053
9,2,VQC-circmean,100,5,0.071554
9,2,VQC-circmean,100,6,0.070073
9,2,VQC-circmean,100,7,0.068913
9,2,VQC-circmean,100,8,0.067844
9,2,VQC-circmean,100,9,0.066834
9,2,VQC-circmean,100,10,0.065901
9,2,VQC-circmean,100,11,0.065055
9,2,VQC-circmean,100,12,0.06429
9,2,VQC-circmean,100,13,0.063583
9,2,VQC-circmean,100,14,0.062912
9,2,VQC-circmean,100,15,0.062257
9,2,VQC-circmean,100,16,0.061613
9,2,VQC-circmean,100,17,0.060986
9,2,VQC-circmean,100,18,0.060386
9,2,VQC-circmean,100,19,0.059829
9,3,VQC-circmean,100,0,0.149895
9,3,VQC-circmean,100,1,0.098439
9,3,VQC-circmean,100,2,0.087191
9,3,VQC-circmean,100,3,0.081807
9,3,VQC-circmean,100,4,0.077749
9,3,VQC-circmean,100,5,0.07439
9,3,VQC-circmean,100,6,0.07178
9,3,VQC-circmean,100,7,0.069751
9,3,VQC-circmean,100,8,0.068074
9,3,VQC-circmean,100,9,0.066591
9,3,VQC-circmean,100,10,0.065227
9,3,VQC-circmean,100,11,0.06397
9,3,VQC-circmean,100,12,0.06283
9,3,VQC-circmean,100,13,0.061814
9,3,VQC-circmean,100,14,0.060914
9,3,VQC-circmean,100,15,0.06011
9,3,VQC-circmean,100,16,0.05938
9,3,VQC-circmean,100,17,0.058708
9,3,VQC-circmean,100,18,0.058095
9,3,VQC-circmean,100,19,0.057547
9,4,VQC-circmean,100,0,0.10158
9,4,VQC-circmean,100,1,0.063806
9,4,VQC-circmean,100,2,0.059624
9,4,VQC-circmean,100,3,0.058078
9,4,VQC-circmean,100,4,0.055723
9,4,VQC-circmean,100,5,0.053495
9,4,VQC-circmean,100,6,0.051766
9,4,VQC-circmean,100,7,0.050467
9,4,VQC-circmean,100,8,0.049461
9,4,VQC-circmean,100,9,0.048653
9,4,VQC-circmean,100,10,0.047982
9,4,VQC-circmean,100,11,0.047409
9,4,VQC-circmean,100,12,0.046917
9,4,VQC-circmean,100,13,0.0465
9,4,VQC-circmean,100,14,0.046165
9,4,VQC-circmean,100,15,0.04592
9,4,VQC-circmean,100,16,0.045762
9,4,VQC-circmean,100,17,0.045677
9,4,VQC-circmean,100,18,0.045636
9,4,VQC-circmean,100,19,0.045606
0,0,VQC-circmean,natural,0,0.511611
0,0,VQC-circmean,natural,1,0.478373
0,0,VQC-circmean,natural,2,0.426781
0,0,VQC-circmean,natural,3,0.367065
0,0,VQC-circmean,natural,4,0.312544
0,0,VQC-circmean,natural,5,0.269848
0,0,VQC-circmean,natural,6,0.238965
0,0,VQC-circmean,natural,7,0.217337
0,0,VQC-circmean,natural,8,0.202335
0,0,VQC-circmean,natural,9,0.191926
0,0,VQC-circmean,natural,10,0.184677
0,0,VQC-circmean,natural,11,0.179618
0,0,VQC-circmean,natural,12,0.176096
0,0,VQC-circmean,natural,13,0.173672
0,0,VQC-circmean,natural,14,0.172048
0,0,VQC-circmean,natural,15,0.17102
0,0,VQC-circmean,natural,16,0.170448
0,0,VQC-circmean,natural,17,0.170237
0,0,VQC-circmean,natural,18,0.17032
0,0,VQC-circmean,natural,19,0.170649
0,1,VQC-circmean,natural,0,0.511096
0,1,VQC-circmean,natural,1,0.475759
0,1,VQC-circmean,natural,2,0.421943
0,1,VQC-circmean,natural,3,0.358611
0,1,VQC-circmean,natural,4,0.299407
0,1,VQC-circmean,natural,5,0.251862
0,1,VQC-circmean,natural,6,0.216604
0,1,VQC-circmean,natural,7,0.191477
0,1,VQC-circmean,natural,8,0.173936
0,1,VQC-circmean,natural,9,0.161786
0,1,VQC-circmean,natural,10,0.153347
0,1,VQC-circmean,natural,11,0.147417
0,1,VQC-circmean,natural,12,0.143174
0,1,VQC-circmean,natural,13,0.140065
0,1,VQC-circmean,natural,14,0.137721
0,1,VQC-circmean,natural,15,0.135899
0,1,VQC-circmean,natural,16,0.134438
0,1,VQC-circmean,natural,17,0.133232
0,1,VQC-circmean,natural,18,0.132212
0,1,VQC-circmean,natural,19,0.131336
0,2,VQC-circmean,natural,0,0.503894
0,2,VQC-circmean,natural,1,0.470255
0,2,VQC-circmean,natural,2,0.420739
0,2,VQC-circmean,natural,3,0.367345
0,2,VQC-circmean,natural,4,0.319407
0,2,VQC-circmean,natural,5,0.280741
0,2,VQC-circmean,natural,6,0.25153
0,2,VQC-circmean,natural,7,0.230294
0,2,VQC-circmean,natural,8,0.215165
0,2,VQC-circmean,natural,9,0.204474
0,2,VQC-circmean,natural,10,0.196927
0,2,VQC-circmean,natural,11,0.191586
0,2,VQC-circmean,natural,12,0.187799
0,2,VQC-circmean,natural,13,0.185112
0,2,VQC-circmean,natural,14,0.183216
0,2,VQC-circmean,natural,15,0.181897
0,2,VQC-circmean,natural,16,0.18101
0,2,VQC-circmean,natural,17,0.180452
0,2,VQC-circmean,natural,18,0.180156
0,2,VQC-circmean,natural,19,0.180072
0,3,VQC-circmean,natural,0,0.525302
0,3,VQC-circmean,natural,1,0.480399
0,3,VQC-circmean,natural,2,0.411646
0,3,VQC-circmean,natural,3,0.340763
0,3,VQC-circmean,natural,4,0.282136
0,3,VQC-circmean,natural,5,0.238797
0,3,VQC-circmean,natural,6,0.208298
0,3,VQC-circmean,natural,7,0.187256
0,3,VQC-circmean,natural,8,0.17281
0,3,VQC-circmean,natural,9,0.162843
0,3,VQC-circmean,natural,10,0.155881
0,3,VQC-circmean,natural,11,0.150938
0,3,VQC-circmean,natural,12,0.147361
0,3,VQC-circmean,natural,13,0.144719
0,3,VQC-circmean,natural,14,0.142729
0,3,VQC-circmean,natural,15,0.141203
0,3,VQC-circmean,natural,16,0.140017
0,3,VQC-circmean,natural,17,0.13909
0,3,VQC-circmean,natural,18,0.138371
0,3,VQC-circmean,natural,19,0.137831
0,4,VQC-circmean,natural,0,0.529762
0,4,VQC-circmean,natural,1,0.493104
0,4,VQC-circmean,natural,2,0.435566
0,4,VQC-circmean,natural,3,0.371347
0,4,VQC-circmean,natural,4,0.314568
0,4,VQC-circmean,natural,5,0.271169
0,4,VQC-circmean,natural,6,0.240267
0,4,VQC-circmean,natural,7,0.218758
0,4,VQC-circmean,natural,8,0.203768
0,4,VQC-circmean,natural,9,0.193197
0,4,VQC-circmean,natural,10,0.185631
0,4,VQC-circmean,natural,11,0.180144
0,4,VQC-circmean,natural,12,0.176129
0,4,VQC-circmean,natural,13,0.173186
0,4,VQC-circmean,natural,14,0.171045
0,4,VQC-circmean,natural,15,0.169522
0,4,VQC-circmean,natural,16,0.168489
0,4,VQC-circmean,natural,17,0.167858
0,4,VQC-circmean,natural,18,0.16757
0,4,VQC-circmean,natural,19,0.167582
1,0,VQC-circmean,natural,0,0.531859
1,0,VQC-circmean,natural,1,0.50119
1,0,VQC-circmean,natural,2,0.456838
1,0,VQC-circmean,natural,3,0.40474
1,0,VQC-circmean,natural,4,0.354827
1,0,VQC-circmean,natural,5,0.31304
1,0,VQC-circmean,natural,6,0.280634
1,0,VQC-circmean,natural,7,0.256361
1,0,VQC-circmean,natural,8,0.238211
1,0,VQC-circmean,natural,9,0.224283
1,0,VQC-circmean,natural,10,0.213121
1,0,VQC-circmean,natural,11,0.203748
1,0,VQC-circmean,natural,12,0.195573
1,0,VQC-circmean,natural,13,0.188262
1,0,VQC-circmean,natural,14,0.181633
1,0,VQC-circmean,natural,15,0.175588
1,0,VQC-circmean,natural,16,0.170077
1,0,VQC-circmean,natural,17,0.165076
1,0,VQC-circmean,natural,18,0.160579
1,0,VQC-circmean,natural,19,0.156588
1,1,VQC-circmean,natural,0,0.517857
1,1,VQC-circmean,natural,1,0.484947
1,1,VQC-circmean,natural,2,0.444239
1,1,VQC-circmean,natural,3,0.3942
1,1,VQC-circmean,natural,4,0.342528
1,1,VQC-circmean,natural,5,0.298281
1,1,VQC-circmean,natural,6,0.263945
1,1,VQC-circmean,natural,7,0.237964
1,1,VQC-circmean,natural,8,0.21826
1,1,VQC-circmean,natural,9,0.203095
1,1,VQC-circmean,natural,10,0.191138
1,1,VQC-circmean,natural,11,0.18142
1,1,VQC-circmean,natural,12,0.173255
1,1,VQC-circmean,natural,13,0.166174
1,1,VQC-circmean,natural,14,0.159884
1,1,VQC-circmean,natural,15,0.154227
1,1,VQC-circmean,natural,16,0.149136
1,1,VQC-circmean,natural,17,0.144596
1,1,VQC-circmean,natural,18,0.140601
1,1,VQC-circmean,natural,19,0.137139
1,2,VQC-circmean,natural,0,0.515789
1,2,VQC-circmean,natural,1,0.491599
1,2,VQC-circmean,natural,2,0.457173
1,2,VQC-circmean,natural,3,0.412837
1,2,VQC-circmean,natural,4,0.362721
1,2,VQC-circmean,natural,5,0.314625
1,2,VQC-circmean,natural,6,0.276114
1,2,VQC-circmean,natural,7,0.246742
1,2,VQC-circmean,natural,8,0.223446
1,2,VQC-circmean,natural,9,0.204532
1,2,VQC-circmean,natural,10,0.189143
1,2,VQC-circmean,natural,11,0.17664
1,2,VQC-circmean,natural,12,0.166323
1,2,VQC-circmean,natural,13,0.1575
1,2,VQC-circmean,natural,14,0.149774
1,2,VQC-circmean,natural,15,0.143104
1,2,VQC-circmean,natural,16,0.137541
1,2,VQC-circmean,natural,17,0.133036
1,2,VQC-circmean,natural,18,0.129457
1,2,VQC-circmean,natural,19,0.126646
1,3,VQC-circmean,natural,0,0.526665
1,3,VQC-circmean,natural,1,0.488341
1,3,VQC-circmean,natural,2,0.43863
1,3,VQC-circmean,natural,3,0.383777
1,3,VQC-circmean,natural,4,0.331812
1,3,VQC-circmean,natural,5,0.289243
1,3,VQC-circmean,natural,6,0.256569
1,3,VQC-circmean,natural,7,0.23179
1,3,VQC-circmean,natural,8,0.212813
1,3,VQC-circmean,natural,9,0.197955
1,3,VQC-circmean,natural,10,0.185968
1,3,VQC-circmean,natural,11,0.175982
1,3,VQC-circmean,natural,12,0.167419
1,3,VQC-circmean,natural,13,0.159912
1,3,VQC-circmean,natural,14,0.153251
1,3,VQC-circmean,natural,15,0.147331
1,3,VQC-circmean,natural,16,0.142107
1,3,VQC-circmean,natural,17,0.137562
1,3,VQC-circmean,natural,18,0.133678
1,3,VQC-circmean,natural,19,0.130429
1,4,VQC-circmean,natural,0,0.532589
1,4,VQC-circmean,natural,1,0.492694
1,4,VQC-circmean,natural,2,0.446306
1,4,VQC-circmean,natural,3,0.398383
1,4,VQC-circmean,natural,4,0.352859
1,4,VQC-circmean,natural,5,0.313596
1,4,VQC-circmean,natural,6,0.281453
1,4,VQC-circmean,natural,7,0.255699
1,4,VQC-circmean,natural,8,0.235194
1,4,VQC-circmean,natural,9,0.218818
1,4,VQC-circmean,natural,10,0.205594
1,4,VQC-circmean,natural,11,0.194714
1,4,VQC-circmean,natural,12,0.185544
1,4,VQC-circmean,natural,13,0.17762
1,4,VQC-circmean,natural,14,0.170636
1,4,VQC-circmean,natural,15,0.164412
1,4,VQC-circmean,natural,16,0.158855
1,4,VQC-circmean,natural,17,0.153917
1,4,VQC-circmean,natural,18,0.14957
1,4,VQC-circmean,natural,19,0.145792
2,0,VQC-circmean,natural,0,0.553307
2,0,VQC-circmean,natural,1,0.510139
2,0,VQC-circmean,natural,2,0.463589
2,0,VQC-circmean,natural,3,0.411337
2,0,VQC-circmean,natural,4,0.360931
2,0,VQC-circmean,natural,5,0.318785
2,0,VQC-circmean,natural,6,0.28611
2,0,VQC-circmean,natural,7,0.261319
2,0,VQC-circmean,natural,8,0.24229
2,0,VQC-circmean,natural,9,0.227209
2,0,VQC-circmean,natural,10,0.214749
2,0,VQC-circmean,natural,11,0.204034
2,0,VQC-circmean,natural,12,0.194535
2,0,VQC-circmean,natural,13,0.185953
2,0,VQC-circmean,natural,14,0.178143
2,0,VQC-circmean,natural,15,0.171044
2,0,VQC-circmean,natural,16,0.164642
2,0,VQC-circmean,natural,17,0.158943
2,0,VQC-circmean,natural,18,0.153951
2,0,VQC-circmean,natural,19,0.149657
2,1,VQC-circmean,natural,0,0.498172
2,1,VQC-circmean,natural,1,0.465697
2,1,VQC-circmean,natural,2,0.422149
2,1,VQC-circmean,natural,3,0.376919
2,1,VQC-circmean,natural,4,0.33511
2,1,VQC-circmean,natural,5,0.299787
2,1,VQC-circmean,natural,6,0.271617
2,1,VQC-circmean,natural,7,0.24976
2,1,VQC-circmean,natural,8,0.232802
2,1,VQC-circmean,natural,9,0.219348
2,1,VQC-circmean,natural,10,0.208284
2,1,VQC-circmean,natural,11,0.198825
2,1,VQC-circmean,natural,12,0.190472
2,1,VQC-circmean,natural,13,0.182927
2,1,VQC-circmean,natural,14,0.176025
2,1,VQC-circmean,natural,15,0.169678
2,1,VQC-circmean,natural,16,0.163842
2,1,VQC-circmean,natural,17,0.158493
2,1,VQC-circmean,natural,18,0.153621
2,1,VQC-circmean,natural,19,0.149218
2,2,VQC-circmean,natural,0,0.530029
2,2,VQC-circmean,natural,1,0.491594
2,2,VQC-circmean,natural,2,0.445653
2,2,VQC-circmean,natural,3,0.392533
2,2,VQC-circmean,natural,4,0.342212
2,2,VQC-circmean,natural,5,0.300988
2,2,VQC-circmean,natural,6,0.269572
2,2,VQC-circmean,natural,7,0.246117
2,2,VQC-circmean,natural,8,0.228343
2,2,VQC-circmean,natural,9,0.214331
2,2,VQC-circmean,natural,10,0.202706
2,2,VQC-circmean,natural,11,0.192604
2,2,VQC-circmean,natural,12,0.183543
2,2,VQC-circmean,natural,13,0.175295
2,2,VQC-circmean,natural,14,0.167781
2,2,VQC-circmean,natural,15,0.160985
2,2,VQC-circmean,natural,16,0.154917
2,2,VQC-circmean,natural,17,0.149582
2,2,VQC-circmean,natural,18,0.144968
2,2,VQC-circmean,natural,19,0.141043
2,3,VQC-circmean,natural,0,0.521343
2,3,VQC-circmean,natural,1,0.485468
2,3,VQC-circmean,natural,2,0.438134
2,3,VQC-circmean,natural,3,0.384871
2,3,VQC-circmean,natural,4,0.334536
2,3,VQC-circmean,natural,5,0.29314
2,3,VQC-circmean,natural,6,0.261592
2,3,VQC-circmean,natural,7,0.238232
2,3,VQC-circmean,natural,8,0.220876
2,3,VQC-circmean,natural,9,0.207608
2,3,VQC-circmean,natural,10,0.196994
2,3,VQC-circmean,natural,11,0.188058
2,3,VQC-circmean,natural,12,0.180195
2,3,VQC-circmean,natural,13,0.173058
2,3,VQC-circmean,natural,14,0.16647
2,3,VQC-circmean,natural,15,0.160356
2,3,VQC-circmean,natural,16,0.154695
2,3,VQC-circmean,natural,17,0.149491
2,3,VQC-circmean,natural,18,0.144757
2,3,VQC-circmean,natural,19,0.140506
2,4,VQC-circmean,natural,0,0.513047
2,4,VQC-circmean,natural,1,0.473395
2,4,VQC-circmean,natural,2,0.428059
2,4,VQC-circmean,natural,3,0.37763
2,4,VQC-circmean,natural,4,0.330787
2,4,VQC-circmean,natural,5,0.292722
2,4,VQC-circmean,natural,6,0.263898
2,4,VQC-circmean,natural,7,0.242669
2,4,VQC-circmean,natural,8,0.22695
2,4,VQC-circmean,natural,9,0.2149
2,4,VQC-circmean,natural,10,0.205124
2,4,VQC-circmean,natural,11,0.196689
2,4,VQC-circmean,natural,12,0.189035
2,4,VQC-circmean,natural,13,0.18187
2,4,VQC-circmean,natural,14,0.175078
2,4,VQC-circmean,natural,15,0.168642
2,4,VQC-circmean,natural,16,0.162597
2,4,VQC-circmean,natural,17,0.156992
2,4,VQC-circmean,natural,18,0.151877
2,4,VQC-circmean,natural,19,0.147287
3,0,VQC-circmean,natural,0,0.48129
3,0,VQC-circmean,natural,1,0.406973
3,0,VQC-circmean,natural,2,0.347423
3,0,VQC-circmean,natural,3,0.30216
3,0,VQC-circmean,natural,4,0.269301
3,0,VQC-circmean,natural,5,0.246068
3,0,VQC-circmean,natural,6,0.229873
3,0,VQC-circmean,natural,7,0.218672
3,0,VQC-circmean,natural,8,0.210964
3,0,VQC-circmean,natural,9,0.20568
3,0,VQC-circmean,natural,10,0.202061
3,0,VQC-circmean,natural,11,0.199558
3,0,VQC-circmean,natural,12,0.197761
3,0,VQC-circmean,natural,13,0.196345
3,0,VQC-circmean,natural,14,0.195042
3,0,VQC-circmean,natural,15,0.193623
3,0,VQC-circmean,natural,16,0.191896
3,0,VQC-circmean,natural,17,0.189712
3,0,VQC-circmean,natural,18,0.186977
3,0,VQC-circmean,natural,19,0.183669
3,1,VQC-circmean,natural,0,0.49796
3,1,VQC-circmean,natural,1,0.4201
3,1,VQC-circmean,natural,2,0.357977
3,1,VQC-circmean,natural,3,0.311762
3,1,VQC-circmean,natural,4,0.278722
3,1,VQC-circmean,natural,5,0.255552
3,1,VQC-circmean,natural,6,0.239458
3,1,VQC-circmean,natural,7,0.228328
3,1,VQC-circmean,natural,8,0.220648
3,1,VQC-circmean,natural,9,0.215354
3,1,VQC-circmean,natural,10,0.211694
3,1,VQC-circmean,natural,11,0.209127
3,1,VQC-circmean,natural,12,0.207243
3,1,VQC-circmean,natural,13,0.205724
3,1,VQC-circmean,natural,14,0.204305
3,1,VQC-circmean,natural,15,0.202771
3,1,VQC-circmean,natural,16,0.200946
3,1,VQC-circmean,natural,17,0.198706
3,1,VQC-circmean,natural,18,0.195982
3,1,VQC-circmean,natural,19,0.192767
3,2,VQC-circmean,natural,0,0.471879
3,2,VQC-circmean,natural,1,0.407039
3,2,VQC-circmean,natural,2,0.348796
3,2,VQC-circmean,natural,3,0.301915
3,2,VQC-circmean,natural,4,0.266961
3,2,VQC-circmean,natural,5,0.24193
3,2,VQC-circmean,natural,6,0.224371
3,2,VQC-circmean,natural,7,0.212148
3,2,VQC-circmean,natural,8,0.203617
3,2,VQC-circmean,natural,9,0.197573
3,2,VQC-circmean,natural,10,0.193148
3,2,VQC-circmean,natural,11,0.189706
3,2,VQC-circmean,natural,12,0.186773
3,2,VQC-circmean,natural,13,0.18399
3,2,VQC-circmean,natural,14,0.181092
3,2,VQC-circmean,natural,15,0.177902
3,2,VQC-circmean,natural,16,0.174325
3,2,VQC-circmean,natural,17,0.170351
3,2,VQC-circmean,natural,18,0.16604
3,2,VQC-circmean,natural,19,0.1615
3,3,VQC-circmean,natural,0,0.456097
3,3,VQC-circmean,natural,1,0.392562
3,3,VQC-circmean,natural,2,0.338747
3,3,VQC-circmean,natural,3,0.295267
3,3,VQC-circmean,natural,4,0.261815
3,3,VQC-circmean,natural,5,0.236968
3,3,VQC-circmean,natural,6,0.218908
3,3,VQC-circmean,natural,7,0.205946
3,3,VQC-circmean,natural,8,0.196715
3,3,VQC-circmean,natural,9,0.190182
3,3,VQC-circmean,natural,10,0.185587
3,3,VQC-circmean,natural,11,0.182376
3,3,VQC-circmean,natural,12,0.180142
3,3,VQC-circmean,natural,13,0.178574
3,3,VQC-circmean,natural,14,0.17743
3,3,VQC-circmean,natural,15,0.176508
3,3,VQC-circmean,natural,16,0.175635
3,3,VQC-circmean,natural,17,0.174662
3,3,VQC-circmean,natural,18,0.173462
3,3,VQC-circmean,natural,19,0.171938
3,4,VQC-circmean,natural,0,0.46127
3,4,VQC-circmean,natural,1,0.390541
3,4,VQC-circmean,natural,2,0.332977
3,4,VQC-circmean,natural,3,0.289648
3,4,VQC-circmean,natural,4,0.258451
3,4,VQC-circmean,natural,5,0.236548
3,4,VQC-circmean,natural,6,0.221381
3,4,VQC-circmean,natural,7,0.210947
3,4,VQC-circmean,natural,8,0.203776
3,4,VQC-circmean,natural,9,0.198815
3,4,VQC-circmean,natural,10,0.195306
3,4,VQC-circmean,natural,11,0.19269
3,4,VQC-circmean,natural,12,0.190543
3,4,VQC-circmean,natural,13,0.188531
3,4,VQC-circmean,natural,14,0.186391
3,4,VQC-circmean,natural,15,0.183922
3,4,VQC-circmean,natural,16,0.180989
3,4,VQC-circmean,natural,17,0.17753
3,4,VQC-circmean,natural,18,0.173555
3,4,VQC-circmean,natural,19,0.169141
4,0,VQC-circmean,natural,0,0.46223
4,0,VQC-circmean,natural,1,0.419019
4,0,VQC-circmean,natural,2,0.361724
4,0,VQC-circmean,natural,3,0.308694
4,0,VQC-circmean,natural,4,0.270542
4,0,VQC-circmean,natural,5,0.241677
4,0,VQC-circmean,natural,6,0.218261
4,0,VQC-circmean,natural,7,0.199276
4,0,VQC-circmean,natural,8,0.184312
4,0,VQC-circmean,natural,9,0.172598
4,0,VQC-circmean,natural,10,0.162952
4,0,VQC-circmean,natural,11,0.154475
4,0,VQC-circmean,natural,12,0.146979
4,0,VQC-circmean,natural,13,0.140593
4,0,VQC-circmean,natural,14,0.135356
4,0,VQC-circmean,natural,15,0.131167
4,0,VQC-circmean,natural,16,0.127873
4,0,VQC-circmean,natural,17,0.125315
4,0,VQC-circmean,natural,18,0.123354
4,0,VQC-circmean,natural,19,0.121872
4,1,VQC-circmean,natural,0,0.489447
4,1,VQC-circmean,natural,1,0.439578
4,1,VQC-circmean,natural,2,0.377264
4,1,VQC-circmean,natural,3,0.321402
4,1,VQC-circmean,natural,4,0.281845
4,1,VQC-circmean,natural,5,0.252816
4,1,VQC-circmean,natural,6,0.230184
4,1,VQC-circmean,natural,7,0.212388
4,1,VQC-circmean,natural,8,0.198536
4,1,VQC-circmean,natural,9,0.187623
4,1,VQC-circmean,natural,10,0.178589
4,1,VQC-circmean,natural,11,0.170733
4,1,VQC-circmean,natural,12,0.163839
4,1,VQC-circmean,natural,13,0.157921
4,1,VQC-circmean,natural,14,0.152997
4,1,VQC-circmean,natural,15,0.149014
4,1,VQC-circmean,natural,16,0.145869
4,1,VQC-circmean,natural,17,0.143438
4,1,VQC-circmean,natural,18,0.141596
4,1,VQC-circmean,natural,19,0.140232
4,2,VQC-circmean,natural,0,0.497294
4,2,VQC-circmean,natural,1,0.446073
4,2,VQC-circmean,natural,2,0.385241
4,2,VQC-circmean,natural,3,0.328735
4,2,VQC-circmean,natural,4,0.286889
4,2,VQC-circmean,natural,5,0.255805
4,2,VQC-circmean,natural,6,0.231452
4,2,VQC-circmean,natural,7,0.212101
4,2,VQC-circmean,natural,8,0.196816
4,2,VQC-circmean,natural,9,0.184822
4,2,VQC-circmean,natural,10,0.175348
4,2,VQC-circmean,natural,11,0.167693
4,2,VQC-circmean,natural,12,0.161323
4,2,VQC-circmean,natural,13,0.155929
4,2,VQC-circmean,natural,14,0.151374
4,2,VQC-circmean,natural,15,0.147583
4,2,VQC-circmean,natural,16,0.144473
4,2,VQC-circmean,natural,17,0.141955
4,2,VQC-circmean,natural,18,0.13994
4,2,VQC-circmean,natural,19,0.138346
4,3,VQC-circmean,natural,0,0.467525
4,3,VQC-circmean,natural,1,0.420739
4,3,VQC-circmean,natural,2,0.359543
4,3,VQC-circmean,natural,3,0.306605
4,3,VQC-circmean,natural,4,0.268452
4,3,VQC-circmean,natural,5,0.239601
4,3,VQC-circmean,natural,6,0.216748
4,3,VQC-circmean,natural,7,0.198608
4,3,VQC-circmean,natural,8,0.184383
4,3,VQC-circmean,natural,9,0.173178
4,3,VQC-circmean,natural,10,0.164021
4,3,VQC-circmean,natural,11,0.156167
4,3,VQC-circmean,natural,12,0.149241
4,3,VQC-circmean,natural,13,0.143129
4,3,VQC-circmean,natural,14,0.137804
4,3,VQC-circmean,natural,15,0.133236
4,3,VQC-circmean,natural,16,0.129374
4,3,VQC-circmean,natural,17,0.126153
4,3,VQC-circmean,natural,18,0.1235
4,3,VQC-circmean,natural,19,0.121343
4,4,VQC-circmean,natural,0,0.485645
4,4,VQC-circmean,natural,1,0.42606
4,4,VQC-circmean,natural,2,0.370092
4,4,VQC-circmean,natural,3,0.324316
4,4,VQC-circmean,natural,4,0.287976
4,4,VQC-circmean,natural,5,0.258939
4,4,VQC-circmean,natural,6,0.235443
4,4,VQC-circmean,natural,7,0.216546
4,4,VQC-circmean,natural,8,0.20162
4,4,VQC-circmean,natural,9,0.189782
4,4,VQC-circmean,natural,10,0.179869
4,4,VQC-circmean,natural,11,0.170992
4,4,VQC-circmean,natural,12,0.162882
4,4,VQC-circmean,natural,13,0.155629
4,4,VQC-circmean,natural,14,0.149344
4,4,VQC-circmean,natural,15,0.144037
4,4,VQC-circmean,natural,16,0.139637
4,4,VQC-circmean,natural,17,0.136033
4,4,VQC-circmean,natural,18,0.133111
4,4,VQC-circmean,natural,19,0.130761
5,0,VQC-circmean,natural,0,0.540358
5,0,VQC-circmean,natural,1,0.49491
5,0,VQC-circmean,natural,2,0.429925
5,0,VQC-circmean,natural,3,0.366515
5,0,VQC-circmean,natural,4,0.316781
5,0,VQC-circmean,natural,5,0.281417
5,0,VQC-circmean,natural,6,0.256808
5,0,VQC-circmean,natural,7,0.239491
5,0,VQC-circmean,natural,8,0.22686
5,0,VQC-circmean,natural,9,0.217099
5,0,VQC-circmean,natural,10,0.209
5,0,VQC-circmean,natural,11,0.201789
5,0,VQC-circmean,natural,12,0.195003
5,0,VQC-circmean,natural,13,0.188408
5,0,VQC-circmean,natural,14,0.181924
5,0,VQC-circmean,natural,15,0.175572
5,0,VQC-circmean,natural,16,0.169419
5,0,VQC-circmean,natural,17,0.163547
5,0,VQC-circmean,natural,18,0.158031
5,0,VQC-circmean,natural,19,0.152936
5,1,VQC-circmean,natural,0,0.522186
5,1,VQC-circmean,natural,1,0.485026
5,1,VQC-circmean,natural,2,0.433303
5,1,VQC-circmean,natural,3,0.382284
5,1,VQC-circmean,natural,4,0.339026
5,1,VQC-circmean,natural,5,0.304908
5,1,VQC-circmean,natural,6,0.278912
5,1,VQC-circmean,natural,7,0.259233
5,1,VQC-circmean,natural,8,0.244083
5,1,VQC-circmean,natural,9,0.232
5,1,VQC-circmean,natural,10,0.221898
5,1,VQC-circmean,natural,11,0.213026
5,1,VQC-circmean,natural,12,0.204911
5,1,VQC-circmean,natural,13,0.197291
5,1,VQC-circmean,natural,14,0.190059
5,1,VQC-circmean,natural,15,0.183206
5,1,VQC-circmean,natural,16,0.176771
5,1,VQC-circmean,natural,17,0.170808
5,1,VQC-circmean,natural,18,0.165367
5,1,VQC-circmean,natural,19,0.160483
5,2,VQC-circmean,natural,0,0.509341
5,2,VQC-circmean,natural,1,0.47782
5,2,VQC-circmean,natural,2,0.427482
5,2,VQC-circmean,natural,3,0.370574
5,2,VQC-circmean,natural,4,0.32059
5,2,VQC-circmean,natural,5,0.282506
5,2,VQC-circmean,natural,6,0.255107
5,2,VQC-circmean,natural,7,0.235716
5,2,VQC-circmean,natural,8,0.221883
5,2,VQC-circmean,natural,9,0.211724
5,2,VQC-circmean,natural,10,0.203894
5,2,VQC-circmean,natural,11,0.197473
5,2,VQC-circmean,natural,12,0.191844
5,2,VQC-circmean,natural,13,0.186614
5,2,VQC-circmean,natural,14,0.181558
5,2,VQC-circmean,natural,15,0.176574
5,2,VQC-circmean,natural,16,0.171644
5,2,VQC-circmean,natural,17,0.166804
5,2,VQC-circmean,natural,18,0.162114
5,2,VQC-circmean,natural,19,0.157639
5,3,VQC-circmean,natural,0,0.48967
5,3,VQC-circmean,natural,1,0.460435
5,3,VQC-circmean,natural,2,0.40998
5,3,VQC-circmean,natural,3,0.354338
5,3,VQC-circmean,natural,4,0.307361
5,3,VQC-circmean,natural,5,0.272589
5,3,VQC-circmean,natural,6,0.247886
5,3,VQC-circmean,natural,7,0.230323
5,3,VQC-circmean,natural,8,0.217502
5,3,VQC-circmean,natural,9,0.207694
5,3,VQC-circmean,natural,10,0.199733
5,3,VQC-circmean,natural,11,0.19286
5,3,VQC-circmean,natural,12,0.186606
5,3,VQC-circmean,natural,13,0.180703
5,3,VQC-circmean,natural,14,0.175024
5,3,VQC-circmean,natural,15,0.169531
5,3,VQC-circmean,natural,16,0.164241
5,3,VQC-circmean,natural,17,0.159197
5,3,VQC-circmean,natural,18,0.154452
5,3,VQC-circmean,natural,19,0.150057
5,4,VQC-circmean,natural,0,0.500127
5,4,VQC-circmean,natural,1,0.471821
5,4,VQC-circmean,natural,2,0.423662
5,4,VQC-circmean,natural,3,0.367743
5,4,VQC-circmean,natural,4,0.317831
5,4,VQC-circmean,natural,5,0.279515
5,4,VQC-circmean,natural,6,0.251693
5,4,VQC-circmean,natural,7,0.231683
5,4,VQC-circmean,natural,8,0.217063
5,4,VQC-circmean,natural,9,0.205977
5,4,VQC-circmean,natural,10,0.197097
5,4,VQC-circmean,natural,11,0.189517
5,4,VQC-circmean,natural,12,0.182651
5,4,VQC-circmean,natural,13,0.176157
5,4,VQC-circmean,natural,14,0.169871
5,4,VQC-circmean,natural,15,0.163749
5,4,VQC-circmean,natural,16,0.157819
5,4,VQC-circmean,natural,17,0.152138
5,4,VQC-circmean,natural,18,0.146778
5,4,VQC-circmean,natural,19,0.141805
6,0,VQC-circmean,natural,0,0.545818
6,0,VQC-circmean,natural,1,0.511362
6,0,VQC-circmean,natural,2,0.460641
6,0,VQC-circmean,natural,3,0.397232
6,0,VQC-circmean,natural,4,0.334118
6,0,VQC-circmean,natural,5,0.280114
6,0,VQC-circmean,natural,6,0.237681
6,0,VQC-circmean,natural,7,0.205955
6,0,VQC-circmean,natural,8,0.183061
6,0,VQC-circmean,natural,9,0.167077
6,0,VQC-circmean,natural,10,0.156365
6,0,VQC-circmean,natural,11,0.149632
6,0,VQC-circmean,natural,12,0.14587
6,0,VQC-circmean,natural,13,0.144291
6,0,VQC-circmean,natural,14,0.144262
6,0,VQC-circmean,natural,15,0.145273
6,0,VQC-circmean,natural,16,0.146919
6,0,VQC-circmean,natural,17,0.14889
6,0,VQC-circmean,natural,18,0.150963
6,0,VQC-circmean,natural,19,0.152989
6,1,VQC-circmean,natural,0,0.545089
6,1,VQC-circmean,natural,1,0.509836
6,1,VQC-circmean,natural,2,0.464343
6,1,VQC-circmean,natural,3,0.407302
6,1,VQC-circmean,natural,4,0.347925
6,1,VQC-circmean,natural,5,0.294464
6,1,VQC-circmean,natural,6,0.250742
6,1,VQC-circmean,natural,7,0.217188
6,1,VQC-circmean,natural,8,0.192596
6,1,VQC-circmean,natural,9,0.175223
6,1,VQC-circmean,natural,10,0.163412
6,1,VQC-circmean,natural,11,0.155809
6,1,VQC-circmean,natural,12,0.151368
6,1,VQC-circmean,natural,13,0.149276
6,1,VQC-circmean,natural,14,0.148888
6,1,VQC-circmean,natural,15,0.149684
6,1,VQC-circmean,natural,16,0.151238
6,1,VQC-circmean,natural,17,0.153216
6,1,VQC-circmean,natural,18,0.155362
6,1,VQC-circmean,natural,19,0.157498
6,2,VQC-circmean,natural,0,0.504753
6,2,VQC-circmean,natural,1,0.466987
6,2,VQC-circmean,natural,2,0.41881
6,2,VQC-circmean,natural,3,0.364295
6,2,VQC-circmean,natural,4,0.311341
6,2,VQC-circmean,natural,5,0.26472
6,2,VQC-circmean,natural,6,0.226273
6,2,VQC-circmean,natural,7,0.196
6,2,VQC-circmean,natural,8,0.172939
6,2,VQC-circmean,natural,9,0.155837
6,2,VQC-circmean,natural,10,0.143508
6,2,VQC-circmean,natural,11,0.134949
6,2,VQC-circmean,natural,12,0.129341
6,2,VQC-circmean,natural,13,0.126018
6,2,VQC-circmean,natural,14,0.124435
6,2,VQC-circmean,natural,15,0.124141
6,2,VQC-circmean,natural,16,0.124758
6,2,VQC-circmean,natural,17,0.125977
6,2,VQC-circmean,natural,18,0.127548
6,2,VQC-circmean,natural,19,0.129284
6,3,VQC-circmean,natural,0,0.523997
6,3,VQC-circmean,natural,1,0.479717
6,3,VQC-circmean,natural,2,0.42624
6,3,VQC-circmean,natural,3,0.364006
6,3,VQC-circmean,natural,4,0.30462
6,3,VQC-circmean,natural,5,0.255421
6,3,VQC-circmean,natural,6,0.217566
6,3,VQC-circmean,natural,7,0.189532
6,3,VQC-circmean,natural,8,0.169417
6,3,VQC-circmean,natural,9,0.155623
6,3,VQC-circmean,natural,10,0.14683
6,3,VQC-circmean,natural,11,0.141858
6,3,VQC-circmean,natural,12,0.139663
6,3,VQC-circmean,natural,13,0.13937
6,3,VQC-circmean,natural,14,0.140282
6,3,VQC-circmean,natural,15,0.141877
6,3,VQC-circmean,natural,16,0.143786
6,3,VQC-circmean,natural,17,0.145766
6,3,VQC-circmean,natural,18,0.147675
6,3,VQC-circmean,natural,19,0.149436
6,4,VQC-circmean,natural,0,0.51783
6,4,VQC-circmean,natural,1,0.484615
6,4,VQC-circmean,natural,2,0.438691
6,4,VQC-circmean,natural,3,0.383331
6,4,VQC-circmean,natural,4,0.327761
6,4,VQC-circmean,natural,5,0.278233
6,4,VQC-circmean,natural,6,0.237283
6,4,VQC-circmean,natural,7,0.205203
6,4,VQC-circmean,natural,8,0.181209
6,4,VQC-circmean,natural,9,0.164085
6,4,VQC-circmean,natural,10,0.15253
6,4,VQC-circmean,natural,11,0.145313
6,4,VQC-circmean,natural,12,0.141354
6,4,VQC-circmean,natural,13,0.139765
6,4,VQC-circmean,natural,14,0.139843
6,4,VQC-circmean,natural,15,0.14104
6,4,VQC-circmean,natural,16,0.142928
6,4,VQC-circmean,natural,17,0.145186
6,4,VQC-circmean,natural,18,0.147583
6,4,VQC-circmean,natural,19,0.149958
7,0,VQC-circmean,natural,0,0.532253
7,0,VQC-circmean,natural,1,0.453298
7,0,VQC-circmean,natural,2,0.398784
7,0,VQC-circmean,natural,3,0.345102
7,0,VQC-circmean,natural,4,0.300875
7,0,VQC-circmean,natural,5,0.266067
7,0,VQC-circmean,natural,6,0.238787
7,0,VQC-circmean,natural,7,0.217829
7,0,VQC-circmean,natural,8,0.202472
7,0,VQC-circmean,natural,9,0.191747
7,0,VQC-circmean,natural,10,0.183674
7,0,VQC-circmean,natural,11,0.17605
7,0,VQC-circmean,natural,12,0.168224
7,0,VQC-circmean,natural,13,0.160739
7,0,VQC-circmean,natural,14,0.154123
7,0,VQC-circmean,natural,15,0.148551
7,0,VQC-circmean,natural,16,0.143976
7,0,VQC-circmean,natural,17,0.140268
7,0,VQC-circmean,natural,18,0.137287
7,0,VQC-circmean,natural,19,0.134908
7,1,VQC-circmean,natural,0,0.545491
7,1,VQC-circmean,natural,1,0.430293
7,1,VQC-circmean,natural,2,0.375508
7,1,VQC-circmean,natural,3,0.326457
7,1,VQC-circmean,natural,4,0.286963
7,1,VQC-circmean,natural,5,0.255599
7,1,VQC-circmean,natural,6,0.230871
7,1,VQC-circmean,natural,7,0.211973
7,1,VQC-circmean,natural,8,0.198109
7,1,VQC-circmean,natural,9,0.187721
7,1,VQC-circmean,natural,10,0.178706
7,1,VQC-circmean,natural,11,0.169945
7,1,VQC-circmean,natural,12,0.161635
7,1,VQC-circmean,natural,13,0.154249
7,1,VQC-circmean,natural,14,0.148
7,1,VQC-circmean,natural,15,0.142862
7,1,VQC-circmean,natural,16,0.13871
7,1,VQC-circmean,natural,17,0.135395
7,1,VQC-circmean,natural,18,0.132775
7,1,VQC-circmean,natural,19,0.130726
7,2,VQC-circmean,natural,0,0.519674
7,2,VQC-circmean,natural,1,0.458061
7,2,VQC-circmean,natural,2,0.416382
7,2,VQC-circmean,natural,3,0.363427
7,2,VQC-circmean,natural,4,0.312669
7,2,VQC-circmean,natural,5,0.273032
7,2,VQC-circmean,natural,6,0.242168
7,2,VQC-circmean,natural,7,0.21772
7,2,VQC-circmean,natural,8,0.198817
7,2,VQC-circmean,natural,9,0.185059
7,2,VQC-circmean,natural,10,0.175476
7,2,VQC-circmean,natural,11,0.167999
7,2,VQC-circmean,natural,12,0.160817
7,2,VQC-circmean,natural,13,0.153773
7,2,VQC-circmean,natural,14,0.147469
7,2,VQC-circmean,natural,15,0.142274
7,2,VQC-circmean,natural,16,0.138212
7,2,VQC-circmean,natural,17,0.135144
7,2,VQC-circmean,natural,18,0.132891
7,2,VQC-circmean,natural,19,0.131286
7,3,VQC-circmean,natural,0,0.545243
7,3,VQC-circmean,natural,1,0.478723
7,3,VQC-circmean,natural,2,0.427927
7,3,VQC-circmean,natural,3,0.369788
7,3,VQC-circmean,natural,4,0.317973
7,3,VQC-circmean,natural,5,0.278535
7,3,VQC-circmean,natural,6,0.248147
7,3,VQC-circmean,natural,7,0.223999
7,3,VQC-circmean,natural,8,0.204815
7,3,VQC-circmean,natural,9,0.189833
7,3,VQC-circmean,natural,10,0.177967
7,3,VQC-circmean,natural,11,0.167732
7,3,VQC-circmean,natural,12,0.158885
7,3,VQC-circmean,natural,13,0.151817
7,3,VQC-circmean,natural,14,0.146356
7,3,VQC-circmean,natural,15,0.142145
7,3,VQC-circmean,natural,16,0.13889
7,3,VQC-circmean,natural,17,0.136373
7,3,VQC-circmean,natural,18,0.134433
7,3,VQC-circmean,natural,19,0.132946
7,4,VQC-circmean,natural,0,0.532253
7,4,VQC-circmean,natural,1,0.459558
7,4,VQC-circmean,natural,2,0.408686
7,4,VQC-circmean,natural,3,0.352306
7,4,VQC-circmean,natural,4,0.302858
7,4,VQC-circmean,natural,5,0.264201
7,4,VQC-circmean,natural,6,0.234101
7,4,VQC-circmean,natural,7,0.210763
7,4,VQC-circmean,natural,8,0.1932
7,4,VQC-circmean,natural,9,0.18047
7,4,VQC-circmean,natural,10,0.170912
7,4,VQC-circmean,natural,11,0.162534
7,4,VQC-circmean,natural,12,0.154453
7,4,VQC-circmean,natural,13,0.146895
7,4,VQC-circmean,natural,14,0.140254
7,4,VQC-circmean,natural,15,0.134691
7,4,VQC-circmean,natural,16,0.130173
7,4,VQC-circmean,natural,17,0.12658
7,4,VQC-circmean,natural,18,0.12377
7,4,VQC-circmean,natural,19,0.121606
8,0,VQC-circmean,natural,0,0.490337
8,0,VQC-circmean,natural,1,0.450431
8,0,VQC-circmean,natural,2,0.399072
8,0,VQC-circmean,natural,3,0.34974
8,0,VQC-circmean,natural,4,0.308839
8,0,VQC-circmean,natural,5,0.277441
8,0,VQC-circmean,natural,6,0.254192
8,0,VQC-circmean,natural,7,0.237119
8,0,VQC-circmean,natural,8,0.224374
8,0,VQC-circmean,natural,9,0.214477
8,0,VQC-circmean,natural,10,0.206348
8,0,VQC-circmean,natural,11,0.199242
8,0,VQC-circmean,natural,12,0.192681
8,0,VQC-circmean,natural,13,0.186389
8,0,VQC-circmean,natural,14,0.180246
8,0,VQC-circmean,natural,15,0.174239
8,0,VQC-circmean,natural,16,0.168417
8,0,VQC-circmean,natural,17,0.16286
8,0,VQC-circmean,natural,18,0.15765
8,0,VQC-circmean,natural,19,0.152857
8,1,VQC-circmean,natural,0,0.458734
8,1,VQC-circmean,natural,1,0.421524
8,1,VQC-circmean,natural,2,0.377139
8,1,VQC-circmean,natural,3,0.334819
8,1,VQC-circmean,natural,4,0.298506
8,1,VQC-circmean,natural,5,0.269251
8,1,VQC-circmean,natural,6,0.246397
8,1,VQC-circmean,natural,7,0.228578
8,1,VQC-circmean,natural,8,0.214387
8,1,VQC-circmean,natural,9,0.202673
8,1,VQC-circmean,natural,10,0.192619
8,1,VQC-circmean,natural,11,0.183698
8,1,VQC-circmean,natural,12,0.175603
8,1,VQC-circmean,natural,13,0.16817
8,1,VQC-circmean,natural,14,0.161322
8,1,VQC-circmean,natural,15,0.155038
8,1,VQC-circmean,natural,16,0.149321
8,1,VQC-circmean,natural,17,0.144185
8,1,VQC-circmean,natural,18,0.139639
8,1,VQC-circmean,natural,19,0.135681
8,2,VQC-circmean,natural,0,0.474962
8,2,VQC-circmean,natural,1,0.436612
8,2,VQC-circmean,natural,2,0.389693
8,2,VQC-circmean,natural,3,0.344959
8,2,VQC-circmean,natural,4,0.307732
8,2,VQC-circmean,natural,5,0.278776
8,2,VQC-circmean,natural,6,0.256713
8,2,VQC-circmean,natural,7,0.239693
8,2,VQC-circmean,natural,8,0.226069
8,2,VQC-circmean,natural,9,0.214613
8,2,VQC-circmean,natural,10,0.204527
8,2,VQC-circmean,natural,11,0.195358
8,2,VQC-circmean,natural,12,0.186888
8,2,VQC-circmean,natural,13,0.179037
8,2,VQC-circmean,natural,14,0.171798
8,2,VQC-circmean,natural,15,0.165192
8,2,VQC-circmean,natural,16,0.159247
8,2,VQC-circmean,natural,17,0.153981
8,2,VQC-circmean,natural,18,0.149394
8,2,VQC-circmean,natural,19,0.145462
8,3,VQC-circmean,natural,0,0.492358
8,3,VQC-circmean,natural,1,0.450138
8,3,VQC-circmean,natural,2,0.401185
8,3,VQC-circmean,natural,3,0.35283
8,3,VQC-circmean,natural,4,0.31126
8,3,VQC-circmean,natural,5,0.27849
8,3,VQC-circmean,natural,6,0.25354
8,3,VQC-circmean,natural,7,0.234484
8,3,VQC-circmean,natural,8,0.219536
8,3,VQC-circmean,natural,9,0.207378
8,3,VQC-circmean,natural,10,0.197139
8,3,VQC-circmean,natural,11,0.188265
8,3,VQC-circmean,natural,12,0.18039
8,3,VQC-circmean,natural,13,0.173284
8,3,VQC-circmean,natural,14,0.166816
8,3,VQC-circmean,natural,15,0.16094
8,3,VQC-circmean,natural,16,0.155655
8,3,VQC-circmean,natural,17,0.150971
8,3,VQC-circmean,natural,18,0.146882
8,3,VQC-circmean,natural,19,0.143363
8,4,VQC-circmean,natural,0,0.50055
8,4,VQC-circmean,natural,1,0.45689
8,4,VQC-circmean,natural,2,0.404227
8,4,VQC-circmean,natural,3,0.354128
8,4,VQC-circmean,natural,4,0.312665
8,4,VQC-circmean,natural,5,0.280566
8,4,VQC-circmean,natural,6,0.256271
8,4,VQC-circmean,natural,7,0.237771
8,4,VQC-circmean,natural,8,0.223288
8,4,VQC-circmean,natural,9,0.211456
8,4,VQC-circmean,natural,10,0.201324
8,4,VQC-circmean,natural,11,0.192285
8,4,VQC-circmean,natural,12,0.183994
8,4,VQC-circmean,natural,13,0.176284
8,4,VQC-circmean,natural,14,0.169098
8,4,VQC-circmean,natural,15,0.162435
8,4,VQC-circmean,natural,16,0.156316
8,4,VQC-circmean,natural,17,0.150763
8,4,VQC-circmean,natural,18,0.145793
8,4,VQC-circmean,natural,19,0.141408
9,0,VQC-circmean,natural,0,0.507656
9,0,VQC-circmean,natural,1,0.489631
9,0,VQC-circmean,natural,2,0.450075
9,0,VQC-circmean,natural,3,0.401245
9,0,VQC-circmean,natural,4,0.352438
9,0,VQC-circmean,natural,5,0.311128
9,0,VQC-circmean,natural,6,0.279675
9,0,VQC-circmean,natural,7,0.256818
9,0,VQC-circmean,natural,8,0.240315
9,0,VQC-circmean,natural,9,0.22814
9,0,VQC-circmean,natural,10,0.218755
9,0,VQC-circmean,natural,11,0.211077
9,0,VQC-circmean,natural,12,0.204374
9,0,VQC-circmean,natural,13,0.198176
9,0,VQC-circmean,natural,14,0.192209
9,0,VQC-circmean,natural,15,0.186346
9,0,VQC-circmean,natural,16,0.180561
9,0,VQC-circmean,natural,17,0.174892
9,0,VQC-circmean,natural,18,0.169405
9,0,VQC-circmean,natural,19,0.164168
9,1,VQC-circmean,natural,0,0.500293
9,1,VQC-circmean,natural,1,0.477658
9,1,VQC-circmean,natural,2,0.434924
9,1,VQC-circmean,natural,3,0.382995
9,1,VQC-circmean,natural,4,0.33279
9,1,VQC-circmean,natural,5,0.291577
9,1,VQC-circmean,natural,6,0.260722
9,1,VQC-circmean,natural,7,0.238378
9,1,VQC-circmean,natural,8,0.222095
9,1,VQC-circmean,natural,9,0.209801
9,1,VQC-circmean,natural,10,0.199996
9,1,VQC-circmean,natural,11,0.191688
9,1,VQC-circmean,natural,12,0.18427
9,1,VQC-circmean,natural,13,0.177402
9,1,VQC-circmean,natural,14,0.170924
9,1,VQC-circmean,natural,15,0.164782
9,1,VQC-circmean,natural,16,0.158977
9,1,VQC-circmean,natural,17,0.153537
9,1,VQC-circmean,natural,18,0.148491
9,1,VQC-circmean,natural,19,0.143873
9,2,VQC-circmean,natural,0,0.516455
9,2,VQC-circmean,natural,1,0.489655
9,2,VQC-circmean,natural,2,0.45114
9,2,VQC-circmean,natural,3,0.402171
9,2,VQC-circmean,natural,4,0.353313
9,2,VQC-circmean,natural,5,0.311386
9,2,VQC-circmean,natural,6,0.278174
9,2,VQC-circmean,natural,7,0.252684
9,2,VQC-circmean,natural,8,0.233172
9,2,VQC-circmean,natural,9,0.217993
9,2,VQC-circmean,natural,10,0.205822
9,2,VQC-circmean,natural,11,0.19566
9,2,VQC-circmean,natural,12,0.186803
9,2,VQC-circmean,natural,13,0.17883
9,2,VQC-circmean,natural,14,0.171553
9,2,VQC-circmean,natural,15,0.164933
9,2,VQC-circmean,natural,16,0.158987
9,2,VQC-circmean,natural,17,0.153738
9,2,VQC-circmean,natural,18,0.149186
9,2,VQC-circmean,natural,19,0.145305
9,3,VQC-circmean,natural,0,0.524578
9,3,VQC-circmean,natural,1,0.497842
9,3,VQC-circmean,natural,2,0.448204
9,3,VQC-circmean,natural,3,0.39193
9,3,VQC-circmean,natural,4,0.340183
9,3,VQC-circmean,natural,5,0.299108
9,3,VQC-circmean,natural,6,0.268472
9,3,VQC-circmean,natural,7,0.245605
9,3,VQC-circmean,natural,8,0.227966
9,3,VQC-circmean,natural,9,0.213729
9,3,VQC-circmean,natural,10,0.20175
9,3,VQC-circmean,natural,11,0.191387
9,3,VQC-circmean,natural,12,0.1823
9,3,VQC-circmean,natural,13,0.174296
9,3,VQC-circmean,natural,14,0.167245
9,3,VQC-circmean,natural,15,0.161049
9,3,VQC-circmean,natural,16,0.155641
9,3,VQC-circmean,natural,17,0.150981
9,3,VQC-circmean,natural,18,0.147032
9,3,VQC-circmean,natural,19,0.143747
9,4,VQC-circmean,natural,0,0.47457
9,4,VQC-circmean,natural,1,0.453971
9,4,VQC-circmean,natural,2,0.415428
9,4,VQC-circmean,natural,3,0.370402
9,4,VQC-circmean,natural,4,0.32645
9,4,VQC-circmean,natural,5,0.28897
9,4,VQC-circmean,natural,6,0.259514
9,4,VQC-circmean,natural,7,0.237148
9,4,VQC-circmean,natural,8,0.220192
9,4,VQC-circmean,natural,9,0.207034
9,4,VQC-circmean,natural,10,0.196416
9,4,VQC-circmean,natural,11,0.18746
9,4,VQC-circmean,natural,12,0.17961
9,4,VQC-circmean,natural,13,0.17253
9,4,VQC-circmean,natural,14,0.166034
9,4,VQC-circmean,natural,15,0.160022
9,4,VQC-circmean,natural,16,0.154447
9,4,VQC-circmean,natural,17,0.149292
9,4,VQC-circmean,natural,18,0.144562
9,4,VQC-circmean,natural,19,0.140269
