seed,fold,model,arm,condition,client,n,accuracy,f1,auroc
0,0,LR,arm1,,global,184,0.7826,0.8058,0.8573
0,0,LR,arm1,100,0,35,0.7429,0.7568,0.8191
0,0,LR,arm1,100,1,47,0.8085,0.8235,0.808
0,0,LR,arm1,100,2,50,0.82,0.8364,0.8961
0,0,LR,arm1,100,3,52,0.75,0.7937,0.8833
0,0,LR,arm1,1.0,0,32,0.7812,0.7879,0.8945
0,0,LR,arm1,1.0,1,72,0.8056,0.8409,0.8222
0,0,LR,arm1,1.0,2,48,0.8125,0.8302,0.8642
0,0,LR,arm1,1.0,3,32,0.6875,0.6875,0.9028
0,0,LR,arm1,0.5,0,62,0.7581,0.6341,0.8068
0,0,LR,arm1,0.5,1,69,0.8696,0.9268,0.9293
0,0,LR,arm1,0.5,2,33,0.697,0.6429,0.8843
0,0,LR,arm1,0.5,3,20,0.7,0.5714,0.881
0,0,LR,arm1,0.1,0,61,0.7705,0.0,nan
0,0,LR,arm1,0.1,1,100,0.83,0.9071,nan
0,0,LR,arm1,0.1,2,14,0.5714,0.0,nan
0,0,LR,arm1,0.1,3,9,0.6667,0.0,0.75
0,0,LR,arm1,natural,0,66,0.7727,0.7458,0.8608
0,0,LR,arm1,natural,1,60,0.8333,0.8148,0.9342
0,0,LR,arm1,natural,2,22,0.7727,0.8649,0.625
0,0,LR,arm1,natural,3,36,0.7222,0.8214,0.6502
0,0,LR,arm2,100,global,184,0.7826,0.8058,0.8502
0,0,LR,arm2,100,0,35,0.7429,0.7568,0.8224
0,0,LR,arm2,100,1,47,0.8298,0.84,0.8098
0,0,LR,arm2,100,2,50,0.8,0.8214,0.8896
0,0,LR,arm2,100,3,52,0.75,0.7937,0.8621
0,0,LR,arm2,1.0,global,184,0.7826,0.8058,0.8501
0,0,LR,arm2,1.0,0,32,0.7812,0.7879,0.8906
0,0,LR,arm2,1.0,1,72,0.8056,0.8409,0.8198
0,0,LR,arm2,1.0,2,48,0.8125,0.8302,0.8571
0,0,LR,arm2,1.0,3,32,0.6875,0.6875,0.8826
0,0,LR,arm2,0.5,global,184,0.7772,0.8057,0.848
0,0,LR,arm2,0.5,0,62,0.7258,0.6222,0.803
0,0,LR,arm2,0.5,1,69,0.8841,0.9355,0.9242
0,0,LR,arm2,0.5,2,33,0.697,0.6429,0.8595
0,0,LR,arm2,0.5,3,20,0.7,0.5714,0.869
0,0,LR,arm2,0.1,global,184,0.7772,0.8038,0.8485
0,0,LR,arm2,0.1,0,61,0.7377,0.0,nan
0,0,LR,arm2,0.1,1,100,0.84,0.913,nan
0,0,LR,arm2,0.1,2,14,0.5714,0.0,nan
0,0,LR,arm2,0.1,3,9,0.6667,0.0,0.75
0,0,LR,arm2,natural,global,184,0.7826,0.8039,0.8442
0,0,LR,arm2,natural,0,66,0.7879,0.7586,0.8544
0,0,LR,arm2,natural,1,60,0.8333,0.8148,0.9295
0,0,LR,arm2,natural,2,22,0.7727,0.8649,0.6
0,0,LR,arm2,natural,3,36,0.6944,0.8,0.6296
0,0,MLP,arm1,,global,184,0.7826,0.8113,0.8671
0,0,MLP,arm1,100,0,35,0.7143,0.75,0.8355
0,0,MLP,arm1,100,1,47,0.766,0.7925,0.8279
0,0,MLP,arm1,100,2,50,0.86,0.8727,0.9172
0,0,MLP,arm1,100,3,52,0.7692,0.8125,0.8803
0,0,MLP,arm1,1.0,0,32,0.75,0.7778,0.8984
0,0,MLP,arm1,1.0,1,72,0.8056,0.8478,0.8486
0,0,MLP,arm1,1.0,2,48,0.8125,0.8235,0.873
0,0,MLP,arm1,1.0,3,32,0.7188,0.7273,0.8866
0,0,MLP,arm1,0.5,0,62,0.7097,0.6087,0.8207
0,0,MLP,arm1,0.5,1,69,0.8841,0.9355,0.9596
0,0,MLP,arm1,0.5,2,33,0.697,0.6154,0.8678
0,0,MLP,arm1,0.5,3,20,0.8,0.75,0.869
0,0,MLP,arm1,0.1,0,61,0.7213,0.0,nan
0,0,MLP,arm1,0.1,1,100,0.85,0.9189,nan
0,0,MLP,arm1,0.1,2,14,0.5714,0.0,nan
0,0,MLP,arm1,0.1,3,9,0.7778,0.5,0.75
0,0,MLP,arm1,natural,0,66,0.7576,0.7419,0.8774
0,0,MLP,arm1,natural,1,60,0.8167,0.8,0.9389
0,0,MLP,arm1,natural,2,22,0.8182,0.8947,0.6
0,0,MLP,arm1,natural,3,36,0.75,0.8421,0.6214
0,0,MLP,arm2,100,global,184,0.7989,0.8195,0.8652
0,0,MLP,arm2,100,0,35,0.7714,0.7895,0.8355
0,0,MLP,arm2,100,1,47,0.8085,0.8235,0.8225
0,0,MLP,arm2,100,2,50,0.86,0.8727,0.9058
0,0,MLP,arm2,100,3,52,0.75,0.7869,0.8803
0,0,MLP,arm2,1.0,global,184,0.7935,0.8137,0.8662
0,0,MLP,arm2,1.0,0,32,0.8125,0.8235,0.8984
0,0,MLP,arm2,1.0,1,72,0.8056,0.8409,0.8436
0,0,MLP,arm2,1.0,2,48,0.8125,0.8235,0.8677
0,0,MLP,arm2,1.0,3,32,0.7188,0.7097,0.8988
0,0,MLP,arm2,0.5,global,184,0.788,0.8152,0.8486
0,0,MLP,arm2,0.5,0,62,0.7419,0.6364,0.8005
0,0,MLP,arm2,0.5,1,69,0.8841,0.9355,0.9343
0,0,MLP,arm2,0.5,2,33,0.697,0.6429,0.876
0,0,MLP,arm2,0.5,3,20,0.75,0.6667,0.8571
0,0,MLP,arm2,0.1,global,184,0.663,0.7578,0.8528
0,0,MLP,arm2,0.1,0,61,0.2787,0.0,nan
0,0,MLP,arm2,0.1,1,100,0.96,0.9796,nan
0,0,MLP,arm2,0.1,2,14,0.2857,0.0,nan
0,0,MLP,arm2,0.1,3,9,0.5556,0.3333,0.75
0,0,MLP,arm2,natural,global,184,0.7772,0.796,0.8524
0,0,MLP,arm2,natural,0,66,0.7879,0.75,0.8636
0,0,MLP,arm2,natural,1,60,0.8333,0.8148,0.9365
0,0,MLP,arm2,natural,2,22,0.7727,0.8649,0.625
0,0,MLP,arm2,natural,3,36,0.6667,0.7778,0.6214
0,1,LR,arm1,,global,184,0.7935,0.8304,0.8725
0,1,LR,arm1,100,0,37,0.6216,0.65,0.8304
0,1,LR,arm1,100,1,41,0.8537,0.88,0.8946
0,1,LR,arm1,100,2,49,0.8776,0.9062,0.8842
0,1,LR,arm1,100,3,57,0.7895,0.8286,0.8938
0,1,LR,arm1,1.0,0,38,0.7368,0.7826,0.9361
0,1,LR,arm1,1.0,1,62,0.7903,0.8312,0.835
0,1,LR,arm1,1.0,2,48,0.875,0.8889,0.9458
0,1,LR,arm1,1.0,3,36,0.75,0.8085,0.8545
0,1,LR,arm1,0.5,0,57,0.6667,0.5128,0.7885
0,1,LR,arm1,0.5,1,75,0.9067,0.9481,0.9086
0,1,LR,arm1,0.5,2,33,0.8788,0.8824,0.9704
0,1,LR,arm1,0.5,3,19,0.5789,0.5,0.9167
0,1,LR,arm1,0.1,0,59,0.678,0.0,nan
0,1,LR,arm1,0.1,1,102,0.9118,0.9538,nan
0,1,LR,arm1,0.1,2,16,0.5,0.0,nan
0,1,LR,arm1,0.1,3,7,0.7143,0.0,nan
0,1,LR,arm1,natural,0,64,0.8281,0.8197,0.9087
0,1,LR,arm1,natural,1,51,0.7255,0.6667,0.8111
0,1,LR,arm1,natural,2,28,0.8929,0.9434,0.8889
0,1,LR,arm1,natural,3,41,0.7561,0.8529,0.7708
0,1,LR,arm2,100,global,184,0.7935,0.8304,0.8693
0,1,LR,arm2,100,0,37,0.6216,0.65,0.8274
0,1,LR,arm2,100,1,41,0.8537,0.88,0.8946
0,1,LR,arm2,100,2,49,0.8776,0.9062,0.8768
0,1,LR,arm2,100,3,57,0.7895,0.8286,0.8889
0,1,LR,arm2,1.0,global,184,0.7935,0.8304,0.8691
0,1,LR,arm2,1.0,0,38,0.7368,0.7826,0.9306
0,1,LR,arm2,1.0,1,62,0.7903,0.8312,0.8361
0,1,LR,arm2,1.0,2,48,0.875,0.8889,0.9441
0,1,LR,arm2,1.0,3,36,0.75,0.8085,0.8359
0,1,LR,arm2,0.5,global,184,0.7772,0.821,0.8677
0,1,LR,arm2,0.5,0,57,0.6316,0.4878,0.7797
0,1,LR,arm2,0.5,1,75,0.92,0.9559,0.8971
0,1,LR,arm2,0.5,2,33,0.8485,0.8571,0.9778
0,1,LR,arm2,0.5,3,19,0.5263,0.4706,0.9
0,1,LR,arm2,0.1,global,184,0.7717,0.8158,0.8671
0,1,LR,arm2,0.1,0,59,0.6271,0.0,nan
0,1,LR,arm2,0.1,1,102,0.9118,0.9538,nan
0,1,LR,arm2,0.1,2,16,0.4375,0.0,nan
0,1,LR,arm2,0.1,3,7,0.7143,0.0,nan
0,1,LR,arm2,natural,global,184,0.8043,0.8378,0.8694
0,1,LR,arm2,natural,0,64,0.8281,0.8197,0.8988
0,1,LR,arm2,natural,1,51,0.7255,0.6667,0.8278
0,1,LR,arm2,natural,2,28,0.8929,0.9434,0.8889
0,1,LR,arm2,natural,3,41,0.8049,0.8788,0.7778
0,1,MLP,arm1,,global,184,0.7826,0.8276,0.8724
0,1,MLP,arm1,100,0,37,0.6216,0.6667,0.7976
0,1,MLP,arm1,100,1,41,0.8293,0.8679,0.8995
0,1,MLP,arm1,100,2,49,0.8571,0.8923,0.8824
0,1,MLP,arm1,100,3,57,0.7895,0.8333,0.9148
0,1,MLP,arm1,1.0,0,38,0.7105,0.766,0.9
0,1,MLP,arm1,1.0,1,62,0.7903,0.8395,0.8372
0,1,MLP,arm1,1.0,2,48,0.875,0.8929,0.9336
0,1,MLP,arm1,1.0,3,36,0.7222,0.7917,0.8545
0,1,MLP,arm1,0.5,0,57,0.6316,0.5116,0.7745
0,1,MLP,arm1,0.5,1,75,0.9333,0.9635,0.8943
0,1,MLP,arm1,0.5,2,33,0.8485,0.8571,0.963
0,1,MLP,arm1,0.5,3,19,0.5263,0.4706,0.9167
0,1,MLP,arm1,0.1,0,59,0.6102,0.0,nan
0,1,MLP,arm1,0.1,1,102,0.9412,0.9697,nan
0,1,MLP,arm1,0.1,2,16,0.5,0.0,nan
0,1,MLP,arm1,0.1,3,7,0.5714,0.0,nan
0,1,MLP,arm1,natural,0,64,0.7969,0.806,0.8909
0,1,MLP,arm1,natural,1,51,0.6863,0.619,0.8037
0,1,MLP,arm1,natural,2,28,0.9643,0.9818,0.7778
0,1,MLP,arm1,natural,3,41,0.7561,0.8529,0.8472
0,1,MLP,arm2,100,global,184,0.7935,0.8304,0.8736
0,1,MLP,arm2,100,0,37,0.6216,0.65,0.8274
0,1,MLP,arm2,100,1,41,0.8293,0.8627,0.8995
0,1,MLP,arm2,100,2,49,0.8571,0.8889,0.8897
0,1,MLP,arm2,100,3,57,0.8246,0.8571,0.8951
0,1,MLP,arm2,1.0,global,184,0.7989,0.8341,0.8745
0,1,MLP,arm2,1.0,0,38,0.7368,0.7826,0.9417
0,1,MLP,arm2,1.0,1,62,0.7581,0.8052,0.8294
0,1,MLP,arm2,1.0,2,48,0.8958,0.9091,0.9441
0,1,MLP,arm2,1.0,3,36,0.8056,0.8444,0.8514
0,1,MLP,arm2,0.5,global,184,0.7772,0.821,0.8665
0,1,MLP,arm2,0.5,0,57,0.6316,0.4878,0.7902
0,1,MLP,arm2,0.5,1,75,0.92,0.9559,0.8971
0,1,MLP,arm2,0.5,2,33,0.8485,0.8571,0.9741
0,1,MLP,arm2,0.5,3,19,0.5263,0.4706,0.9
0,1,MLP,arm2,0.1,global,184,0.625,0.7454,0.8761
0,1,MLP,arm2,0.1,0,59,0.1695,0.0,nan
0,1,MLP,arm2,0.1,1,102,0.9902,0.9951,nan
0,1,MLP,arm2,0.1,2,16,0.1875,0.0,nan
0,1,MLP,arm2,0.1,3,7,0.1429,0.0,nan
0,1,MLP,arm2,natural,global,184,0.7717,0.8158,0.8694
0,1,MLP,arm2,natural,0,64,0.7656,0.7619,0.8889
0,1,MLP,arm2,natural,1,51,0.7059,0.6512,0.813
0,1,MLP,arm2,natural,2,28,0.9286,0.963,0.8519
0,1,MLP,arm2,natural,3,41,0.7561,0.8529,0.8194
0,2,LR,arm1,,global,184,0.7228,0.7512,0.8252
0,2,LR,arm1,100,0,37,0.8108,0.8108,0.8596
0,2,LR,arm1,100,1,53,0.7736,0.8125,0.875
0,2,LR,arm1,100,2,46,0.6087,0.64,0.7467
0,2,LR,arm1,100,3,48,0.7083,0.7407,0.8219
0,2,LR,arm1,1.0,0,42,0.8095,0.84,0.8729
0,2,LR,arm1,1.0,1,72,0.7083,0.7529,0.818
0,2,LR,arm1,1.0,2,46,0.6522,0.6522,0.7576
0,2,LR,arm1,1.0,3,24,0.75,0.75,0.95
0,2,LR,arm1,0.5,0,60,0.7167,0.5405,0.7823
0,2,LR,arm1,0.5,1,74,0.7432,0.848,0.9375
0,2,LR,arm1,0.5,2,34,0.7059,0.6667,0.8608
0,2,LR,arm1,0.5,3,16,0.6875,0.6154,0.9792
0,2,LR,arm1,0.1,0,64,0.6719,0.0,nan
0,2,LR,arm1,0.1,1,102,0.7549,0.8603,nan
0,2,LR,arm1,0.1,2,10,0.8,0.0,nan
0,2,LR,arm1,0.1,3,8,0.625,0.0,nan
0,2,LR,arm1,natural,0,54,0.6852,0.6531,0.8283
0,2,LR,arm1,natural,1,67,0.7612,0.7037,0.8518
0,2,LR,arm1,natural,2,21,0.8571,0.9231,nan
0,2,LR,arm1,natural,3,42,0.6429,0.7619,0.5901
0,2,LR,arm2,100,global,184,0.7174,0.7426,0.8306
0,2,LR,arm2,100,0,37,0.7568,0.7429,0.8567
0,2,LR,arm2,100,1,53,0.7736,0.8125,0.8705
0,2,LR,arm2,100,2,46,0.6304,0.6531,0.7562
0,2,LR,arm2,100,3,48,0.7083,0.7407,0.8289
0,2,LR,arm2,1.0,global,184,0.712,0.7363,0.8311
0,2,LR,arm2,1.0,0,42,0.7857,0.8163,0.8729
0,2,LR,arm2,1.0,1,72,0.6944,0.7381,0.8172
0,2,LR,arm2,1.0,2,46,0.6522,0.6364,0.767
0,2,LR,arm2,1.0,3,24,0.75,0.75,0.95
0,2,LR,arm2,0.5,global,184,0.7446,0.7751,0.8317
0,2,LR,arm2,0.5,0,60,0.7,0.5263,0.784
0,2,LR,arm2,0.5,1,74,0.7838,0.875,0.9236
0,2,LR,arm2,0.5,2,34,0.7647,0.7333,0.8791
0,2,LR,arm2,0.5,3,16,0.6875,0.6154,0.9792
0,2,LR,arm2,0.1,global,184,0.7337,0.7633,0.8309
0,2,LR,arm2,0.1,0,64,0.6719,0.0,nan
0,2,LR,arm2,0.1,1,102,0.7745,0.8729,nan
0,2,LR,arm2,0.1,2,10,0.8,0.0,nan
0,2,LR,arm2,0.1,3,8,0.625,0.0,nan
0,2,LR,arm2,natural,global,184,0.7065,0.73,0.8302
0,2,LR,arm2,natural,0,54,0.6852,0.6383,0.8297
0,2,LR,arm2,natural,1,67,0.7463,0.6792,0.8621
0,2,LR,arm2,natural,2,21,0.8571,0.9231,nan
0,2,LR,arm2,natural,3,42,0.5952,0.7213,0.6222
0,2,MLP,arm1,,global,184,0.7554,0.7887,0.837
0,2,MLP,arm1,100,0,37,0.8108,0.8108,0.8655
0,2,MLP,arm1,100,1,53,0.7736,0.8182,0.881
0,2,MLP,arm1,100,2,46,0.7174,0.7547,0.7619
0,2,MLP,arm1,100,3,48,0.7292,0.7719,0.8325
0,2,MLP,arm1,1.0,0,42,0.8095,0.84,0.8847
0,2,MLP,arm1,1.0,1,72,0.7639,0.809,0.8364
0,2,MLP,arm1,1.0,2,46,0.6739,0.6939,0.767
0,2,MLP,arm1,1.0,3,24,0.7917,0.8,0.95
0,2,MLP,arm1,0.5,0,60,0.7167,0.5405,0.8003
0,2,MLP,arm1,0.5,1,74,0.8243,0.9008,0.9444
0,2,MLP,arm1,0.5,2,34,0.7059,0.6875,0.8498
0,2,MLP,arm1,0.5,3,16,0.6875,0.6154,0.9583
0,2,MLP,arm1,0.1,0,64,0.6719,0.0,nan
0,2,MLP,arm1,0.1,1,102,0.8235,0.9032,nan
0,2,MLP,arm1,0.1,2,10,0.7,0.0,nan
0,2,MLP,arm1,0.1,3,8,0.625,0.0,nan
0,2,MLP,arm1,natural,0,54,0.7593,0.7636,0.8585
0,2,MLP,arm1,natural,1,67,0.7612,0.7037,0.8621
0,2,MLP,arm1,natural,2,21,0.9048,0.95,nan
0,2,MLP,arm1,natural,3,42,0.6667,0.7812,0.6099
0,2,MLP,arm2,100,global,184,0.7174,0.732,0.8264
0,2,MLP,arm2,100,0,37,0.7297,0.7059,0.8509
0,2,MLP,arm2,100,1,53,0.7736,0.8125,0.872
0,2,MLP,arm2,100,2,46,0.6087,0.5909,0.7562
0,2,MLP,arm2,100,3,48,0.75,0.7692,0.8166
0,2,MLP,arm2,1.0,global,184,0.7228,0.7385,0.8303
0,2,MLP,arm2,1.0,0,42,0.7619,0.7917,0.8753
0,2,MLP,arm2,1.0,1,72,0.7083,0.747,0.8228
0,2,MLP,arm2,1.0,2,46,0.6522,0.619,0.7576
0,2,MLP,arm2,1.0,3,24,0.8333,0.8182,0.9643
0,2,MLP,arm2,0.5,global,184,0.7446,0.7814,0.8308
0,2,MLP,arm2,0.5,0,60,0.7,0.5263,0.7807
0,2,MLP,arm2,0.5,1,74,0.8108,0.8923,0.9375
0,2,MLP,arm2,0.5,2,34,0.7353,0.7273,0.8755
0,2,MLP,arm2,0.5,3,16,0.625,0.5714,0.9792
0,2,MLP,arm2,0.1,global,184,0.7554,0.8133,0.8399
0,2,MLP,arm2,0.1,0,64,0.5312,0.0,nan
0,2,MLP,arm2,0.1,1,102,0.9608,0.98,nan
0,2,MLP,arm2,0.1,2,10,0.5,0.0,nan
0,2,MLP,arm2,0.1,3,8,0.25,0.0,nan
0,2,MLP,arm2,natural,global,184,0.7391,0.7624,0.8301
0,2,MLP,arm2,natural,0,54,0.7222,0.6939,0.831
0,2,MLP,arm2,natural,1,67,0.7761,0.717,0.8621
0,2,MLP,arm2,natural,2,21,0.9048,0.95,nan
0,2,MLP,arm2,natural,3,42,0.619,0.7333,0.6321
0,3,LR,arm1,,global,184,0.7663,0.7861,0.8469
0,3,LR,arm1,100,0,41,0.8293,0.8372,0.8828
0,3,LR,arm1,100,1,49,0.7551,0.75,0.8067
0,3,LR,arm1,100,2,44,0.7273,0.8065,0.854
0,3,LR,arm1,100,3,50,0.76,0.75,0.8696
0,3,LR,arm1,1.0,0,42,0.8571,0.875,0.9028
0,3,LR,arm1,1.0,1,76,0.7632,0.7955,0.8346
0,3,LR,arm1,1.0,2,38,0.6316,0.6667,0.7895
0,3,LR,arm1,1.0,3,28,0.8214,0.7826,0.8958
0,3,LR,arm1,0.5,0,65,0.8,0.6667,0.8613
0,3,LR,arm1,0.5,1,76,0.7632,0.8636,0.8933
0,3,LR,arm1,0.5,2,28,0.6429,0.5833,0.8222
0,3,LR,arm1,0.5,3,15,0.8667,0.6667,1.0
0,3,LR,arm1,0.1,0,57,0.7544,0.0,nan
0,3,LR,arm1,0.1,1,103,0.7767,0.8729,0.9314
0,3,LR,arm1,0.1,2,16,0.6875,0.0,nan
0,3,LR,arm1,0.1,3,8,0.875,0.0,nan
0,3,LR,arm1,natural,0,56,0.7321,0.7059,0.8008
0,3,LR,arm1,natural,1,66,0.7879,0.7083,0.8815
0,3,LR,arm1,natural,2,24,0.875,0.9302,0.75
0,3,LR,arm1,natural,3,38,0.7105,0.8136,0.6896
0,3,LR,arm2,100,global,184,0.7609,0.7822,0.8458
0,3,LR,arm2,100,0,41,0.8293,0.8372,0.878
0,3,LR,arm2,100,1,49,0.7143,0.7083,0.805
0,3,LR,arm2,100,2,44,0.75,0.8254,0.8457
0,3,LR,arm2,100,3,50,0.76,0.75,0.8728
0,3,LR,arm2,1.0,global,184,0.7609,0.7822,0.8453
0,3,LR,arm2,1.0,0,42,0.8571,0.875,0.9005
0,3,LR,arm2,1.0,1,76,0.75,0.7865,0.8346
0,3,LR,arm2,1.0,2,38,0.6316,0.6667,0.7618
0,3,LR,arm2,1.0,3,28,0.8214,0.7826,0.9062
0,3,LR,arm2,0.5,global,184,0.7826,0.8077,0.8482
0,3,LR,arm2,0.5,0,65,0.7538,0.619,0.8533
0,3,LR,arm2,0.5,1,76,0.8158,0.8971,0.8933
0,3,LR,arm2,0.5,2,28,0.7143,0.6667,0.8056
0,3,LR,arm2,0.5,3,15,0.8667,0.6667,1.0
0,3,LR,arm2,0.1,global,184,0.7663,0.7882,0.8473
0,3,LR,arm2,0.1,0,57,0.7193,0.0,nan
0,3,LR,arm2,0.1,1,103,0.7864,0.8791,0.9706
0,3,LR,arm2,0.1,2,16,0.75,0.0,nan
0,3,LR,arm2,0.1,3,8,0.875,0.0,nan
0,3,LR,arm2,natural,global,184,0.7554,0.7783,0.8446
0,3,LR,arm2,natural,0,56,0.7143,0.6923,0.8186
0,3,LR,arm2,natural,1,66,0.7727,0.6939,0.8889
0,3,LR,arm2,natural,2,24,0.8333,0.9048,0.7727
0,3,LR,arm2,natural,3,38,0.7368,0.8333,0.6771
0,3,MLP,arm1,,global,184,0.788,0.8079,0.8559
0,3,MLP,arm1,100,0,41,0.8293,0.8293,0.8923
0,3,MLP,arm1,100,1,49,0.7551,0.76,0.8183
0,3,MLP,arm1,100,2,44,0.7955,0.8615,0.8512
0,3,MLP,arm1,100,3,50,0.78,0.766,0.8712
0,3,MLP,arm1,1.0,0,42,0.881,0.8936,0.9144
0,3,MLP,arm1,1.0,1,76,0.7763,0.8132,0.8287
0,3,MLP,arm1,1.0,2,38,0.6842,0.7143,0.8089
0,3,MLP,arm1,1.0,3,28,0.8214,0.7826,0.8542
0,3,MLP,arm1,0.5,0,65,0.7846,0.6316,0.86
0,3,MLP,arm1,0.5,1,76,0.8158,0.8971,0.9467
0,3,MLP,arm1,0.5,2,28,0.6786,0.6087,0.8222
0,3,MLP,arm1,0.5,3,15,0.8667,0.6667,1.0
0,3,MLP,arm1,0.1,0,57,0.7544,0.0,nan
0,3,MLP,arm1,0.1,1,103,0.8058,0.8913,0.9706
0,3,MLP,arm1,0.1,2,16,0.75,0.0,nan
0,3,MLP,arm1,0.1,3,8,0.875,0.0,nan
0,3,MLP,arm1,natural,0,56,0.7679,0.7451,0.8084
0,3,MLP,arm1,natural,1,66,0.7879,0.6957,0.8847
0,3,MLP,arm1,natural,2,24,0.875,0.9302,0.8409
0,3,MLP,arm1,natural,3,38,0.7632,0.8571,0.6562
0,3,MLP,arm2,100,global,184,0.7663,0.7772,0.8504
0,3,MLP,arm2,100,0,41,0.8049,0.8,0.8923
0,3,MLP,arm2,100,1,49,0.7347,0.7234,0.7983
0,3,MLP,arm2,100,2,44,0.75,0.8136,0.843
0,3,MLP,arm2,100,3,50,0.78,0.766,0.8744
0,3,MLP,arm2,1.0,global,184,0.7826,0.798,0.85
0,3,MLP,arm2,1.0,0,42,0.881,0.8936,0.9097
0,3,MLP,arm2,1.0,1,76,0.7632,0.7955,0.8265
0,3,MLP,arm2,1.0,2,38,0.6842,0.7,0.8061
0,3,MLP,arm2,1.0,3,28,0.8214,0.7826,0.9062
0,3,MLP,arm2,0.5,global,184,0.7826,0.8077,0.8443
0,3,MLP,arm2,0.5,0,65,0.7692,0.6341,0.8627
0,3,MLP,arm2,0.5,1,76,0.8158,0.8971,0.92
0,3,MLP,arm2,0.5,2,28,0.7143,0.6667,0.8056
0,3,MLP,arm2,0.5,3,15,0.8,0.5714,1.0
0,3,MLP,arm2,0.1,global,184,0.788,0.8186,0.8436
0,3,MLP,arm2,0.1,0,57,0.7018,0.0,nan
0,3,MLP,arm2,0.1,1,103,0.8641,0.9263,0.951
0,3,MLP,arm2,0.1,2,16,0.625,0.0,nan
0,3,MLP,arm2,0.1,3,8,0.75,0.0,nan
0,3,MLP,arm2,natural,global,184,0.7772,0.794,0.8499
0,3,MLP,arm2,natural,0,56,0.7321,0.7059,0.8084
0,3,MLP,arm2,natural,1,66,0.8182,0.7391,0.8772
0,3,MLP,arm2,natural,2,24,0.875,0.9302,0.8409
0,3,MLP,arm2,natural,3,38,0.7105,0.8136,0.6687
0,4,LR,arm1,,global,184,0.7772,0.798,0.8288
0,4,LR,arm1,100,0,36,0.8611,0.8718,0.8952
0,4,LR,arm1,100,1,44,0.7727,0.8148,0.8333
0,4,LR,arm1,100,2,55,0.7636,0.7636,0.8236
0,4,LR,arm1,100,3,49,0.7347,0.7636,0.7809
0,4,LR,arm1,1.0,0,39,0.9231,0.9362,0.9806
0,4,LR,arm1,1.0,1,65,0.7385,0.7901,0.7795
0,4,LR,arm1,1.0,2,54,0.7407,0.7083,0.7706
0,4,LR,arm1,1.0,3,26,0.7308,0.7407,0.8424
0,4,LR,arm1,0.5,0,59,0.7966,0.6667,0.847
0,4,LR,arm1,0.5,1,74,0.7973,0.8819,0.9202
0,4,LR,arm1,0.5,2,34,0.7647,0.7333,0.8286
0,4,LR,arm1,0.5,3,17,0.6471,0.4,0.8
0,4,LR,arm1,0.1,0,60,0.8,0.0,nan
0,4,LR,arm1,0.1,1,102,0.7941,0.8852,nan
0,4,LR,arm1,0.1,2,13,0.7692,0.0,nan
0,4,LR,arm1,0.1,3,9,0.4444,0.0,nan
0,4,LR,arm1,natural,0,63,0.8095,0.7273,0.8261
0,4,LR,arm1,natural,1,50,0.7,0.6939,0.8112
0,4,LR,arm1,natural,2,28,0.75,0.8444,0.7467
0,4,LR,arm1,natural,3,43,0.8372,0.8923,0.8364
0,4,LR,arm2,100,global,184,0.7391,0.7624,0.819
0,4,LR,arm2,100,0,36,0.8333,0.8421,0.9048
0,4,LR,arm2,100,1,44,0.75,0.8,0.8269
0,4,LR,arm2,100,2,55,0.7091,0.7037,0.8117
0,4,LR,arm2,100,3,49,0.6939,0.7273,0.7826
0,4,LR,arm2,1.0,global,184,0.7337,0.7562,0.8174
0,4,LR,arm2,1.0,0,39,0.8974,0.913,0.9778
0,4,LR,arm2,1.0,1,65,0.7077,0.7654,0.7724
0,4,LR,arm2,1.0,2,54,0.6852,0.6383,0.7527
0,4,LR,arm2,1.0,3,26,0.6538,0.6667,0.8242
0,4,LR,arm2,0.5,global,184,0.7609,0.7885,0.814
0,4,LR,arm2,0.5,0,59,0.7797,0.6486,0.8348
0,4,LR,arm2,0.5,1,74,0.7973,0.8819,0.9343
0,4,LR,arm2,0.5,2,34,0.7353,0.7273,0.8107
0,4,LR,arm2,0.5,3,17,0.5882,0.3636,0.7333
0,4,LR,arm2,0.1,global,184,0.7446,0.7685,0.8137
0,4,LR,arm2,0.1,0,60,0.7667,0.0,nan
0,4,LR,arm2,0.1,1,102,0.7647,0.8667,nan
0,4,LR,arm2,0.1,2,13,0.6923,0.0,nan
0,4,LR,arm2,0.1,3,9,0.4444,0.0,nan
0,4,LR,arm2,natural,global,184,0.7391,0.7624,0.8141
0,4,LR,arm2,natural,0,63,0.7778,0.6957,0.812
0,4,LR,arm2,natural,1,50,0.68,0.68,0.8062
0,4,LR,arm2,natural,2,28,0.7143,0.8182,0.7467
0,4,LR,arm2,natural,3,43,0.7674,0.8387,0.8091
0,4,MLP,arm1,,global,184,0.7935,0.8155,0.844
0,4,MLP,arm1,100,0,36,0.8611,0.8718,0.9079
0,4,MLP,arm1,100,1,44,0.7955,0.8302,0.8526
0,4,MLP,arm1,100,2,55,0.7818,0.8,0.8355
0,4,MLP,arm1,100,3,49,0.7551,0.7778,0.7943
0,4,MLP,arm1,1.0,0,39,0.9231,0.9362,0.9833
0,4,MLP,arm1,1.0,1,65,0.7846,0.8293,0.8028
0,4,MLP,arm1,1.0,2,54,0.7222,0.7059,0.783
0,4,MLP,arm1,1.0,3,26,0.7692,0.7692,0.8545
0,4,MLP,arm1,0.5,0,59,0.7966,0.6842,0.8697
0,4,MLP,arm1,0.5,1,74,0.8108,0.8923,0.8967
0,4,MLP,arm1,0.5,2,34,0.7941,0.7586,0.8393
0,4,MLP,arm1,0.5,3,17,0.7059,0.4444,0.8667
0,4,MLP,arm1,0.1,0,60,0.7833,0.0,nan
0,4,MLP,arm1,0.1,1,102,0.8235,0.9032,nan
0,4,MLP,arm1,0.1,2,13,0.7692,0.0,nan
0,4,MLP,arm1,0.1,3,9,0.5556,0.0,nan
0,4,MLP,arm1,natural,0,63,0.7937,0.7347,0.8424
0,4,MLP,arm1,natural,1,50,0.76,0.7391,0.8276
0,4,MLP,arm1,natural,2,28,0.7857,0.8696,0.8
0,4,MLP,arm1,natural,3,43,0.8372,0.8923,0.8212
0,4,MLP,arm2,100,global,184,0.7772,0.7853,0.8344
0,4,MLP,arm2,100,0,36,0.8611,0.8649,0.8889
0,4,MLP,arm2,100,1,44,0.7727,0.8,0.8462
0,4,MLP,arm2,100,2,55,0.7455,0.7308,0.8369
0,4,MLP,arm2,100,3,49,0.7551,0.7692,0.796
0,4,MLP,arm2,1.0,global,184,0.7554,0.7716,0.8325
0,4,MLP,arm2,1.0,0,39,0.8718,0.8936,0.9778
0,4,MLP,arm2,1.0,1,65,0.7385,0.7848,0.7927
0,4,MLP,arm2,1.0,2,54,0.7037,0.6522,0.7747
0,4,MLP,arm2,1.0,3,26,0.7308,0.72,0.8485
0,4,MLP,arm2,0.5,global,184,0.7663,0.7839,0.821
0,4,MLP,arm2,0.5,0,59,0.7966,0.6667,0.8394
0,4,MLP,arm2,0.5,1,74,0.7432,0.8455,0.939
0,4,MLP,arm2,0.5,2,34,0.8235,0.8,0.8429
0,4,MLP,arm2,0.5,3,17,0.6471,0.4,0.7667
0,4,MLP,arm2,0.1,global,184,0.7065,0.7712,0.8271
0,4,MLP,arm2,0.1,0,60,0.5167,0.0,nan
0,4,MLP,arm2,0.1,1,102,0.8922,0.943,nan
0,4,MLP,arm2,0.1,2,13,0.4615,0.0,nan
0,4,MLP,arm2,0.1,3,9,0.2222,0.0,nan
0,4,MLP,arm2,natural,global,184,0.7609,0.7982,0.8268
0,4,MLP,arm2,natural,0,63,0.7778,0.7083,0.8359
0,4,MLP,arm2,natural,1,50,0.62,0.6415,0.8144
0,4,MLP,arm2,natural,2,28,0.7857,0.875,0.7467
0,4,MLP,arm2,natural,3,43,0.8837,0.9275,0.8152
1,0,LR,arm1,,global,184,0.7663,0.7923,0.8338
1,0,LR,arm1,100,0,45,0.6889,0.7083,0.7549
1,0,LR,arm1,100,1,48,0.875,0.8889,0.9214
1,0,LR,arm1,100,2,42,0.7143,0.75,0.825
1,0,LR,arm1,100,3,49,0.7755,0.807,0.8336
1,0,LR,arm1,1.0,0,67,0.7761,0.717,0.8429
1,0,LR,arm1,1.0,1,52,0.7885,0.8764,0.99
1,0,LR,arm1,1.0,2,25,0.68,0.7778,0.7619
1,0,LR,arm1,1.0,3,40,0.775,0.6897,0.9267
1,0,LR,arm1,0.5,0,40,0.7,0.7,0.7826
1,0,LR,arm1,0.5,1,53,0.8491,0.8667,0.9033
1,0,LR,arm1,0.5,2,51,0.7059,0.5714,0.8162
1,0,LR,arm1,0.5,3,40,0.8,0.8889,nan
1,0,LR,arm1,0.1,0,19,0.6316,0.4615,0.8333
1,0,LR,arm1,0.1,1,34,0.7647,0.7778,0.7708
1,0,LR,arm1,0.1,2,55,0.7455,0.3,0.9167
1,0,LR,arm1,0.1,3,76,0.8158,0.8986,nan
1,0,LR,arm1,natural,0,55,0.8,0.7556,0.8972
1,0,LR,arm1,natural,1,58,0.7759,0.7347,0.8559
1,0,LR,arm1,natural,2,25,0.84,0.9048,0.7879
1,0,LR,arm1,natural,3,46,0.6739,0.7887,0.5424
1,0,LR,arm2,100,global,184,0.7446,0.7729,0.8263
1,0,LR,arm2,100,0,45,0.6889,0.7083,0.7391
1,0,LR,arm2,100,1,48,0.8333,0.8519,0.9179
1,0,LR,arm2,100,2,42,0.6905,0.7347,0.7932
1,0,LR,arm2,100,3,49,0.7551,0.7857,0.8336
1,0,LR,arm2,1.0,global,184,0.75,0.7788,0.823
1,0,LR,arm2,1.0,0,67,0.7612,0.7037,0.8251
1,0,LR,arm2,1.0,1,52,0.7692,0.8636,0.98
1,0,LR,arm2,1.0,2,25,0.68,0.7778,0.7698
1,0,LR,arm2,1.0,3,40,0.75,0.6667,0.9267
1,0,LR,arm2,0.5,global,184,0.7609,0.7905,0.8248
1,0,LR,arm2,0.5,0,40,0.7,0.7,0.7673
1,0,LR,arm2,0.5,1,53,0.8302,0.8525,0.8958
1,0,LR,arm2,0.5,2,51,0.6863,0.5556,0.8077
1,0,LR,arm2,0.5,3,40,0.825,0.9041,nan
1,0,LR,arm2,0.1,global,184,0.7446,0.7814,0.8227
1,0,LR,arm2,0.1,0,19,0.5789,0.4286,0.7667
1,0,LR,arm2,0.1,1,34,0.7353,0.7568,0.7465
1,0,LR,arm2,0.1,2,55,0.6727,0.25,0.891
1,0,LR,arm2,0.1,3,76,0.8421,0.9143,nan
1,0,LR,arm2,natural,global,184,0.7391,0.767,0.8197
1,0,LR,arm2,natural,0,55,0.7636,0.7111,0.8878
1,0,LR,arm2,natural,1,58,0.7414,0.6939,0.846
1,0,LR,arm2,natural,2,25,0.8,0.878,0.7727
1,0,LR,arm2,natural,3,46,0.6739,0.7887,0.5469
1,0,MLP,arm1,,global,184,0.7609,0.78,0.8391
1,0,MLP,arm1,100,0,45,0.6889,0.6957,0.7747
1,0,MLP,arm1,100,1,48,0.8333,0.8462,0.9196
1,0,MLP,arm1,100,2,42,0.7381,0.766,0.8318
1,0,MLP,arm1,100,3,49,0.7755,0.8,0.8267
1,0,MLP,arm1,1.0,0,67,0.7761,0.7059,0.8607
1,0,MLP,arm1,1.0,1,52,0.75,0.8506,0.99
1,0,MLP,arm1,1.0,2,25,0.68,0.7647,0.7937
1,0,MLP,arm1,1.0,3,40,0.8,0.7143,0.9233
1,0,MLP,arm1,0.5,0,40,0.7,0.6842,0.7826
1,0,MLP,arm1,0.5,1,53,0.8113,0.8276,0.9211
1,0,MLP,arm1,0.5,2,51,0.7451,0.6061,0.8312
1,0,MLP,arm1,0.5,3,40,0.775,0.8732,nan
1,0,MLP,arm1,0.1,0,19,0.6842,0.5,0.8
1,0,MLP,arm1,0.1,1,34,0.7353,0.7429,0.809
1,0,MLP,arm1,0.1,2,55,0.7818,0.3333,0.9487
1,0,MLP,arm1,0.1,3,76,0.7763,0.8741,nan
1,0,MLP,arm1,natural,0,55,0.8,0.7442,0.8824
1,0,MLP,arm1,natural,1,58,0.7759,0.7111,0.8634
1,0,MLP,arm1,natural,2,25,0.84,0.9048,0.7879
1,0,MLP,arm1,natural,3,46,0.6522,0.7714,0.5737
1,0,MLP,arm2,100,global,184,0.7609,0.78,0.8329
1,0,MLP,arm2,100,0,45,0.7111,0.7234,0.753
1,0,MLP,arm2,100,1,48,0.8333,0.8462,0.9214
1,0,MLP,arm2,100,2,42,0.7143,0.7391,0.8182
1,0,MLP,arm2,100,3,49,0.7755,0.8,0.8302
1,0,MLP,arm2,1.0,global,184,0.7554,0.7926,0.837
1,0,MLP,arm2,1.0,0,67,0.7463,0.7018,0.8498
1,0,MLP,arm2,1.0,1,52,0.8269,0.9011,0.99
1,0,MLP,arm2,1.0,2,25,0.72,0.8108,0.7857
1,0,MLP,arm2,1.0,3,40,0.7,0.625,0.9267
1,0,MLP,arm2,0.5,global,184,0.7663,0.8,0.8371
1,0,MLP,arm2,0.5,0,40,0.65,0.6667,0.7877
1,0,MLP,arm2,0.5,1,53,0.8491,0.871,0.9077
1,0,MLP,arm2,0.5,2,51,0.7059,0.5946,0.8291
1,0,MLP,arm2,0.5,3,40,0.85,0.9189,nan
1,0,MLP,arm2,0.1,global,184,0.5489,0.7088,0.7917
1,0,MLP,arm2,0.1,0,19,0.2105,0.3478,0.8833
1,0,MLP,arm2,0.1,1,34,0.5294,0.6923,0.8472
1,0,MLP,arm2,0.1,2,55,0.0545,0.1034,0.6667
1,0,MLP,arm2,0.1,3,76,1.0,1.0,nan
1,0,MLP,arm2,natural,global,184,0.7554,0.7982,0.8314
1,0,MLP,arm2,natural,0,55,0.7818,0.75,0.8824
1,0,MLP,arm2,natural,1,58,0.7414,0.7368,0.8571
1,0,MLP,arm2,natural,2,25,0.84,0.9091,0.7879
1,0,MLP,arm2,natural,3,46,0.6957,0.8108,0.5915
1,1,LR,arm1,,global,184,0.7717,0.8,0.8265
1,1,LR,arm1,100,0,30,0.8667,0.8571,0.9231
1,1,LR,arm1,100,1,53,0.7736,0.8,0.8138
1,1,LR,arm1,100,2,52,0.7308,0.7586,0.7736
1,1,LR,arm1,100,3,49,0.7551,0.8125,0.831
1,1,LR,arm1,1.0,0,55,0.8182,0.7368,0.8574
1,1,LR,arm1,1.0,1,60,0.75,0.8544,0.6667
1,1,LR,arm1,1.0,2,25,0.84,0.8889,0.8889
1,1,LR,arm1,1.0,3,44,0.7045,0.6061,0.8623
1,1,LR,arm1,0.5,0,25,0.84,0.8333,0.9221
1,1,LR,arm1,0.5,1,55,0.7636,0.7636,0.7831
1,1,LR,arm1,0.5,2,55,0.6727,0.55,0.8136
1,1,LR,arm1,0.5,3,49,0.8571,0.9231,nan
1,1,LR,arm1,0.1,0,12,0.9167,0.8571,0.963
1,1,LR,arm1,0.1,1,31,0.8065,0.75,0.881
1,1,LR,arm1,0.1,2,53,0.6604,0.1,0.9038
1,1,LR,arm1,0.1,3,88,0.8068,0.8931,nan
1,1,LR,arm1,natural,0,61,0.7869,0.7547,0.8344
1,1,LR,arm1,natural,1,63,0.7619,0.7273,0.838
1,1,LR,arm1,natural,2,26,0.8077,0.8936,0.8
1,1,LR,arm1,natural,3,34,0.7353,0.8364,0.6803
1,1,LR,arm2,100,global,184,0.7663,0.7981,0.8274
1,1,LR,arm2,100,0,30,0.8333,0.8276,0.9186
1,1,LR,arm2,100,1,53,0.7736,0.8065,0.8255
1,1,LR,arm2,100,2,52,0.7308,0.7586,0.7706
1,1,LR,arm2,100,3,49,0.7551,0.8125,0.831
1,1,LR,arm2,1.0,global,184,0.75,0.787,0.8268
1,1,LR,arm2,1.0,0,55,0.7636,0.6829,0.867
1,1,LR,arm2,1.0,1,60,0.7667,0.8654,0.6667
1,1,LR,arm2,1.0,2,25,0.8,0.8649,0.8889
1,1,LR,arm2,1.0,3,44,0.6818,0.5882,0.8623
1,1,LR,arm2,0.5,global,184,0.7609,0.7963,0.828
1,1,LR,arm2,0.5,0,25,0.84,0.8333,0.9221
1,1,LR,arm2,0.5,1,55,0.7455,0.7586,0.7884
1,1,LR,arm2,0.5,2,55,0.6545,0.5581,0.8066
1,1,LR,arm2,0.5,3,49,0.8571,0.9231,nan
1,1,LR,arm2,0.1,global,184,0.75,0.7909,0.8284
1,1,LR,arm2,0.1,0,12,0.9167,0.8571,0.963
1,1,LR,arm2,0.1,1,31,0.6774,0.6429,0.8905
1,1,LR,arm2,0.1,2,53,0.6038,0.087,0.8846
1,1,LR,arm2,0.1,3,88,0.8409,0.9136,nan
1,1,LR,arm2,natural,global,184,0.7717,0.8019,0.826
1,1,LR,arm2,natural,0,61,0.7869,0.7636,0.8247
1,1,LR,arm2,natural,1,63,0.7619,0.7273,0.8533
1,1,LR,arm2,natural,2,26,0.8077,0.8936,0.84
1,1,LR,arm2,natural,3,34,0.7353,0.8364,0.6803
1,1,MLP,arm1,,global,184,0.7609,0.7822,0.8333
1,1,MLP,arm1,100,0,30,0.8333,0.8148,0.905
1,1,MLP,arm1,100,1,53,0.7736,0.7931,0.8182
1,1,MLP,arm1,100,2,52,0.7115,0.7368,0.7946
1,1,MLP,arm1,100,3,49,0.7551,0.8,0.8379
1,1,MLP,arm1,1.0,0,55,0.8364,0.7568,0.8622
1,1,MLP,arm1,1.0,1,60,0.6833,0.8081,0.7193
1,1,MLP,arm1,1.0,2,25,0.84,0.8824,0.9206
1,1,MLP,arm1,1.0,3,44,0.7273,0.625,0.8567
1,1,MLP,arm1,0.5,0,25,0.8,0.7826,0.8961
1,1,MLP,arm1,0.5,1,55,0.7636,0.7547,0.7963
1,1,MLP,arm1,0.5,2,55,0.7091,0.5789,0.824
1,1,MLP,arm1,0.5,3,49,0.7959,0.8864,nan
1,1,MLP,arm1,0.1,0,12,0.9167,0.8571,1.0
1,1,MLP,arm1,0.1,1,31,0.8065,0.7273,0.8762
1,1,MLP,arm1,0.1,2,53,0.6981,0.1111,0.9231
1,1,MLP,arm1,0.1,3,88,0.7614,0.8645,nan
1,1,MLP,arm1,natural,0,61,0.7705,0.7407,0.8258
1,1,MLP,arm1,natural,1,63,0.7619,0.6809,0.8489
1,1,MLP,arm1,natural,2,26,0.7692,0.8696,0.76
1,1,MLP,arm1,natural,3,34,0.7353,0.8364,0.6707
1,1,MLP,arm2,100,global,184,0.7554,0.7761,0.823
1,1,MLP,arm2,100,0,30,0.8333,0.8148,0.914
1,1,MLP,arm2,100,1,53,0.7547,0.7719,0.8079
1,1,MLP,arm2,100,2,52,0.7115,0.7368,0.7736
1,1,MLP,arm2,100,3,49,0.7551,0.8,0.831
1,1,MLP,arm2,1.0,global,184,0.7228,0.7773,0.8324
1,1,MLP,arm2,1.0,0,55,0.6727,0.6087,0.8702
1,1,MLP,arm2,1.0,1,60,0.8167,0.8972,0.6784
1,1,MLP,arm2,1.0,2,25,0.8,0.8718,0.9127
1,1,MLP,arm2,1.0,3,44,0.6136,0.5405,0.865
1,1,MLP,arm2,0.5,global,184,0.7717,0.8056,0.8272
1,1,MLP,arm2,0.5,0,25,0.8,0.8,0.9091
1,1,MLP,arm2,0.5,1,55,0.7818,0.7857,0.787
1,1,MLP,arm2,0.5,2,55,0.6545,0.5581,0.8153
1,1,MLP,arm2,0.5,3,49,0.8776,0.9348,nan
1,1,MLP,arm2,0.1,global,184,0.5543,0.7133,0.8098
1,1,MLP,arm2,0.1,0,12,0.25,0.4,0.8889
1,1,MLP,arm2,0.1,1,31,0.3226,0.4878,0.8619
1,1,MLP,arm2,0.1,2,53,0.0189,0.037,0.5962
1,1,MLP,arm2,0.1,3,88,1.0,1.0,nan
1,1,MLP,arm2,natural,global,184,0.7228,0.7773,0.8359
1,1,MLP,arm2,natural,0,61,0.7377,0.75,0.8312
1,1,MLP,arm2,natural,1,63,0.6825,0.6774,0.85
1,1,MLP,arm2,natural,2,26,0.8077,0.8936,0.8
1,1,MLP,arm2,natural,3,34,0.7059,0.8214,0.6947
1,2,LR,arm1,,global,184,0.8152,0.8365,0.873
1,2,LR,arm1,100,0,44,0.7955,0.7805,0.8368
1,2,LR,arm1,100,1,38,0.8684,0.8889,0.9328
1,2,LR,arm1,100,2,49,0.8571,0.8772,0.9397
1,2,LR,arm1,100,3,53,0.7547,0.8,0.8014
1,2,LR,arm1,1.0,0,63,0.7778,0.6818,0.8277
1,2,LR,arm1,1.0,1,56,0.8571,0.9231,0.5818
1,2,LR,arm1,1.0,2,22,0.8636,0.8966,0.9619
1,2,LR,arm1,1.0,3,43,0.7907,0.7097,0.9176
1,2,LR,arm1,0.5,0,39,0.7949,0.7778,0.8395
1,2,LR,arm1,0.5,1,42,0.8333,0.8372,0.9382
1,2,LR,arm1,0.5,2,55,0.7818,0.7,0.885
1,2,LR,arm1,0.5,3,48,0.8542,0.9213,nan
1,2,LR,arm1,0.1,0,18,0.8333,0.6667,0.875
1,2,LR,arm1,0.1,1,36,0.8056,0.7742,0.839
1,2,LR,arm1,0.1,2,50,0.7,0.1176,0.9184
1,2,LR,arm1,0.1,3,80,0.8875,0.9404,nan
1,2,LR,arm1,natural,0,61,0.8033,0.7931,0.8645
1,2,LR,arm1,natural,1,61,0.7705,0.7083,0.8571
1,2,LR,arm1,natural,2,30,0.9333,0.963,0.9643
1,2,LR,arm1,natural,3,32,0.8125,0.875,0.8229
1,2,LR,arm2,100,global,184,0.7989,0.8195,0.8737
1,2,LR,arm2,100,0,44,0.7955,0.7805,0.8326
1,2,LR,arm2,100,1,38,0.8684,0.8889,0.93
1,2,LR,arm2,100,2,49,0.8367,0.8571,0.9328
1,2,LR,arm2,100,3,53,0.717,0.7619,0.8101
1,2,LR,arm2,1.0,global,184,0.7989,0.8213,0.8716
1,2,LR,arm2,1.0,0,63,0.7619,0.6512,0.8197
1,2,LR,arm2,1.0,1,56,0.8393,0.9126,0.6727
1,2,LR,arm2,1.0,2,22,0.8636,0.8966,0.9524
1,2,LR,arm2,1.0,3,43,0.7674,0.6875,0.9091
1,2,LR,arm2,0.5,global,184,0.8152,0.8381,0.8745
1,2,LR,arm2,0.5,0,39,0.7949,0.7778,0.8316
1,2,LR,arm2,0.5,1,42,0.8333,0.8372,0.9428
1,2,LR,arm2,0.5,2,55,0.7636,0.6829,0.87
1,2,LR,arm2,0.5,3,48,0.875,0.9333,nan
1,2,LR,arm2,0.1,global,184,0.8098,0.8341,0.8725
1,2,LR,arm2,0.1,0,18,0.7778,0.6,0.8036
1,2,LR,arm2,0.1,1,36,0.8056,0.7742,0.8359
1,2,LR,arm2,0.1,2,50,0.68,0.1111,0.9184
1,2,LR,arm2,0.1,3,80,0.9,0.9474,nan
1,2,LR,arm2,natural,global,184,0.788,0.8098,0.8694
1,2,LR,arm2,natural,0,61,0.7705,0.7586,0.8677
1,2,LR,arm2,natural,1,61,0.7705,0.7083,0.8647
1,2,LR,arm2,natural,2,30,0.9333,0.963,0.9643
1,2,LR,arm2,natural,3,32,0.7188,0.8,0.8333
1,2,MLP,arm1,,global,184,0.8152,0.835,0.8716
1,2,MLP,arm1,100,0,44,0.7955,0.7805,0.8574
1,2,MLP,arm1,100,1,38,0.8947,0.9091,0.9384
1,2,MLP,arm1,100,2,49,0.8571,0.8727,0.9276
1,2,MLP,arm1,100,3,53,0.7358,0.7879,0.7812
1,2,MLP,arm1,1.0,0,63,0.8254,0.7556,0.8526
1,2,MLP,arm1,1.0,1,56,0.8214,0.902,0.4727
1,2,MLP,arm1,1.0,2,22,0.9091,0.9286,0.9619
1,2,MLP,arm1,1.0,3,43,0.7442,0.6452,0.9006
1,2,MLP,arm1,0.5,0,39,0.7949,0.7778,0.8684
1,2,MLP,arm1,0.5,1,42,0.8571,0.8571,0.9336
1,2,MLP,arm1,0.5,2,55,0.7818,0.7,0.87
1,2,MLP,arm1,0.5,3,48,0.8333,0.9091,nan
1,2,MLP,arm1,0.1,0,18,0.7778,0.5,0.875
1,2,MLP,arm1,0.1,1,36,0.8333,0.8125,0.8607
1,2,MLP,arm1,0.1,2,50,0.72,0.125,0.9184
1,2,MLP,arm1,0.1,3,80,0.875,0.9333,nan
1,2,MLP,arm1,natural,0,61,0.8033,0.7931,0.8763
1,2,MLP,arm1,natural,1,61,0.7705,0.6957,0.8546
1,2,MLP,arm1,natural,2,30,0.9,0.9434,0.9643
1,2,MLP,arm1,natural,3,32,0.8438,0.898,0.7917
1,2,MLP,arm2,100,global,184,0.8098,0.8276,0.873
1,2,MLP,arm2,100,0,44,0.8182,0.8095,0.8492
1,2,MLP,arm2,100,1,38,0.8947,0.9091,0.944
1,2,MLP,arm2,100,2,49,0.8367,0.8519,0.931
1,2,MLP,arm2,100,3,53,0.717,0.7619,0.8014
1,2,MLP,arm2,1.0,global,184,0.7989,0.8295,0.8737
1,2,MLP,arm2,1.0,0,63,0.7619,0.6939,0.8209
1,2,MLP,arm2,1.0,1,56,0.875,0.9333,0.6182
1,2,MLP,arm2,1.0,2,22,0.8636,0.8966,0.9429
1,2,MLP,arm2,1.0,3,43,0.7209,0.6471,0.9119
1,2,MLP,arm2,0.5,global,184,0.8261,0.8476,0.8692
1,2,MLP,arm2,0.5,0,39,0.8205,0.8108,0.8342
1,2,MLP,arm2,0.5,1,42,0.8333,0.8372,0.9474
1,2,MLP,arm2,0.5,2,55,0.7818,0.7,0.8817
1,2,MLP,arm2,0.5,3,48,0.875,0.9333,nan
1,2,MLP,arm2,0.1,global,184,0.5543,0.7133,0.7982
1,2,MLP,arm2,0.1,0,18,0.2222,0.3636,0.7857
1,2,MLP,arm2,0.1,1,36,0.4722,0.6415,0.6811
1,2,MLP,arm2,0.1,2,50,0.02,0.0392,0.5306
1,2,MLP,arm2,0.1,3,80,1.0,1.0,nan
1,2,MLP,arm2,natural,global,184,0.8152,0.8426,0.8651
1,2,MLP,arm2,natural,0,61,0.8197,0.8197,0.8591
1,2,MLP,arm2,natural,1,61,0.7377,0.68,0.8559
1,2,MLP,arm2,natural,2,30,0.9,0.9455,0.9464
1,2,MLP,arm2,natural,3,32,0.875,0.92,0.8229
1,3,LR,arm1,,global,184,0.7391,0.767,0.8274
1,3,LR,arm1,100,0,41,0.8293,0.8205,0.8595
1,3,LR,arm1,100,1,40,0.7,0.7143,0.8005
1,3,LR,arm1,100,2,59,0.7458,0.7945,0.8588
1,3,LR,arm1,100,3,44,0.6818,0.7308,0.7875
1,3,LR,arm1,1.0,0,60,0.8333,0.7826,0.8864
1,3,LR,arm1,1.0,1,60,0.7167,0.835,0.6949
1,3,LR,arm1,1.0,2,18,0.7222,0.8148,0.8
1,3,LR,arm1,1.0,3,46,0.6522,0.4667,0.8388
1,3,LR,arm1,0.5,0,39,0.8718,0.8649,0.9079
1,3,LR,arm1,0.5,1,40,0.675,0.6667,0.7393
1,3,LR,arm1,0.5,2,58,0.6034,0.4651,0.8231
1,3,LR,arm1,0.5,3,47,0.8511,0.9195,nan
1,3,LR,arm1,0.1,0,13,0.9231,0.8571,0.9667
1,3,LR,arm1,0.1,1,35,0.8,0.7879,0.8072
1,3,LR,arm1,0.1,2,58,0.6034,0.1481,0.703
1,3,LR,arm1,0.1,3,78,0.7821,0.8777,nan
1,3,LR,arm1,natural,0,64,0.6875,0.6296,0.797
1,3,LR,arm1,natural,1,53,0.7547,0.6977,0.7879
1,3,LR,arm1,natural,2,18,0.8333,0.9091,0.8235
1,3,LR,arm1,natural,3,49,0.7551,0.8421,0.723
1,3,LR,arm2,100,global,184,0.7391,0.7647,0.8234
1,3,LR,arm2,100,0,41,0.8293,0.8205,0.8643
1,3,LR,arm2,100,1,40,0.7,0.7143,0.7928
1,3,LR,arm2,100,2,59,0.7288,0.7778,0.8541
1,3,LR,arm2,100,3,44,0.7045,0.7451,0.7812
1,3,LR,arm2,1.0,global,184,0.7554,0.7826,0.8252
1,3,LR,arm2,1.0,0,60,0.8333,0.7826,0.8864
1,3,LR,arm2,1.0,1,60,0.75,0.8571,0.6949
1,3,LR,arm2,1.0,2,18,0.7222,0.8148,0.7692
1,3,LR,arm2,1.0,3,46,0.6739,0.4828,0.8421
1,3,LR,arm2,0.5,global,184,0.7554,0.7847,0.8257
1,3,LR,arm2,0.5,0,39,0.8974,0.8947,0.9079
1,3,LR,arm2,0.5,1,40,0.725,0.7317,0.7519
1,3,LR,arm2,0.5,2,58,0.6034,0.4651,0.8182
1,3,LR,arm2,0.5,3,47,0.8511,0.9195,nan
1,3,LR,arm2,0.1,global,184,0.7554,0.7847,0.8257
1,3,LR,arm2,0.1,0,13,0.9231,0.8571,0.9667
1,3,LR,arm2,0.1,1,35,0.7714,0.7647,0.8203
1,3,LR,arm2,0.1,2,58,0.6207,0.1538,0.703
1,3,LR,arm2,0.1,3,78,0.8205,0.9014,nan
1,3,LR,arm2,natural,global,184,0.7391,0.7647,0.8226
1,3,LR,arm2,natural,0,64,0.6875,0.6154,0.7842
1,3,LR,arm2,natural,1,53,0.7547,0.6977,0.7957
1,3,LR,arm2,natural,2,18,0.8333,0.9091,0.8235
1,3,LR,arm2,natural,3,49,0.7551,0.8421,0.732
1,3,MLP,arm1,,global,184,0.7554,0.7761,0.8352
1,3,MLP,arm1,100,0,41,0.8293,0.8205,0.8857
1,3,MLP,arm1,100,1,40,0.7,0.7143,0.8056
1,3,MLP,arm1,100,2,59,0.7458,0.7887,0.8671
1,3,MLP,arm1,100,3,44,0.75,0.7755,0.775
1,3,MLP,arm1,1.0,0,60,0.8333,0.7826,0.8648
1,3,MLP,arm1,1.0,1,60,0.7,0.8235,0.6949
1,3,MLP,arm1,1.0,2,18,0.7222,0.8148,0.8615
1,3,MLP,arm1,1.0,3,46,0.7391,0.5385,0.8224
1,3,MLP,arm1,0.5,0,39,0.8718,0.8649,0.9368
1,3,MLP,arm1,0.5,1,40,0.675,0.6667,0.7494
1,3,MLP,arm1,0.5,2,58,0.6724,0.5128,0.8247
1,3,MLP,arm1,0.5,3,47,0.8298,0.907,nan
1,3,MLP,arm1,0.1,0,13,0.9231,0.8571,0.9667
1,3,MLP,arm1,0.1,1,35,0.8,0.7879,0.8333
1,3,MLP,arm1,0.1,2,58,0.6724,0.1739,0.6909
1,3,MLP,arm1,0.1,3,78,0.7692,0.8696,nan
1,3,MLP,arm1,natural,0,64,0.6875,0.6154,0.8236
1,3,MLP,arm1,natural,1,53,0.7925,0.7317,0.8142
1,3,MLP,arm1,natural,2,18,0.8333,0.9091,0.7647
1,3,MLP,arm1,natural,3,49,0.7755,0.8533,0.7117
1,3,MLP,arm2,100,global,184,0.7663,0.8037,0.8345
1,3,MLP,arm2,100,0,41,0.8293,0.8372,0.8548
1,3,MLP,arm2,100,1,40,0.775,0.8085,0.8133
1,3,MLP,arm2,100,2,59,0.7627,0.8158,0.8635
1,3,MLP,arm2,100,3,44,0.7045,0.7547,0.7937
1,3,MLP,arm2,1.0,global,184,0.7663,0.8018,0.8271
1,3,MLP,arm2,1.0,0,60,0.8,0.76,0.8876
1,3,MLP,arm2,1.0,1,60,0.8333,0.9091,0.6949
1,3,MLP,arm2,1.0,2,18,0.7222,0.8148,0.8154
1,3,MLP,arm2,1.0,3,46,0.6522,0.4667,0.8388
1,3,MLP,arm2,0.5,global,184,0.7446,0.7751,0.8252
1,3,MLP,arm2,0.5,0,39,0.8462,0.8421,0.8974
1,3,MLP,arm2,0.5,1,40,0.7,0.7,0.7444
1,3,MLP,arm2,0.5,2,58,0.6207,0.5,0.8166
1,3,MLP,arm2,0.5,3,47,0.8511,0.9195,nan
1,3,MLP,arm2,0.1,global,184,0.5543,0.7133,0.8126
1,3,MLP,arm2,0.1,0,13,0.2308,0.375,0.7667
1,3,MLP,arm2,0.1,1,35,0.5143,0.6792,0.7908
1,3,MLP,arm2,0.1,2,58,0.0517,0.0984,0.8727
1,3,MLP,arm2,0.1,3,78,1.0,1.0,nan
1,3,MLP,arm2,natural,global,184,0.7554,0.7926,0.8276
1,3,MLP,arm2,natural,0,64,0.7031,0.6885,0.7901
1,3,MLP,arm2,natural,1,53,0.7358,0.6818,0.8065
1,3,MLP,arm2,natural,2,18,0.8889,0.9412,0.8235
1,3,MLP,arm2,natural,3,49,0.7959,0.8718,0.7252
1,4,LR,arm1,,global,184,0.7609,0.7843,0.866
1,4,LR,arm1,100,0,37,0.6757,0.7273,0.7441
1,4,LR,arm1,100,1,39,0.7436,0.75,0.8789
1,4,LR,arm1,100,2,47,0.8298,0.84,0.8864
1,4,LR,arm1,100,3,61,0.7705,0.8,0.8964
1,4,LR,arm1,1.0,0,60,0.6833,0.6415,0.8529
1,4,LR,arm1,1.0,1,50,0.8,0.8864,0.8571
1,4,LR,arm1,1.0,2,25,0.76,0.8125,0.9286
1,4,LR,arm1,1.0,3,49,0.8163,0.7097,0.9188
1,4,LR,arm1,0.5,0,31,0.6129,0.625,0.7059
1,4,LR,arm1,0.5,1,46,0.7826,0.8,0.8939
1,4,LR,arm1,0.5,2,55,0.8,0.6452,0.8773
1,4,LR,arm1,0.5,3,52,0.7885,0.8791,0.9804
1,4,LR,arm1,0.1,0,14,0.5,0.4615,0.5
1,4,LR,arm1,0.1,1,33,0.697,0.7222,0.8493
1,4,LR,arm1,0.1,2,55,0.8364,0.0,nan
1,4,LR,arm1,0.1,3,82,0.7805,0.8767,nan
1,4,LR,arm1,natural,0,62,0.7903,0.7636,0.8899
1,4,LR,arm1,natural,1,59,0.7627,0.72,0.9017
1,4,LR,arm1,natural,2,24,0.6667,0.8,0.3478
1,4,LR,arm1,natural,3,39,0.7692,0.8475,0.7852
1,4,LR,arm2,100,global,184,0.7446,0.7662,0.8626
1,4,LR,arm2,100,0,37,0.6486,0.6977,0.7382
1,4,LR,arm2,100,1,39,0.7436,0.75,0.8711
1,4,LR,arm2,100,2,47,0.7872,0.7917,0.8919
1,4,LR,arm2,100,3,61,0.7705,0.8,0.902
1,4,LR,arm2,1.0,global,184,0.7609,0.7843,0.862
1,4,LR,arm2,1.0,0,60,0.6833,0.6415,0.8349
1,4,LR,arm2,1.0,1,50,0.78,0.8736,0.898
1,4,LR,arm2,1.0,2,25,0.76,0.8125,0.9206
1,4,LR,arm2,1.0,3,49,0.8367,0.75,0.9188
1,4,LR,arm2,0.5,global,184,0.7717,0.8,0.8632
1,4,LR,arm2,0.5,0,31,0.6452,0.6667,0.7017
1,4,LR,arm2,0.5,1,46,0.8043,0.8235,0.8807
1,4,LR,arm2,0.5,2,55,0.7636,0.6061,0.8755
1,4,LR,arm2,0.5,3,52,0.8269,0.9032,1.0
1,4,LR,arm2,0.1,global,184,0.7717,0.8,0.8637
1,4,LR,arm2,0.1,0,14,0.5,0.4615,0.55
1,4,LR,arm2,0.1,1,33,0.7273,0.7568,0.8346
1,4,LR,arm2,0.1,2,55,0.8,0.0,nan
1,4,LR,arm2,0.1,3,82,0.8171,0.8993,nan
1,4,LR,arm2,natural,global,184,0.7391,0.76,0.8614
1,4,LR,arm2,natural,0,62,0.8065,0.7778,0.8836
1,4,LR,arm2,natural,1,59,0.7288,0.68,0.9029
1,4,LR,arm2,natural,2,24,0.625,0.7692,0.4348
1,4,LR,arm2,natural,3,39,0.7179,0.807,0.7852
1,4,MLP,arm1,,global,184,0.788,0.8235,0.8876
1,4,MLP,arm1,100,0,37,0.7027,0.766,0.8324
1,4,MLP,arm1,100,1,39,0.8462,0.85,0.9132
1,4,MLP,arm1,100,2,47,0.7872,0.8214,0.881
1,4,MLP,arm1,100,3,61,0.8033,0.8462,0.8964
1,4,MLP,arm1,1.0,0,60,0.7167,0.6792,0.8876
1,4,MLP,arm1,1.0,1,50,0.9,0.9474,0.8163
1,4,MLP,arm1,1.0,2,25,0.84,0.8824,0.9127
1,4,MLP,arm1,1.0,3,49,0.7347,0.6667,0.9231
1,4,MLP,arm1,0.5,0,31,0.6452,0.6857,0.7941
1,4,MLP,arm1,0.5,1,46,0.8478,0.8627,0.9242
1,4,MLP,arm1,0.5,2,55,0.6909,0.5405,0.8663
1,4,MLP,arm1,0.5,3,52,0.9231,0.9592,1.0
1,4,MLP,arm1,0.1,0,14,0.5,0.4615,0.7
1,4,MLP,arm1,0.1,1,33,0.7879,0.8108,0.9118
1,4,MLP,arm1,0.1,2,55,0.7091,0.0,nan
1,4,MLP,arm1,0.1,3,82,0.8902,0.9419,nan
1,4,MLP,arm1,natural,0,62,0.7742,0.7742,0.9238
1,4,MLP,arm1,natural,1,59,0.7966,0.76,0.9152
1,4,MLP,arm1,natural,2,24,0.8333,0.9091,0.3478
1,4,MLP,arm1,natural,3,39,0.7692,0.8615,0.7852
1,4,MLP,arm2,100,global,184,0.75,0.7653,0.8702
1,4,MLP,arm2,100,0,37,0.6486,0.6977,0.7647
1,4,MLP,arm2,100,1,39,0.7692,0.7568,0.8895
1,4,MLP,arm2,100,2,47,0.766,0.7755,0.8828
1,4,MLP,arm2,100,3,61,0.7869,0.806,0.893
1,4,MLP,arm2,1.0,global,184,0.7772,0.8178,0.8676
1,4,MLP,arm2,1.0,0,60,0.6833,0.6667,0.8457
1,4,MLP,arm2,1.0,1,50,0.88,0.9362,0.8776
1,4,MLP,arm2,1.0,2,25,0.88,0.9143,0.9286
1,4,MLP,arm2,1.0,3,49,0.7347,0.6667,0.9209
1,4,MLP,arm2,0.5,global,184,0.7717,0.8073,0.8685
1,4,MLP,arm2,0.5,0,31,0.6129,0.6667,0.7185
1,4,MLP,arm2,0.5,1,46,0.8261,0.8462,0.9053
1,4,MLP,arm2,0.5,2,55,0.7273,0.5714,0.8681
1,4,MLP,arm2,0.5,3,52,0.8654,0.9263,0.9804
1,4,MLP,arm2,0.1,global,184,0.5543,0.7133,0.7788
1,4,MLP,arm2,0.1,0,14,0.2857,0.4444,0.5
1,4,MLP,arm2,0.1,1,33,0.4848,0.6531,0.7868
1,4,MLP,arm2,0.1,2,55,0.0,0.0,nan
1,4,MLP,arm2,0.1,3,82,1.0,1.0,nan
1,4,MLP,arm2,natural,global,184,0.7935,0.8288,0.8743
1,4,MLP,arm2,natural,0,62,0.8065,0.8,0.8942
1,4,MLP,arm2,natural,1,59,0.7797,0.7547,0.9103
1,4,MLP,arm2,natural,2,24,0.7917,0.8837,0.5217
1,4,MLP,arm2,natural,3,39,0.7949,0.8788,0.7889
2,0,LR,arm1,,global,184,0.7609,0.7925,0.8407
2,0,LR,arm1,100,0,44,0.6818,0.65,0.7875
2,0,LR,arm1,100,1,59,0.8136,0.8451,0.8635
2,0,LR,arm1,100,2,36,0.6944,0.7317,0.8235
2,0,LR,arm1,100,3,45,0.8222,0.8667,0.8403
2,0,LR,arm1,1.0,0,16,0.625,0.25,0.75
2,0,LR,arm1,1.0,1,28,0.7857,0.6667,0.8844
2,0,LR,arm1,1.0,2,117,0.7607,0.8158,0.8131
2,0,LR,arm1,1.0,3,23,0.8261,0.8824,0.8482
2,0,LR,arm1,0.5,0,33,0.7576,0.0,nan
2,0,LR,arm1,0.5,1,65,0.6462,0.566,0.7357
2,0,LR,arm1,0.5,2,46,0.8478,0.9176,nan
2,0,LR,arm1,0.5,3,40,0.85,0.9091,0.8312
2,0,LR,arm1,0.1,0,32,0.75,0.0,nan
2,0,LR,arm1,0.1,1,67,0.6269,0.4444,0.7071
2,0,LR,arm1,0.1,2,55,0.8364,0.9109,nan
2,0,LR,arm1,0.1,3,30,0.9333,0.9655,nan
2,0,LR,arm1,natural,0,60,0.7667,0.7407,0.8754
2,0,LR,arm1,natural,1,64,0.7812,0.7667,0.8629
2,0,LR,arm1,natural,2,23,0.8696,0.9302,0.5909
2,0,LR,arm1,natural,3,37,0.6486,0.7636,0.663
2,0,LR,arm2,100,global,184,0.75,0.7788,0.8339
2,0,LR,arm2,100,0,44,0.6818,0.65,0.7812
2,0,LR,arm2,100,1,59,0.7797,0.8116,0.8565
2,0,LR,arm2,100,2,36,0.7222,0.75,0.805
2,0,LR,arm2,100,3,45,0.8,0.8475,0.8382
2,0,LR,arm2,1.0,global,184,0.75,0.7788,0.8329
2,0,LR,arm2,1.0,0,16,0.625,0.25,0.75
2,0,LR,arm2,1.0,1,28,0.7857,0.6667,0.8776
2,0,LR,arm2,1.0,2,117,0.7436,0.7973,0.8034
2,0,LR,arm2,1.0,3,23,0.8261,0.8824,0.8571
2,0,LR,arm2,0.5,global,184,0.7609,0.7944,0.8354
2,0,LR,arm2,0.5,0,33,0.7576,0.0,nan
2,0,LR,arm2,0.5,1,65,0.6462,0.5818,0.7315
2,0,LR,arm2,0.5,2,46,0.8478,0.9176,nan
2,0,LR,arm2,0.5,3,40,0.85,0.9091,0.8398
2,0,LR,arm2,0.1,global,184,0.75,0.7909,0.8352
2,0,LR,arm2,0.1,0,32,0.7188,0.0,nan
2,0,LR,arm2,0.1,1,67,0.5821,0.44,0.701
2,0,LR,arm2,0.1,2,55,0.8545,0.9216,nan
2,0,LR,arm2,0.1,3,30,0.9667,0.9831,nan
2,0,LR,arm2,natural,global,184,0.75,0.7788,0.8302
2,0,LR,arm2,natural,0,60,0.75,0.717,0.8576
2,0,LR,arm2,natural,1,64,0.7656,0.7458,0.8609
2,0,LR,arm2,natural,2,23,0.8696,0.9302,0.5455
2,0,LR,arm2,natural,3,37,0.6486,0.7547,0.6568
2,0,MLP,arm1,,global,184,0.7826,0.8,0.8555
2,0,MLP,arm1,100,0,44,0.7273,0.6842,0.7896
2,0,MLP,arm1,100,1,59,0.8136,0.8358,0.8647
2,0,MLP,arm1,100,2,36,0.7778,0.7778,0.87
2,0,MLP,arm1,100,3,45,0.8,0.8475,0.8761
2,0,MLP,arm1,1.0,0,16,0.75,0.3333,0.7143
2,0,MLP,arm1,1.0,1,28,0.8571,0.75,0.9252
2,0,MLP,arm1,1.0,2,117,0.7607,0.8056,0.8285
2,0,MLP,arm1,1.0,3,23,0.8261,0.8824,0.8839
2,0,MLP,arm1,0.5,0,33,0.8182,0.0,nan
2,0,MLP,arm1,0.5,1,65,0.7385,0.6383,0.7484
2,0,MLP,arm1,0.5,2,46,0.7826,0.878,nan
2,0,MLP,arm1,0.5,3,40,0.825,0.8923,0.8701
2,0,MLP,arm1,0.1,0,32,0.8125,0.0,nan
2,0,MLP,arm1,0.1,1,67,0.7164,0.5128,0.7206
2,0,MLP,arm1,0.1,2,55,0.7818,0.8776,nan
2,0,MLP,arm1,0.1,3,30,0.9,0.9474,nan
2,0,MLP,arm1,natural,0,60,0.7833,0.7347,0.8888
2,0,MLP,arm1,natural,1,64,0.8281,0.8,0.8649
2,0,MLP,arm1,natural,2,23,0.8696,0.9302,0.5909
2,0,MLP,arm1,natural,3,37,0.6486,0.7547,0.7189
2,0,MLP,arm2,100,global,184,0.7826,0.8095,0.8575
2,0,MLP,arm2,100,0,44,0.7273,0.7,0.8063
2,0,MLP,arm2,100,1,59,0.7966,0.8286,0.8694
2,0,MLP,arm2,100,2,36,0.8056,0.8205,0.8483
2,0,MLP,arm2,100,3,45,0.8,0.8525,0.8739
2,0,MLP,arm2,1.0,global,184,0.7826,0.8077,0.8564
2,0,MLP,arm2,1.0,0,16,0.6875,0.2857,0.75
2,0,MLP,arm2,1.0,1,28,0.8214,0.7059,0.932
2,0,MLP,arm2,1.0,2,117,0.7778,0.8267,0.8256
2,0,MLP,arm2,1.0,3,23,0.8261,0.8824,0.875
2,0,MLP,arm2,0.5,global,184,0.7663,0.7882,0.8415
2,0,MLP,arm2,0.5,0,33,0.7879,0.0,nan
2,0,MLP,arm2,0.5,1,65,0.7077,0.6122,0.7421
2,0,MLP,arm2,0.5,2,46,0.8043,0.8916,nan
2,0,MLP,arm2,0.5,3,40,0.8,0.875,0.8355
2,0,MLP,arm2,0.1,global,184,0.7609,0.7982,0.8295
2,0,MLP,arm2,0.1,0,32,0.7188,0.0,nan
2,0,MLP,arm2,0.1,1,67,0.6119,0.4583,0.6936
2,0,MLP,arm2,0.1,2,55,0.8545,0.9216,nan
2,0,MLP,arm2,0.1,3,30,0.9667,0.9831,nan
2,0,MLP,arm2,natural,global,184,0.75,0.7946,0.8501
2,0,MLP,arm2,natural,0,60,0.7667,0.7586,0.8721
2,0,MLP,arm2,natural,1,64,0.75,0.7576,0.8749
2,0,MLP,arm2,natural,2,23,0.913,0.9545,0.5455
2,0,MLP,arm2,natural,3,37,0.6216,0.75,0.6817
2,1,LR,arm1,,global,184,0.788,0.8169,0.8668
2,1,LR,arm1,100,0,34,0.8529,0.8889,0.8788
2,1,LR,arm1,100,1,55,0.8,0.8136,0.8846
2,1,LR,arm1,100,2,46,0.7174,0.7719,0.8533
2,1,LR,arm1,100,3,49,0.7959,0.8077,0.8595
2,1,LR,arm1,1.0,0,9,0.7778,0.6667,0.7857
2,1,LR,arm1,1.0,1,29,0.8276,0.6667,0.9833
2,1,LR,arm1,1.0,2,119,0.7563,0.8176,0.8124
2,1,LR,arm1,1.0,3,27,0.8889,0.9091,0.9412
2,1,LR,arm1,0.5,0,30,0.7667,0.0,nan
2,1,LR,arm1,0.5,1,67,0.7313,0.7,0.8389
2,1,LR,arm1,0.5,2,47,0.8511,0.9136,0.9697
2,1,LR,arm1,0.5,3,40,0.825,0.8923,0.92
2,1,LR,arm1,0.1,0,18,0.8333,0.0,nan
2,1,LR,arm1,0.1,1,77,0.7143,0.5417,0.8685
2,1,LR,arm1,0.1,2,59,0.8475,0.9174,nan
2,1,LR,arm1,0.1,3,30,0.8333,0.9057,0.8621
2,1,LR,arm1,natural,0,57,0.7719,0.7869,0.8565
2,1,LR,arm1,natural,1,59,0.8136,0.7179,0.897
2,1,LR,arm1,natural,2,26,0.8462,0.913,1.0
2,1,LR,arm1,natural,3,42,0.7381,0.8358,0.6936
2,1,LR,arm2,100,global,184,0.7717,0.7981,0.8645
2,1,LR,arm2,100,0,34,0.7941,0.8372,0.8864
2,1,LR,arm2,100,1,55,0.7636,0.7719,0.8873
2,1,LR,arm2,100,2,46,0.7391,0.7857,0.8571
2,1,LR,arm2,100,3,49,0.7959,0.8077,0.8545
2,1,LR,arm2,1.0,global,184,0.7717,0.7981,0.8641
2,1,LR,arm2,1.0,0,9,0.7778,0.6667,0.7857
2,1,LR,arm2,1.0,1,29,0.8276,0.6667,0.9833
2,1,LR,arm2,1.0,2,119,0.7311,0.7922,0.8111
2,1,LR,arm2,1.0,3,27,0.8889,0.9091,0.9353
2,1,LR,arm2,0.5,global,184,0.7826,0.8095,0.864
2,1,LR,arm2,0.5,0,30,0.7667,0.0,nan
2,1,LR,arm2,0.5,1,67,0.7313,0.6897,0.8291
2,1,LR,arm2,0.5,2,47,0.8298,0.9,0.947
2,1,LR,arm2,0.5,3,40,0.825,0.8923,0.8857
2,1,LR,arm2,0.1,global,184,0.7772,0.8075,0.8629
2,1,LR,arm2,0.1,0,18,0.8333,0.0,nan
2,1,LR,arm2,0.1,1,77,0.7013,0.5306,0.8696
2,1,LR,arm2,0.1,2,59,0.8305,0.9074,nan
2,1,LR,arm2,0.1,3,30,0.8333,0.9057,0.8276
2,1,LR,arm2,natural,global,184,0.7717,0.7961,0.8604
2,1,LR,arm2,natural,0,57,0.7719,0.7797,0.8553
2,1,LR,arm2,natural,1,59,0.8136,0.7179,0.9061
2,1,LR,arm2,natural,2,26,0.8077,0.8889,1.0
2,1,LR,arm2,natural,3,42,0.6905,0.7937,0.7104
2,1,MLP,arm1,,global,184,0.788,0.8079,0.8654
2,1,MLP,arm1,100,0,34,0.7941,0.8293,0.8864
2,1,MLP,arm1,100,1,55,0.7636,0.7719,0.87
2,1,MLP,arm1,100,2,46,0.7826,0.8148,0.8495
2,1,MLP,arm1,100,3,49,0.8163,0.8235,0.8796
2,1,MLP,arm1,1.0,0,9,0.7778,0.6667,0.9286
2,1,MLP,arm1,1.0,1,29,0.8621,0.7143,0.9667
2,1,MLP,arm1,1.0,2,119,0.7395,0.7947,0.8043
2,1,MLP,arm1,1.0,3,27,0.9259,0.9375,0.9706
2,1,MLP,arm1,0.5,0,30,0.8,0.0,nan
2,1,MLP,arm1,0.5,1,67,0.7313,0.6667,0.8261
2,1,MLP,arm1,0.5,2,47,0.8085,0.8861,0.9621
2,1,MLP,arm1,0.5,3,40,0.85,0.9062,0.9657
2,1,MLP,arm1,0.1,0,18,0.8889,0.0,nan
2,1,MLP,arm1,0.1,1,77,0.7403,0.5238,0.8526
2,1,MLP,arm1,0.1,2,59,0.7966,0.8868,nan
2,1,MLP,arm1,0.1,3,30,0.8333,0.9057,1.0
2,1,MLP,arm1,natural,0,57,0.7895,0.7931,0.8664
2,1,MLP,arm1,natural,1,59,0.8475,0.7429,0.903
2,1,MLP,arm1,natural,2,26,0.8077,0.8889,0.96
2,1,MLP,arm1,natural,3,42,0.6905,0.8,0.6566
2,1,MLP,arm2,100,global,184,0.7826,0.8039,0.8664
2,1,MLP,arm2,100,0,34,0.7941,0.8293,0.8864
2,1,MLP,arm2,100,1,55,0.7636,0.7719,0.8674
2,1,MLP,arm2,100,2,46,0.7609,0.8,0.8514
2,1,MLP,arm2,100,3,49,0.8163,0.8235,0.8796
2,1,MLP,arm2,1.0,global,184,0.7826,0.8077,0.8689
2,1,MLP,arm2,1.0,0,9,0.7778,0.6667,0.9286
2,1,MLP,arm2,1.0,1,29,0.8621,0.7143,0.9667
2,1,MLP,arm2,1.0,2,119,0.7395,0.8,0.8074
2,1,MLP,arm2,1.0,3,27,0.8889,0.9091,0.9647
2,1,MLP,arm2,0.5,global,184,0.7609,0.7843,0.8653
2,1,MLP,arm2,0.5,0,30,0.7667,0.0,nan
2,1,MLP,arm2,0.5,1,67,0.7164,0.6545,0.8379
2,1,MLP,arm2,0.5,2,47,0.7872,0.8718,0.9545
2,1,MLP,arm2,0.5,3,40,0.8,0.875,0.9371
2,1,MLP,arm2,0.1,global,184,0.7174,0.6867,0.8403
2,1,MLP,arm2,0.1,0,18,0.9444,0.0,nan
2,1,MLP,arm2,0.1,1,77,0.8442,0.5714,0.8673
2,1,MLP,arm2,0.1,2,59,0.5424,0.7033,nan
2,1,MLP,arm2,0.1,3,30,0.6,0.7391,0.9655
2,1,MLP,arm2,natural,global,184,0.7772,0.8128,0.8713
2,1,MLP,arm2,natural,0,57,0.7544,0.7812,0.8639
2,1,MLP,arm2,natural,1,59,0.7797,0.6829,0.9106
2,1,MLP,arm2,natural,2,26,0.8462,0.913,1.0
2,1,MLP,arm2,natural,3,42,0.7619,0.8529,0.6936
2,2,LR,arm1,,global,184,0.7337,0.7562,0.8416
2,2,LR,arm1,100,0,40,0.75,0.7917,0.9093
2,2,LR,arm1,100,1,53,0.7547,0.7869,0.8402
2,2,LR,arm1,100,2,44,0.7273,0.7391,0.8509
2,2,LR,arm1,100,3,47,0.7021,0.6957,0.8
2,2,LR,arm1,1.0,0,13,0.6923,0.6,0.75
2,2,LR,arm1,1.0,1,33,0.7576,0.6923,0.8849
2,2,LR,arm1,1.0,2,106,0.717,0.7619,0.8285
2,2,LR,arm1,1.0,3,32,0.7812,0.8205,0.8658
2,2,LR,arm1,0.5,0,29,0.7586,0.0,nan
2,2,LR,arm1,0.5,1,72,0.6806,0.6462,0.8317
2,2,LR,arm1,0.5,2,42,0.8095,0.8947,nan
2,2,LR,arm1,0.5,3,41,0.7317,0.7925,0.8
2,2,LR,arm1,0.1,0,22,0.7727,0.0,nan
2,2,LR,arm1,0.1,1,80,0.7125,0.566,0.8292
2,2,LR,arm1,0.1,2,59,0.7458,0.8544,nan
2,2,LR,arm1,0.1,3,23,0.7391,0.85,nan
2,2,LR,arm1,natural,0,71,0.6901,0.5769,0.7949
2,2,LR,arm1,natural,1,47,0.7447,0.7,0.8346
2,2,LR,arm1,natural,2,22,0.8182,0.8947,0.875
2,2,LR,arm1,natural,3,44,0.75,0.8451,0.7302
2,2,LR,arm2,100,global,184,0.7446,0.7638,0.8311
2,2,LR,arm2,100,0,40,0.75,0.7917,0.8819
2,2,LR,arm2,100,1,53,0.7736,0.8,0.8211
2,2,LR,arm2,100,2,44,0.75,0.7556,0.8654
2,2,LR,arm2,100,3,47,0.7021,0.6957,0.7836
2,2,LR,arm2,1.0,global,184,0.75,0.7677,0.8286
2,2,LR,arm2,1.0,0,13,0.6923,0.6,0.725
2,2,LR,arm2,1.0,1,33,0.7879,0.72,0.869
2,2,LR,arm2,1.0,2,106,0.7358,0.7742,0.8185
2,2,LR,arm2,1.0,3,32,0.7812,0.8205,0.8182
2,2,LR,arm2,0.5,global,184,0.7391,0.7624,0.8295
2,2,LR,arm2,0.5,0,29,0.7931,0.0,nan
2,2,LR,arm2,0.5,1,72,0.6806,0.6567,0.8167
2,2,LR,arm2,0.5,2,42,0.8095,0.8947,nan
2,2,LR,arm2,0.5,3,41,0.7317,0.7925,0.7727
2,2,LR,arm2,0.1,global,184,0.7446,0.7685,0.8268
2,2,LR,arm2,0.1,0,22,0.8182,0.0,nan
2,2,LR,arm2,0.1,1,80,0.7,0.5556,0.8067
2,2,LR,arm2,0.1,2,59,0.7797,0.8762,nan
2,2,LR,arm2,0.1,3,23,0.7391,0.85,nan
2,2,LR,arm2,natural,global,184,0.7446,0.7638,0.8263
2,2,LR,arm2,natural,0,71,0.6901,0.5769,0.7674
2,2,LR,arm2,natural,1,47,0.766,0.7179,0.8365
2,2,LR,arm2,natural,2,22,0.8182,0.8947,0.875
2,2,LR,arm2,natural,3,44,0.7727,0.8571,0.7016
2,2,MLP,arm1,,global,184,0.7663,0.7962,0.8331
2,2,MLP,arm1,100,0,40,0.8,0.8462,0.8874
2,2,MLP,arm1,100,1,53,0.7736,0.8065,0.8226
2,2,MLP,arm1,100,2,44,0.7727,0.7917,0.8427
2,2,MLP,arm1,100,3,47,0.7234,0.7347,0.7945
2,2,MLP,arm1,1.0,0,13,0.6923,0.6,0.725
2,2,MLP,arm1,1.0,1,33,0.7576,0.7143,0.8492
2,2,MLP,arm1,1.0,2,106,0.7547,0.8,0.8255
2,2,MLP,arm1,1.0,3,32,0.8438,0.8837,0.8528
2,2,MLP,arm1,0.5,0,29,0.7241,0.0,nan
2,2,MLP,arm1,0.5,1,72,0.7361,0.7246,0.8262
2,2,MLP,arm1,0.5,2,42,0.8095,0.8947,nan
2,2,MLP,arm1,0.5,3,41,0.8049,0.8621,0.8152
2,2,MLP,arm1,0.1,0,22,0.7727,0.0,nan
2,2,MLP,arm1,0.1,1,80,0.7125,0.5965,0.8308
2,2,MLP,arm1,0.1,2,59,0.8136,0.8972,nan
2,2,MLP,arm1,0.1,3,23,0.8261,0.9048,nan
2,2,MLP,arm1,natural,0,71,0.7465,0.7,0.7899
2,2,MLP,arm1,natural,1,47,0.766,0.7317,0.8346
2,2,MLP,arm1,natural,2,22,0.8636,0.9231,0.775
2,2,MLP,arm1,natural,3,44,0.75,0.8451,0.7079
2,2,MLP,arm2,100,global,184,0.7554,0.7716,0.841
2,2,MLP,arm2,100,0,40,0.8,0.84,0.9011
2,2,MLP,arm2,100,1,53,0.7547,0.7797,0.8416
2,2,MLP,arm2,100,2,44,0.7273,0.7273,0.8385
2,2,MLP,arm2,100,3,47,0.7447,0.7273,0.8018
2,2,MLP,arm2,1.0,global,184,0.7609,0.7822,0.8447
2,2,MLP,arm2,1.0,0,13,0.6923,0.6,0.75
2,2,MLP,arm2,1.0,1,33,0.7879,0.72,0.8651
2,2,MLP,arm2,1.0,2,106,0.7358,0.7778,0.8341
2,2,MLP,arm2,1.0,3,32,0.8438,0.878,0.8615
2,2,MLP,arm2,0.5,global,184,0.75,0.7604,0.8339
2,2,MLP,arm2,0.5,0,29,0.8276,0.0,nan
2,2,MLP,arm2,0.5,1,72,0.7083,0.6557,0.8183
2,2,MLP,arm2,0.5,2,42,0.7619,0.8649,nan
2,2,MLP,arm2,0.5,3,41,0.7561,0.8077,0.7818
2,2,MLP,arm2,0.1,global,184,0.7337,0.7513,0.8181
2,2,MLP,arm2,0.1,0,22,0.8636,0.0,nan
2,2,MLP,arm2,0.1,1,80,0.7,0.5385,0.7808
2,2,MLP,arm2,0.1,2,59,0.7288,0.8431,nan
2,2,MLP,arm2,0.1,3,23,0.7391,0.85,nan
2,2,MLP,arm2,natural,global,184,0.75,0.7653,0.8417
2,2,MLP,arm2,natural,0,71,0.6901,0.56,0.7924
2,2,MLP,arm2,natural,1,47,0.7872,0.7368,0.8421
2,2,MLP,arm2,natural,2,22,0.8636,0.9231,0.825
2,2,MLP,arm2,natural,3,44,0.75,0.8406,0.7175
2,3,LR,arm1,,global,184,0.788,0.8134,0.8571
2,3,LR,arm1,100,0,47,0.8298,0.8333,0.8949
2,3,LR,arm1,100,1,51,0.7647,0.8065,0.8339
2,3,LR,arm1,100,2,46,0.7391,0.7857,0.781
2,3,LR,arm1,100,3,40,0.825,0.8372,0.9073
2,3,LR,arm1,1.0,0,20,0.75,0.6154,0.7976
2,3,LR,arm1,1.0,1,26,0.8462,0.75,0.925
2,3,LR,arm1,1.0,2,111,0.7838,0.831,0.8237
2,3,LR,arm1,1.0,3,27,0.7778,0.8421,0.9286
2,3,LR,arm1,0.5,0,32,0.7812,0.0,0.7742
2,3,LR,arm1,0.5,1,75,0.7333,0.7143,0.8134
2,3,LR,arm1,0.5,2,43,0.8605,0.9231,1.0
2,3,LR,arm1,0.5,3,34,0.8235,0.8889,0.9226
2,3,LR,arm1,0.1,0,29,0.8276,0.0,nan
2,3,LR,arm1,0.1,1,70,0.7,0.5532,0.7852
2,3,LR,arm1,0.1,2,62,0.8387,0.9123,nan
2,3,LR,arm1,0.1,3,23,0.8696,0.9302,nan
2,3,LR,arm1,natural,0,55,0.8364,0.8302,0.896
2,3,LR,arm1,natural,1,56,0.7857,0.7143,0.8677
2,3,LR,arm1,natural,2,32,0.7188,0.8235,0.75
2,3,LR,arm1,natural,3,41,0.7805,0.8571,0.6545
2,3,LR,arm2,100,global,184,0.7826,0.8058,0.8583
2,3,LR,arm2,100,0,47,0.8085,0.8085,0.8967
2,3,LR,arm2,100,1,51,0.7451,0.7937,0.8289
2,3,LR,arm2,100,2,46,0.7391,0.7778,0.7924
2,3,LR,arm2,100,3,40,0.85,0.8571,0.8997
2,3,LR,arm2,1.0,global,184,0.7826,0.8058,0.8582
2,3,LR,arm2,1.0,0,20,0.75,0.6154,0.7976
2,3,LR,arm2,1.0,1,26,0.8077,0.7059,0.9333
2,3,LR,arm2,1.0,2,111,0.7748,0.8201,0.8296
2,3,LR,arm2,1.0,3,27,0.8148,0.8649,0.9357
2,3,LR,arm2,0.5,global,184,0.7989,0.8279,0.8586
2,3,LR,arm2,0.5,0,32,0.75,0.0,0.7097
2,3,LR,arm2,0.5,1,75,0.76,0.7568,0.8171
2,3,LR,arm2,0.5,2,43,0.8605,0.9231,1.0
2,3,LR,arm2,0.5,3,34,0.8529,0.9091,0.9345
2,3,LR,arm2,0.1,global,184,0.7935,0.8288,0.8583
2,3,LR,arm2,0.1,0,29,0.7241,0.0,nan
2,3,LR,arm2,0.1,1,70,0.6714,0.549,0.7897
2,3,LR,arm2,0.1,2,62,0.9032,0.9492,nan
2,3,LR,arm2,0.1,3,23,0.9565,0.9778,nan
2,3,LR,arm2,natural,global,184,0.7772,0.8,0.8574
2,3,LR,arm2,natural,0,55,0.8,0.7843,0.892
2,3,LR,arm2,natural,1,56,0.8036,0.7442,0.8819
2,3,LR,arm2,natural,2,32,0.7188,0.8235,0.7321
2,3,LR,arm2,natural,3,41,0.7561,0.8333,0.6848
2,3,MLP,arm1,,global,184,0.7609,0.7732,0.8627
2,3,MLP,arm1,100,0,47,0.7872,0.7727,0.8986
2,3,MLP,arm1,100,1,51,0.7059,0.7458,0.8388
2,3,MLP,arm1,100,2,46,0.7174,0.7451,0.7981
2,3,MLP,arm1,100,3,40,0.85,0.85,0.9098
2,3,MLP,arm1,1.0,0,20,0.8,0.6667,0.8095
2,3,MLP,arm1,1.0,1,26,0.8077,0.6667,0.9417
2,3,MLP,arm1,1.0,2,111,0.7297,0.7727,0.823
2,3,MLP,arm1,1.0,3,27,0.8148,0.8571,0.95
2,3,MLP,arm1,0.5,0,32,0.8125,0.0,0.8065
2,3,MLP,arm1,0.5,1,75,0.7067,0.6562,0.8083
2,3,MLP,arm1,0.5,2,43,0.7907,0.88,0.9762
2,3,MLP,arm1,0.5,3,34,0.7941,0.8571,0.9405
2,3,MLP,arm1,0.1,0,29,0.8621,0.0,nan
2,3,MLP,arm1,0.1,1,70,0.7286,0.5366,0.7797
2,3,MLP,arm1,0.1,2,62,0.7419,0.8519,nan
2,3,MLP,arm1,0.1,3,23,0.7826,0.878,nan
2,3,MLP,arm1,natural,0,55,0.8182,0.7917,0.9093
2,3,MLP,arm1,natural,1,56,0.7857,0.6842,0.8634
2,3,MLP,arm1,natural,2,32,0.6562,0.7755,0.7768
2,3,MLP,arm1,natural,3,41,0.7317,0.8136,0.6545
2,3,MLP,arm2,100,global,184,0.788,0.8079,0.865
2,3,MLP,arm2,100,0,47,0.8298,0.8333,0.9004
2,3,MLP,arm2,100,1,51,0.7451,0.7869,0.8405
2,3,MLP,arm2,100,2,46,0.7609,0.7925,0.7943
2,3,MLP,arm2,100,3,40,0.825,0.8293,0.9098
2,3,MLP,arm2,1.0,global,184,0.7935,0.8137,0.8626
2,3,MLP,arm2,1.0,0,20,0.75,0.6154,0.8095
2,3,MLP,arm2,1.0,1,26,0.8462,0.75,0.9333
2,3,MLP,arm2,1.0,2,111,0.7838,0.8261,0.8251
2,3,MLP,arm2,1.0,3,27,0.8148,0.8649,0.9429
2,3,MLP,arm2,0.5,global,184,0.7772,0.796,0.8565
2,3,MLP,arm2,0.5,0,32,0.7812,0.0,0.7097
2,3,MLP,arm2,0.5,1,75,0.72,0.6866,0.8098
2,3,MLP,arm2,0.5,2,43,0.8372,0.9091,1.0
2,3,MLP,arm2,0.5,3,34,0.8235,0.88,0.9464
2,3,MLP,arm2,0.1,global,184,0.7935,0.8273,0.85
2,3,MLP,arm2,0.1,0,29,0.7241,0.0,nan
2,3,MLP,arm2,0.1,1,70,0.6857,0.56,0.7708
2,3,MLP,arm2,0.1,2,62,0.8871,0.9402,nan
2,3,MLP,arm2,0.1,3,23,0.9565,0.9778,nan
2,3,MLP,arm2,natural,global,184,0.8098,0.8485,0.8675
2,3,MLP,arm2,natural,0,55,0.8364,0.8421,0.9
2,3,MLP,arm2,natural,1,56,0.7679,0.7347,0.8905
2,3,MLP,arm2,natural,2,32,0.875,0.931,0.7946
2,3,MLP,arm2,natural,3,41,0.7805,0.8657,0.6909
2,4,LR,arm1,,global,184,0.7826,0.8058,0.8338
2,4,LR,arm1,100,0,48,0.7292,0.7347,0.816
2,4,LR,arm1,100,1,55,0.8,0.8308,0.876
2,4,LR,arm1,100,2,36,0.8889,0.9,0.9226
2,4,LR,arm1,100,3,45,0.7333,0.7692,0.7206
2,4,LR,arm1,1.0,0,15,0.8,0.7273,0.8409
2,4,LR,arm1,1.0,1,34,0.7353,0.5263,0.873
2,4,LR,arm1,1.0,2,103,0.7961,0.8421,0.8429
2,4,LR,arm1,1.0,3,32,0.7812,0.8372,0.7391
2,4,LR,arm1,0.5,0,37,0.7568,0.1818,0.7778
2,4,LR,arm1,0.5,1,66,0.7576,0.7241,0.8471
2,4,LR,arm1,0.5,2,43,0.8372,0.9114,nan
2,4,LR,arm1,0.5,3,38,0.7895,0.8621,0.7465
2,4,LR,arm1,0.1,0,32,0.75,0.0,nan
2,4,LR,arm1,0.1,1,68,0.75,0.6222,0.82
2,4,LR,arm1,0.1,2,54,0.8333,0.9091,nan
2,4,LR,arm1,0.1,3,30,0.8,0.8889,nan
2,4,LR,arm1,natural,0,60,0.8,0.75,0.8203
2,4,LR,arm1,natural,1,68,0.75,0.7302,0.8278
2,4,LR,arm1,natural,2,20,0.8,0.8889,nan
2,4,LR,arm1,natural,3,36,0.8056,0.8814,0.7634
2,4,LR,arm2,100,global,184,0.7663,0.7923,0.8348
2,4,LR,arm2,100,0,48,0.7083,0.7083,0.8351
2,4,LR,arm2,100,1,55,0.7818,0.8182,0.8774
2,4,LR,arm2,100,2,36,0.8611,0.878,0.9164
2,4,LR,arm2,100,3,45,0.7333,0.7692,0.7085
2,4,LR,arm2,1.0,global,184,0.7609,0.7885,0.8345
2,4,LR,arm2,1.0,0,15,0.8,0.7273,0.8636
2,4,LR,arm2,1.0,1,34,0.7059,0.5,0.8836
2,4,LR,arm2,1.0,2,103,0.767,0.8209,0.837
2,4,LR,arm2,1.0,3,32,0.7812,0.8372,0.7391
2,4,LR,arm2,0.5,global,184,0.7717,0.8,0.8343
2,4,LR,arm2,0.5,0,37,0.7297,0.1667,0.8333
2,4,LR,arm2,0.5,1,66,0.7273,0.7,0.8414
2,4,LR,arm2,0.5,2,43,0.8605,0.925,nan
2,4,LR,arm2,0.5,3,38,0.7895,0.8621,0.7465
2,4,LR,arm2,0.1,global,184,0.7717,0.8037,0.8336
2,4,LR,arm2,0.1,0,32,0.6562,0.0,nan
2,4,LR,arm2,0.1,1,68,0.7353,0.625,0.8311
2,4,LR,arm2,0.1,2,54,0.8519,0.92,nan
2,4,LR,arm2,0.1,3,30,0.8333,0.9091,nan
2,4,LR,arm2,natural,global,184,0.7554,0.7826,0.8305
2,4,LR,arm2,natural,0,60,0.8,0.75,0.8158
2,4,LR,arm2,natural,1,68,0.7059,0.697,0.837
2,4,LR,arm2,natural,2,20,0.8,0.8889,nan
2,4,LR,arm2,natural,3,36,0.75,0.8421,0.8125
2,4,MLP,arm1,,global,184,0.8043,0.8252,0.8478
2,4,MLP,arm1,100,0,48,0.7708,0.7755,0.8472
2,4,MLP,arm1,100,1,55,0.8182,0.8485,0.8678
2,4,MLP,arm1,100,2,36,0.8611,0.878,0.9319
2,4,MLP,arm1,100,3,45,0.7778,0.8,0.7389
2,4,MLP,arm1,1.0,0,15,0.6667,0.4444,0.7955
2,4,MLP,arm1,1.0,1,34,0.7941,0.6316,0.9153
2,4,MLP,arm1,1.0,2,103,0.835,0.8741,0.8571
2,4,MLP,arm1,1.0,3,32,0.7812,0.8372,0.715
2,4,MLP,arm1,0.5,0,37,0.7568,0.0,0.75
2,4,MLP,arm1,0.5,1,66,0.803,0.7797,0.8604
2,4,MLP,arm1,0.5,2,43,0.8605,0.925,nan
2,4,MLP,arm1,0.5,3,38,0.7895,0.8621,0.7281
2,4,MLP,arm1,0.1,0,32,0.7812,0.0,nan
2,4,MLP,arm1,0.1,1,68,0.7647,0.6364,0.8378
2,4,MLP,arm1,0.1,2,54,0.8704,0.9307,nan
2,4,MLP,arm1,0.1,3,30,0.8,0.8889,nan
2,4,MLP,arm1,natural,0,60,0.8167,0.7843,0.8527
2,4,MLP,arm1,natural,1,68,0.7647,0.7241,0.8407
2,4,MLP,arm1,natural,2,20,0.85,0.9189,nan
2,4,MLP,arm1,natural,3,36,0.8333,0.9,0.7679
2,4,MLP,arm2,100,global,184,0.7663,0.7839,0.8456
2,4,MLP,arm2,100,0,48,0.6875,0.6667,0.8455
2,4,MLP,arm2,100,1,55,0.8,0.8308,0.8609
2,4,MLP,arm2,100,2,36,0.8611,0.878,0.935
2,4,MLP,arm2,100,3,45,0.7333,0.75,0.7368
2,4,MLP,arm2,1.0,global,184,0.7989,0.8195,0.8467
2,4,MLP,arm2,1.0,0,15,0.7333,0.6,0.8636
2,4,MLP,arm2,1.0,1,34,0.7647,0.5556,0.9048
2,4,MLP,arm2,1.0,2,103,0.8252,0.8657,0.8534
2,4,MLP,arm2,1.0,3,32,0.7812,0.8372,0.7246
2,4,MLP,arm2,0.5,global,184,0.7717,0.7879,0.8265
2,4,MLP,arm2,0.5,0,37,0.8378,0.25,0.8333
2,4,MLP,arm2,0.5,1,66,0.7424,0.7018,0.8414
2,4,MLP,arm2,0.5,2,43,0.814,0.8974,nan
2,4,MLP,arm2,0.5,3,38,0.7105,0.8,0.7327
2,4,MLP,arm2,0.1,global,184,0.7391,0.7419,0.8164
2,4,MLP,arm2,0.1,0,32,0.8438,0.0,nan
2,4,MLP,arm2,0.1,1,68,0.7647,0.6,0.8167
2,4,MLP,arm2,0.1,2,54,0.7407,0.8511,nan
2,4,MLP,arm2,0.1,3,30,0.5667,0.7234,nan
2,4,MLP,arm2,natural,global,184,0.7772,0.7919,0.8458
2,4,MLP,arm2,natural,0,60,0.8,0.7391,0.8538
2,4,MLP,arm2,natural,1,68,0.7647,0.7241,0.8425
2,4,MLP,arm2,natural,2,20,0.8,0.8889,nan
2,4,MLP,arm2,natural,3,36,0.75,0.8421,0.7902
3,0,LR,arm1,,global,184,0.7609,0.78,0.8363
3,0,LR,arm1,100,0,49,0.6122,0.6275,0.7273
3,0,LR,arm1,100,1,44,0.9091,0.9167,0.9396
3,0,LR,arm1,100,2,42,0.7619,0.7619,0.8364
3,0,LR,arm1,100,3,49,0.7755,0.8136,0.8421
3,0,LR,arm1,1.0,0,14,0.8571,0.8889,0.9333
3,0,LR,arm1,1.0,1,54,0.7037,0.7647,0.7838
3,0,LR,arm1,1.0,2,68,0.8088,0.8169,0.8737
3,0,LR,arm1,1.0,3,48,0.7292,0.6977,0.8125
3,0,LR,arm1,0.5,0,40,0.775,0.8732,nan
3,0,LR,arm1,0.5,1,33,0.7273,0.5714,0.9383
3,0,LR,arm1,0.5,2,53,0.8113,0.7917,0.8771
3,0,LR,arm1,0.5,3,58,0.7241,0.7333,0.8131
3,0,LR,arm1,0.1,0,36,0.6667,0.8,nan
3,0,LR,arm1,0.1,1,50,0.76,0.1429,0.9388
3,0,LR,arm1,0.1,2,87,0.8046,0.8618,0.8832
3,0,LR,arm1,0.1,3,11,0.7273,0.0,nan
3,0,LR,arm1,natural,0,73,0.7671,0.7463,0.8629
3,0,LR,arm1,natural,1,54,0.8333,0.8,0.8543
3,0,LR,arm1,natural,2,19,0.7895,0.8824,0.6111
3,0,LR,arm1,natural,3,38,0.6316,0.7407,0.6245
3,0,LR,arm2,100,global,184,0.75,0.77,0.8397
3,0,LR,arm2,100,0,49,0.6122,0.6275,0.729
3,0,LR,arm2,100,1,44,0.8636,0.8696,0.9396
3,0,LR,arm2,100,2,42,0.7619,0.7727,0.85
3,0,LR,arm2,100,3,49,0.7755,0.8136,0.8421
3,0,LR,arm2,1.0,global,184,0.75,0.77,0.8387
3,0,LR,arm2,1.0,0,14,0.8571,0.8889,0.8889
3,0,LR,arm2,1.0,1,54,0.7037,0.7647,0.7912
3,0,LR,arm2,1.0,2,68,0.7794,0.7887,0.8737
3,0,LR,arm2,1.0,3,48,0.7292,0.6977,0.8125
3,0,LR,arm2,0.5,global,184,0.75,0.7723,0.8404
3,0,LR,arm2,0.5,0,40,0.775,0.8732,nan
3,0,LR,arm2,0.5,1,33,0.7273,0.5714,0.9383
3,0,LR,arm2,0.5,2,53,0.7736,0.76,0.8871
3,0,LR,arm2,0.5,3,58,0.7241,0.7333,0.8179
3,0,LR,arm2,0.1,global,184,0.7663,0.7839,0.8421
3,0,LR,arm2,0.1,0,36,0.6389,0.7797,nan
3,0,LR,arm2,0.1,1,50,0.76,0.1429,0.9388
3,0,LR,arm2,0.1,2,87,0.8276,0.878,0.894
3,0,LR,arm2,0.1,3,11,0.7273,0.0,nan
3,0,LR,arm2,natural,global,184,0.7446,0.7638,0.8412
3,0,LR,arm2,natural,0,73,0.7534,0.7353,0.872
3,0,LR,arm2,natural,1,54,0.8148,0.7727,0.8672
3,0,LR,arm2,natural,2,19,0.7368,0.8485,0.6667
3,0,LR,arm2,natural,3,38,0.6316,0.7407,0.6245
3,0,MLP,arm1,,global,184,0.7283,0.7368,0.8277
3,0,MLP,arm1,100,0,49,0.6122,0.6122,0.734
3,0,MLP,arm1,100,1,44,0.8182,0.8182,0.9292
3,0,MLP,arm1,100,2,42,0.7619,0.75,0.8
3,0,MLP,arm1,100,3,49,0.7347,0.7719,0.8211
3,0,MLP,arm1,1.0,0,14,0.7143,0.75,0.9333
3,0,MLP,arm1,1.0,1,54,0.6852,0.7385,0.7868
3,0,MLP,arm1,1.0,2,68,0.7794,0.7761,0.864
3,0,MLP,arm1,1.0,3,48,0.7083,0.6667,0.7929
3,0,MLP,arm1,0.5,0,40,0.675,0.806,nan
3,0,MLP,arm1,0.5,1,33,0.7576,0.6,0.9753
3,0,MLP,arm1,0.5,2,53,0.7925,0.7556,0.8571
3,0,MLP,arm1,0.5,3,58,0.6897,0.6897,0.7988
3,0,MLP,arm1,0.1,0,36,0.6111,0.7586,nan
3,0,MLP,arm1,0.1,1,50,0.78,0.1538,0.9388
3,0,MLP,arm1,0.1,2,87,0.7471,0.8103,0.8587
3,0,MLP,arm1,0.1,3,11,0.7273,0.0,nan
3,0,MLP,arm1,natural,0,73,0.7534,0.7188,0.8508
3,0,MLP,arm1,natural,1,54,0.7778,0.7,0.8514
3,0,MLP,arm1,natural,2,19,0.7368,0.8485,0.6111
3,0,MLP,arm1,natural,3,38,0.6053,0.717,0.6054
3,0,MLP,arm2,100,global,184,0.7663,0.7981,0.8304
3,0,MLP,arm2,100,0,49,0.6531,0.6909,0.7357
3,0,MLP,arm2,100,1,44,0.9091,0.92,0.9375
3,0,MLP,arm2,100,2,42,0.7619,0.7727,0.8023
3,0,MLP,arm2,100,3,49,0.7551,0.8125,0.8246
3,0,MLP,arm2,1.0,global,184,0.7283,0.7449,0.8292
3,0,MLP,arm2,1.0,0,14,0.7143,0.75,0.9333
3,0,MLP,arm2,1.0,1,54,0.6667,0.7353,0.7735
3,0,MLP,arm2,1.0,2,68,0.7941,0.8,0.8746
3,0,MLP,arm2,1.0,3,48,0.7083,0.6667,0.7964
3,0,MLP,arm2,0.5,global,184,0.7337,0.7487,0.8338
3,0,MLP,arm2,0.5,0,40,0.7,0.8235,nan
3,0,MLP,arm2,0.5,1,33,0.7273,0.5714,0.9198
3,0,MLP,arm2,0.5,2,53,0.7736,0.7391,0.8814
3,0,MLP,arm2,0.5,3,58,0.7241,0.7333,0.8179
3,0,MLP,arm2,0.1,global,184,0.7283,0.7312,0.8246
3,0,MLP,arm2,0.1,0,36,0.5833,0.7368,nan
3,0,MLP,arm2,0.1,1,50,0.82,0.1818,0.9592
3,0,MLP,arm2,0.1,2,87,0.7356,0.8,0.8696
3,0,MLP,arm2,0.1,3,11,0.7273,0.0,nan
3,0,MLP,arm2,natural,global,184,0.7391,0.7419,0.8322
3,0,MLP,arm2,natural,0,73,0.7945,0.7458,0.8568
3,0,MLP,arm2,natural,1,54,0.7778,0.7143,0.8442
3,0,MLP,arm2,natural,2,19,0.6842,0.8125,0.6667
3,0,MLP,arm2,natural,3,38,0.6053,0.717,0.6207
3,1,LR,arm1,,global,184,0.7663,0.7981,0.8369
3,1,LR,arm1,100,0,46,0.7826,0.8,0.8286
3,1,LR,arm1,100,1,33,0.6364,0.5714,0.7609
3,1,LR,arm1,100,2,55,0.8,0.8358,0.8669
3,1,LR,arm1,100,3,50,0.8,0.8529,0.8717
3,1,LR,arm1,1.0,0,18,0.8333,0.88,0.9077
3,1,LR,arm1,1.0,1,53,0.7547,0.7797,0.8157
3,1,LR,arm1,1.0,2,65,0.7231,0.775,0.7968
3,1,LR,arm1,1.0,3,48,0.8125,0.8163,0.8759
3,1,LR,arm1,0.5,0,36,0.8056,0.8923,nan
3,1,LR,arm1,0.5,1,38,0.7105,0.2667,0.8667
3,1,LR,arm1,0.5,2,46,0.6957,0.7407,0.7962
3,1,LR,arm1,0.5,3,64,0.8281,0.8608,0.8846
3,1,LR,arm1,0.1,0,30,0.8,0.8889,nan
3,1,LR,arm1,0.1,1,50,0.62,0.0,0.1837
3,1,LR,arm1,0.1,2,90,0.8556,0.9023,0.8979
3,1,LR,arm1,0.1,3,14,0.6429,0.2857,1.0
3,1,LR,arm1,natural,0,66,0.7879,0.7742,0.8452
3,1,LR,arm1,natural,1,53,0.7358,0.6957,0.8123
3,1,LR,arm1,natural,2,24,0.75,0.85,0.7143
3,1,LR,arm1,natural,3,41,0.7805,0.8615,0.7637
3,1,LR,arm2,100,global,184,0.7609,0.7905,0.8374
3,1,LR,arm2,100,0,46,0.7826,0.8,0.8248
3,1,LR,arm2,100,1,33,0.6667,0.5926,0.787
3,1,LR,arm2,100,2,55,0.7636,0.8,0.8683
3,1,LR,arm2,100,3,50,0.8,0.8529,0.8699
3,1,LR,arm2,1.0,global,184,0.7554,0.7867,0.8375
3,1,LR,arm2,1.0,0,18,0.8333,0.88,0.9077
3,1,LR,arm2,1.0,1,53,0.7358,0.7586,0.8114
3,1,LR,arm2,1.0,2,65,0.7077,0.7595,0.8087
3,1,LR,arm2,1.0,3,48,0.8125,0.8163,0.8741
3,1,LR,arm2,0.5,global,184,0.7391,0.7757,0.8332
3,1,LR,arm2,0.5,0,36,0.8056,0.8923,nan
3,1,LR,arm2,0.5,1,38,0.6579,0.2353,0.8381
3,1,LR,arm2,0.5,2,46,0.6739,0.717,0.8152
3,1,LR,arm2,0.5,3,64,0.7969,0.8354,0.8775
3,1,LR,arm2,0.1,global,184,0.7446,0.7729,0.8299
3,1,LR,arm2,0.1,0,30,0.7333,0.8462,nan
3,1,LR,arm2,0.1,1,50,0.62,0.0,0.1837
3,1,LR,arm2,0.1,2,90,0.8222,0.8769,0.895
3,1,LR,arm2,0.1,3,14,0.7143,0.3333,1.0
3,1,LR,arm2,natural,global,184,0.7337,0.7656,0.8301
3,1,LR,arm2,natural,0,66,0.7273,0.6897,0.823
3,1,LR,arm2,natural,1,53,0.717,0.6809,0.8182
3,1,LR,arm2,natural,2,24,0.75,0.85,0.6825
3,1,LR,arm2,natural,3,41,0.7561,0.8438,0.7665
3,1,MLP,arm1,,global,184,0.75,0.7982,0.8446
3,1,MLP,arm1,100,0,46,0.8043,0.8421,0.8552
3,1,MLP,arm1,100,1,33,0.5758,0.5333,0.787
3,1,MLP,arm1,100,2,55,0.7636,0.8169,0.8515
3,1,MLP,arm1,100,3,50,0.8,0.8571,0.8752
3,1,MLP,arm1,1.0,0,18,0.8889,0.9231,0.9077
3,1,MLP,arm1,1.0,1,53,0.7358,0.7812,0.8586
3,1,MLP,arm1,1.0,2,65,0.7385,0.8,0.7899
3,1,MLP,arm1,1.0,3,48,0.7292,0.7547,0.8636
3,1,MLP,arm1,0.5,0,36,0.8889,0.9412,nan
3,1,MLP,arm1,0.5,1,38,0.6316,0.3,0.8857
3,1,MLP,arm1,0.5,2,46,0.6957,0.75,0.7924
3,1,MLP,arm1,0.5,3,64,0.7812,0.8333,0.8785
3,1,MLP,arm1,0.1,0,30,0.9333,0.9655,nan
3,1,MLP,arm1,0.1,1,50,0.52,0.0,0.2245
3,1,MLP,arm1,0.1,2,90,0.8444,0.8986,0.8814
3,1,MLP,arm1,0.1,3,14,0.5714,0.25,0.9231
3,1,MLP,arm1,natural,0,66,0.7576,0.7714,0.8719
3,1,MLP,arm1,natural,1,53,0.717,0.6939,0.8006
3,1,MLP,arm1,natural,2,24,0.8333,0.9048,0.6825
3,1,MLP,arm1,natural,3,41,0.7317,0.8358,0.7857
3,1,MLP,arm2,100,global,184,0.7554,0.8052,0.8428
3,1,MLP,arm2,100,0,46,0.8043,0.8475,0.8419
3,1,MLP,arm2,100,1,33,0.5758,0.5333,0.7913
3,1,MLP,arm2,100,2,55,0.7818,0.8333,0.8557
3,1,MLP,arm2,100,3,50,0.8,0.8571,0.8824
3,1,MLP,arm2,1.0,global,184,0.7609,0.7885,0.8418
3,1,MLP,arm2,1.0,0,18,0.8333,0.88,0.9231
3,1,MLP,arm2,1.0,1,53,0.7547,0.7719,0.84
3,1,MLP,arm2,1.0,2,65,0.6923,0.7436,0.7929
3,1,MLP,arm2,1.0,3,48,0.8333,0.8333,0.8794
3,1,MLP,arm2,0.5,global,184,0.7663,0.7962,0.8338
3,1,MLP,arm2,0.5,0,36,0.8056,0.8923,nan
3,1,MLP,arm2,0.5,1,38,0.7368,0.2857,0.8667
3,1,MLP,arm2,0.5,2,46,0.6739,0.717,0.7771
3,1,MLP,arm2,0.5,3,64,0.8281,0.8608,0.8897
3,1,MLP,arm2,0.1,global,184,0.7554,0.7826,0.8278
3,1,MLP,arm2,0.1,0,30,0.7667,0.8679,nan
3,1,MLP,arm2,0.1,1,50,0.64,0.0,0.102
3,1,MLP,arm2,0.1,2,90,0.8222,0.8769,0.9043
3,1,MLP,arm2,0.1,3,14,0.7143,0.3333,1.0
3,1,MLP,arm2,natural,global,184,0.7663,0.8106,0.8345
3,1,MLP,arm2,natural,0,66,0.7879,0.7941,0.8396
3,1,MLP,arm2,natural,1,53,0.717,0.7059,0.8079
3,1,MLP,arm2,natural,2,24,0.8333,0.9048,0.6825
3,1,MLP,arm2,natural,3,41,0.7561,0.8485,0.7665
3,2,LR,arm1,,global,184,0.7989,0.8263,0.8575
3,2,LR,arm1,100,0,40,0.8,0.8261,0.8647
3,2,LR,arm1,100,1,43,0.7442,0.7556,0.8658
3,2,LR,arm1,100,2,50,0.76,0.7692,0.8245
3,2,LR,arm1,100,3,51,0.8824,0.9143,0.9266
3,2,LR,arm1,1.0,0,15,0.7333,0.8182,0.78
3,2,LR,arm1,1.0,1,50,0.8,0.8276,0.8768
3,2,LR,arm1,1.0,2,69,0.7536,0.8046,0.8216
3,2,LR,arm1,1.0,3,50,0.88,0.8696,0.8873
3,2,LR,arm1,0.5,0,39,0.8974,0.9459,nan
3,2,LR,arm1,0.5,1,32,0.6562,0.1538,0.7011
3,2,LR,arm1,0.5,2,46,0.6957,0.72,0.839
3,2,LR,arm1,0.5,3,67,0.8806,0.8947,0.8775
3,2,LR,arm1,0.1,0,30,0.9,0.9474,nan
3,2,LR,arm1,0.1,1,46,0.6522,0.0,nan
3,2,LR,arm1,0.1,2,96,0.8229,0.8777,0.8166
3,2,LR,arm1,0.1,3,12,0.9167,0.0,nan
3,2,LR,arm1,natural,0,49,0.7755,0.7843,0.855
3,2,LR,arm1,natural,1,71,0.8451,0.8,0.8826
3,2,LR,arm1,natural,2,24,0.9167,0.9524,0.9318
3,2,LR,arm1,natural,3,40,0.675,0.8,0.6452
3,2,LR,arm2,100,global,184,0.788,0.8134,0.8551
3,2,LR,arm2,100,0,40,0.825,0.8444,0.8546
3,2,LR,arm2,100,1,43,0.7442,0.7556,0.8701
3,2,LR,arm2,100,2,50,0.7,0.7059,0.8164
3,2,LR,arm2,100,3,51,0.8824,0.9118,0.9344
3,2,LR,arm2,1.0,global,184,0.7935,0.819,0.8556
3,2,LR,arm2,1.0,0,15,0.7333,0.8182,0.74
3,2,LR,arm2,1.0,1,50,0.82,0.8421,0.8654
3,2,LR,arm2,1.0,2,69,0.7246,0.7765,0.8259
3,2,LR,arm2,1.0,3,50,0.88,0.8696,0.8937
3,2,LR,arm2,0.5,global,184,0.7826,0.8113,0.8559
3,2,LR,arm2,0.5,0,39,0.8718,0.9315,nan
3,2,LR,arm2,0.5,1,32,0.6562,0.1538,0.6437
3,2,LR,arm2,0.5,2,46,0.6739,0.6939,0.8409
3,2,LR,arm2,0.5,3,67,0.8657,0.8831,0.8838
3,2,LR,arm2,0.1,global,184,0.7826,0.8058,0.8562
3,2,LR,arm2,0.1,0,30,0.8667,0.9286,nan
3,2,LR,arm2,0.1,1,46,0.6957,0.0,nan
3,2,LR,arm2,0.1,2,96,0.7708,0.8382,0.8119
3,2,LR,arm2,0.1,3,12,1.0,0.0,nan
3,2,LR,arm2,natural,global,184,0.788,0.8134,0.8529
3,2,LR,arm2,natural,0,49,0.7755,0.7755,0.8283
3,2,LR,arm2,natural,1,71,0.8028,0.75,0.8835
3,2,LR,arm2,natural,2,24,0.875,0.9268,0.9091
3,2,LR,arm2,natural,3,40,0.725,0.8254,0.7061
3,2,MLP,arm1,,global,184,0.7663,0.7839,0.8521
3,2,MLP,arm1,100,0,40,0.725,0.7442,0.8622
3,2,MLP,arm1,100,1,43,0.7674,0.7727,0.8615
3,2,MLP,arm1,100,2,50,0.74,0.7234,0.8261
3,2,MLP,arm1,100,3,51,0.8235,0.8615,0.9247
3,2,MLP,arm1,1.0,0,15,0.6,0.7,0.74
3,2,MLP,arm1,1.0,1,50,0.78,0.807,0.8801
3,2,MLP,arm1,1.0,2,69,0.7391,0.775,0.8267
3,2,MLP,arm1,1.0,3,50,0.84,0.8095,0.8663
3,2,MLP,arm1,0.5,0,39,0.7949,0.8857,nan
3,2,MLP,arm1,0.5,1,32,0.6875,0.1667,0.7126
3,2,MLP,arm1,0.5,2,46,0.6957,0.6957,0.8277
3,2,MLP,arm1,0.5,3,67,0.8358,0.8451,0.8675
3,2,MLP,arm1,0.1,0,30,0.8,0.8889,nan
3,2,MLP,arm1,0.1,1,46,0.7174,0.0,nan
3,2,MLP,arm1,0.1,2,96,0.75,0.8182,0.8119
3,2,MLP,arm1,0.1,3,12,1.0,0.0,nan
3,2,MLP,arm1,natural,0,49,0.6939,0.6809,0.8333
3,2,MLP,arm1,natural,1,71,0.8451,0.7755,0.8904
3,2,MLP,arm1,natural,2,24,0.7917,0.8718,0.9091
3,2,MLP,arm1,natural,3,40,0.7,0.8125,0.6416
3,2,MLP,arm2,100,global,184,0.7935,0.819,0.8485
3,2,MLP,arm2,100,0,40,0.75,0.7727,0.8471
3,2,MLP,arm2,100,1,43,0.7674,0.7727,0.8571
3,2,MLP,arm2,100,2,50,0.76,0.7692,0.8213
3,2,MLP,arm2,100,3,51,0.8824,0.9143,0.9189
3,2,MLP,arm2,1.0,global,184,0.8043,0.8269,0.8485
3,2,MLP,arm2,1.0,0,15,0.6667,0.7619,0.74
3,2,MLP,arm2,1.0,1,50,0.78,0.807,0.8785
3,2,MLP,arm2,1.0,2,69,0.7826,0.8235,0.8164
3,2,MLP,arm2,1.0,3,50,0.9,0.8889,0.8744
3,2,MLP,arm2,0.5,global,184,0.7935,0.8208,0.8516
3,2,MLP,arm2,0.5,0,39,0.8974,0.9459,nan
3,2,MLP,arm2,0.5,1,32,0.6562,0.1538,0.5402
3,2,MLP,arm2,0.5,2,46,0.6957,0.72,0.8485
3,2,MLP,arm2,0.5,3,67,0.8657,0.88,0.8893
3,2,MLP,arm2,0.1,global,184,0.7935,0.8081,0.8577
3,2,MLP,arm2,0.1,0,30,0.8,0.8889,nan
3,2,MLP,arm2,0.1,1,46,0.7391,0.0,nan
3,2,MLP,arm2,0.1,2,96,0.7917,0.8485,0.8258
3,2,MLP,arm2,0.1,3,12,1.0,0.0,nan
3,2,MLP,arm2,natural,global,184,0.788,0.8116,0.8501
3,2,MLP,arm2,natural,0,49,0.7347,0.7347,0.8433
3,2,MLP,arm2,natural,1,71,0.8451,0.7925,0.8826
3,2,MLP,arm2,natural,2,24,0.875,0.9268,0.9318
3,2,MLP,arm2,natural,3,40,0.7,0.8125,0.6272
3,3,LR,arm1,,global,184,0.7391,0.7647,0.834
3,3,LR,arm1,100,0,39,0.7692,0.7692,0.8571
3,3,LR,arm1,100,1,42,0.6905,0.7234,0.8141
3,3,LR,arm1,100,2,40,0.725,0.7755,0.8281
3,3,LR,arm1,100,3,63,0.7619,0.7826,0.8316
3,3,LR,arm1,1.0,0,19,0.7895,0.8182,0.7614
3,3,LR,arm1,1.0,1,53,0.7736,0.8286,0.9216
3,3,LR,arm1,1.0,2,59,0.6949,0.75,0.8047
3,3,LR,arm1,1.0,3,53,0.7358,0.65,0.8032
3,3,LR,arm1,0.5,0,40,0.725,0.8406,nan
3,3,LR,arm1,0.5,1,31,0.7742,0.5882,0.9462
3,3,LR,arm1,0.5,2,42,0.6905,0.7234,0.8341
3,3,LR,arm1,0.5,3,71,0.7606,0.7606,0.8198
3,3,LR,arm1,0.1,0,36,0.75,0.8571,nan
3,3,LR,arm1,0.1,1,42,0.7143,0.1429,0.9512
3,3,LR,arm1,0.1,2,85,0.7412,0.8197,0.8077
3,3,LR,arm1,0.1,3,21,0.7619,0.0,nan
3,3,LR,arm1,natural,0,58,0.7069,0.6383,0.8088
3,3,LR,arm1,natural,1,60,0.75,0.6809,0.8896
3,3,LR,arm1,natural,2,32,0.8438,0.9153,nan
3,3,LR,arm1,natural,3,34,0.6765,0.7843,0.5833
3,3,LR,arm2,100,global,184,0.7337,0.7586,0.826
3,3,LR,arm2,100,0,39,0.7692,0.7692,0.8519
3,3,LR,arm2,100,1,42,0.6905,0.7234,0.8141
3,3,LR,arm2,100,2,40,0.7,0.76,0.8099
3,3,LR,arm2,100,3,63,0.7619,0.7761,0.8265
3,3,LR,arm2,1.0,global,184,0.7391,0.7647,0.8267
3,3,LR,arm2,1.0,0,19,0.7895,0.8182,0.75
3,3,LR,arm2,1.0,1,53,0.7736,0.8286,0.9069
3,3,LR,arm2,1.0,2,59,0.6949,0.75,0.7875
3,3,LR,arm2,1.0,3,53,0.7358,0.65,0.8032
3,3,LR,arm2,0.5,global,184,0.7337,0.7586,0.8238
3,3,LR,arm2,0.5,0,40,0.725,0.8406,nan
3,3,LR,arm2,0.5,1,31,0.7742,0.5882,0.9154
3,3,LR,arm2,0.5,2,42,0.6905,0.7234,0.8318
3,3,LR,arm2,0.5,3,71,0.7465,0.7429,0.8095
3,3,LR,arm2,0.1,global,184,0.7228,0.7463,0.8229
3,3,LR,arm2,0.1,0,36,0.7222,0.8387,nan
3,3,LR,arm2,0.1,1,42,0.7143,0.1429,0.9512
3,3,LR,arm2,0.1,2,85,0.7059,0.7934,0.7815
3,3,LR,arm2,0.1,3,21,0.8095,0.0,nan
3,3,LR,arm2,natural,global,184,0.7283,0.7525,0.8232
3,3,LR,arm2,natural,0,58,0.6897,0.6087,0.7981
3,3,LR,arm2,natural,1,60,0.75,0.6809,0.8935
3,3,LR,arm2,natural,2,32,0.8125,0.8966,nan
3,3,LR,arm2,natural,3,34,0.6765,0.7843,0.5625
3,3,MLP,arm1,,global,184,0.7609,0.7944,0.8523
3,3,MLP,arm1,100,0,39,0.7949,0.8095,0.873
3,3,MLP,arm1,100,1,42,0.7619,0.8,0.8471
3,3,MLP,arm1,100,2,40,0.75,0.8,0.8646
3,3,MLP,arm1,100,3,63,0.746,0.7778,0.8398
3,3,MLP,arm1,1.0,0,19,0.7368,0.8,0.75
3,3,MLP,arm1,1.0,1,53,0.8679,0.9041,0.9461
3,3,MLP,arm1,1.0,2,59,0.7288,0.7838,0.8256
3,3,MLP,arm1,1.0,3,53,0.6981,0.619,0.8111
3,3,MLP,arm1,0.5,0,40,0.875,0.9333,nan
3,3,MLP,arm1,0.5,1,31,0.7419,0.5556,0.9385
3,3,MLP,arm1,0.5,2,42,0.7143,0.75,0.8455
3,3,MLP,arm1,0.5,3,71,0.7324,0.7397,0.8317
3,3,MLP,arm1,0.1,0,36,0.8889,0.9412,nan
3,3,MLP,arm1,0.1,1,42,0.6905,0.1333,0.9268
3,3,MLP,arm1,0.1,2,85,0.7647,0.8387,0.8362
3,3,MLP,arm1,0.1,3,21,0.6667,0.0,nan
3,3,MLP,arm1,natural,0,58,0.7241,0.6923,0.8327
3,3,MLP,arm1,natural,1,60,0.75,0.6809,0.8896
3,3,MLP,arm1,natural,2,32,0.9375,0.9677,nan
3,3,MLP,arm1,natural,3,34,0.6765,0.7925,0.6542
3,3,MLP,arm2,100,global,184,0.7554,0.7761,0.8373
3,3,MLP,arm2,100,0,39,0.7436,0.7368,0.8598
3,3,MLP,arm2,100,1,42,0.7381,0.7556,0.8212
3,3,MLP,arm2,100,2,40,0.75,0.7917,0.8568
3,3,MLP,arm2,100,3,63,0.7778,0.8,0.8255
3,3,MLP,arm2,1.0,global,184,0.75,0.7723,0.8352
3,3,MLP,arm2,1.0,0,19,0.7368,0.7826,0.75
3,3,MLP,arm2,1.0,1,53,0.8113,0.8529,0.9363
3,3,MLP,arm2,1.0,2,59,0.7119,0.7606,0.8059
3,3,MLP,arm2,1.0,3,53,0.7358,0.65,0.8032
3,3,MLP,arm2,0.5,global,184,0.75,0.77,0.8353
3,3,MLP,arm2,0.5,0,40,0.725,0.8406,nan
3,3,MLP,arm2,0.5,1,31,0.8387,0.6667,0.9462
3,3,MLP,arm2,0.5,2,42,0.7143,0.7391,0.825
3,3,MLP,arm2,0.5,3,71,0.7465,0.7429,0.8175
3,3,MLP,arm2,0.1,global,184,0.7391,0.7551,0.8266
3,3,MLP,arm2,0.1,0,36,0.6944,0.8197,nan
3,3,MLP,arm2,0.1,1,42,0.7857,0.1818,0.9512
3,3,MLP,arm2,0.1,2,85,0.7176,0.8,0.7915
3,3,MLP,arm2,0.1,3,21,0.8095,0.0,nan
3,3,MLP,arm2,natural,global,184,0.7554,0.7805,0.8328
3,3,MLP,arm2,natural,0,58,0.7241,0.6522,0.7921
3,3,MLP,arm2,natural,1,60,0.75,0.6809,0.8845
3,3,MLP,arm2,natural,2,32,0.875,0.9333,nan
3,3,MLP,arm2,natural,3,34,0.7059,0.8077,0.65
3,4,LR,arm1,,global,184,0.7826,0.8113,0.8663
3,4,LR,arm1,100,0,30,0.8333,0.878,0.9426
3,4,LR,arm1,100,1,53,0.7736,0.7778,0.8191
3,4,LR,arm1,100,2,43,0.7209,0.7273,0.8247
3,4,LR,arm1,100,3,58,0.8103,0.8493,0.9142
3,4,LR,arm1,1.0,0,6,0.8333,0.8571,1.0
3,4,LR,arm1,1.0,1,51,0.7255,0.8,0.7625
3,4,LR,arm1,1.0,2,68,0.8382,0.8451,0.9082
3,4,LR,arm1,1.0,3,59,0.7627,0.7812,0.8998
3,4,LR,arm1,0.5,0,37,0.8378,0.9118,nan
3,4,LR,arm1,0.5,1,32,0.6875,0.4444,0.8171
3,4,LR,arm1,0.5,2,53,0.8113,0.8214,0.8718
3,4,LR,arm1,0.5,3,62,0.7742,0.8,0.9043
3,4,LR,arm1,0.1,0,30,0.9,0.9474,nan
3,4,LR,arm1,0.1,1,41,0.7317,0.0,nan
3,4,LR,arm1,0.1,2,95,0.7895,0.8551,0.8472
3,4,LR,arm1,0.1,3,18,0.6667,0.0,nan
3,4,LR,arm1,natural,0,57,0.807,0.7442,0.846
3,4,LR,arm1,natural,1,56,0.6786,0.6538,0.8677
3,4,LR,arm1,natural,2,24,0.8333,0.9048,0.8636
3,4,LR,arm1,natural,3,47,0.8511,0.9067,0.8459
3,4,LR,arm2,100,global,184,0.7717,0.8019,0.8606
3,4,LR,arm2,100,0,30,0.8333,0.878,0.9282
3,4,LR,arm2,100,1,53,0.7358,0.7407,0.812
3,4,LR,arm2,100,2,43,0.7209,0.7273,0.8139
3,4,LR,arm2,100,3,58,0.8103,0.8493,0.9069
3,4,LR,arm2,1.0,global,184,0.7717,0.8019,0.8607
3,4,LR,arm2,1.0,0,6,0.8333,0.8571,1.0
3,4,LR,arm2,1.0,1,51,0.7059,0.7826,0.7554
3,4,LR,arm2,1.0,2,68,0.8235,0.8333,0.9022
3,4,LR,arm2,1.0,3,59,0.7627,0.7812,0.894
3,4,LR,arm2,0.5,global,184,0.7772,0.8057,0.8583
3,4,LR,arm2,0.5,0,37,0.8378,0.9118,nan
3,4,LR,arm2,0.5,1,32,0.6875,0.4444,0.8057
3,4,LR,arm2,0.5,2,53,0.7925,0.8,0.8661
3,4,LR,arm2,0.5,3,62,0.7742,0.8,0.8928
3,4,LR,arm2,0.1,global,184,0.7826,0.8095,0.8564
3,4,LR,arm2,0.1,0,30,0.8667,0.9286,nan
3,4,LR,arm2,0.1,1,41,0.7561,0.0,nan
3,4,LR,arm2,0.1,2,95,0.7895,0.8551,0.8339
3,4,LR,arm2,0.1,3,18,0.6667,0.0,nan
3,4,LR,arm2,natural,global,184,0.7772,0.8038,0.8558
3,4,LR,arm2,natural,0,57,0.807,0.7442,0.8409
3,4,LR,arm2,natural,1,56,0.6786,0.6538,0.8634
3,4,LR,arm2,natural,2,24,0.875,0.9268,0.8636
3,4,LR,arm2,natural,3,47,0.8085,0.8767,0.8541
3,4,MLP,arm1,,global,184,0.7826,0.8246,0.8771
3,4,MLP,arm1,100,0,30,0.8,0.8571,0.9522
3,4,MLP,arm1,100,1,53,0.7925,0.807,0.8276
3,4,MLP,arm1,100,2,43,0.7907,0.8163,0.8333
3,4,MLP,arm1,100,3,58,0.7586,0.825,0.9289
3,4,MLP,arm1,1.0,0,6,0.8333,0.8571,1.0
3,4,MLP,arm1,1.0,1,51,0.7843,0.8533,0.7714
3,4,MLP,arm1,1.0,2,68,0.8382,0.8533,0.9212
3,4,MLP,arm1,1.0,3,59,0.7119,0.7606,0.9124
3,4,MLP,arm1,0.5,0,37,0.8919,0.9429,nan
3,4,MLP,arm1,0.5,1,32,0.7188,0.5714,0.8229
3,4,MLP,arm1,0.5,2,53,0.8113,0.8333,0.8789
3,4,MLP,arm1,0.5,3,62,0.7258,0.7792,0.9178
3,4,MLP,arm1,0.1,0,30,0.9,0.9474,nan
3,4,MLP,arm1,0.1,1,41,0.6585,0.0,nan
3,4,MLP,arm1,0.1,2,95,0.8526,0.9054,0.8563
3,4,MLP,arm1,0.1,3,18,0.5,0.0,nan
3,4,MLP,arm1,natural,0,57,0.7719,0.7451,0.8523
3,4,MLP,arm1,natural,1,56,0.6607,0.6545,0.8819
3,4,MLP,arm1,natural,2,24,0.8333,0.9091,0.8636
3,4,MLP,arm1,natural,3,47,0.9149,0.9487,0.8784
3,4,MLP,arm2,100,global,184,0.7935,0.8257,0.872
3,4,MLP,arm2,100,0,30,0.8333,0.878,0.9474
3,4,MLP,arm2,100,1,53,0.7736,0.7857,0.8362
3,4,MLP,arm2,100,2,43,0.7442,0.7556,0.8333
3,4,MLP,arm2,100,3,58,0.8276,0.8684,0.9056
3,4,MLP,arm2,1.0,global,184,0.788,0.8186,0.8729
3,4,MLP,arm2,1.0,0,6,0.8333,0.8571,1.0
3,4,MLP,arm2,1.0,1,51,0.7255,0.8,0.7661
3,4,MLP,arm2,1.0,2,68,0.8235,0.8333,0.9212
3,4,MLP,arm2,1.0,3,59,0.7966,0.8182,0.8975
3,4,MLP,arm2,0.5,global,184,0.7772,0.8038,0.863
3,4,MLP,arm2,0.5,0,37,0.8378,0.9118,nan
3,4,MLP,arm2,0.5,1,32,0.7188,0.4706,0.8514
3,4,MLP,arm2,0.5,2,53,0.7925,0.8,0.8632
3,4,MLP,arm2,0.5,3,62,0.7581,0.7826,0.8876
3,4,MLP,arm2,0.1,global,184,0.7826,0.8,0.8577
3,4,MLP,arm2,0.1,0,30,0.8333,0.9091,nan
3,4,MLP,arm2,0.1,1,41,0.8049,0.0,nan
3,4,MLP,arm2,0.1,2,95,0.7684,0.8333,0.8249
3,4,MLP,arm2,0.1,3,18,0.7222,0.0,nan
3,4,MLP,arm2,natural,global,184,0.788,0.8079,0.861
3,4,MLP,arm2,natural,0,57,0.807,0.7442,0.8434
3,4,MLP,arm2,natural,1,56,0.7143,0.6667,0.8762
3,4,MLP,arm2,natural,2,24,0.8333,0.9,0.8636
3,4,MLP,arm2,natural,3,47,0.8298,0.8889,0.8568
4,0,LR,arm1,,global,184,0.7826,0.8131,0.8635
4,0,LR,arm1,100,0,55,0.8,0.8254,0.8683
4,0,LR,arm1,100,1,40,0.825,0.8627,0.9141
4,0,LR,arm1,100,2,39,0.641,0.6957,0.8
4,0,LR,arm1,100,3,50,0.84,0.8519,0.8841
4,0,LR,arm1,1.0,0,22,0.7273,0.4,0.7083
4,0,LR,arm1,1.0,1,72,0.8889,0.9355,0.9102
4,0,LR,arm1,1.0,2,64,0.6562,0.6667,0.7907
4,0,LR,arm1,1.0,3,26,0.8462,0.7143,0.9238
4,0,LR,arm1,0.5,0,14,0.7143,0.0,nan
4,0,LR,arm1,0.5,1,105,0.8,0.8571,0.8515
4,0,LR,arm1,0.5,2,54,0.7222,0.717,0.824
4,0,LR,arm1,0.5,3,11,1.0,1.0,1.0
4,0,LR,arm1,0.1,0,27,0.963,0.9811,nan
4,0,LR,arm1,0.1,1,50,0.8,0.8889,nan
4,0,LR,arm1,0.1,2,84,0.6905,0.1333,0.9024
4,0,LR,arm1,0.1,3,23,0.8696,0.9268,0.9091
4,0,LR,arm1,natural,0,55,0.7273,0.6939,0.8027
4,0,LR,arm1,natural,1,59,0.7288,0.6364,0.8062
4,0,LR,arm1,natural,2,25,0.92,0.9583,0.9583
4,0,LR,arm1,natural,3,45,0.8444,0.9041,0.869
4,0,LR,arm2,100,global,184,0.7772,0.8093,0.8611
4,0,LR,arm2,100,0,55,0.8,0.8254,0.8656
4,0,LR,arm2,100,1,40,0.825,0.8627,0.9193
4,0,LR,arm2,100,2,39,0.641,0.6957,0.8
4,0,LR,arm2,100,3,50,0.82,0.8364,0.8808
4,0,LR,arm2,1.0,global,184,0.7717,0.8056,0.8597
4,0,LR,arm2,1.0,0,22,0.7273,0.4,0.6944
4,0,LR,arm2,1.0,1,72,0.875,0.928,0.9121
4,0,LR,arm2,1.0,2,64,0.6562,0.6667,0.7817
4,0,LR,arm2,1.0,3,26,0.8077,0.6667,0.9333
4,0,LR,arm2,0.5,global,184,0.7663,0.7981,0.8596
4,0,LR,arm2,0.5,0,14,0.7143,0.0,nan
4,0,LR,arm2,0.5,1,105,0.7905,0.8493,0.8493
4,0,LR,arm2,0.5,2,54,0.6852,0.6792,0.8142
4,0,LR,arm2,0.5,3,11,1.0,1.0,1.0
4,0,LR,arm2,0.1,global,184,0.7663,0.8054,0.8598
4,0,LR,arm2,0.1,0,27,0.963,0.9811,nan
4,0,LR,arm2,0.1,1,50,0.84,0.913,nan
4,0,LR,arm2,0.1,2,84,0.631,0.1143,0.8902
4,0,LR,arm2,0.1,3,23,0.8696,0.9268,0.9091
4,0,LR,arm2,natural,global,184,0.7717,0.8019,0.858
4,0,LR,arm2,natural,0,55,0.6909,0.6383,0.7947
4,0,LR,arm2,natural,1,59,0.7119,0.6222,0.8252
4,0,LR,arm2,natural,2,25,0.96,0.9787,0.9583
4,0,LR,arm2,natural,3,45,0.8444,0.9041,0.8636
4,0,MLP,arm1,,global,184,0.788,0.8116,0.8654
4,0,MLP,arm1,100,0,55,0.7818,0.8065,0.871
4,0,MLP,arm1,100,1,40,0.825,0.8571,0.9036
4,0,MLP,arm1,100,2,39,0.6923,0.7143,0.7789
4,0,MLP,arm1,100,3,50,0.84,0.8519,0.8921
4,0,MLP,arm1,1.0,0,22,0.7273,0.4,0.7778
4,0,MLP,arm1,1.0,1,72,0.8472,0.9091,0.8867
4,0,MLP,arm1,1.0,2,64,0.7188,0.7097,0.8056
4,0,MLP,arm1,1.0,3,26,0.8462,0.7143,0.9429
4,0,MLP,arm1,0.5,0,14,0.7143,0.0,nan
4,0,MLP,arm1,0.5,1,105,0.7905,0.8451,0.8467
4,0,MLP,arm1,0.5,2,54,0.7593,0.7451,0.8422
4,0,MLP,arm1,0.5,3,11,1.0,1.0,1.0
4,0,MLP,arm1,0.1,0,27,0.8889,0.9412,nan
4,0,MLP,arm1,0.1,1,50,0.78,0.8764,nan
4,0,MLP,arm1,0.1,2,84,0.7381,0.1538,0.9573
4,0,MLP,arm1,0.1,3,23,0.8696,0.9268,0.9091
4,0,MLP,arm1,natural,0,55,0.7273,0.6809,0.812
4,0,MLP,arm1,natural,1,59,0.7288,0.6,0.7967
4,0,MLP,arm1,natural,2,25,0.96,0.9787,0.9583
4,0,MLP,arm1,natural,3,45,0.8444,0.9041,0.8235
4,0,MLP,arm2,100,global,184,0.788,0.8203,0.8674
4,0,MLP,arm2,100,0,55,0.7818,0.8182,0.8804
4,0,MLP,arm2,100,1,40,0.825,0.8627,0.901
4,0,MLP,arm2,100,2,39,0.6923,0.7273,0.7921
4,0,MLP,arm2,100,3,50,0.84,0.8571,0.8889
4,0,MLP,arm2,1.0,global,184,0.7772,0.8057,0.8594
4,0,MLP,arm2,1.0,0,22,0.7273,0.4,0.6667
4,0,MLP,arm2,1.0,1,72,0.875,0.9268,0.8945
4,0,MLP,arm2,1.0,2,64,0.6562,0.6562,0.7937
4,0,MLP,arm2,1.0,3,26,0.8462,0.7143,0.9238
4,0,MLP,arm2,0.5,global,184,0.7772,0.798,0.8591
4,0,MLP,arm2,0.5,0,14,0.7143,0.0,nan
4,0,MLP,arm2,0.5,1,105,0.7619,0.8227,0.8425
4,0,MLP,arm2,0.5,2,54,0.7778,0.75,0.831
4,0,MLP,arm2,0.5,3,11,1.0,1.0,1.0
4,0,MLP,arm2,0.1,global,184,0.6576,0.7568,0.8715
4,0,MLP,arm2,0.1,0,27,1.0,1.0,nan
4,0,MLP,arm2,0.1,1,50,0.94,0.9691,nan
4,0,MLP,arm2,0.1,2,84,0.2976,0.0635,0.9207
4,0,MLP,arm2,0.1,3,23,0.9565,0.9778,0.9545
4,0,MLP,arm2,natural,global,184,0.7772,0.8178,0.8662
4,0,MLP,arm2,natural,0,55,0.7091,0.7143,0.8013
4,0,MLP,arm2,natural,1,59,0.7458,0.6809,0.8198
4,0,MLP,arm2,natural,2,25,0.92,0.9583,0.9583
4,0,MLP,arm2,natural,3,45,0.8222,0.8919,0.869
4,1,LR,arm1,,global,184,0.7935,0.8119,0.844
4,1,LR,arm1,100,0,60,0.8167,0.8451,0.8754
4,1,LR,arm1,100,1,39,0.7436,0.75,0.8079
4,1,LR,arm1,100,2,46,0.8696,0.8846,0.883
4,1,LR,arm1,100,3,39,0.7179,0.7179,0.7737
4,1,LR,arm1,1.0,0,25,0.72,0.3636,0.8095
4,1,LR,arm1,1.0,1,75,0.8267,0.8992,0.8697
4,1,LR,arm1,1.0,2,58,0.7759,0.6829,0.7961
4,1,LR,arm1,1.0,3,26,0.8077,0.7619,0.8063
4,1,LR,arm1,0.5,0,17,0.8824,0.6667,1.0
4,1,LR,arm1,0.5,1,111,0.7658,0.8219,0.8144
4,1,LR,arm1,0.5,2,47,0.8511,0.8293,0.8516
4,1,LR,arm1,0.5,3,9,0.6667,0.6667,0.8
4,1,LR,arm1,0.1,0,20,0.75,0.8571,nan
4,1,LR,arm1,0.1,1,57,0.8246,0.9038,nan
4,1,LR,arm1,0.1,2,84,0.7857,0.1818,0.878
4,1,LR,arm1,0.1,3,23,0.7826,0.878,nan
4,1,LR,arm1,natural,0,64,0.8281,0.766,0.8248
4,1,LR,arm1,natural,1,54,0.7963,0.7755,0.8583
4,1,LR,arm1,natural,2,22,0.8636,0.9231,0.775
4,1,LR,arm1,natural,3,44,0.7045,0.806,0.6979
4,1,LR,arm2,100,global,184,0.7663,0.7902,0.8373
4,1,LR,arm2,100,0,60,0.8,0.8333,0.872
4,1,LR,arm2,100,1,39,0.7436,0.75,0.8132
4,1,LR,arm2,100,2,46,0.8478,0.8679,0.8713
4,1,LR,arm2,100,3,39,0.641,0.65,0.7579
4,1,LR,arm2,1.0,global,184,0.7717,0.7961,0.8343
4,1,LR,arm2,1.0,0,25,0.72,0.3636,0.7857
4,1,LR,arm2,1.0,1,75,0.8133,0.8923,0.855
4,1,LR,arm2,1.0,2,58,0.7414,0.6512,0.7803
4,1,LR,arm2,1.0,3,26,0.7692,0.7273,0.8063
4,1,LR,arm2,0.5,global,184,0.7663,0.7902,0.8368
4,1,LR,arm2,0.5,0,17,0.8824,0.6667,0.9667
4,1,LR,arm2,0.5,1,111,0.7568,0.8163,0.8104
4,1,LR,arm2,0.5,2,47,0.7872,0.7727,0.8352
4,1,LR,arm2,0.5,3,9,0.5556,0.5,0.8
4,1,LR,arm2,0.1,global,184,0.7663,0.7923,0.8354
4,1,LR,arm2,0.1,0,20,0.75,0.8571,nan
4,1,LR,arm2,0.1,1,57,0.8246,0.9038,nan
4,1,LR,arm2,0.1,2,84,0.7262,0.1481,0.8476
4,1,LR,arm2,0.1,3,23,0.7826,0.878,nan
4,1,LR,arm2,natural,global,184,0.7663,0.7902,0.8323
4,1,LR,arm2,natural,0,64,0.7969,0.7347,0.8088
4,1,LR,arm2,natural,1,54,0.7593,0.7451,0.864
4,1,LR,arm2,natural,2,22,0.8636,0.9231,0.775
4,1,LR,arm2,natural,3,44,0.6818,0.7879,0.6849
4,1,MLP,arm1,,global,184,0.7663,0.8,0.856
4,1,MLP,arm1,100,0,60,0.8,0.8378,0.8834
4,1,MLP,arm1,100,1,39,0.7179,0.7442,0.8237
4,1,MLP,arm1,100,2,46,0.8043,0.8421,0.8889
4,1,MLP,arm1,100,3,39,0.7179,0.7317,0.7974
4,1,MLP,arm1,1.0,0,25,0.68,0.4286,0.8214
4,1,MLP,arm1,1.0,1,75,0.8533,0.916,0.8718
4,1,MLP,arm1,1.0,2,58,0.6897,0.625,0.8184
4,1,MLP,arm1,1.0,3,26,0.7692,0.7273,0.8187
4,1,MLP,arm1,0.5,0,17,0.7647,0.5,1.0
4,1,MLP,arm1,0.5,1,111,0.7748,0.8366,0.833
4,1,MLP,arm1,0.5,2,47,0.766,0.7556,0.881
4,1,MLP,arm1,0.5,3,9,0.6667,0.6667,0.8
4,1,MLP,arm1,0.1,0,20,0.85,0.9189,nan
4,1,MLP,arm1,0.1,1,57,0.8421,0.9143,nan
4,1,MLP,arm1,0.1,2,84,0.6786,0.129,0.8963
4,1,MLP,arm1,0.1,3,23,0.8261,0.9048,nan
4,1,MLP,arm1,natural,0,64,0.75,0.6923,0.8388
4,1,MLP,arm1,natural,1,54,0.7778,0.7692,0.871
4,1,MLP,arm1,natural,2,22,0.8636,0.9231,0.775
4,1,MLP,arm1,natural,3,44,0.7273,0.8333,0.7083
4,1,MLP,arm2,100,global,184,0.7717,0.7835,0.8472
4,1,MLP,arm2,100,0,60,0.8167,0.8451,0.8777
4,1,MLP,arm2,100,1,39,0.7436,0.7368,0.8079
4,1,MLP,arm2,100,2,46,0.8261,0.8333,0.885
4,1,MLP,arm2,100,3,39,0.6667,0.6486,0.7842
4,1,MLP,arm2,1.0,global,184,0.788,0.806,0.8406
4,1,MLP,arm2,1.0,0,25,0.76,0.4,0.7976
4,1,MLP,arm2,1.0,1,75,0.8267,0.8992,0.855
4,1,MLP,arm2,1.0,2,58,0.7414,0.6341,0.7882
4,1,MLP,arm2,1.0,3,26,0.8077,0.7619,0.8125
4,1,MLP,arm2,0.5,global,184,0.7935,0.8119,0.848
4,1,MLP,arm2,0.5,0,17,0.8824,0.6667,1.0
4,1,MLP,arm2,0.5,1,111,0.7748,0.8276,0.8185
4,1,MLP,arm2,0.5,2,47,0.8298,0.8095,0.8663
4,1,MLP,arm2,0.5,3,9,0.6667,0.6667,0.8
4,1,MLP,arm2,0.1,global,184,0.6739,0.625,0.805
4,1,MLP,arm2,0.1,0,20,0.4,0.5714,nan
4,1,MLP,arm2,0.1,1,57,0.5439,0.7045,nan
4,1,MLP,arm2,0.1,2,84,0.881,0.0,0.7561
4,1,MLP,arm2,0.1,3,23,0.4783,0.6471,nan
4,1,MLP,arm2,natural,global,184,0.7446,0.7854,0.8443
4,1,MLP,arm2,natural,0,64,0.7188,0.6667,0.8178
4,1,MLP,arm2,natural,1,54,0.7407,0.7407,0.8612
4,1,MLP,arm2,natural,2,22,0.8636,0.9231,0.775
4,1,MLP,arm2,natural,3,44,0.7273,0.8333,0.7031
4,2,LR,arm1,,global,184,0.7717,0.8,0.8472
4,2,LR,arm1,100,0,40,0.675,0.7451,0.8021
4,2,LR,arm1,100,1,50,0.74,0.7719,0.8454
4,2,LR,arm1,100,2,47,0.8085,0.8302,0.8944
4,2,LR,arm1,100,3,47,0.8511,0.8571,0.8533
4,2,LR,arm1,1.0,0,16,0.4375,0.1818,0.4615
4,2,LR,arm1,1.0,1,70,0.8286,0.9032,0.9055
4,2,LR,arm1,1.0,2,74,0.7703,0.7463,0.8371
4,2,LR,arm1,1.0,3,24,0.8333,0.5,0.9318
4,2,LR,arm1,0.5,0,11,0.4545,0.25,0.9
4,2,LR,arm1,0.5,1,114,0.7632,0.8235,0.8437
4,2,LR,arm1,0.5,2,51,0.8431,0.8182,0.881
4,2,LR,arm1,0.5,3,8,0.875,0.8,0.8333
4,2,LR,arm1,0.1,0,26,0.8462,0.9167,nan
4,2,LR,arm1,0.1,1,56,0.8214,0.902,nan
4,2,LR,arm1,0.1,2,83,0.7108,0.0769,0.9268
4,2,LR,arm1,0.1,3,19,0.7895,0.8824,nan
4,2,LR,arm1,natural,0,59,0.8305,0.8276,0.8862
4,2,LR,arm1,natural,1,58,0.7586,0.6957,0.8502
4,2,LR,arm1,natural,2,28,0.7143,0.8261,0.7188
4,2,LR,arm1,natural,3,39,0.7436,0.8333,0.6655
4,2,LR,arm2,100,global,184,0.7717,0.8,0.8421
4,2,LR,arm2,100,0,40,0.7,0.7692,0.7995
4,2,LR,arm2,100,1,50,0.74,0.7719,0.8229
4,2,LR,arm2,100,2,47,0.8298,0.8462,0.8944
4,2,LR,arm2,100,3,47,0.8085,0.8163,0.8424
4,2,LR,arm2,1.0,global,184,0.7717,0.8037,0.8434
4,2,LR,arm2,1.0,0,16,0.4375,0.1818,0.4615
4,2,LR,arm2,1.0,1,70,0.8571,0.9206,0.9154
4,2,LR,arm2,1.0,2,74,0.7568,0.7353,0.8303
4,2,LR,arm2,1.0,3,24,0.7917,0.4444,0.9318
4,2,LR,arm2,0.5,global,184,0.7663,0.7943,0.8416
4,2,LR,arm2,0.5,0,11,0.4545,0.25,0.9
4,2,LR,arm2,0.5,1,114,0.7544,0.8158,0.8344
4,2,LR,arm2,0.5,2,51,0.8431,0.8182,0.8714
4,2,LR,arm2,0.5,3,8,0.875,0.8,0.8333
4,2,LR,arm2,0.1,global,184,0.7663,0.8037,0.8407
4,2,LR,arm2,0.1,0,26,0.8846,0.9388,nan
4,2,LR,arm2,0.1,1,56,0.8571,0.9231,nan
4,2,LR,arm2,0.1,2,83,0.6506,0.0645,0.9024
4,2,LR,arm2,0.1,3,19,0.8421,0.9143,nan
4,2,LR,arm2,natural,global,184,0.7717,0.7981,0.8387
4,2,LR,arm2,natural,0,59,0.8305,0.8276,0.8713
4,2,LR,arm2,natural,1,58,0.7586,0.7083,0.857
4,2,LR,arm2,natural,2,28,0.75,0.8444,0.7188
4,2,LR,arm2,natural,3,39,0.7179,0.807,0.6828
4,2,MLP,arm1,,global,184,0.7772,0.798,0.8626
4,2,MLP,arm1,100,0,40,0.725,0.7755,0.8203
4,2,MLP,arm1,100,1,50,0.74,0.7719,0.8712
4,2,MLP,arm1,100,2,47,0.8298,0.84,0.9019
4,2,MLP,arm1,100,3,47,0.8085,0.8085,0.8587
4,2,MLP,arm1,1.0,0,16,0.5625,0.2222,0.4359
4,2,MLP,arm1,1.0,1,70,0.8,0.8852,0.9254
4,2,MLP,arm1,1.0,2,74,0.7838,0.75,0.8364
4,2,MLP,arm1,1.0,3,24,0.8333,0.5,0.9545
4,2,MLP,arm1,0.5,0,11,0.5455,0.2857,0.9
4,2,MLP,arm1,0.5,1,114,0.7632,0.8188,0.8689
4,2,MLP,arm1,0.5,2,51,0.8431,0.8095,0.873
4,2,MLP,arm1,0.5,3,8,0.875,0.8,0.9167
4,2,MLP,arm1,0.1,0,26,0.7308,0.8444,nan
4,2,MLP,arm1,0.1,1,56,0.8214,0.902,nan
4,2,MLP,arm1,0.1,2,83,0.759,0.0909,0.9634
4,2,MLP,arm1,0.1,3,19,0.7895,0.8824,nan
4,2,MLP,arm1,natural,0,59,0.8475,0.8421,0.9046
4,2,MLP,arm1,natural,1,58,0.7759,0.6977,0.865
4,2,MLP,arm1,natural,2,28,0.6786,0.8,0.7083
4,2,MLP,arm1,natural,3,39,0.7436,0.8276,0.7483
4,2,MLP,arm2,100,global,184,0.7826,0.802,0.8547
4,2,MLP,arm2,100,0,40,0.725,0.7755,0.8073
4,2,MLP,arm2,100,1,50,0.76,0.7857,0.8663
4,2,MLP,arm2,100,2,47,0.8085,0.8163,0.9019
4,2,MLP,arm2,100,3,47,0.8298,0.8333,0.8514
4,2,MLP,arm2,1.0,global,184,0.7663,0.7943,0.8491
4,2,MLP,arm2,1.0,0,16,0.4375,0.1818,0.4359
4,2,MLP,arm2,1.0,1,70,0.8143,0.8943,0.9303
4,2,MLP,arm2,1.0,2,74,0.7703,0.7463,0.8341
4,2,MLP,arm2,1.0,3,24,0.8333,0.5,0.9545
4,2,MLP,arm2,0.5,global,184,0.788,0.8169,0.8467
4,2,MLP,arm2,0.5,0,11,0.4545,0.25,0.9
4,2,MLP,arm2,0.5,1,114,0.7895,0.8462,0.8479
4,2,MLP,arm2,0.5,2,51,0.8431,0.8182,0.881
4,2,MLP,arm2,0.5,3,8,0.875,0.8,0.9167
4,2,MLP,arm2,0.1,global,184,0.7337,0.7168,0.7893
4,2,MLP,arm2,0.1,0,26,0.6538,0.7907,nan
4,2,MLP,arm2,0.1,1,56,0.6071,0.7556,nan
4,2,MLP,arm2,0.1,2,83,0.8795,0.0,0.8537
4,2,MLP,arm2,0.1,3,19,0.5789,0.7333,nan
4,2,MLP,arm2,natural,global,184,0.7772,0.794,0.8435
4,2,MLP,arm2,natural,0,59,0.8305,0.8214,0.8759
4,2,MLP,arm2,natural,1,58,0.7759,0.6977,0.8596
4,2,MLP,arm2,natural,2,28,0.75,0.8444,0.7083
4,2,MLP,arm2,natural,3,39,0.7179,0.8,0.6897
4,3,LR,arm1,,global,184,0.7717,0.7921,0.851
4,3,LR,arm1,100,0,57,0.807,0.8358,0.863
4,3,LR,arm1,100,1,43,0.7674,0.7619,0.8052
4,3,LR,arm1,100,2,49,0.7959,0.8214,0.9116
4,3,LR,arm1,100,3,35,0.6857,0.7027,0.7928
4,3,LR,arm1,1.0,0,23,0.7826,0.4444,0.9048
4,3,LR,arm1,1.0,1,91,0.7912,0.8742,0.7846
4,3,LR,arm1,1.0,2,56,0.75,0.5882,0.8547
4,3,LR,arm1,1.0,3,14,0.7143,0.5,0.8333
4,3,LR,arm1,0.5,0,19,0.7895,0.6,0.9583
4,3,LR,arm1,0.5,1,121,0.7769,0.8212,0.8499
4,3,LR,arm1,0.5,2,36,0.8056,0.8,0.8858
4,3,LR,arm1,0.5,3,8,0.5,0.3333,0.6
4,3,LR,arm1,0.1,0,25,0.76,0.8636,nan
4,3,LR,arm1,0.1,1,46,0.8043,0.8916,nan
4,3,LR,arm1,0.1,2,84,0.75,0.087,0.7073
4,3,LR,arm1,0.1,3,29,0.7931,0.8846,nan
4,3,LR,arm1,natural,0,63,0.746,0.7037,0.8633
4,3,LR,arm1,natural,1,61,0.8361,0.7917,0.8858
4,3,LR,arm1,natural,2,24,0.75,0.8571,nan
4,3,LR,arm1,natural,3,36,0.7222,0.8276,0.6027
4,3,LR,arm2,100,global,184,0.7663,0.7861,0.8511
4,3,LR,arm2,100,0,57,0.807,0.8358,0.8567
4,3,LR,arm2,100,1,43,0.7674,0.7619,0.8052
4,3,LR,arm2,100,2,49,0.7959,0.8214,0.9133
4,3,LR,arm2,100,3,35,0.6571,0.6667,0.7895
4,3,LR,arm2,1.0,global,184,0.7663,0.7923,0.8521
4,3,LR,arm2,1.0,0,23,0.7391,0.4,0.9048
4,3,LR,arm2,1.0,1,91,0.8132,0.8889,0.7832
4,3,LR,arm2,1.0,2,56,0.7321,0.5714,0.8516
4,3,LR,arm2,1.0,3,14,0.6429,0.4444,0.9167
4,3,LR,arm2,0.5,global,184,0.7609,0.78,0.852
4,3,LR,arm2,0.5,0,19,0.7368,0.5455,0.9583
4,3,LR,arm2,0.5,1,121,0.7769,0.8188,0.852
4,3,LR,arm2,0.5,2,36,0.7778,0.7647,0.8858
4,3,LR,arm2,0.5,3,8,0.5,0.3333,0.6
4,3,LR,arm2,0.1,global,184,0.7935,0.819,0.8519
4,3,LR,arm2,0.1,0,25,0.84,0.913,nan
4,3,LR,arm2,0.1,1,46,0.8696,0.9302,nan
4,3,LR,arm2,0.1,2,84,0.7262,0.08,0.7195
4,3,LR,arm2,0.1,3,29,0.8276,0.9057,nan
4,3,LR,arm2,natural,global,184,0.7663,0.7839,0.8483
4,3,LR,arm2,natural,0,63,0.7619,0.717,0.8735
4,3,LR,arm2,natural,1,61,0.8033,0.75,0.8741
4,3,LR,arm2,natural,2,24,0.75,0.8571,nan
4,3,LR,arm2,natural,3,36,0.7222,0.8214,0.5938
4,3,MLP,arm1,,global,184,0.7826,0.8165,0.8558
4,3,MLP,arm1,100,0,57,0.8246,0.8611,0.8681
4,3,MLP,arm1,100,1,43,0.7209,0.75,0.8095
4,3,MLP,arm1,100,2,49,0.8367,0.8621,0.9184
4,3,MLP,arm1,100,3,35,0.7143,0.75,0.7993
4,3,MLP,arm1,1.0,0,23,0.6957,0.3636,0.9762
4,3,MLP,arm1,1.0,1,91,0.8681,0.9241,0.7927
4,3,MLP,arm1,1.0,2,56,0.7143,0.6,0.8656
4,3,MLP,arm1,1.0,3,14,0.6429,0.4444,0.7917
4,3,MLP,arm1,0.5,0,19,0.6842,0.5,0.9792
4,3,MLP,arm1,0.5,1,121,0.8099,0.8589,0.8579
4,3,MLP,arm1,0.5,2,36,0.7778,0.7778,0.8765
4,3,MLP,arm1,0.5,3,8,0.625,0.5714,0.6667
4,3,MLP,arm1,0.1,0,25,0.88,0.9362,nan
4,3,MLP,arm1,0.1,1,46,0.913,0.9545,nan
4,3,MLP,arm1,0.1,2,84,0.6667,0.0667,0.7012
4,3,MLP,arm1,0.1,3,29,0.8276,0.9057,nan
4,3,MLP,arm1,natural,0,63,0.746,0.7419,0.851
4,3,MLP,arm1,natural,1,61,0.8197,0.7843,0.9114
4,3,MLP,arm1,natural,2,24,0.9167,0.9565,nan
4,3,MLP,arm1,natural,3,36,0.6944,0.8136,0.6071
4,3,MLP,arm2,100,global,184,0.75,0.7653,0.8488
4,3,MLP,arm2,100,0,57,0.7544,0.7879,0.863
4,3,MLP,arm2,100,1,43,0.7442,0.7317,0.8095
4,3,MLP,arm2,100,2,49,0.8163,0.8302,0.9065
4,3,MLP,arm2,100,3,35,0.6571,0.6667,0.7763
4,3,MLP,arm2,1.0,global,184,0.75,0.7653,0.85
4,3,MLP,arm2,1.0,0,23,0.7826,0.4444,0.9286
4,3,MLP,arm2,1.0,1,91,0.7363,0.8356,0.7832
4,3,MLP,arm2,1.0,2,56,0.7679,0.6061,0.8609
4,3,MLP,arm2,1.0,3,14,0.7143,0.5,0.7917
4,3,MLP,arm2,0.5,global,184,0.7554,0.7668,0.8491
4,3,MLP,arm2,0.5,0,19,0.7895,0.6,0.9583
4,3,MLP,arm2,0.5,1,121,0.7603,0.8,0.849
4,3,MLP,arm2,0.5,2,36,0.7778,0.75,0.8642
4,3,MLP,arm2,0.5,3,8,0.5,0.3333,0.6
4,3,MLP,arm2,0.1,global,184,0.5978,0.4638,0.7877
4,3,MLP,arm2,0.1,0,25,0.36,0.5294,nan
4,3,MLP,arm2,0.1,1,46,0.2826,0.4407,nan
4,3,MLP,arm2,0.1,2,84,0.9405,0.2857,0.75
4,3,MLP,arm2,0.1,3,29,0.3103,0.4737,nan
4,3,MLP,arm2,natural,global,184,0.7663,0.8072,0.8514
4,3,MLP,arm2,natural,0,63,0.7302,0.7302,0.8673
4,3,MLP,arm2,natural,1,61,0.7705,0.7407,0.8858
4,3,MLP,arm2,natural,2,24,0.875,0.9333,nan
4,3,MLP,arm2,natural,3,36,0.75,0.8525,0.5938
4,4,LR,arm1,,global,184,0.7391,0.767,0.8297
4,4,LR,arm1,100,0,46,0.6087,0.625,0.7311
4,4,LR,arm1,100,1,51,0.7843,0.8,0.8589
4,4,LR,arm1,100,2,38,0.8421,0.8636,0.9362
4,4,LR,arm1,100,3,49,0.7347,0.7797,0.7893
4,4,LR,arm1,1.0,0,19,0.6316,0.0,0.3333
4,4,LR,arm1,1.0,1,76,0.7237,0.8346,0.7042
4,4,LR,arm1,1.0,2,66,0.8333,0.8136,0.9032
4,4,LR,arm1,1.0,3,23,0.6087,0.3077,0.8571
4,4,LR,arm1,0.5,0,11,0.7273,0.0,nan
4,4,LR,arm1,0.5,1,111,0.7207,0.7801,0.8111
4,4,LR,arm1,0.5,2,46,0.7391,0.7143,0.8254
4,4,LR,arm1,0.5,3,16,0.875,0.9,0.9206
4,4,LR,arm1,0.1,0,27,0.7407,0.8511,nan
4,4,LR,arm1,0.1,1,51,0.8039,0.8913,nan
4,4,LR,arm1,0.1,2,84,0.7024,0.1379,0.8171
4,4,LR,arm1,0.1,3,22,0.7273,0.8421,nan
4,4,LR,arm1,natural,0,62,0.7258,0.7018,0.8339
4,4,LR,arm1,natural,1,62,0.7581,0.7273,0.8761
4,4,LR,arm1,natural,2,24,0.7917,0.878,1.0
4,4,LR,arm1,natural,3,36,0.6944,0.7925,0.6077
4,4,LR,arm2,100,global,184,0.7337,0.7586,0.8238
4,4,LR,arm2,100,0,46,0.587,0.5957,0.7254
4,4,LR,arm2,100,1,51,0.7647,0.7778,0.8558
4,4,LR,arm2,100,2,38,0.8421,0.8636,0.9246
4,4,LR,arm2,100,3,49,0.7551,0.7931,0.7843
4,4,LR,arm2,1.0,global,184,0.7609,0.7905,0.8253
4,4,LR,arm2,1.0,0,19,0.6316,0.0,0.3333
4,4,LR,arm2,1.0,1,76,0.7632,0.8615,0.6986
4,4,LR,arm2,1.0,2,66,0.8485,0.8333,0.8976
4,4,LR,arm2,1.0,3,23,0.6087,0.3077,0.7857
4,4,LR,arm2,0.5,global,184,0.7337,0.7586,0.8252
4,4,LR,arm2,0.5,0,11,0.7273,0.0,nan
4,4,LR,arm2,0.5,1,111,0.7027,0.7626,0.8078
4,4,LR,arm2,0.5,2,46,0.7391,0.7143,0.8095
4,4,LR,arm2,0.5,3,16,0.9375,0.9474,0.9365
4,4,LR,arm2,0.1,global,184,0.75,0.781,0.8202
4,4,LR,arm2,0.1,0,27,0.7778,0.875,nan
4,4,LR,arm2,0.1,1,51,0.8431,0.9149,nan
4,4,LR,arm2,0.1,2,84,0.6786,0.069,0.811
4,4,LR,arm2,0.1,3,22,0.7727,0.8718,nan
4,4,LR,arm2,natural,global,184,0.7283,0.7525,0.8185
4,4,LR,arm2,natural,0,62,0.7258,0.6909,0.8203
4,4,LR,arm2,natural,1,62,0.7581,0.7273,0.8838
4,4,LR,arm2,natural,2,24,0.7917,0.878,0.913
4,4,LR,arm2,natural,3,36,0.6389,0.7451,0.6269
4,4,MLP,arm1,,global,184,0.7663,0.8,0.8314
4,4,MLP,arm1,100,0,46,0.7391,0.76,0.7462
4,4,MLP,arm1,100,1,51,0.7451,0.7797,0.8464
4,4,MLP,arm1,100,2,38,0.8158,0.8444,0.9217
4,4,MLP,arm1,100,3,49,0.7755,0.8197,0.8027
4,4,MLP,arm1,1.0,0,19,0.7368,0.0,0.1667
4,4,MLP,arm1,1.0,1,76,0.7895,0.8788,0.7183
4,4,MLP,arm1,1.0,2,66,0.803,0.8,0.8976
4,4,MLP,arm1,1.0,3,23,0.6087,0.3077,0.881
4,4,MLP,arm1,0.5,0,11,0.8182,0.0,nan
4,4,MLP,arm1,0.5,1,111,0.7477,0.8133,0.803
4,4,MLP,arm1,0.5,2,46,0.7609,0.7442,0.8353
4,4,MLP,arm1,0.5,3,16,0.875,0.9,0.9206
4,4,MLP,arm1,0.1,0,27,0.8519,0.92,nan
4,4,MLP,arm1,0.1,1,51,0.8431,0.9149,nan
4,4,MLP,arm1,0.1,2,84,0.6786,0.129,0.8537
4,4,MLP,arm1,0.1,3,22,0.8182,0.9,nan
4,4,MLP,arm1,natural,0,62,0.7581,0.7541,0.8464
4,4,MLP,arm1,natural,1,62,0.7419,0.7143,0.8805
4,4,MLP,arm1,natural,2,24,0.8333,0.9048,0.9565
4,4,MLP,arm1,natural,3,36,0.7778,0.8571,0.6077
4,4,MLP,arm2,100,global,184,0.7283,0.7423,0.8394
4,4,MLP,arm2,100,0,46,0.6304,0.6222,0.7652
4,4,MLP,arm2,100,1,51,0.7647,0.7778,0.8668
4,4,MLP,arm2,100,2,38,0.7895,0.8095,0.9478
4,4,MLP,arm2,100,3,49,0.7347,0.7547,0.7926
4,4,MLP,arm2,1.0,global,184,0.75,0.7767,0.8275
4,4,MLP,arm2,1.0,0,19,0.6316,0.0,0.3333
4,4,MLP,arm2,1.0,1,76,0.7368,0.8438,0.7155
4,4,MLP,arm2,1.0,2,66,0.8333,0.8136,0.8985
4,4,MLP,arm2,1.0,3,23,0.6522,0.3333,0.8571
4,4,MLP,arm2,0.5,global,184,0.7717,0.8019,0.8315
4,4,MLP,arm2,0.5,0,11,0.7273,0.0,nan
4,4,MLP,arm2,0.5,1,111,0.7748,0.8299,0.8104
4,4,MLP,arm2,0.5,2,46,0.7391,0.7143,0.8294
4,4,MLP,arm2,0.5,3,16,0.875,0.9,0.9048
4,4,MLP,arm2,0.1,global,184,0.6902,0.6851,0.8217
4,4,MLP,arm2,0.1,0,27,0.5926,0.7442,nan
4,4,MLP,arm2,0.1,1,51,0.6471,0.7857,nan
4,4,MLP,arm2,0.1,2,84,0.7857,0.1,0.7866
4,4,MLP,arm2,0.1,3,22,0.5455,0.7059,nan
4,4,MLP,arm2,natural,global,184,0.7609,0.7944,0.8185
4,4,MLP,arm2,natural,0,62,0.7581,0.7368,0.8213
4,4,MLP,arm2,natural,1,62,0.7258,0.7119,0.8673
4,4,MLP,arm2,natural,2,24,0.8333,0.9048,0.913
4,4,MLP,arm2,natural,3,36,0.7778,0.8571,0.6115
5,0,LR,arm1,,global,184,0.75,0.7653,0.7982
5,0,LR,arm1,100,0,36,0.6944,0.6857,0.7585
5,0,LR,arm1,100,1,42,0.8333,0.8372,0.875
5,0,LR,arm1,100,2,57,0.7544,0.75,0.7741
5,0,LR,arm1,100,3,49,0.7143,0.7742,0.7689
5,0,LR,arm1,1.0,0,31,0.8065,0.8889,0.8333
5,0,LR,arm1,1.0,1,77,0.7922,0.5789,0.8469
5,0,LR,arm1,1.0,2,60,0.7,0.7692,0.7445
5,0,LR,arm1,1.0,3,16,0.625,0.7692,nan
5,0,LR,arm1,0.5,0,8,0.875,0.0,nan
5,0,LR,arm1,0.5,1,75,0.7467,0.0,nan
5,0,LR,arm1,0.5,2,64,0.75,0.8571,nan
5,0,LR,arm1,0.5,3,37,0.7297,0.8438,nan
5,0,LR,arm1,0.1,0,101,0.7327,0.8439,0.6616
5,0,LR,arm1,0.1,1,20,0.7,0.25,0.6842
5,0,LR,arm1,0.1,2,1,1.0,1.0,nan
5,0,LR,arm1,0.1,3,62,0.7903,0.0,nan
5,0,LR,arm1,natural,0,57,0.7895,0.6667,0.8305
5,0,LR,arm1,natural,1,57,0.7193,0.68,0.7386
5,0,LR,arm1,natural,2,24,0.625,0.7568,0.9565
5,0,LR,arm1,natural,3,46,0.8043,0.8767,0.7583
5,0,LR,arm2,100,global,184,0.7228,0.7358,0.7943
5,0,LR,arm2,100,0,36,0.6667,0.6471,0.7647
5,0,LR,arm2,100,1,42,0.8333,0.8372,0.8818
5,0,LR,arm2,100,2,57,0.7018,0.6909,0.7556
5,0,LR,arm2,100,3,49,0.6939,0.7541,0.7538
5,0,LR,arm2,1.0,global,184,0.7283,0.7449,0.7951
5,0,LR,arm2,1.0,0,31,0.7742,0.8679,0.8667
5,0,LR,arm2,1.0,1,77,0.7662,0.55,0.8526
5,0,LR,arm2,1.0,2,60,0.7,0.7692,0.724
5,0,LR,arm2,1.0,3,16,0.5625,0.72,nan
5,0,LR,arm2,0.5,global,184,0.7283,0.7423,0.7954
5,0,LR,arm2,0.5,0,8,0.875,0.0,nan
5,0,LR,arm2,0.5,1,75,0.7333,0.0,nan
5,0,LR,arm2,0.5,2,64,0.7188,0.8364,nan
5,0,LR,arm2,0.5,3,37,0.7027,0.8254,nan
5,0,LR,arm2,0.1,global,184,0.7283,0.7423,0.7929
5,0,LR,arm2,0.1,0,101,0.7129,0.8304,0.6313
5,0,LR,arm2,0.1,1,20,0.65,0.0,0.6842
5,0,LR,arm2,0.1,2,1,1.0,1.0,nan
5,0,LR,arm2,0.1,3,62,0.7742,0.0,nan
5,0,LR,arm2,natural,global,184,0.7228,0.7358,0.7963
5,0,LR,arm2,natural,0,57,0.7719,0.6486,0.8262
5,0,LR,arm2,natural,1,57,0.7018,0.6531,0.7399
5,0,LR,arm2,natural,2,24,0.5833,0.7222,0.9565
5,0,LR,arm2,natural,3,46,0.7609,0.8451,0.775
5,0,MLP,arm1,,global,184,0.7228,0.7536,0.8201
5,0,MLP,arm1,100,0,36,0.6389,0.6829,0.7771
5,0,MLP,arm1,100,1,42,0.7857,0.8,0.8705
5,0,MLP,arm1,100,2,57,0.7193,0.7241,0.8111
5,0,MLP,arm1,100,3,49,0.7347,0.7937,0.7898
5,0,MLP,arm1,1.0,0,31,0.8387,0.9123,0.8333
5,0,MLP,arm1,1.0,1,77,0.6883,0.4545,0.8526
5,0,MLP,arm1,1.0,2,60,0.7167,0.7848,0.7651
5,0,MLP,arm1,1.0,3,16,0.6875,0.8148,nan
5,0,MLP,arm1,0.5,0,8,0.625,0.0,nan
5,0,MLP,arm1,0.5,1,75,0.6667,0.0,nan
5,0,MLP,arm1,0.5,2,64,0.7812,0.8772,nan
5,0,MLP,arm1,0.5,3,37,0.7568,0.8615,nan
5,0,MLP,arm1,0.1,0,101,0.7525,0.8588,0.7222
5,0,MLP,arm1,0.1,1,20,0.65,0.2222,0.7895
5,0,MLP,arm1,0.1,2,1,1.0,1.0,nan
5,0,MLP,arm1,0.1,3,62,0.6935,0.0,nan
5,0,MLP,arm1,natural,0,57,0.7193,0.619,0.8319
5,0,MLP,arm1,natural,1,57,0.6842,0.6538,0.7891
5,0,MLP,arm1,natural,2,24,0.75,0.85,0.913
5,0,MLP,arm1,natural,3,46,0.7609,0.8493,0.7861
5,0,MLP,arm2,100,global,184,0.7228,0.756,0.8186
5,0,MLP,arm2,100,0,36,0.6389,0.6829,0.7523
5,0,MLP,arm2,100,1,42,0.7619,0.7826,0.875
5,0,MLP,arm2,100,2,57,0.7368,0.7458,0.8111
5,0,MLP,arm2,100,3,49,0.7347,0.7937,0.7898
5,0,MLP,arm2,1.0,global,184,0.7283,0.7549,0.8091
5,0,MLP,arm2,1.0,0,31,0.8065,0.8929,0.8333
5,0,MLP,arm2,1.0,1,77,0.7273,0.5116,0.856
5,0,MLP,arm2,1.0,2,60,0.7,0.7692,0.7484
5,0,MLP,arm2,1.0,3,16,0.6875,0.8148,nan
5,0,MLP,arm2,0.5,global,184,0.7228,0.7463,0.7935
5,0,MLP,arm2,0.5,0,8,0.75,0.0,nan
5,0,MLP,arm2,0.5,1,75,0.6933,0.0,nan
5,0,MLP,arm2,0.5,2,64,0.75,0.8571,nan
5,0,MLP,arm2,0.5,3,37,0.7297,0.8438,nan
5,0,MLP,arm2,0.1,global,184,0.7283,0.7475,0.7963
5,0,MLP,arm2,0.1,0,101,0.7228,0.8372,0.6414
5,0,MLP,arm2,0.1,1,20,0.65,0.2222,0.6842
5,0,MLP,arm2,0.1,2,1,1.0,1.0,nan
5,0,MLP,arm2,0.1,3,62,0.7581,0.0,nan
5,0,MLP,arm2,natural,global,184,0.7446,0.7751,0.8128
5,0,MLP,arm2,natural,0,57,0.7895,0.7143,0.839
5,0,MLP,arm2,natural,1,57,0.6667,0.6415,0.7551
5,0,MLP,arm2,natural,2,24,0.75,0.85,0.913
5,0,MLP,arm2,natural,3,46,0.7826,0.8649,0.7972
5,1,LR,arm1,,global,184,0.7989,0.8246,0.8725
5,1,LR,arm1,100,0,36,0.75,0.7907,0.8635
5,1,LR,arm1,100,1,49,0.8163,0.8421,0.907
5,1,LR,arm1,100,2,44,0.7727,0.8148,0.8729
5,1,LR,arm1,100,3,55,0.8364,0.8421,0.8717
5,1,LR,arm1,1.0,0,35,0.8,0.8889,nan
5,1,LR,arm1,1.0,1,70,0.7571,0.6383,0.872
5,1,LR,arm1,1.0,2,63,0.8095,0.8378,0.8939
5,1,LR,arm1,1.0,3,16,0.9375,0.963,0.7949
5,1,LR,arm1,0.5,0,8,0.375,0.2857,1.0
5,1,LR,arm1,0.5,1,72,0.7778,0.0,nan
5,1,LR,arm1,0.5,2,74,0.8514,0.9173,1.0
5,1,LR,arm1,0.5,3,30,0.8333,0.9091,0.2414
5,1,LR,arm1,0.1,0,101,0.8713,0.9257,0.9742
5,1,LR,arm1,0.1,1,15,0.6,0.25,0.7308
5,1,LR,arm1,0.1,2,7,0.8571,0.9091,1.0
5,1,LR,arm1,0.1,3,61,0.7213,0.0,nan
5,1,LR,arm1,natural,0,50,0.82,0.7692,0.875
5,1,LR,arm1,natural,1,65,0.8154,0.8125,0.8952
5,1,LR,arm1,natural,2,26,0.8462,0.913,0.7917
5,1,LR,arm1,natural,3,43,0.7209,0.8065,0.7143
5,1,LR,arm2,100,global,184,0.788,0.8152,0.8737
5,1,LR,arm2,100,0,36,0.75,0.7907,0.8635
5,1,LR,arm2,100,1,49,0.8163,0.8421,0.9053
5,1,LR,arm2,100,2,44,0.7273,0.7857,0.8667
5,1,LR,arm2,100,3,55,0.8364,0.8364,0.8783
5,1,LR,arm2,1.0,global,184,0.7989,0.8263,0.8752
5,1,LR,arm2,1.0,0,35,0.8,0.8889,nan
5,1,LR,arm2,1.0,1,70,0.7286,0.6122,0.8669
5,1,LR,arm2,1.0,2,63,0.8413,0.8649,0.9051
5,1,LR,arm2,1.0,3,16,0.9375,0.963,0.8205
5,1,LR,arm2,0.5,global,184,0.8043,0.8318,0.8731
5,1,LR,arm2,0.5,0,8,0.375,0.2857,1.0
5,1,LR,arm2,0.5,1,72,0.7639,0.0,nan
5,1,LR,arm2,0.5,2,74,0.8649,0.9254,1.0
5,1,LR,arm2,0.5,3,30,0.8667,0.9286,0.2759
5,1,LR,arm2,0.1,global,184,0.7989,0.8263,0.8736
5,1,LR,arm2,0.1,0,101,0.8812,0.9318,0.9772
5,1,LR,arm2,0.1,1,15,0.6,0.25,0.7308
5,1,LR,arm2,0.1,2,7,0.8571,0.9091,1.0
5,1,LR,arm2,0.1,3,61,0.7049,0.0,nan
5,1,LR,arm2,natural,global,184,0.7935,0.8208,0.8714
5,1,LR,arm2,natural,0,50,0.82,0.7692,0.875
5,1,LR,arm2,natural,1,65,0.8,0.8,0.899
5,1,LR,arm2,natural,2,26,0.8846,0.9362,0.875
5,1,LR,arm2,natural,3,43,0.6977,0.7869,0.7238
5,1,MLP,arm1,,global,184,0.7826,0.8148,0.8681
5,1,MLP,arm1,100,0,36,0.7222,0.7727,0.8508
5,1,MLP,arm1,100,1,49,0.8571,0.8852,0.9246
5,1,MLP,arm1,100,2,44,0.75,0.7925,0.8542
5,1,MLP,arm1,100,3,55,0.7818,0.7931,0.8519
5,1,MLP,arm1,1.0,0,35,0.8286,0.9062,nan
5,1,MLP,arm1,1.0,1,70,0.7571,0.6667,0.8937
5,1,MLP,arm1,1.0,2,63,0.7619,0.8,0.8561
5,1,MLP,arm1,1.0,3,16,0.875,0.9231,0.7692
5,1,MLP,arm1,0.5,0,8,0.25,0.25,0.7143
5,1,MLP,arm1,0.5,1,72,0.7361,0.0,nan
5,1,MLP,arm1,0.5,2,74,0.8649,0.9254,1.0
5,1,MLP,arm1,0.5,3,30,0.8333,0.9091,0.1724
5,1,MLP,arm1,0.1,0,101,0.8812,0.9318,0.965
5,1,MLP,arm1,0.1,1,15,0.6,0.4,0.8077
5,1,MLP,arm1,0.1,2,7,0.7143,0.8,0.6667
5,1,MLP,arm1,0.1,3,61,0.6721,0.0,nan
5,1,MLP,arm1,natural,0,50,0.78,0.7442,0.8717
5,1,MLP,arm1,natural,1,65,0.7692,0.7619,0.8905
5,1,MLP,arm1,natural,2,26,0.9231,0.9583,0.8333
5,1,MLP,arm1,natural,3,43,0.7209,0.8065,0.7095
5,1,MLP,arm2,100,global,184,0.75,0.7745,0.8655
5,1,MLP,arm2,100,0,36,0.6944,0.7442,0.8476
5,1,MLP,arm2,100,1,49,0.7959,0.8214,0.914
5,1,MLP,arm2,100,2,44,0.7045,0.7451,0.8563
5,1,MLP,arm2,100,3,55,0.7818,0.7778,0.8545
5,1,MLP,arm2,1.0,global,184,0.8043,0.8364,0.8753
5,1,MLP,arm2,1.0,0,35,0.8571,0.9231,nan
5,1,MLP,arm2,1.0,1,70,0.7571,0.6792,0.8762
5,1,MLP,arm2,1.0,2,63,0.7937,0.8267,0.901
5,1,MLP,arm2,1.0,3,16,0.9375,0.963,0.7949
5,1,MLP,arm2,0.5,global,184,0.7717,0.8125,0.8687
5,1,MLP,arm2,0.5,0,8,0.25,0.25,0.4286
5,1,MLP,arm2,0.5,1,72,0.6667,0.0,nan
5,1,MLP,arm2,0.5,2,74,0.9054,0.9489,1.0
5,1,MLP,arm2,0.5,3,30,0.8333,0.9091,0.4483
5,1,MLP,arm2,0.1,global,184,0.7989,0.8177,0.8672
5,1,MLP,arm2,0.1,0,101,0.8317,0.9006,0.9742
5,1,MLP,arm2,0.1,1,15,0.6667,0.2857,0.7308
5,1,MLP,arm2,0.1,2,7,0.8571,0.9091,1.0
5,1,MLP,arm2,0.1,3,61,0.7705,0.0,nan
5,1,MLP,arm2,natural,global,184,0.7935,0.8137,0.8705
5,1,MLP,arm2,natural,0,50,0.82,0.7568,0.8717
5,1,MLP,arm2,natural,1,65,0.8154,0.8065,0.8914
5,1,MLP,arm2,natural,2,26,0.8462,0.913,0.875
5,1,MLP,arm2,natural,3,43,0.6977,0.7797,0.7214
5,2,LR,arm1,,global,184,0.7717,0.8037,0.8569
5,2,LR,arm1,100,0,56,0.8214,0.8387,0.8972
5,2,LR,arm1,100,1,39,0.7179,0.7843,0.8466
5,2,LR,arm1,100,2,43,0.7442,0.7925,0.8519
5,2,LR,arm1,100,3,46,0.7826,0.7917,0.8571
5,2,LR,arm1,1.0,0,38,0.7368,0.8485,0.7568
5,2,LR,arm1,1.0,1,83,0.7952,0.7671,0.901
5,2,LR,arm1,1.0,2,49,0.7347,0.7451,0.8333
5,2,LR,arm1,1.0,3,14,0.8571,0.9167,0.9583
5,2,LR,arm1,0.5,0,7,0.8571,0.6667,1.0
5,2,LR,arm1,0.5,1,74,0.6757,0.0,nan
5,2,LR,arm1,0.5,2,77,0.8312,0.9078,nan
5,2,LR,arm1,0.5,3,26,0.8462,0.913,0.8958
5,2,LR,arm1,0.1,0,98,0.8265,0.9006,0.9058
5,2,LR,arm1,0.1,1,17,0.7059,0.4444,1.0
5,2,LR,arm1,0.1,2,8,0.875,0.9333,nan
5,2,LR,arm1,0.1,3,61,0.6885,0.0,nan
5,2,LR,arm1,natural,0,57,0.7193,0.7419,0.8182
5,2,LR,arm1,natural,1,67,0.806,0.7636,0.9384
5,2,LR,arm1,natural,2,23,0.8696,0.9268,0.8095
5,2,LR,arm1,natural,3,37,0.7297,0.8214,0.7832
5,2,LR,arm2,100,global,184,0.7663,0.7981,0.8546
5,2,LR,arm2,100,0,56,0.8214,0.8387,0.8854
5,2,LR,arm2,100,1,39,0.7179,0.7843,0.8545
5,2,LR,arm2,100,2,43,0.7209,0.7692,0.8449
5,2,LR,arm2,100,3,46,0.7826,0.7917,0.8571
5,2,LR,arm2,1.0,global,184,0.7446,0.7814,0.8538
5,2,LR,arm2,1.0,0,38,0.6842,0.8125,0.6757
5,2,LR,arm2,1.0,1,83,0.7831,0.7568,0.8991
5,2,LR,arm2,1.0,2,49,0.6939,0.717,0.8283
5,2,LR,arm2,1.0,3,14,0.8571,0.9167,0.9167
5,2,LR,arm2,0.5,global,184,0.7446,0.7814,0.8531
5,2,LR,arm2,0.5,0,7,0.8571,0.6667,1.0
5,2,LR,arm2,0.5,1,74,0.6351,0.0,nan
5,2,LR,arm2,0.5,2,77,0.8052,0.8921,nan
5,2,LR,arm2,0.5,3,26,0.8462,0.913,0.8333
5,2,LR,arm2,0.1,global,184,0.7391,0.7757,0.8541
5,2,LR,arm2,0.1,0,98,0.7959,0.881,0.8913
5,2,LR,arm2,0.1,1,17,0.7059,0.4444,1.0
5,2,LR,arm2,0.1,2,8,0.875,0.9333,nan
5,2,LR,arm2,0.1,3,61,0.6393,0.0,nan
5,2,LR,arm2,natural,global,184,0.75,0.7788,0.8525
5,2,LR,arm2,natural,0,57,0.6667,0.678,0.8043
5,2,LR,arm2,natural,1,67,0.8209,0.7778,0.9455
5,2,LR,arm2,natural,2,23,0.8696,0.9268,0.8571
5,2,LR,arm2,natural,3,37,0.6757,0.7778,0.8077
5,2,MLP,arm1,,global,184,0.7826,0.802,0.8498
5,2,MLP,arm1,100,0,56,0.8214,0.8333,0.8893
5,2,MLP,arm1,100,1,39,0.7436,0.7917,0.828
5,2,MLP,arm1,100,2,43,0.7442,0.7755,0.8472
5,2,MLP,arm1,100,3,46,0.8043,0.8,0.8476
5,2,MLP,arm1,1.0,0,38,0.7368,0.8438,0.8108
5,2,MLP,arm1,1.0,1,83,0.8072,0.7576,0.8908
5,2,MLP,arm1,1.0,2,49,0.7551,0.76,0.8367
5,2,MLP,arm1,1.0,3,14,0.8571,0.9091,0.9167
5,2,MLP,arm1,0.5,0,7,1.0,1.0,1.0
5,2,MLP,arm1,0.5,1,74,0.7432,0.0,nan
5,2,MLP,arm1,0.5,2,77,0.7792,0.8759,nan
5,2,MLP,arm1,0.5,3,26,0.8462,0.9091,0.8958
5,2,MLP,arm1,0.1,0,98,0.7857,0.8727,0.904
5,2,MLP,arm1,0.1,1,17,0.7647,0.5,1.0
5,2,MLP,arm1,0.1,2,8,0.875,0.9333,nan
5,2,MLP,arm1,0.1,3,61,0.7705,0.0,nan
5,2,MLP,arm1,natural,0,57,0.7193,0.7241,0.8043
5,2,MLP,arm1,natural,1,67,0.8358,0.7755,0.9212
5,2,MLP,arm1,natural,2,23,0.8696,0.9268,0.7381
5,2,MLP,arm1,natural,3,37,0.7297,0.8148,0.7867
5,2,MLP,arm2,100,global,184,0.7717,0.8019,0.8516
5,2,MLP,arm2,100,0,56,0.8393,0.8525,0.8893
5,2,MLP,arm2,100,1,39,0.7179,0.7843,0.836
5,2,MLP,arm2,100,2,43,0.7442,0.7843,0.8495
5,2,MLP,arm2,100,3,46,0.7609,0.7755,0.8533
5,2,MLP,arm2,1.0,global,184,0.7554,0.7907,0.8465
5,2,MLP,arm2,1.0,0,38,0.7632,0.8657,0.7568
5,2,MLP,arm2,1.0,1,83,0.7711,0.7397,0.8921
5,2,MLP,arm2,1.0,2,49,0.7143,0.7308,0.82
5,2,MLP,arm2,1.0,3,14,0.7857,0.8696,0.9167
5,2,MLP,arm2,0.5,global,184,0.75,0.8017,0.8611
5,2,MLP,arm2,0.5,0,7,0.7143,0.5,1.0
5,2,MLP,arm2,0.5,1,74,0.5405,0.0,nan
5,2,MLP,arm2,0.5,2,77,0.8961,0.9452,nan
5,2,MLP,arm2,0.5,3,26,0.9231,0.9583,0.8333
5,2,MLP,arm2,0.1,global,184,0.7337,0.7656,0.8477
5,2,MLP,arm2,0.1,0,98,0.7653,0.8606,0.8895
5,2,MLP,arm2,0.1,1,17,0.7059,0.4444,1.0
5,2,MLP,arm2,0.1,2,8,0.875,0.9333,nan
5,2,MLP,arm2,0.1,3,61,0.6721,0.0,nan
5,2,MLP,arm2,natural,global,184,0.7663,0.8037,0.8489
5,2,MLP,arm2,natural,0,57,0.7544,0.7812,0.8005
5,2,MLP,arm2,natural,1,67,0.791,0.75,0.9333
5,2,MLP,arm2,natural,2,23,0.8261,0.9048,0.8095
5,2,MLP,arm2,natural,3,37,0.7027,0.807,0.7622
5,3,LR,arm1,,global,184,0.8207,0.8421,0.851
5,3,LR,arm1,100,0,47,0.8723,0.8696,0.9076
5,3,LR,arm1,100,1,55,0.7455,0.7742,0.7905
5,3,LR,arm1,100,2,51,0.7647,0.8125,0.8177
5,3,LR,arm1,100,3,31,0.9677,0.973,0.9487
5,3,LR,arm1,1.0,0,42,0.8333,0.9067,0.5875
5,3,LR,arm1,1.0,1,83,0.759,0.6,0.853
5,3,LR,arm1,1.0,2,49,0.8776,0.9091,0.8857
5,3,LR,arm1,1.0,3,10,1.0,1.0,1.0
5,3,LR,arm1,0.5,0,8,0.875,0.0,nan
5,3,LR,arm1,0.5,1,74,0.7568,0.0,nan
5,3,LR,arm1,0.5,2,81,0.8395,0.9128,nan
5,3,LR,arm1,0.5,3,21,0.9524,0.9756,nan
5,3,LR,arm1,0.1,0,101,0.8614,0.9231,0.9558
5,3,LR,arm1,0.1,1,26,0.8846,0.0,nan
5,3,LR,arm1,0.1,2,3,1.0,1.0,nan
5,3,LR,arm1,0.1,3,54,0.7037,0.1111,0.9811
5,3,LR,arm1,natural,0,67,0.806,0.7869,0.8522
5,3,LR,arm1,natural,1,49,0.8163,0.7273,0.9038
5,3,LR,arm1,natural,2,27,0.8889,0.9388,0.68
5,3,LR,arm1,natural,3,41,0.8049,0.8788,0.6667
5,3,LR,arm2,100,global,184,0.7935,0.819,0.8393
5,3,LR,arm2,100,0,47,0.8298,0.8261,0.8931
5,3,LR,arm2,100,1,55,0.7455,0.7742,0.7878
5,3,LR,arm2,100,2,51,0.7451,0.8,0.8032
5,3,LR,arm2,100,3,31,0.9032,0.9189,0.9444
5,3,LR,arm2,1.0,global,184,0.7989,0.8246,0.8388
5,3,LR,arm2,1.0,0,42,0.8095,0.8919,0.6
5,3,LR,arm2,1.0,1,83,0.7349,0.5769,0.847
5,3,LR,arm2,1.0,2,49,0.8571,0.8955,0.8796
5,3,LR,arm2,1.0,3,10,1.0,1.0,1.0
5,3,LR,arm2,0.5,global,184,0.7989,0.8246,0.8354
5,3,LR,arm2,0.5,0,8,0.875,0.0,nan
5,3,LR,arm2,0.5,1,74,0.7162,0.0,nan
5,3,LR,arm2,0.5,2,81,0.8272,0.9054,nan
5,3,LR,arm2,0.5,3,21,0.9524,0.9756,nan
5,3,LR,arm2,0.1,global,184,0.7989,0.8246,0.8362
5,3,LR,arm2,0.1,0,101,0.8515,0.9171,0.9626
5,3,LR,arm2,0.1,1,26,0.8077,0.0,nan
5,3,LR,arm2,0.1,2,3,1.0,1.0,nan
5,3,LR,arm2,0.1,3,54,0.6852,0.1053,0.9811
5,3,LR,arm2,natural,global,184,0.788,0.8134,0.8329
5,3,LR,arm2,natural,0,67,0.7612,0.7419,0.8342
5,3,LR,arm2,natural,1,49,0.7959,0.7059,0.906
5,3,LR,arm2,natural,2,27,0.8519,0.9167,0.68
5,3,LR,arm2,natural,3,41,0.7805,0.8615,0.6742
5,3,MLP,arm1,,global,184,0.8152,0.8426,0.8471
5,3,MLP,arm1,100,0,47,0.8723,0.88,0.904
5,3,MLP,arm1,100,1,55,0.7455,0.7812,0.7944
5,3,MLP,arm1,100,2,51,0.7843,0.8254,0.8194
5,3,MLP,arm1,100,3,31,0.9032,0.9231,0.9274
5,3,MLP,arm1,1.0,0,42,0.8571,0.9211,0.5625
5,3,MLP,arm1,1.0,1,83,0.747,0.6038,0.8333
5,3,MLP,arm1,1.0,2,49,0.8571,0.8986,0.8857
5,3,MLP,arm1,1.0,3,10,1.0,1.0,1.0
5,3,MLP,arm1,0.5,0,8,0.875,0.0,nan
5,3,MLP,arm1,0.5,1,74,0.7027,0.0,nan
5,3,MLP,arm1,0.5,2,81,0.8765,0.9342,nan
5,3,MLP,arm1,0.5,3,21,0.9524,0.9756,nan
5,3,MLP,arm1,0.1,0,101,0.901,0.9462,0.9422
5,3,MLP,arm1,0.1,1,26,0.8077,0.0,nan
5,3,MLP,arm1,0.1,2,3,0.6667,0.8,nan
5,3,MLP,arm1,0.1,3,54,0.6667,0.1,0.9623
5,3,MLP,arm1,natural,0,67,0.791,0.7879,0.8369
5,3,MLP,arm1,natural,1,49,0.8367,0.75,0.8953
5,3,MLP,arm1,natural,2,27,0.8519,0.9167,0.66
5,3,MLP,arm1,natural,3,41,0.8049,0.8857,0.625
5,3,MLP,arm2,100,global,184,0.7935,0.81,0.8477
5,3,MLP,arm2,100,0,47,0.8085,0.7907,0.8949
5,3,MLP,arm2,100,1,55,0.7273,0.7541,0.8024
5,3,MLP,arm2,100,2,51,0.7843,0.8197,0.821
5,3,MLP,arm2,100,3,31,0.9032,0.9143,0.9316
5,3,MLP,arm2,1.0,global,184,0.7935,0.8241,0.8409
5,3,MLP,arm2,1.0,0,42,0.8333,0.9067,0.5625
5,3,MLP,arm2,1.0,1,83,0.7108,0.5556,0.8342
5,3,MLP,arm2,1.0,2,49,0.8571,0.8986,0.8857
5,3,MLP,arm2,1.0,3,10,1.0,1.0,1.0
5,3,MLP,arm2,0.5,global,184,0.75,0.8034,0.8259
5,3,MLP,arm2,0.5,0,8,0.625,0.0,nan
5,3,MLP,arm2,0.5,1,74,0.527,0.0,nan
5,3,MLP,arm2,0.5,2,81,0.9136,0.9548,nan
5,3,MLP,arm2,0.5,3,21,0.9524,0.9756,nan
5,3,MLP,arm2,0.1,global,184,0.7826,0.8058,0.8387
5,3,MLP,arm2,0.1,0,101,0.8119,0.8927,0.9354
5,3,MLP,arm2,0.1,1,26,0.8077,0.0,nan
5,3,MLP,arm2,0.1,2,3,1.0,1.0,nan
5,3,MLP,arm2,0.1,3,54,0.7037,0.1111,0.9811
5,3,MLP,arm2,natural,global,184,0.788,0.8079,0.832
5,3,MLP,arm2,natural,0,67,0.7612,0.7241,0.8432
5,3,MLP,arm2,natural,1,49,0.8163,0.7273,0.9103
5,3,MLP,arm2,natural,2,27,0.7778,0.8696,0.66
5,3,MLP,arm2,natural,3,41,0.8049,0.8788,0.6402
5,4,LR,arm1,,global,184,0.7554,0.7867,0.8366
5,4,LR,arm1,100,0,40,0.725,0.7317,0.8083
5,4,LR,arm1,100,1,40,0.7,0.75,0.8533
5,4,LR,arm1,100,2,58,0.7759,0.8,0.8781
5,4,LR,arm1,100,3,46,0.8043,0.8421,0.8324
5,4,LR,arm1,1.0,0,29,0.7931,0.8846,0.7857
5,4,LR,arm1,1.0,1,75,0.6533,0.4091,0.75
5,4,LR,arm1,1.0,2,68,0.8382,0.8889,0.8544
5,4,LR,arm1,1.0,3,12,0.8333,0.875,0.875
5,4,LR,arm1,0.5,0,11,0.7273,0.0,nan
5,4,LR,arm1,0.5,1,69,0.6667,0.0,nan
5,4,LR,arm1,0.5,2,73,0.7808,0.8769,nan
5,4,LR,arm1,0.5,3,31,0.9032,0.9455,0.9655
5,4,LR,arm1,0.1,0,102,0.8137,0.8902,0.9156
5,4,LR,arm1,0.1,1,22,0.7727,0.5455,0.875
5,4,LR,arm1,0.1,2,4,0.75,0.8571,nan
5,4,LR,arm1,0.1,3,56,0.6429,0.0,nan
5,4,LR,arm1,natural,0,72,0.7778,0.7647,0.8757
5,4,LR,arm1,natural,1,56,0.6964,0.6222,0.8054
5,4,LR,arm1,natural,2,23,0.8696,0.9302,0.9091
5,4,LR,arm1,natural,3,33,0.7273,0.8364,0.4505
5,4,LR,arm2,100,global,184,0.7391,0.7714,0.8381
5,4,LR,arm2,100,0,40,0.7,0.7,0.8233
5,4,LR,arm2,100,1,40,0.675,0.7234,0.8453
5,4,LR,arm2,100,2,58,0.7586,0.7879,0.8769
5,4,LR,arm2,100,3,46,0.8043,0.8421,0.8402
5,4,LR,arm2,1.0,global,184,0.7446,0.7773,0.8386
5,4,LR,arm2,1.0,0,29,0.7586,0.8627,0.7143
5,4,LR,arm2,1.0,1,75,0.64,0.4,0.75
5,4,LR,arm2,1.0,2,68,0.8382,0.8889,0.8556
5,4,LR,arm2,1.0,3,12,0.8333,0.875,0.875
5,4,LR,arm2,0.5,global,184,0.7391,0.7736,0.8357
5,4,LR,arm2,0.5,0,11,0.7273,0.0,nan
5,4,LR,arm2,0.5,1,69,0.6377,0.0,nan
5,4,LR,arm2,0.5,2,73,0.7671,0.8682,nan
5,4,LR,arm2,0.5,3,31,0.9032,0.9455,0.9655
5,4,LR,arm2,0.1,global,184,0.7446,0.7793,0.8358
5,4,LR,arm2,0.1,0,102,0.8137,0.8902,0.9169
5,4,LR,arm2,0.1,1,22,0.7727,0.5455,0.8611
5,4,LR,arm2,0.1,2,4,0.75,0.8571,nan
5,4,LR,arm2,0.1,3,56,0.6071,0.0,nan
5,4,LR,arm2,natural,global,184,0.7337,0.7656,0.8378
5,4,LR,arm2,natural,0,72,0.75,0.7353,0.8726
5,4,LR,arm2,natural,1,56,0.6964,0.6222,0.8205
5,4,LR,arm2,natural,2,23,0.8696,0.9302,0.9091
5,4,LR,arm2,natural,3,33,0.6667,0.7925,0.4231
5,4,MLP,arm1,,global,184,0.7717,0.8056,0.8373
5,4,MLP,arm1,100,0,40,0.775,0.7805,0.8158
5,4,MLP,arm1,100,1,40,0.75,0.8,0.8853
5,4,MLP,arm1,100,2,58,0.7586,0.8,0.859
5,4,MLP,arm1,100,3,46,0.8043,0.8364,0.8285
5,4,MLP,arm1,1.0,0,29,0.8621,0.9231,0.8571
5,4,MLP,arm1,1.0,1,75,0.6267,0.4167,0.7595
5,4,MLP,arm1,1.0,2,68,0.8971,0.9293,0.8844
5,4,MLP,arm1,1.0,3,12,0.75,0.8235,0.8438
5,4,MLP,arm1,0.5,0,11,0.8182,0.0,nan
5,4,MLP,arm1,0.5,1,69,0.6377,0.0,nan
5,4,MLP,arm1,0.5,2,73,0.8493,0.9185,nan
5,4,MLP,arm1,0.5,3,31,0.871,0.9259,0.9655
5,4,MLP,arm1,0.1,0,102,0.8529,0.9153,0.8916
5,4,MLP,arm1,0.1,1,22,0.7727,0.5455,0.875
5,4,MLP,arm1,0.1,2,4,0.75,0.8571,nan
5,4,MLP,arm1,0.1,3,56,0.625,0.0,nan
5,4,MLP,arm1,natural,0,72,0.7917,0.8,0.8749
5,4,MLP,arm1,natural,1,56,0.7143,0.619,0.8024
5,4,MLP,arm1,natural,2,23,0.8696,0.9302,0.9091
5,4,MLP,arm1,natural,3,33,0.7576,0.8571,0.478
5,4,MLP,arm2,100,global,184,0.7772,0.8128,0.8361
5,4,MLP,arm2,100,0,40,0.75,0.7619,0.8108
5,4,MLP,arm2,100,1,40,0.75,0.8,0.872
5,4,MLP,arm2,100,2,58,0.8103,0.8406,0.8674
5,4,MLP,arm2,100,3,46,0.7826,0.8276,0.8148
5,4,MLP,arm2,1.0,global,184,0.7772,0.8019,0.8435
5,4,MLP,arm2,1.0,0,29,0.7931,0.8846,0.7857
5,4,MLP,arm2,1.0,1,75,0.7067,0.4762,0.7489
5,4,MLP,arm2,1.0,2,68,0.8382,0.8866,0.8656
5,4,MLP,arm2,1.0,3,12,0.8333,0.875,0.9062
5,4,MLP,arm2,0.5,global,184,0.7011,0.6667,0.8181
5,4,MLP,arm2,0.5,0,11,0.8182,0.0,nan
5,4,MLP,arm2,0.5,1,69,0.913,0.0,nan
5,4,MLP,arm2,0.5,2,73,0.5479,0.708,nan
5,4,MLP,arm2,0.5,3,31,0.5484,0.6818,0.9655
5,4,MLP,arm2,0.1,global,184,0.7554,0.8,0.8154
5,4,MLP,arm2,0.1,0,102,0.8725,0.9274,0.8823
5,4,MLP,arm2,0.1,1,22,0.7727,0.6154,0.8333
5,4,MLP,arm2,0.1,2,4,0.75,0.8571,nan
5,4,MLP,arm2,0.1,3,56,0.5357,0.0,nan
5,4,MLP,arm2,natural,global,184,0.7446,0.7614,0.8309
5,4,MLP,arm2,natural,0,72,0.7778,0.75,0.8556
5,4,MLP,arm2,natural,1,56,0.6964,0.5641,0.8084
5,4,MLP,arm2,natural,2,23,0.8696,0.9268,0.8636
5,4,MLP,arm2,natural,3,33,0.6667,0.7925,0.4505
6,0,LR,arm1,,global,184,0.7772,0.8057,0.8341
6,0,LR,arm1,100,0,49,0.7755,0.7027,0.9032
6,0,LR,arm1,100,1,55,0.7273,0.7887,0.8058
6,0,LR,arm1,100,2,34,0.7941,0.8372,0.7727
6,0,LR,arm1,100,3,46,0.8261,0.8667,0.8175
6,0,LR,arm1,1.0,0,6,1.0,1.0,1.0
6,0,LR,arm1,1.0,1,76,0.6842,0.3684,0.8358
6,0,LR,arm1,1.0,2,66,0.7879,0.8679,0.8226
6,0,LR,arm1,1.0,3,36,0.9167,0.9524,0.9495
6,0,LR,arm1,0.5,0,61,0.7705,0.7407,0.8947
6,0,LR,arm1,0.5,1,82,0.8171,0.8837,0.8498
6,0,LR,arm1,0.5,2,32,0.6562,0.1538,0.3448
6,0,LR,arm1,0.5,3,9,0.8889,0.9333,0.875
6,0,LR,arm1,0.1,0,22,0.8182,0.0,nan
6,0,LR,arm1,0.1,1,129,0.7519,0.7808,0.8167
6,0,LR,arm1,0.1,2,3,0.6667,0.8,0.5
6,0,LR,arm1,0.1,3,30,0.8667,0.9286,nan
6,0,LR,arm1,natural,0,59,0.678,0.6545,0.8103
6,0,LR,arm1,natural,1,57,0.8421,0.7805,0.849
6,0,LR,arm1,natural,2,28,0.8571,0.913,0.8854
6,0,LR,arm1,natural,3,40,0.775,0.8696,0.5167
6,0,LR,arm2,100,global,184,0.7609,0.7885,0.8303
6,0,LR,arm2,100,0,49,0.7959,0.7222,0.8943
6,0,LR,arm2,100,1,55,0.7273,0.7887,0.8085
6,0,LR,arm2,100,2,34,0.7647,0.8095,0.7614
6,0,LR,arm2,100,3,46,0.7609,0.8136,0.8036
6,0,LR,arm2,1.0,global,184,0.7609,0.7885,0.8282
6,0,LR,arm2,1.0,0,6,1.0,1.0,1.0
6,0,LR,arm2,1.0,1,76,0.6974,0.3784,0.8408
6,0,LR,arm2,1.0,2,66,0.7727,0.8571,0.8031
6,0,LR,arm2,1.0,3,36,0.8333,0.9032,0.899
6,0,LR,arm2,0.5,global,184,0.7772,0.8057,0.8281
6,0,LR,arm2,0.5,0,61,0.7869,0.7547,0.8947
6,0,LR,arm2,0.5,1,82,0.8293,0.8923,0.8517
6,0,LR,arm2,0.5,2,32,0.6562,0.1538,0.3793
6,0,LR,arm2,0.5,3,9,0.6667,0.8,0.75
6,0,LR,arm2,0.1,global,184,0.7663,0.7943,0.8283
6,0,LR,arm2,0.1,0,22,0.8182,0.0,nan
6,0,LR,arm2,0.1,1,129,0.7364,0.7639,0.8116
6,0,LR,arm2,0.1,2,3,0.6667,0.8,0.5
6,0,LR,arm2,0.1,3,30,0.8667,0.9286,nan
6,0,LR,arm2,natural,global,184,0.7609,0.7885,0.8277
6,0,LR,arm2,natural,0,59,0.678,0.6415,0.7943
6,0,LR,arm2,natural,1,57,0.8246,0.7619,0.8547
6,0,LR,arm2,natural,2,28,0.8214,0.8889,0.875
6,0,LR,arm2,natural,3,40,0.75,0.8529,0.5433
6,0,MLP,arm1,,global,184,0.7935,0.8273,0.8283
6,0,MLP,arm1,100,0,49,0.8163,0.7805,0.9122
6,0,MLP,arm1,100,1,55,0.7455,0.8056,0.781
6,0,MLP,arm1,100,2,34,0.8235,0.8696,0.7727
6,0,MLP,arm1,100,3,46,0.8043,0.8525,0.7976
6,0,MLP,arm1,1.0,0,6,1.0,1.0,1.0
6,0,MLP,arm1,1.0,1,76,0.6579,0.381,0.8076
6,0,MLP,arm1,1.0,2,66,0.8636,0.9189,0.8324
6,0,MLP,arm1,1.0,3,36,0.9167,0.9524,0.9495
6,0,MLP,arm1,0.5,0,61,0.7869,0.7719,0.8947
6,0,MLP,arm1,0.5,1,82,0.8659,0.9173,0.8418
6,0,MLP,arm1,0.5,2,32,0.5938,0.1333,0.3678
6,0,MLP,arm1,0.5,3,9,0.8889,0.9333,1.0
6,0,MLP,arm1,0.1,0,22,0.7727,0.0,nan
6,0,MLP,arm1,0.1,1,129,0.7674,0.8026,0.8087
6,0,MLP,arm1,0.1,2,3,0.6667,0.8,0.0
6,0,MLP,arm1,0.1,3,30,0.9333,0.9655,nan
6,0,MLP,arm1,natural,0,59,0.7288,0.7333,0.8046
6,0,MLP,arm1,natural,1,57,0.8246,0.7619,0.8234
6,0,MLP,arm1,natural,2,28,0.8929,0.9388,0.8854
6,0,MLP,arm1,natural,3,40,0.775,0.8696,0.5067
6,0,MLP,arm2,100,global,184,0.7663,0.7861,0.8292
6,0,MLP,arm2,100,0,49,0.8367,0.75,0.8996
6,0,MLP,arm2,100,1,55,0.7273,0.7887,0.7975
6,0,MLP,arm2,100,2,34,0.7353,0.7805,0.7652
6,0,MLP,arm2,100,3,46,0.7609,0.807,0.8095
6,0,MLP,arm2,1.0,global,184,0.7609,0.7755,0.8257
6,0,MLP,arm2,1.0,0,6,1.0,1.0,1.0
6,0,MLP,arm2,1.0,1,76,0.7763,0.4516,0.8391
6,0,MLP,arm2,1.0,2,66,0.697,0.8,0.7875
6,0,MLP,arm2,1.0,3,36,0.8056,0.8852,0.8889
6,0,MLP,arm2,0.5,global,184,0.788,0.8186,0.8281
6,0,MLP,arm2,0.5,0,61,0.8197,0.8,0.8982
6,0,MLP,arm2,0.5,1,82,0.8415,0.9008,0.8507
6,0,MLP,arm2,0.5,2,32,0.625,0.1429,0.4483
6,0,MLP,arm2,0.5,3,9,0.6667,0.8,0.75
6,0,MLP,arm2,0.1,global,184,0.7935,0.8304,0.8354
6,0,MLP,arm2,0.1,0,22,0.7273,0.0,nan
6,0,MLP,arm2,0.1,1,129,0.7674,0.8052,0.8198
6,0,MLP,arm2,0.1,2,3,0.6667,0.8,0.0
6,0,MLP,arm2,0.1,3,30,0.9667,0.9831,nan
6,0,MLP,arm2,natural,global,184,0.788,0.8251,0.8225
6,0,MLP,arm2,natural,0,59,0.7458,0.7541,0.7977
6,0,MLP,arm2,natural,1,57,0.807,0.7442,0.8504
6,0,MLP,arm2,natural,2,28,0.8929,0.9388,0.8438
6,0,MLP,arm2,natural,3,40,0.75,0.8571,0.4767
6,1,LR,arm1,,global,184,0.7772,0.796,0.8369
6,1,LR,arm1,100,0,48,0.6875,0.6939,0.7292
6,1,LR,arm1,100,1,46,0.7609,0.7843,0.8365
6,1,LR,arm1,100,2,44,0.8864,0.8936,0.9771
6,1,LR,arm1,100,3,46,0.7826,0.8148,0.8492
6,1,LR,arm1,1.0,0,6,0.6667,0.6667,0.7778
6,1,LR,arm1,1.0,1,75,0.7467,0.3871,0.7123
6,1,LR,arm1,1.0,2,62,0.7581,0.8485,0.8727
6,1,LR,arm1,1.0,3,41,0.878,0.9231,0.919
6,1,LR,arm1,0.5,0,49,0.6531,0.6222,0.6894
6,1,LR,arm1,0.5,1,84,0.8214,0.8855,0.858
6,1,LR,arm1,0.5,2,46,0.8261,0.5556,0.9231
6,1,LR,arm1,0.5,3,5,0.8,0.8571,1.0
6,1,LR,arm1,0.1,0,13,0.7692,0.0,nan
6,1,LR,arm1,0.1,1,140,0.7714,0.7746,0.8228
6,1,LR,arm1,0.1,2,4,0.5,0.6667,nan
6,1,LR,arm1,0.1,3,27,0.8519,0.92,nan
6,1,LR,arm1,natural,0,55,0.7818,0.7,0.8171
6,1,LR,arm1,natural,1,63,0.7778,0.7667,0.8424
6,1,LR,arm1,natural,2,19,0.7895,0.875,0.6765
6,1,LR,arm1,natural,3,47,0.766,0.8406,0.7607
6,1,LR,arm2,100,global,184,0.7609,0.78,0.8363
6,1,LR,arm2,100,0,48,0.6875,0.6939,0.7309
6,1,LR,arm2,100,1,46,0.7391,0.76,0.8423
6,1,LR,arm2,100,2,44,0.8636,0.875,0.9646
6,1,LR,arm2,100,3,46,0.7609,0.7925,0.8512
6,1,LR,arm2,1.0,global,184,0.7717,0.7921,0.8352
6,1,LR,arm2,1.0,0,6,0.6667,0.6667,0.7778
6,1,LR,arm2,1.0,1,75,0.7333,0.375,0.7092
6,1,LR,arm2,1.0,2,62,0.7903,0.8713,0.8727
6,1,LR,arm2,1.0,3,41,0.8293,0.8889,0.919
6,1,LR,arm2,0.5,global,184,0.7772,0.796,0.8355
6,1,LR,arm2,0.5,0,49,0.6531,0.6047,0.7012
6,1,LR,arm2,0.5,1,84,0.8452,0.9023,0.8589
6,1,LR,arm2,0.5,2,46,0.8043,0.5263,0.9084
6,1,LR,arm2,0.5,3,5,0.6,0.6667,1.0
6,1,LR,arm2,0.1,global,184,0.7826,0.8039,0.8364
6,1,LR,arm2,0.1,0,13,0.7692,0.0,nan
6,1,LR,arm2,0.1,1,140,0.7714,0.7778,0.8222
6,1,LR,arm2,0.1,2,4,0.5,0.6667,nan
6,1,LR,arm2,0.1,3,27,0.8889,0.9412,nan
6,1,LR,arm2,natural,global,184,0.7772,0.796,0.8352
6,1,LR,arm2,natural,0,55,0.7818,0.7,0.7957
6,1,LR,arm2,natural,1,63,0.7937,0.7869,0.8404
6,1,LR,arm2,natural,2,19,0.8421,0.9091,0.6765
6,1,LR,arm2,natural,3,47,0.7234,0.806,0.7583
6,1,MLP,arm1,,global,184,0.7609,0.7905,0.8425
6,1,MLP,arm1,100,0,48,0.6667,0.6923,0.7483
6,1,MLP,arm1,100,1,46,0.7391,0.76,0.8327
6,1,MLP,arm1,100,2,44,0.8864,0.9057,0.9812
6,1,MLP,arm1,100,3,46,0.7609,0.8,0.8631
6,1,MLP,arm1,1.0,0,6,0.6667,0.6667,0.8889
6,1,MLP,arm1,1.0,1,75,0.6933,0.3784,0.7462
6,1,MLP,arm1,1.0,2,62,0.8065,0.8824,0.8681
6,1,MLP,arm1,1.0,3,41,0.8293,0.8923,0.9
6,1,MLP,arm1,0.5,0,49,0.6122,0.5957,0.7045
6,1,MLP,arm1,0.5,1,84,0.8452,0.9023,0.8657
6,1,MLP,arm1,0.5,2,46,0.7609,0.5217,0.9304
6,1,MLP,arm1,0.5,3,5,0.8,0.8571,1.0
6,1,MLP,arm1,0.1,0,13,0.6923,0.0,nan
6,1,MLP,arm1,0.1,1,140,0.75,0.7651,0.8283
6,1,MLP,arm1,0.1,2,4,0.75,0.8571,nan
6,1,MLP,arm1,0.1,3,27,0.8519,0.92,nan
6,1,MLP,arm1,natural,0,55,0.6909,0.6222,0.8257
6,1,MLP,arm1,natural,1,63,0.7778,0.7667,0.8455
6,1,MLP,arm1,natural,2,19,0.8421,0.9143,0.6765
6,1,MLP,arm1,natural,3,47,0.7872,0.8571,0.775
6,1,MLP,arm2,100,global,184,0.7609,0.7634,0.8384
6,1,MLP,arm2,100,0,48,0.6667,0.6667,0.7205
6,1,MLP,arm2,100,1,46,0.6739,0.6667,0.8269
6,1,MLP,arm2,100,2,44,0.9091,0.9091,0.9854
6,1,MLP,arm2,100,3,46,0.8043,0.8163,0.8611
6,1,MLP,arm2,1.0,global,184,0.7554,0.7982,0.8402
6,1,MLP,arm2,1.0,0,6,0.6667,0.6667,0.7778
6,1,MLP,arm2,1.0,1,75,0.6667,0.359,0.7292
6,1,MLP,arm2,1.0,2,62,0.8226,0.8972,0.8727
6,1,MLP,arm2,1.0,3,41,0.8293,0.9014,0.9143
6,1,MLP,arm2,0.5,global,184,0.7554,0.7692,0.8348
6,1,MLP,arm2,0.5,0,49,0.6531,0.6047,0.6995
6,1,MLP,arm2,0.5,1,84,0.7857,0.8594,0.8589
6,1,MLP,arm2,0.5,2,46,0.8261,0.5556,0.9121
6,1,MLP,arm2,0.5,3,5,0.6,0.6667,1.0
6,1,MLP,arm2,0.1,global,184,0.7554,0.7541,0.8346
6,1,MLP,arm2,0.1,0,13,0.8462,0.0,nan
6,1,MLP,arm2,0.1,1,140,0.75,0.7244,0.8245
6,1,MLP,arm2,0.1,2,4,0.5,0.6667,nan
6,1,MLP,arm2,0.1,3,27,0.7778,0.875,nan
6,1,MLP,arm2,natural,global,184,0.7446,0.7513,0.837
6,1,MLP,arm2,natural,0,55,0.7818,0.6842,0.79
6,1,MLP,arm2,natural,1,63,0.7778,0.7586,0.8424
6,1,MLP,arm2,natural,2,19,0.6842,0.8,0.6471
6,1,MLP,arm2,natural,3,47,0.6809,0.7619,0.7821
6,2,LR,arm1,,global,184,0.7772,0.8075,0.874
6,2,LR,arm1,100,0,42,0.7381,0.7442,0.7982
6,2,LR,arm1,100,1,44,0.75,0.8,0.8526
6,2,LR,arm1,100,2,46,0.8478,0.8679,0.9792
6,2,LR,arm1,100,3,52,0.7692,0.8065,0.8633
6,2,LR,arm1,1.0,0,4,0.75,0.6667,0.6667
6,2,LR,arm1,1.0,1,84,0.7381,0.5926,0.8636
6,2,LR,arm1,1.0,2,58,0.8103,0.8866,0.8768
6,2,LR,arm1,1.0,3,38,0.8158,0.8814,0.8854
6,2,LR,arm1,0.5,0,50,0.84,0.8333,0.888
6,2,LR,arm1,0.5,1,78,0.7692,0.8615,0.787
6,2,LR,arm1,0.5,2,49,0.7347,0.4348,0.8435
6,2,LR,arm1,0.5,3,7,0.7143,0.8333,0.8333
6,2,LR,arm1,0.1,0,13,0.6154,0.0,nan
6,2,LR,arm1,0.1,1,133,0.7744,0.7826,0.8735
6,2,LR,arm1,0.1,2,8,0.875,0.9333,nan
6,2,LR,arm1,0.1,3,30,0.8333,0.9091,0.6207
6,2,LR,arm1,natural,0,64,0.7344,0.6792,0.8338
6,2,LR,arm1,natural,1,52,0.7308,0.65,0.8264
6,2,LR,arm1,natural,2,26,0.8846,0.9388,nan
6,2,LR,arm1,natural,3,42,0.8333,0.9014,0.8653
6,2,LR,arm2,100,global,184,0.7826,0.8095,0.8682
6,2,LR,arm2,100,0,42,0.7143,0.7143,0.7959
6,2,LR,arm2,100,1,44,0.75,0.8,0.8376
6,2,LR,arm2,100,2,46,0.8696,0.8846,0.9754
6,2,LR,arm2,100,3,52,0.7885,0.8197,0.8525
6,2,LR,arm2,1.0,global,184,0.788,0.8134,0.8665
6,2,LR,arm2,1.0,0,4,0.75,0.6667,0.6667
6,2,LR,arm2,1.0,1,84,0.75,0.5882,0.8704
6,2,LR,arm2,1.0,2,58,0.8103,0.8866,0.8852
6,2,LR,arm2,1.0,3,38,0.8421,0.8966,0.875
6,2,LR,arm2,0.5,global,184,0.7772,0.8075,0.8648
6,2,LR,arm2,0.5,0,50,0.82,0.8163,0.8961
6,2,LR,arm2,0.5,1,78,0.7821,0.8682,0.7666
6,2,LR,arm2,0.5,2,49,0.7347,0.4348,0.8333
6,2,LR,arm2,0.5,3,7,0.7143,0.8333,0.8333
6,2,LR,arm2,0.1,global,184,0.7935,0.819,0.8672
6,2,LR,arm2,0.1,0,13,0.6154,0.0,nan
6,2,LR,arm2,0.1,1,133,0.797,0.8,0.8706
6,2,LR,arm2,0.1,2,8,0.875,0.9333,nan
6,2,LR,arm2,0.1,3,30,0.8333,0.9091,0.4483
6,2,LR,arm2,natural,global,184,0.7935,0.8173,0.8655
6,2,LR,arm2,natural,0,64,0.7344,0.6667,0.8378
6,2,LR,arm2,natural,1,52,0.7692,0.6842,0.8333
6,2,LR,arm2,natural,2,26,0.8846,0.9388,nan
6,2,LR,arm2,natural,3,42,0.8571,0.9143,0.8822
6,2,MLP,arm1,,global,184,0.788,0.8079,0.8778
6,2,MLP,arm1,100,0,42,0.6905,0.6829,0.7846
6,2,MLP,arm1,100,1,44,0.75,0.7925,0.8504
6,2,MLP,arm1,100,2,46,0.8913,0.902,0.9811
6,2,MLP,arm1,100,3,52,0.8077,0.8276,0.8679
6,2,MLP,arm1,1.0,0,4,0.75,0.0,1.0
6,2,MLP,arm1,1.0,1,84,0.7619,0.6,0.8544
6,2,MLP,arm1,1.0,2,58,0.8103,0.8842,0.8852
6,2,MLP,arm1,1.0,3,38,0.8158,0.8772,0.8958
6,2,MLP,arm1,0.5,0,50,0.82,0.8085,0.8718
6,2,MLP,arm1,0.5,1,78,0.7436,0.8413,0.791
6,2,MLP,arm1,0.5,2,49,0.8163,0.5263,0.8537
6,2,MLP,arm1,0.5,3,7,0.8571,0.9091,1.0
6,2,MLP,arm1,0.1,0,13,0.6923,0.0,nan
6,2,MLP,arm1,0.1,1,133,0.7895,0.7879,0.8733
6,2,MLP,arm1,0.1,2,8,0.875,0.9333,nan
6,2,MLP,arm1,0.1,3,30,0.8,0.8846,0.8276
6,2,MLP,arm1,natural,0,64,0.75,0.68,0.8308
6,2,MLP,arm1,natural,1,52,0.75,0.6286,0.8281
6,2,MLP,arm1,natural,2,26,0.8846,0.9388,nan
6,2,MLP,arm1,natural,3,42,0.8333,0.8986,0.8687
6,2,MLP,arm2,100,global,184,0.7717,0.8174,0.8783
6,2,MLP,arm2,100,0,42,0.7143,0.75,0.7914
6,2,MLP,arm2,100,1,44,0.7273,0.8,0.8547
6,2,MLP,arm2,100,2,46,0.8261,0.8571,0.9811
6,2,MLP,arm2,100,3,52,0.8077,0.8485,0.8694
6,2,MLP,arm2,1.0,global,184,0.7446,0.7487,0.8588
6,2,MLP,arm2,1.0,0,4,0.5,0.0,0.6667
6,2,MLP,arm2,1.0,1,84,0.7738,0.5366,0.8628
6,2,MLP,arm2,1.0,2,58,0.7586,0.8478,0.8796
6,2,MLP,arm2,1.0,3,38,0.6842,0.7692,0.8646
6,2,MLP,arm2,0.5,global,184,0.7772,0.8093,0.8667
6,2,MLP,arm2,0.5,0,50,0.86,0.8571,0.8815
6,2,MLP,arm2,0.5,1,78,0.7821,0.8682,0.7856
6,2,MLP,arm2,0.5,2,49,0.6939,0.4,0.8265
6,2,MLP,arm2,0.5,3,7,0.7143,0.8333,0.8333
6,2,MLP,arm2,0.1,global,184,0.7717,0.7921,0.8729
6,2,MLP,arm2,0.1,0,13,0.6923,0.0,nan
6,2,MLP,arm2,0.1,1,133,0.7744,0.7692,0.867
6,2,MLP,arm2,0.1,2,8,0.875,0.9333,nan
6,2,MLP,arm2,0.1,3,30,0.7667,0.8679,0.7931
6,2,MLP,arm2,natural,global,184,0.7717,0.8158,0.8736
6,2,MLP,arm2,natural,0,64,0.7344,0.7302,0.8388
6,2,MLP,arm2,natural,1,52,0.6923,0.6364,0.8247
6,2,MLP,arm2,natural,2,26,0.9231,0.96,nan
6,2,MLP,arm2,natural,3,42,0.8333,0.9014,0.9024
6,3,LR,arm1,,global,184,0.788,0.8169,0.8594
6,3,LR,arm1,100,0,51,0.8235,0.8421,0.9123
6,3,LR,arm1,100,1,44,0.7955,0.8421,0.7974
6,3,LR,arm1,100,2,48,0.7917,0.8148,0.8907
6,3,LR,arm1,100,3,41,0.7317,0.7556,0.8062
6,3,LR,arm1,1.0,0,5,0.6,0.6667,0.6667
6,3,LR,arm1,1.0,1,75,0.7467,0.4865,0.8369
6,3,LR,arm1,1.0,2,69,0.8551,0.9153,0.85
6,3,LR,arm1,1.0,3,35,0.7714,0.8462,0.8276
6,3,LR,arm1,0.5,0,57,0.8246,0.8333,0.8938
6,3,LR,arm1,0.5,1,75,0.8,0.876,0.8135
6,3,LR,arm1,0.5,2,41,0.7317,0.3529,0.8514
6,3,LR,arm1,0.5,3,11,0.7273,0.8,0.7917
6,3,LR,arm1,0.1,0,19,0.7368,0.0,nan
6,3,LR,arm1,0.1,1,128,0.7969,0.8169,0.8681
6,3,LR,arm1,0.1,2,2,1.0,1.0,nan
6,3,LR,arm1,0.1,3,35,0.7714,0.871,nan
6,3,LR,arm1,natural,0,63,0.8254,0.8197,0.9051
6,3,LR,arm1,natural,1,55,0.7636,0.6829,0.8483
6,3,LR,arm1,natural,2,29,0.8276,0.9057,0.6071
6,3,LR,arm1,natural,3,37,0.7297,0.8276,0.7413
6,3,LR,arm2,100,global,184,0.7663,0.7981,0.8516
6,3,LR,arm2,100,0,51,0.8039,0.8214,0.9138
6,3,LR,arm2,100,1,44,0.75,0.807,0.78
6,3,LR,arm2,100,2,48,0.7708,0.8,0.8889
6,3,LR,arm2,100,3,41,0.7317,0.7556,0.7919
6,3,LR,arm2,1.0,global,184,0.75,0.781,0.8491
6,3,LR,arm2,1.0,0,5,0.4,0.4,0.6667
6,3,LR,arm2,1.0,1,75,0.72,0.4615,0.8415
6,3,LR,arm2,1.0,2,69,0.8261,0.8966,0.837
6,3,LR,arm2,1.0,3,35,0.7143,0.8,0.8448
6,3,LR,arm2,0.5,global,184,0.7446,0.7834,0.849
6,3,LR,arm2,0.5,0,57,0.7895,0.8065,0.8914
6,3,LR,arm2,0.5,1,75,0.76,0.85,0.8003
6,3,LR,arm2,0.5,2,41,0.6585,0.3,0.8446
6,3,LR,arm2,0.5,3,11,0.7273,0.8,0.7917
6,3,LR,arm2,0.1,global,184,0.7609,0.7963,0.8511
6,3,LR,arm2,0.1,0,19,0.7368,0.0,nan
6,3,LR,arm2,0.1,1,128,0.7656,0.7945,0.8586
6,3,LR,arm2,0.1,2,2,1.0,1.0,nan
6,3,LR,arm2,0.1,3,35,0.7429,0.8525,nan
6,3,LR,arm2,natural,global,184,0.7609,0.7885,0.8468
6,3,LR,arm2,natural,0,63,0.8095,0.8065,0.8879
6,3,LR,arm2,natural,1,55,0.7636,0.6829,0.8589
6,3,LR,arm2,natural,2,29,0.7931,0.8846,0.6786
6,3,LR,arm2,natural,3,37,0.6486,0.7547,0.7273
6,3,MLP,arm1,,global,184,0.7663,0.7817,0.8614
6,3,MLP,arm1,100,0,51,0.8039,0.8077,0.9138
6,3,MLP,arm1,100,1,44,0.7273,0.7778,0.7974
6,3,MLP,arm1,100,2,48,0.75,0.76,0.8889
6,3,MLP,arm1,100,3,41,0.7805,0.7805,0.811
6,3,MLP,arm1,1.0,0,5,0.4,0.4,0.6667
6,3,MLP,arm1,1.0,1,75,0.7867,0.5,0.8231
6,3,MLP,arm1,1.0,2,69,0.8116,0.8829,0.8444
6,3,MLP,arm1,1.0,3,35,0.6857,0.7755,0.8218
6,3,MLP,arm1,0.5,0,57,0.807,0.8,0.8975
6,3,MLP,arm1,0.5,1,75,0.7067,0.807,0.8108
6,3,MLP,arm1,0.5,2,41,0.8293,0.4615,0.8784
6,3,MLP,arm1,0.5,3,11,0.7273,0.8,0.8333
6,3,MLP,arm1,0.1,0,19,0.8421,0.0,nan
6,3,MLP,arm1,0.1,1,128,0.7812,0.7879,0.8664
6,3,MLP,arm1,0.1,2,2,1.0,1.0,nan
6,3,MLP,arm1,0.1,3,35,0.6571,0.7931,nan
6,3,MLP,arm1,natural,0,63,0.8254,0.807,0.9061
6,3,MLP,arm1,natural,1,55,0.8,0.7027,0.8363
6,3,MLP,arm1,natural,2,29,0.7241,0.84,0.5714
6,3,MLP,arm1,natural,3,37,0.6486,0.7547,0.7413
6,3,MLP,arm2,100,global,184,0.7663,0.7839,0.8596
6,3,MLP,arm2,100,0,51,0.7843,0.7925,0.9123
6,3,MLP,arm2,100,1,44,0.75,0.8,0.793
6,3,MLP,arm2,100,2,48,0.75,0.76,0.8924
6,3,MLP,arm2,100,3,41,0.7805,0.7805,0.811
6,3,MLP,arm2,1.0,global,184,0.7554,0.7805,0.852
6,3,MLP,arm2,1.0,0,5,0.4,0.4,0.6667
6,3,MLP,arm2,1.0,1,75,0.76,0.5,0.8385
6,3,MLP,arm2,1.0,2,69,0.7971,0.8772,0.8574
6,3,MLP,arm2,1.0,3,35,0.7143,0.8,0.8218
6,3,MLP,arm2,0.5,global,184,0.7391,0.7778,0.8528
6,3,MLP,arm2,0.5,0,57,0.7719,0.7937,0.8926
6,3,MLP,arm2,0.5,1,75,0.7467,0.8403,0.8095
6,3,MLP,arm2,0.5,2,41,0.6829,0.3158,0.8716
6,3,MLP,arm2,0.5,3,11,0.7273,0.8,0.7917
6,3,MLP,arm2,0.1,global,184,0.7554,0.8085,0.8639
6,3,MLP,arm2,0.1,0,19,0.5263,0.0,nan
6,3,MLP,arm2,0.1,1,128,0.7344,0.7792,0.864
6,3,MLP,arm2,0.1,2,2,1.0,1.0,nan
6,3,MLP,arm2,0.1,3,35,0.9429,0.9706,nan
6,3,MLP,arm2,natural,global,184,0.7717,0.8158,0.8566
6,3,MLP,arm2,natural,0,63,0.8254,0.8308,0.8949
6,3,MLP,arm2,natural,1,55,0.6727,0.64,0.8589
6,3,MLP,arm2,natural,2,29,0.8276,0.9057,0.6786
6,3,MLP,arm2,natural,3,37,0.7838,0.8667,0.7413
6,4,LR,arm1,,global,184,0.7554,0.7805,0.8338
6,4,LR,arm1,100,0,46,0.6957,0.7083,0.8231
6,4,LR,arm1,100,1,46,0.7391,0.7778,0.7996
6,4,LR,arm1,100,2,41,0.7805,0.8163,0.8201
6,4,LR,arm1,100,3,51,0.8039,0.8148,0.9244
6,4,LR,arm1,1.0,0,6,0.6667,0.6667,0.75
6,4,LR,arm1,1.0,1,71,0.7324,0.4571,0.9444
6,4,LR,arm1,1.0,2,67,0.7612,0.8462,0.8453
6,4,LR,arm1,1.0,3,40,0.8,0.8667,0.9221
6,4,LR,arm1,0.5,0,61,0.6885,0.7077,0.7866
6,4,LR,arm1,0.5,1,69,0.7826,0.8571,0.8173
6,4,LR,arm1,0.5,2,40,0.8,0.5556,0.9118
6,4,LR,arm1,0.5,3,14,0.7857,0.8235,0.925
6,4,LR,arm1,0.1,0,20,0.75,0.0,nan
6,4,LR,arm1,0.1,1,116,0.6983,0.6789,0.7928
6,4,LR,arm1,0.1,2,9,0.7778,0.875,0.625
6,4,LR,arm1,0.1,3,39,0.9231,0.96,nan
6,4,LR,arm1,natural,0,62,0.8226,0.8136,0.8746
6,4,LR,arm1,natural,1,67,0.7313,0.7097,0.9089
6,4,LR,arm1,natural,2,21,0.7619,0.8649,0.75
6,4,LR,arm1,natural,3,34,0.6765,0.766,0.5689
6,4,LR,arm2,100,global,184,0.75,0.7745,0.8307
6,4,LR,arm2,100,0,46,0.6957,0.7083,0.8212
6,4,LR,arm2,100,1,46,0.7174,0.7547,0.7976
6,4,LR,arm2,100,2,41,0.7561,0.8,0.8122
6,4,LR,arm2,100,3,51,0.8235,0.8302,0.9228
6,4,LR,arm2,1.0,global,184,0.7446,0.7685,0.8275
6,4,LR,arm2,1.0,0,6,0.6667,0.6667,0.75
6,4,LR,arm2,1.0,1,71,0.7324,0.4571,0.9345
6,4,LR,arm2,1.0,2,67,0.7313,0.8235,0.8432
6,4,LR,arm2,1.0,3,40,0.8,0.8667,0.9134
6,4,LR,arm2,0.5,global,184,0.75,0.7745,0.8315
6,4,LR,arm2,0.5,0,61,0.6885,0.6984,0.7834
6,4,LR,arm2,0.5,1,69,0.7681,0.8491,0.8041
6,4,LR,arm2,0.5,2,40,0.8,0.5556,0.9314
6,4,LR,arm2,0.5,3,14,0.7857,0.8235,0.925
6,4,LR,arm2,0.1,global,184,0.7554,0.7783,0.8295
6,4,LR,arm2,0.1,0,20,0.8,0.0,nan
6,4,LR,arm2,0.1,1,116,0.6983,0.6789,0.7854
6,4,LR,arm2,0.1,2,9,0.7778,0.875,0.875
6,4,LR,arm2,0.1,3,39,0.8974,0.9459,nan
6,4,LR,arm2,natural,global,184,0.7446,0.7685,0.8272
6,4,LR,arm2,natural,0,62,0.7903,0.7797,0.861
6,4,LR,arm2,natural,1,67,0.7313,0.7097,0.9205
6,4,LR,arm2,natural,2,21,0.7619,0.8571,0.75
6,4,LR,arm2,natural,3,34,0.6765,0.766,0.5778
6,4,MLP,arm1,,global,184,0.7554,0.7926,0.8337
6,4,MLP,arm1,100,0,46,0.6957,0.72,0.8173
6,4,MLP,arm1,100,1,46,0.7609,0.8136,0.8194
6,4,MLP,arm1,100,2,41,0.8049,0.8462,0.8254
6,4,MLP,arm1,100,3,51,0.7647,0.7857,0.8951
6,4,MLP,arm1,1.0,0,6,0.6667,0.6667,0.75
6,4,MLP,arm1,1.0,1,71,0.6761,0.4103,0.9365
6,4,MLP,arm1,1.0,2,67,0.8209,0.8909,0.8432
6,4,MLP,arm1,1.0,3,40,0.8,0.871,0.9177
6,4,MLP,arm1,0.5,0,61,0.7049,0.7429,0.7877
6,4,MLP,arm1,0.5,1,69,0.8116,0.8807,0.8377
6,4,MLP,arm1,0.5,2,40,0.725,0.4211,0.8725
6,4,MLP,arm1,0.5,3,14,0.7857,0.8421,0.925
6,4,MLP,arm1,0.1,0,20,0.75,0.0,nan
6,4,MLP,arm1,0.1,1,116,0.7069,0.7213,0.7985
6,4,MLP,arm1,0.1,2,9,0.6667,0.8,0.625
6,4,MLP,arm1,0.1,3,39,0.9231,0.96,nan
6,4,MLP,arm1,natural,0,62,0.8226,0.8308,0.8767
6,4,MLP,arm1,natural,1,67,0.7164,0.6984,0.9021
6,4,MLP,arm1,natural,2,21,0.8095,0.8947,0.75
6,4,MLP,arm1,natural,3,34,0.6765,0.7843,0.5689
6,4,MLP,arm2,100,global,184,0.7446,0.759,0.8247
6,4,MLP,arm2,100,0,46,0.7174,0.7111,0.8173
6,4,MLP,arm2,100,1,46,0.6739,0.7059,0.7857
6,4,MLP,arm2,100,2,41,0.7561,0.7917,0.8201
6,4,MLP,arm2,100,3,51,0.8235,0.8235,0.8951
6,4,MLP,arm2,1.0,global,184,0.75,0.7745,0.8303
6,4,MLP,arm2,1.0,0,6,0.6667,0.6667,0.75
6,4,MLP,arm2,1.0,1,71,0.7324,0.4571,0.9484
6,4,MLP,arm2,1.0,2,67,0.7463,0.835,0.8305
6,4,MLP,arm2,1.0,3,40,0.8,0.8667,0.9221
6,4,MLP,arm2,0.5,global,184,0.7772,0.8057,0.8337
6,4,MLP,arm2,0.5,0,61,0.7541,0.7761,0.7996
6,4,MLP,arm2,0.5,1,69,0.7971,0.8679,0.8129
6,4,MLP,arm2,0.5,2,40,0.75,0.5,0.9167
6,4,MLP,arm2,0.5,3,14,0.8571,0.8889,0.95
6,4,MLP,arm2,0.1,global,184,0.7554,0.7644,0.8244
6,4,MLP,arm2,0.1,0,20,0.85,0.0,nan
6,4,MLP,arm2,0.1,1,116,0.7155,0.6796,0.7872
6,4,MLP,arm2,0.1,2,9,0.6667,0.7692,0.625
6,4,MLP,arm2,0.1,3,39,0.8462,0.9167,nan
6,4,MLP,arm2,natural,global,184,0.7663,0.8,0.8294
6,4,MLP,arm2,natural,0,62,0.8387,0.8387,0.8683
6,4,MLP,arm2,natural,1,67,0.7313,0.7188,0.9157
6,4,MLP,arm2,natural,2,21,0.8095,0.8947,0.75
6,4,MLP,arm2,natural,3,34,0.6765,0.7843,0.5867
7,0,LR,arm1,,global,184,0.7283,0.7549,0.824
7,0,LR,arm1,100,0,57,0.7018,0.7463,0.8095
7,0,LR,arm1,100,1,51,0.7451,0.7797,0.8254
7,0,LR,arm1,100,2,33,0.7273,0.7568,0.8222
7,0,LR,arm1,100,3,43,0.7442,0.7317,0.8531
7,0,LR,arm1,1.0,0,21,0.6667,0.3636,0.7593
7,0,LR,arm1,1.0,1,38,0.7368,0.8077,0.8506
7,0,LR,arm1,1.0,2,105,0.7429,0.7692,0.8513
7,0,LR,arm1,1.0,3,20,0.7,0.75,0.7802
7,0,LR,arm1,0.5,0,37,0.6757,0.75,0.7567
7,0,LR,arm1,0.5,1,99,0.7475,0.8,0.8196
7,0,LR,arm1,0.5,2,31,0.7419,0.0,nan
7,0,LR,arm1,0.5,3,17,0.7059,0.7826,0.7667
7,0,LR,arm1,0.1,0,24,0.6667,0.0,nan
7,0,LR,arm1,0.1,1,9,0.5556,0.7143,nan
7,0,LR,arm1,0.1,2,8,0.875,0.9333,nan
7,0,LR,arm1,0.1,3,143,0.7413,0.7784,0.8428
7,0,LR,arm1,natural,0,57,0.7719,0.7234,0.875
7,0,LR,arm1,natural,1,60,0.7333,0.6923,0.8612
7,0,LR,arm1,natural,2,26,0.7308,0.8444,0.76
7,0,LR,arm1,natural,3,41,0.6585,0.7667,0.6092
7,0,LR,arm2,100,global,184,0.712,0.7363,0.8116
7,0,LR,arm2,100,0,57,0.6842,0.7273,0.8095
7,0,LR,arm2,100,1,51,0.7059,0.7458,0.8063
7,0,LR,arm2,100,2,33,0.7576,0.7778,0.8074
7,0,LR,arm2,100,3,43,0.7209,0.7,0.8268
7,0,LR,arm2,1.0,global,184,0.7174,0.7426,0.8104
7,0,LR,arm2,1.0,0,21,0.619,0.2,0.7407
7,0,LR,arm2,1.0,1,38,0.7105,0.7843,0.8352
7,0,LR,arm2,1.0,2,105,0.7429,0.7692,0.8364
7,0,LR,arm2,1.0,3,20,0.7,0.75,0.7473
7,0,LR,arm2,0.5,global,184,0.712,0.7337,0.8081
7,0,LR,arm2,0.5,0,37,0.6486,0.7111,0.7567
7,0,LR,arm2,0.5,1,99,0.7273,0.784,0.7996
7,0,LR,arm2,0.5,2,31,0.7742,0.0,nan
7,0,LR,arm2,0.5,3,17,0.6471,0.7273,0.7667
7,0,LR,arm2,0.1,global,184,0.7228,0.7512,0.8094
7,0,LR,arm2,0.1,0,24,0.6667,0.0,nan
7,0,LR,arm2,0.1,1,9,0.5556,0.7143,nan
7,0,LR,arm2,0.1,2,8,0.875,0.9333,nan
7,0,LR,arm2,0.1,3,143,0.7343,0.7738,0.8253
7,0,LR,arm2,natural,global,184,0.7011,0.7208,0.8062
7,0,LR,arm2,natural,0,57,0.7193,0.6667,0.8487
7,0,LR,arm2,natural,1,60,0.7333,0.68,0.8648
7,0,LR,arm2,natural,2,26,0.7308,0.8372,0.72
7,0,LR,arm2,natural,3,41,0.6098,0.7143,0.5977
7,0,MLP,arm1,,global,184,0.7446,0.7814,0.8375
7,0,MLP,arm1,100,0,57,0.7018,0.7671,0.821
7,0,MLP,arm1,100,1,51,0.7843,0.8197,0.8429
7,0,MLP,arm1,100,2,33,0.7273,0.7692,0.837
7,0,MLP,arm1,100,3,43,0.7674,0.7619,0.864
7,0,MLP,arm1,1.0,0,21,0.5714,0.4,0.8704
7,0,MLP,arm1,1.0,1,38,0.7895,0.8519,0.8736
7,0,MLP,arm1,1.0,2,105,0.7714,0.8,0.8531
7,0,MLP,arm1,1.0,3,20,0.7,0.7692,0.7912
7,0,MLP,arm1,0.5,0,37,0.6757,0.7692,0.7667
7,0,MLP,arm1,0.5,1,99,0.7778,0.8308,0.842
7,0,MLP,arm1,0.5,2,31,0.7419,0.0,nan
7,0,MLP,arm1,0.5,3,17,0.7059,0.8,0.7833
7,0,MLP,arm1,0.1,0,24,0.5833,0.0,nan
7,0,MLP,arm1,0.1,1,9,0.6667,0.8,nan
7,0,MLP,arm1,0.1,2,8,0.875,0.9333,nan
7,0,MLP,arm1,0.1,3,143,0.7692,0.8114,0.8666
7,0,MLP,arm1,natural,0,57,0.7368,0.7273,0.8787
7,0,MLP,arm1,natural,1,60,0.7833,0.7451,0.878
7,0,MLP,arm1,natural,2,26,0.7692,0.8696,0.68
7,0,MLP,arm1,natural,3,41,0.6829,0.7937,0.6264
7,0,MLP,arm2,100,global,184,0.7446,0.7565,0.8213
7,0,MLP,arm2,100,0,57,0.7193,0.75,0.8069
7,0,MLP,arm2,100,1,51,0.7451,0.7719,0.8238
7,0,MLP,arm2,100,2,33,0.7576,0.7778,0.8296
7,0,MLP,arm2,100,3,43,0.7674,0.7222,0.8333
7,0,MLP,arm2,1.0,global,184,0.7283,0.7685,0.8255
7,0,MLP,arm2,1.0,0,21,0.5238,0.375,0.7778
7,0,MLP,arm2,1.0,1,38,0.7632,0.8302,0.8506
7,0,MLP,arm2,1.0,2,105,0.7619,0.7934,0.8517
7,0,MLP,arm2,1.0,3,20,0.7,0.7692,0.7582
7,0,MLP,arm2,0.5,global,184,0.75,0.77,0.8226
7,0,MLP,arm2,0.5,0,37,0.6757,0.75,0.76
7,0,MLP,arm2,0.5,1,99,0.7576,0.8065,0.8263
7,0,MLP,arm2,0.5,2,31,0.8387,0.0,nan
7,0,MLP,arm2,0.5,3,17,0.7059,0.7826,0.7167
7,0,MLP,arm2,0.1,global,184,0.75,0.7629,0.8149
7,0,MLP,arm2,0.1,0,24,0.7917,0.0,nan
7,0,MLP,arm2,0.1,1,9,0.5556,0.7143,nan
7,0,MLP,arm2,0.1,2,8,0.875,0.9333,nan
7,0,MLP,arm2,0.1,3,143,0.7483,0.775,0.8432
7,0,MLP,arm2,natural,global,184,0.7337,0.7763,0.8221
7,0,MLP,arm2,natural,0,57,0.7544,0.7407,0.8638
7,0,MLP,arm2,natural,1,60,0.7167,0.6909,0.8732
7,0,MLP,arm2,natural,2,26,0.8077,0.8936,0.68
7,0,MLP,arm2,natural,3,41,0.6829,0.7937,0.6006
7,1,LR,arm1,,global,184,0.8207,0.839,0.8869
7,1,LR,arm1,100,0,55,0.8727,0.9014,0.9386
7,1,LR,arm1,100,1,36,0.75,0.7097,0.8
7,1,LR,arm1,100,2,46,0.8261,0.8519,0.8811
7,1,LR,arm1,100,3,47,0.8085,0.8163,0.8949
7,1,LR,arm1,1.0,0,29,0.7931,0.7,0.8737
7,1,LR,arm1,1.0,1,28,0.8929,0.9333,0.9391
7,1,LR,arm1,1.0,2,105,0.8,0.8174,0.8491
7,1,LR,arm1,1.0,3,22,0.8636,0.88,0.9573
7,1,LR,arm1,0.5,0,44,0.9091,0.9355,0.9609
7,1,LR,arm1,0.5,1,93,0.7957,0.8348,0.8365
7,1,LR,arm1,0.5,2,30,0.7667,0.0,nan
7,1,LR,arm1,0.5,3,17,0.8235,0.8571,0.9394
7,1,LR,arm1,0.1,0,20,0.8,0.5,0.8611
7,1,LR,arm1,0.1,1,9,0.8889,0.9412,nan
7,1,LR,arm1,0.1,2,8,0.875,0.9333,nan
7,1,LR,arm1,0.1,3,147,0.8163,0.8364,0.8774
7,1,LR,arm1,natural,0,69,0.7971,0.7667,0.8692
7,1,LR,arm1,natural,1,58,0.8276,0.7826,0.87
7,1,LR,arm1,natural,2,21,0.8571,0.9189,0.85
7,1,LR,arm1,natural,3,36,0.8333,0.9032,0.6839
7,1,LR,arm2,100,global,184,0.8098,0.8259,0.8855
7,1,LR,arm2,100,0,55,0.8909,0.9143,0.9371
7,1,LR,arm2,100,1,36,0.75,0.7097,0.8
7,1,LR,arm2,100,2,46,0.7826,0.8077,0.8772
7,1,LR,arm2,100,3,47,0.7872,0.7917,0.8859
7,1,LR,arm2,1.0,global,184,0.8152,0.8317,0.8871
7,1,LR,arm2,1.0,0,29,0.8276,0.7368,0.8789
7,1,LR,arm2,1.0,1,28,0.8929,0.9333,0.9391
7,1,LR,arm2,1.0,2,105,0.781,0.7965,0.8495
7,1,LR,arm2,1.0,3,22,0.8636,0.88,0.9573
7,1,LR,arm2,0.5,global,184,0.8043,0.8182,0.8865
7,1,LR,arm2,0.5,0,44,0.9318,0.9508,0.9609
7,1,LR,arm2,0.5,1,93,0.7419,0.7818,0.8375
7,1,LR,arm2,0.5,2,30,0.7667,0.0,nan
7,1,LR,arm2,0.5,3,17,0.8824,0.9,0.9394
7,1,LR,arm2,0.1,global,184,0.8043,0.82,0.8858
7,1,LR,arm2,0.1,0,20,0.75,0.2857,0.8611
7,1,LR,arm2,0.1,1,9,0.8889,0.9412,nan
7,1,LR,arm2,0.1,2,8,0.875,0.9333,nan
7,1,LR,arm2,0.1,3,147,0.8027,0.8199,0.8786
7,1,LR,arm2,natural,global,184,0.8043,0.8182,0.8844
7,1,LR,arm2,natural,0,69,0.7681,0.7143,0.8675
7,1,LR,arm2,natural,1,58,0.8276,0.7727,0.8726
7,1,LR,arm2,natural,2,21,0.8571,0.9189,0.85
7,1,LR,arm2,natural,3,36,0.8056,0.8852,0.7419
7,1,MLP,arm1,,global,184,0.8043,0.8163,0.9011
7,1,MLP,arm1,100,0,55,0.8727,0.9014,0.9708
7,1,MLP,arm1,100,1,36,0.7222,0.6667,0.8063
7,1,MLP,arm1,100,2,46,0.8043,0.8163,0.9064
7,1,MLP,arm1,100,3,47,0.7872,0.7826,0.8949
7,1,MLP,arm1,1.0,0,29,0.7931,0.7,0.9316
7,1,MLP,arm1,1.0,1,28,0.8929,0.9333,0.9217
7,1,MLP,arm1,1.0,2,105,0.7714,0.7778,0.8648
7,1,MLP,arm1,1.0,3,22,0.8636,0.8696,0.9573
7,1,MLP,arm1,0.5,0,44,0.9091,0.9355,0.9766
7,1,MLP,arm1,0.5,1,93,0.7634,0.7963,0.8544
7,1,MLP,arm1,0.5,2,30,0.7667,0.0,nan
7,1,MLP,arm1,0.5,3,17,0.8235,0.8421,0.9545
7,1,MLP,arm1,0.1,0,20,0.8,0.3333,0.8611
7,1,MLP,arm1,0.1,1,9,0.8889,0.9412,nan
7,1,MLP,arm1,0.1,2,8,0.75,0.8571,nan
7,1,MLP,arm1,0.1,3,147,0.8027,0.8176,0.8938
7,1,MLP,arm1,natural,0,69,0.7681,0.7037,0.8915
7,1,MLP,arm1,natural,1,58,0.8276,0.7727,0.8906
7,1,MLP,arm1,natural,2,21,0.8571,0.9189,0.9
7,1,MLP,arm1,natural,3,36,0.8056,0.8852,0.6839
7,1,MLP,arm2,100,global,184,0.8098,0.8205,0.8908
7,1,MLP,arm2,100,0,55,0.8909,0.9143,0.9474
7,1,MLP,arm2,100,1,36,0.7222,0.6667,0.7969
7,1,MLP,arm2,100,2,46,0.8043,0.8163,0.8986
7,1,MLP,arm2,100,3,47,0.7872,0.7826,0.8986
7,1,MLP,arm2,1.0,global,184,0.8152,0.835,0.8913
7,1,MLP,arm2,1.0,0,29,0.7931,0.7,0.9
7,1,MLP,arm2,1.0,1,28,0.8929,0.9333,0.9391
7,1,MLP,arm2,1.0,2,105,0.781,0.8,0.8564
7,1,MLP,arm2,1.0,3,22,0.9091,0.9231,0.9402
7,1,MLP,arm2,0.5,global,184,0.8098,0.8205,0.8888
7,1,MLP,arm2,0.5,0,44,0.9318,0.9508,0.9531
7,1,MLP,arm2,0.5,1,93,0.7634,0.7963,0.844
7,1,MLP,arm2,0.5,2,30,0.7667,0.0,nan
7,1,MLP,arm2,0.5,3,17,0.8235,0.8421,0.9697
7,1,MLP,arm2,0.1,global,184,0.8098,0.8205,0.8879
7,1,MLP,arm2,0.1,0,20,0.8,0.3333,0.8611
7,1,MLP,arm2,0.1,1,9,0.8889,0.9412,nan
7,1,MLP,arm2,0.1,2,8,0.75,0.8571,nan
7,1,MLP,arm2,0.1,3,147,0.8095,0.8228,0.8797
7,1,MLP,arm2,natural,global,184,0.8043,0.8163,0.8834
7,1,MLP,arm2,natural,0,69,0.7826,0.717,0.8667
7,1,MLP,arm2,natural,1,58,0.8103,0.7556,0.8649
7,1,MLP,arm2,natural,2,21,0.8571,0.9189,0.85
7,1,MLP,arm2,natural,3,36,0.8056,0.8852,0.671
7,2,LR,arm1,,global,184,0.788,0.8098,0.8485
7,2,LR,arm1,100,0,40,0.8,0.8261,0.8396
7,2,LR,arm1,100,1,40,0.875,0.8718,0.8763
7,2,LR,arm1,100,2,53,0.7547,0.7937,0.8258
7,2,LR,arm1,100,3,51,0.7451,0.7719,0.854
7,2,LR,arm1,1.0,0,21,0.619,0.3333,0.75
7,2,LR,arm1,1.0,1,24,0.9167,0.9375,0.9916
7,2,LR,arm1,1.0,2,118,0.8051,0.8217,0.8626
7,2,LR,arm1,1.0,3,21,0.7143,0.8125,0.8088
7,2,LR,arm1,0.5,0,33,0.7576,0.7895,0.7904
7,2,LR,arm1,0.5,1,95,0.8105,0.8594,0.8693
7,2,LR,arm1,0.5,2,37,0.8108,0.2222,0.9167
7,2,LR,arm1,0.5,3,19,0.6842,0.8,0.7708
7,2,LR,arm1,0.1,0,25,0.84,0.5,0.9348
7,2,LR,arm1,0.1,1,17,0.8824,0.9375,nan
7,2,LR,arm1,0.1,2,5,0.8,0.8889,nan
7,2,LR,arm1,0.1,3,137,0.7664,0.7949,0.8353
7,2,LR,arm1,natural,0,60,0.7833,0.7547,0.8429
7,2,LR,arm1,natural,1,56,0.8214,0.7727,0.85
7,2,LR,arm1,natural,2,30,0.8,0.8889,0.6207
7,2,LR,arm1,natural,3,38,0.7368,0.8148,0.7292
7,2,LR,arm2,100,global,184,0.7826,0.8058,0.8464
7,2,LR,arm2,100,0,40,0.825,0.8444,0.8546
7,2,LR,arm2,100,1,40,0.875,0.8718,0.8662
7,2,LR,arm2,100,2,53,0.7358,0.7812,0.8197
7,2,LR,arm2,100,3,51,0.7255,0.7586,0.8524
7,2,LR,arm2,1.0,global,184,0.7826,0.8058,0.8459
7,2,LR,arm2,1.0,0,21,0.6667,0.3636,0.75
7,2,LR,arm2,1.0,1,24,0.9167,0.9375,0.9916
7,2,LR,arm2,1.0,2,118,0.7881,0.8092,0.8571
7,2,LR,arm2,1.0,3,21,0.7143,0.8125,0.8088
7,2,LR,arm2,0.5,global,184,0.7826,0.8039,0.8455
7,2,LR,arm2,0.5,0,33,0.7879,0.8108,0.8051
7,2,LR,arm2,0.5,1,95,0.8,0.8504,0.866
7,2,LR,arm2,0.5,2,37,0.7838,0.2,0.9444
7,2,LR,arm2,0.5,3,19,0.6842,0.8,0.7708
7,2,LR,arm2,0.1,global,184,0.7826,0.8058,0.8461
7,2,LR,arm2,0.1,0,25,0.76,0.4,0.9348
7,2,LR,arm2,0.1,1,17,0.8824,0.9375,nan
7,2,LR,arm2,0.1,2,5,0.8,0.8889,nan
7,2,LR,arm2,0.1,3,137,0.7737,0.8,0.8349
7,2,LR,arm2,natural,global,184,0.7772,0.8,0.8443
7,2,LR,arm2,natural,0,60,0.7667,0.7407,0.8373
7,2,LR,arm2,natural,1,56,0.8036,0.7556,0.8569
7,2,LR,arm2,natural,2,30,0.8,0.8889,0.6207
7,2,LR,arm2,natural,3,38,0.7368,0.8077,0.7452
7,2,MLP,arm1,,global,184,0.7663,0.7749,0.848
7,2,MLP,arm1,100,0,40,0.75,0.7619,0.8271
7,2,MLP,arm1,100,1,40,0.825,0.8,0.899
7,2,MLP,arm1,100,2,53,0.7547,0.7797,0.8242
7,2,MLP,arm1,100,3,51,0.7451,0.7636,0.8333
7,2,MLP,arm1,1.0,0,21,0.6667,0.3636,0.7647
7,2,MLP,arm1,1.0,1,24,0.75,0.7857,0.9832
7,2,MLP,arm1,1.0,2,118,0.7881,0.7934,0.8646
7,2,MLP,arm1,1.0,3,21,0.7619,0.8387,0.8382
7,2,MLP,arm1,0.5,0,33,0.697,0.7059,0.7721
7,2,MLP,arm1,0.5,1,95,0.7579,0.8099,0.8818
7,2,MLP,arm1,0.5,2,37,0.8649,0.2857,0.9444
7,2,MLP,arm1,0.5,3,19,0.7368,0.8276,0.7917
7,2,MLP,arm1,0.1,0,25,0.92,0.6667,0.9348
7,2,MLP,arm1,0.1,1,17,0.8235,0.9032,nan
7,2,MLP,arm1,0.1,2,5,0.8,0.8889,nan
7,2,MLP,arm1,0.1,3,137,0.7299,0.7448,0.8316
7,2,MLP,arm1,natural,0,60,0.7667,0.7083,0.8451
7,2,MLP,arm1,natural,1,56,0.7679,0.6486,0.8611
7,2,MLP,arm1,natural,2,30,0.8,0.8889,0.6552
7,2,MLP,arm1,natural,3,38,0.7368,0.8077,0.6811
7,2,MLP,arm2,100,global,184,0.788,0.8079,0.8486
7,2,MLP,arm2,100,0,40,0.775,0.8,0.8271
7,2,MLP,arm2,100,1,40,0.875,0.8718,0.8914
7,2,MLP,arm2,100,2,53,0.7736,0.8065,0.8348
7,2,MLP,arm2,100,3,51,0.7451,0.7719,0.8349
7,2,MLP,arm2,1.0,global,184,0.7826,0.798,0.8476
7,2,MLP,arm2,1.0,0,21,0.619,0.3333,0.75
7,2,MLP,arm2,1.0,1,24,0.8333,0.8667,0.9832
7,2,MLP,arm2,1.0,2,118,0.8051,0.816,0.8681
7,2,MLP,arm2,1.0,3,21,0.7619,0.8387,0.7941
7,2,MLP,arm2,0.5,global,184,0.7663,0.7772,0.8513
7,2,MLP,arm2,0.5,0,33,0.697,0.7059,0.7574
7,2,MLP,arm2,0.5,1,95,0.7579,0.813,0.8736
7,2,MLP,arm2,0.5,2,37,0.8649,0.2857,0.9167
7,2,MLP,arm2,0.5,3,19,0.7368,0.8276,0.7917
7,2,MLP,arm2,0.1,global,184,0.7663,0.7772,0.8396
7,2,MLP,arm2,0.1,0,25,0.92,0.6667,0.9348
7,2,MLP,arm2,0.1,1,17,0.7059,0.8276,nan
7,2,MLP,arm2,0.1,2,5,0.8,0.8889,nan
7,2,MLP,arm2,0.1,3,137,0.7445,0.7651,0.8255
7,2,MLP,arm2,natural,global,184,0.8098,0.8387,0.8561
7,2,MLP,arm2,natural,0,60,0.8167,0.8,0.8519
7,2,MLP,arm2,natural,1,56,0.75,0.7083,0.8583
7,2,MLP,arm2,natural,2,30,0.9333,0.9655,0.6207
7,2,MLP,arm2,natural,3,38,0.7895,0.8571,0.7388
7,3,LR,arm1,,global,184,0.788,0.8186,0.8544
7,3,LR,arm1,100,0,39,0.7949,0.7895,0.7963
7,3,LR,arm1,100,1,48,0.6875,0.7059,0.8715
7,3,LR,arm1,100,2,39,0.7949,0.8333,0.8571
7,3,LR,arm1,100,3,58,0.8621,0.8974,0.9022
7,3,LR,arm1,1.0,0,20,0.7,0.5,0.6267
7,3,LR,arm1,1.0,1,30,0.8,0.8421,0.8947
7,3,LR,arm1,1.0,2,107,0.7664,0.8,0.8665
7,3,LR,arm1,1.0,3,27,0.9259,0.95,0.9286
7,3,LR,arm1,0.5,0,27,0.8148,0.8387,0.8167
7,3,LR,arm1,0.5,1,108,0.7778,0.8333,0.8483
7,3,LR,arm1,0.5,2,27,0.7037,0.0,nan
7,3,LR,arm1,0.5,3,22,0.9091,0.9375,0.9063
7,3,LR,arm1,0.1,0,24,0.6667,0.0,nan
7,3,LR,arm1,0.1,1,16,0.875,0.9333,nan
7,3,LR,arm1,0.1,2,8,1.0,1.0,nan
7,3,LR,arm1,0.1,3,136,0.7868,0.8199,0.8549
7,3,LR,arm1,natural,0,51,0.8039,0.7727,0.8571
7,3,LR,arm1,natural,1,61,0.7377,0.68,0.8262
7,3,LR,arm1,natural,2,27,0.8519,0.913,0.8043
7,3,LR,arm1,natural,3,45,0.8,0.88,0.68
7,3,LR,arm2,100,global,184,0.7826,0.8113,0.8559
7,3,LR,arm2,100,0,39,0.7949,0.7895,0.7963
7,3,LR,arm2,100,1,48,0.6667,0.68,0.8645
7,3,LR,arm2,100,2,39,0.7949,0.8261,0.8571
7,3,LR,arm2,100,3,58,0.8621,0.8974,0.9073
7,3,LR,arm2,1.0,global,184,0.7826,0.8131,0.8563
7,3,LR,arm2,1.0,0,20,0.65,0.4615,0.6267
7,3,LR,arm2,1.0,1,30,0.8,0.8421,0.8756
7,3,LR,arm2,1.0,2,107,0.7664,0.7967,0.8749
7,3,LR,arm2,1.0,3,27,0.9259,0.95,0.9357
7,3,LR,arm2,0.5,global,184,0.7826,0.8113,0.8553
7,3,LR,arm2,0.5,0,27,0.8148,0.8387,0.8
7,3,LR,arm2,0.5,1,108,0.7593,0.8169,0.8491
7,3,LR,arm2,0.5,2,27,0.7407,0.0,nan
7,3,LR,arm2,0.5,3,22,0.9091,0.9375,0.9167
7,3,LR,arm2,0.1,global,184,0.7826,0.8131,0.8547
7,3,LR,arm2,0.1,0,24,0.6667,0.0,nan
7,3,LR,arm2,0.1,1,16,0.875,0.9333,nan
7,3,LR,arm2,0.1,2,8,1.0,1.0,nan
7,3,LR,arm2,0.1,3,136,0.7794,0.8125,0.8498
7,3,LR,arm2,natural,global,184,0.7663,0.7981,0.8503
7,3,LR,arm2,natural,0,51,0.7843,0.7442,0.837
7,3,LR,arm2,natural,1,61,0.7213,0.6667,0.8381
7,3,LR,arm2,natural,2,27,0.8148,0.8889,0.7935
7,3,LR,arm2,natural,3,45,0.7778,0.8649,0.6943
7,3,MLP,arm1,,global,184,0.7772,0.8075,0.8578
7,3,MLP,arm1,100,0,39,0.7436,0.7222,0.8201
7,3,MLP,arm1,100,1,48,0.7292,0.7451,0.8698
7,3,MLP,arm1,100,2,39,0.7692,0.8163,0.82
7,3,MLP,arm1,100,3,58,0.8448,0.8831,0.9099
7,3,MLP,arm1,1.0,0,20,0.7,0.5,0.7467
7,3,MLP,arm1,1.0,1,30,0.8,0.8421,0.8756
7,3,MLP,arm1,1.0,2,107,0.757,0.7903,0.8566
7,3,MLP,arm1,1.0,3,27,0.8889,0.9231,0.9357
7,3,MLP,arm1,0.5,0,27,0.7778,0.8,0.8278
7,3,MLP,arm1,0.5,1,108,0.787,0.8392,0.8586
7,3,MLP,arm1,0.5,2,27,0.6667,0.0,nan
7,3,MLP,arm1,0.5,3,22,0.8636,0.9032,0.9167
7,3,MLP,arm1,0.1,0,24,0.6667,0.0,nan
7,3,MLP,arm1,0.1,1,16,0.75,0.8571,nan
7,3,MLP,arm1,0.1,2,8,1.0,1.0,nan
7,3,MLP,arm1,0.1,3,136,0.7868,0.8199,0.8609
7,3,MLP,arm1,natural,0,51,0.8039,0.7826,0.8494
7,3,MLP,arm1,natural,1,61,0.7213,0.6383,0.8274
7,3,MLP,arm1,natural,2,27,0.8148,0.8889,0.7717
7,3,MLP,arm1,natural,3,45,0.8,0.88,0.78
7,3,MLP,arm2,100,global,184,0.7554,0.7805,0.8571
7,3,MLP,arm2,100,0,39,0.7436,0.7222,0.828
7,3,MLP,arm2,100,1,48,0.6667,0.6667,0.8663
7,3,MLP,arm2,100,2,39,0.7436,0.7826,0.8371
7,3,MLP,arm2,100,3,58,0.8448,0.88,0.9009
7,3,MLP,arm2,1.0,global,184,0.788,0.8203,0.8561
7,3,MLP,arm2,1.0,0,20,0.7,0.5,0.7333
7,3,MLP,arm2,1.0,1,30,0.8,0.8421,0.89
7,3,MLP,arm2,1.0,2,107,0.7664,0.8031,0.8556
7,3,MLP,arm2,1.0,3,27,0.9259,0.95,0.9429
7,3,MLP,arm2,0.5,global,184,0.7609,0.7778,0.8528
7,3,MLP,arm2,0.5,0,27,0.8148,0.8276,0.8444
7,3,MLP,arm2,0.5,1,108,0.75,0.8,0.8498
7,3,MLP,arm2,0.5,2,27,0.7778,0.0,nan
7,3,MLP,arm2,0.5,3,22,0.7273,0.7857,0.8958
7,3,MLP,arm2,0.1,global,184,0.7609,0.7885,0.8633
7,3,MLP,arm2,0.1,0,24,0.6667,0.0,nan
7,3,MLP,arm2,0.1,1,16,0.8125,0.8966,nan
7,3,MLP,arm2,0.1,2,8,0.875,0.9333,nan
7,3,MLP,arm2,0.1,3,136,0.7647,0.7949,0.8677
7,3,MLP,arm2,natural,global,184,0.7717,0.8125,0.8523
7,3,MLP,arm2,natural,0,51,0.7647,0.75,0.8587
7,3,MLP,arm2,natural,1,61,0.7541,0.717,0.8274
7,3,MLP,arm2,natural,2,27,0.8519,0.913,0.7935
7,3,MLP,arm2,natural,3,45,0.7556,0.8571,0.7029
7,4,LR,arm1,,global,184,0.7391,0.7714,0.8159
7,4,LR,arm1,100,0,39,0.7436,0.8077,0.8084
7,4,LR,arm1,100,1,48,0.8125,0.8525,0.9
7,4,LR,arm1,100,2,38,0.6842,0.6842,0.7059
7,4,LR,arm1,100,3,59,0.7119,0.7119,0.8484
7,4,LR,arm1,1.0,0,18,0.7222,0.7059,0.75
7,4,LR,arm1,1.0,1,34,0.8824,0.9286,0.9583
7,4,LR,arm1,1.0,2,104,0.7115,0.7,0.8108
7,4,LR,arm1,1.0,3,28,0.6786,0.7568,0.7914
7,4,LR,arm1,0.5,0,30,0.7,0.7692,0.7672
7,4,LR,arm1,0.5,1,94,0.7872,0.8462,0.8671
7,4,LR,arm1,0.5,2,36,0.7222,0.0,nan
7,4,LR,arm1,0.5,3,24,0.625,0.7097,0.7857
7,4,LR,arm1,0.1,0,22,0.6818,0.2222,0.9524
7,4,LR,arm1,0.1,1,16,0.75,0.8571,nan
7,4,LR,arm1,0.1,2,9,0.5556,0.7143,nan
7,4,LR,arm1,0.1,3,137,0.7591,0.7925,0.8232
7,4,LR,arm1,natural,0,66,0.7121,0.6984,0.796
7,4,LR,arm1,natural,1,59,0.7458,0.717,0.8698
7,4,LR,arm1,natural,2,19,0.8947,0.9412,0.8889
7,4,LR,arm1,natural,3,40,0.7,0.8,0.7173
7,4,LR,arm2,100,global,184,0.7337,0.7678,0.812
7,4,LR,arm2,100,0,39,0.7436,0.8077,0.7987
7,4,LR,arm2,100,1,48,0.8125,0.8525,0.8944
7,4,LR,arm2,100,2,38,0.6842,0.6842,0.7143
7,4,LR,arm2,100,3,59,0.6949,0.7,0.8507
7,4,LR,arm2,1.0,global,184,0.7337,0.7678,0.8125
7,4,LR,arm2,1.0,0,18,0.7222,0.7059,0.7375
7,4,LR,arm2,1.0,1,34,0.8824,0.9286,0.9583
7,4,LR,arm2,1.0,2,104,0.7115,0.7,0.8134
7,4,LR,arm2,1.0,3,28,0.6429,0.7368,0.8075
7,4,LR,arm2,0.5,global,184,0.7337,0.7633,0.812
7,4,LR,arm2,0.5,0,30,0.7,0.7692,0.746
7,4,LR,arm2,0.5,1,94,0.7766,0.8346,0.8654
7,4,LR,arm2,0.5,2,36,0.7222,0.0,nan
7,4,LR,arm2,0.5,3,24,0.625,0.7097,0.7929
7,4,LR,arm2,0.1,global,184,0.7283,0.7619,0.8131
7,4,LR,arm2,0.1,0,22,0.6818,0.2222,0.9524
7,4,LR,arm2,0.1,1,16,0.75,0.8571,nan
7,4,LR,arm2,0.1,2,9,0.5556,0.7143,nan
7,4,LR,arm2,0.1,3,137,0.7445,0.7799,0.8217
7,4,LR,arm2,natural,global,184,0.7283,0.7596,0.8085
7,4,LR,arm2,natural,0,66,0.697,0.6774,0.795
7,4,LR,arm2,natural,1,59,0.7458,0.717,0.8759
7,4,LR,arm2,natural,2,19,0.8421,0.9091,0.8889
7,4,LR,arm2,natural,3,40,0.7,0.8,0.6845
7,4,MLP,arm1,,global,184,0.7554,0.7945,0.8226
7,4,MLP,arm1,100,0,39,0.7436,0.8214,0.8279
7,4,MLP,arm1,100,1,48,0.8125,0.8571,0.9093
7,4,MLP,arm1,100,2,38,0.6579,0.6829,0.7031
7,4,MLP,arm1,100,3,59,0.7797,0.7797,0.8553
7,4,MLP,arm1,1.0,0,18,0.6111,0.6316,0.775
7,4,MLP,arm1,1.0,1,34,0.9118,0.9474,0.975
7,4,MLP,arm1,1.0,2,104,0.7212,0.729,0.813
7,4,MLP,arm1,1.0,3,28,0.7857,0.8333,0.7968
7,4,MLP,arm1,0.5,0,30,0.7333,0.8095,0.7884
7,4,MLP,arm1,0.5,1,94,0.7979,0.8593,0.8726
7,4,MLP,arm1,0.5,2,36,0.6667,0.0,nan
7,4,MLP,arm1,0.5,3,24,0.75,0.8,0.7857
7,4,MLP,arm1,0.1,0,22,0.5909,0.1818,0.9048
7,4,MLP,arm1,0.1,1,16,0.9375,0.9677,nan
7,4,MLP,arm1,0.1,2,9,0.5556,0.7143,nan
7,4,MLP,arm1,0.1,3,137,0.7737,0.8098,0.8267
7,4,MLP,arm1,natural,0,66,0.7576,0.7714,0.8097
7,4,MLP,arm1,natural,1,59,0.7288,0.7037,0.8735
7,4,MLP,arm1,natural,2,19,0.8421,0.9143,0.8889
7,4,MLP,arm1,natural,3,40,0.75,0.8333,0.7024
7,4,MLP,arm2,100,global,184,0.7337,0.7803,0.8187
7,4,MLP,arm2,100,0,39,0.7179,0.807,0.8117
7,4,MLP,arm2,100,1,48,0.8125,0.8571,0.913
7,4,MLP,arm2,100,2,38,0.6579,0.6829,0.6947
7,4,MLP,arm2,100,3,59,0.7288,0.7419,0.8472
7,4,MLP,arm2,1.0,global,184,0.75,0.783,0.8217
7,4,MLP,arm2,1.0,0,18,0.7222,0.7059,0.775
7,4,MLP,arm2,1.0,1,34,0.8824,0.9286,0.975
7,4,MLP,arm2,1.0,2,104,0.7212,0.7184,0.8171
7,4,MLP,arm2,1.0,3,28,0.7143,0.7778,0.8021
7,4,MLP,arm2,0.5,global,184,0.75,0.7788,0.8163
7,4,MLP,arm2,0.5,0,30,0.7,0.7692,0.7725
7,4,MLP,arm2,0.5,1,94,0.7979,0.8527,0.8737
7,4,MLP,arm2,0.5,2,36,0.7222,0.0,nan
7,4,MLP,arm2,0.5,3,24,0.6667,0.7333,0.7786
7,4,MLP,arm2,0.1,global,184,0.7283,0.7788,0.8245
7,4,MLP,arm2,0.1,0,22,0.5,0.1538,0.9048
7,4,MLP,arm2,0.1,1,16,0.9375,0.9677,nan
7,4,MLP,arm2,0.1,2,9,0.5556,0.7143,nan
7,4,MLP,arm2,0.1,3,137,0.7518,0.7976,0.8314
7,4,MLP,arm2,natural,global,184,0.7391,0.7647,0.8147
7,4,MLP,arm2,natural,0,66,0.7121,0.678,0.7987
7,4,MLP,arm2,natural,1,59,0.7627,0.7308,0.8673
7,4,MLP,arm2,natural,2,19,0.8421,0.9091,0.8889
7,4,MLP,arm2,natural,3,40,0.7,0.8,0.7054
8,0,LR,arm1,,global,184,0.7554,0.7761,0.8162
8,0,LR,arm1,100,0,35,0.6571,0.6667,0.6895
8,0,LR,arm1,100,1,52,0.8462,0.8824,0.8646
8,0,LR,arm1,100,2,49,0.7143,0.7308,0.7983
8,0,LR,arm1,100,3,48,0.7708,0.7556,0.8487
8,0,LR,arm1,1.0,0,41,0.7317,0.7179,0.7681
8,0,LR,arm1,1.0,1,9,0.7778,0.8333,0.7857
8,0,LR,arm1,1.0,2,94,0.734,0.7368,0.8089
8,0,LR,arm1,1.0,3,40,0.825,0.8727,0.9167
8,0,LR,arm1,0.5,0,22,0.7273,0.75,0.8417
8,0,LR,arm1,0.5,1,3,1.0,1.0,nan
8,0,LR,arm1,0.5,2,115,0.7652,0.8163,0.8112
8,0,LR,arm1,0.5,3,44,0.7273,0.5,0.8842
8,0,LR,arm1,0.1,0,69,0.7971,0.8871,nan
8,0,LR,arm1,0.1,1,83,0.7349,0.0,nan
8,0,LR,arm1,0.1,2,23,0.7826,0.878,nan
8,0,LR,arm1,0.1,3,9,0.5556,0.7143,nan
8,0,LR,arm1,natural,0,60,0.7667,0.72,0.8204
8,0,LR,arm1,natural,1,58,0.7759,0.7234,0.8346
8,0,LR,arm1,natural,2,25,0.72,0.8372,0.5435
8,0,LR,arm1,natural,3,41,0.7317,0.8197,0.592
8,0,LR,arm2,100,global,184,0.7446,0.7638,0.8152
8,0,LR,arm2,100,0,35,0.6571,0.6471,0.6797
8,0,LR,arm2,100,1,52,0.8269,0.8657,0.8733
8,0,LR,arm2,100,2,49,0.7143,0.7308,0.805
8,0,LR,arm2,100,3,48,0.75,0.7391,0.8348
8,0,LR,arm2,1.0,global,184,0.75,0.77,0.8165
8,0,LR,arm2,1.0,0,41,0.7317,0.7027,0.7609
8,0,LR,arm2,1.0,1,9,0.7778,0.8333,0.7143
8,0,LR,arm2,1.0,2,94,0.734,0.7368,0.8093
8,0,LR,arm2,1.0,3,40,0.8,0.8571,0.9033
8,0,LR,arm2,0.5,global,184,0.7446,0.7638,0.814
8,0,LR,arm2,0.5,0,22,0.7727,0.7826,0.8417
8,0,LR,arm2,0.5,1,3,0.6667,0.8,nan
8,0,LR,arm2,0.5,2,115,0.7565,0.8082,0.8086
8,0,LR,arm2,0.5,3,44,0.7045,0.48,0.8842
8,0,LR,arm2,0.1,global,184,0.7609,0.7843,0.8144
8,0,LR,arm2,0.1,0,69,0.7971,0.8871,nan
8,0,LR,arm2,0.1,1,83,0.7229,0.0,nan
8,0,LR,arm2,0.1,2,23,0.7826,0.878,nan
8,0,LR,arm2,0.1,3,9,0.7778,0.875,nan
8,0,LR,arm2,natural,global,184,0.7554,0.7739,0.8119
8,0,LR,arm2,natural,0,60,0.75,0.6939,0.8002
8,0,LR,arm2,natural,1,58,0.7931,0.75,0.8409
8,0,LR,arm2,natural,2,25,0.72,0.8372,0.587
8,0,LR,arm2,natural,3,41,0.7317,0.8136,0.6178
8,0,MLP,arm1,,global,184,0.7609,0.7732,0.8149
8,0,MLP,arm1,100,0,35,0.6571,0.6471,0.6797
8,0,MLP,arm1,100,1,52,0.8269,0.8657,0.8559
8,0,MLP,arm1,100,2,49,0.7143,0.72,0.7867
8,0,MLP,arm1,100,3,48,0.8125,0.7907,0.8539
8,0,MLP,arm1,1.0,0,41,0.7317,0.7027,0.7778
8,0,MLP,arm1,1.0,1,9,0.7778,0.8333,0.7143
8,0,MLP,arm1,1.0,2,94,0.734,0.7253,0.8066
8,0,MLP,arm1,1.0,3,40,0.85,0.8889,0.9067
8,0,MLP,arm1,0.5,0,22,0.7727,0.7826,0.85
8,0,MLP,arm1,0.5,1,3,0.6667,0.8,nan
8,0,MLP,arm1,0.5,2,115,0.7478,0.8,0.8112
8,0,MLP,arm1,0.5,3,44,0.7955,0.5714,0.8764
8,0,MLP,arm1,0.1,0,69,0.7536,0.8595,nan
8,0,MLP,arm1,0.1,1,83,0.7831,0.0,nan
8,0,MLP,arm1,0.1,2,23,0.7826,0.878,nan
8,0,MLP,arm1,0.1,3,9,0.5556,0.7143,nan
8,0,MLP,arm1,natural,0,60,0.7667,0.7083,0.8126
8,0,MLP,arm1,natural,1,58,0.8103,0.7442,0.822
8,0,MLP,arm1,natural,2,25,0.72,0.8372,0.4783
8,0,MLP,arm1,natural,3,41,0.7073,0.8,0.5805
8,0,MLP,arm2,100,global,184,0.7609,0.7944,0.822
8,0,MLP,arm2,100,0,35,0.6,0.65,0.6928
8,0,MLP,arm2,100,1,52,0.8462,0.8857,0.8594
8,0,MLP,arm2,100,2,49,0.7755,0.807,0.795
8,0,MLP,arm2,100,3,48,0.7708,0.766,0.8504
8,0,MLP,arm2,1.0,global,184,0.7717,0.7812,0.8175
8,0,MLP,arm2,1.0,0,41,0.7805,0.7429,0.7729
8,0,MLP,arm2,1.0,1,9,0.7778,0.8333,0.7857
8,0,MLP,arm2,1.0,2,94,0.734,0.7253,0.8093
8,0,MLP,arm2,1.0,3,40,0.85,0.8889,0.9133
8,0,MLP,arm2,0.5,global,184,0.7609,0.7778,0.8141
8,0,MLP,arm2,0.5,0,22,0.7727,0.7826,0.8417
8,0,MLP,arm2,0.5,1,3,0.6667,0.8,nan
8,0,MLP,arm2,0.5,2,115,0.7652,0.8163,0.8079
8,0,MLP,arm2,0.5,3,44,0.75,0.5217,0.8764
8,0,MLP,arm2,0.1,global,184,0.712,0.7072,0.807
8,0,MLP,arm2,0.1,0,69,0.6377,0.7788,nan
8,0,MLP,arm2,0.1,1,83,0.8072,0.0,nan
8,0,MLP,arm2,0.1,2,23,0.6522,0.7895,nan
8,0,MLP,arm2,0.1,3,9,0.5556,0.7143,nan
8,0,MLP,arm2,natural,global,184,0.7554,0.7867,0.8159
8,0,MLP,arm2,natural,0,60,0.75,0.717,0.7969
8,0,MLP,arm2,natural,1,58,0.7586,0.72,0.846
8,0,MLP,arm2,natural,2,25,0.8,0.8889,0.6522
8,0,MLP,arm2,natural,3,41,0.7317,0.8254,0.6207
8,1,LR,arm1,,global,184,0.7717,0.8056,0.8694
8,1,LR,arm1,100,0,48,0.6875,0.6939,0.76
8,1,LR,arm1,100,1,49,0.8367,0.8857,0.9245
8,1,LR,arm1,100,2,41,0.6829,0.6977,0.8469
8,1,LR,arm1,100,3,46,0.8696,0.8889,0.9448
8,1,LR,arm1,1.0,0,51,0.6667,0.6383,0.7683
8,1,LR,arm1,1.0,1,13,0.8462,0.9167,nan
8,1,LR,arm1,1.0,2,84,0.75,0.764,0.8889
8,1,LR,arm1,1.0,3,36,0.9444,0.9643,1.0
8,1,LR,arm1,0.5,0,28,0.7143,0.6667,0.8129
8,1,LR,arm1,0.5,1,9,0.6667,0.8,0.125
8,1,LR,arm1,0.5,2,103,0.8058,0.863,0.9045
8,1,LR,arm1,0.5,3,44,0.75,0.6452,0.9146
8,1,LR,arm1,0.1,0,67,0.8806,0.9365,nan
8,1,LR,arm1,0.1,1,82,0.6707,0.0,nan
8,1,LR,arm1,0.1,2,26,0.7692,0.8696,nan
8,1,LR,arm1,0.1,3,9,0.8889,0.9412,nan
8,1,LR,arm1,natural,0,57,0.7719,0.7869,0.9156
8,1,LR,arm1,natural,1,64,0.7344,0.6531,0.8316
8,1,LR,arm1,natural,2,24,0.875,0.9268,0.9318
8,1,LR,arm1,natural,3,39,0.7692,0.8615,0.763
8,1,LR,arm2,100,global,184,0.7663,0.7962,0.867
8,1,LR,arm2,100,0,48,0.6875,0.6809,0.7548
8,1,LR,arm2,100,1,49,0.8163,0.8696,0.9184
8,1,LR,arm2,100,2,41,0.6829,0.6977,0.8589
8,1,LR,arm2,100,3,46,0.8696,0.8846,0.9429
8,1,LR,arm2,1.0,global,184,0.7609,0.7925,0.8672
8,1,LR,arm2,1.0,0,51,0.6471,0.6087,0.7635
8,1,LR,arm2,1.0,1,13,0.8462,0.9167,nan
8,1,LR,arm2,1.0,2,84,0.7381,0.7442,0.886
8,1,LR,arm2,1.0,3,36,0.9444,0.9643,1.0
8,1,LR,arm2,0.5,global,184,0.7609,0.7905,0.8654
8,1,LR,arm2,0.5,0,28,0.7143,0.6364,0.7836
8,1,LR,arm2,0.5,1,9,0.6667,0.8,0.125
8,1,LR,arm2,0.5,2,103,0.7864,0.8472,0.9063
8,1,LR,arm2,0.5,3,44,0.75,0.6207,0.9118
8,1,LR,arm2,0.1,global,184,0.7609,0.7963,0.8629
8,1,LR,arm2,0.1,0,67,0.8657,0.928,nan
8,1,LR,arm2,0.1,1,82,0.6585,0.0,nan
8,1,LR,arm2,0.1,2,26,0.7692,0.8696,nan
8,1,LR,arm2,0.1,3,9,0.8889,0.9412,nan
8,1,LR,arm2,natural,global,184,0.7554,0.7867,0.8626
8,1,LR,arm2,natural,0,57,0.7719,0.7869,0.9032
8,1,LR,arm2,natural,1,64,0.7344,0.6531,0.8526
8,1,LR,arm2,natural,2,24,0.8333,0.9,0.9318
8,1,LR,arm2,natural,3,39,0.7179,0.8197,0.763
8,1,MLP,arm1,,global,184,0.7554,0.7783,0.8778
8,1,MLP,arm1,100,0,48,0.6875,0.6512,0.7757
8,1,MLP,arm1,100,1,49,0.8367,0.8824,0.9347
8,1,MLP,arm1,100,2,41,0.6585,0.6667,0.8541
8,1,MLP,arm1,100,3,46,0.8261,0.84,0.9505
8,1,MLP,arm1,1.0,0,51,0.6863,0.6,0.7794
8,1,MLP,arm1,1.0,1,13,0.8462,0.9167,nan
8,1,MLP,arm1,1.0,2,84,0.7262,0.7294,0.8923
8,1,MLP,arm1,1.0,3,36,0.8889,0.9259,1.0
8,1,MLP,arm1,0.5,0,28,0.75,0.6667,0.8363
8,1,MLP,arm1,0.5,1,9,0.6667,0.8,0.125
8,1,MLP,arm1,0.5,2,103,0.767,0.8261,0.911
8,1,MLP,arm1,0.5,3,44,0.75,0.6207,0.9201
8,1,MLP,arm1,0.1,0,67,0.7761,0.8739,nan
8,1,MLP,arm1,0.1,1,82,0.7317,0.0,nan
8,1,MLP,arm1,0.1,2,26,0.7692,0.8696,nan
8,1,MLP,arm1,0.1,3,9,0.7778,0.875,nan
8,1,MLP,arm1,natural,0,57,0.7719,0.7797,0.9305
8,1,MLP,arm1,natural,1,64,0.7344,0.6222,0.8281
8,1,MLP,arm1,natural,2,24,0.8333,0.9,0.9773
8,1,MLP,arm1,natural,3,39,0.7179,0.8136,0.7741
8,1,MLP,arm2,100,global,184,0.7826,0.8214,0.8786
8,1,MLP,arm2,100,0,48,0.6875,0.717,0.7722
8,1,MLP,arm2,100,1,49,0.8367,0.8889,0.9347
8,1,MLP,arm2,100,2,41,0.7317,0.7556,0.8589
8,1,MLP,arm2,100,3,46,0.8696,0.8889,0.9505
8,1,MLP,arm2,1.0,global,184,0.75,0.7788,0.8743
8,1,MLP,arm2,1.0,0,51,0.6471,0.5909,0.7746
8,1,MLP,arm2,1.0,1,13,0.8462,0.9167,nan
8,1,MLP,arm2,1.0,2,84,0.7381,0.7442,0.8923
8,1,MLP,arm2,1.0,3,36,0.8889,0.9259,1.0
8,1,MLP,arm2,0.5,global,184,0.788,0.8219,0.8721
8,1,MLP,arm2,0.5,0,28,0.7143,0.6667,0.8187
8,1,MLP,arm2,0.5,1,9,0.7778,0.875,0.125
8,1,MLP,arm2,0.5,2,103,0.8252,0.8784,0.9049
8,1,MLP,arm2,0.5,3,44,0.75,0.6452,0.9146
8,1,MLP,arm2,0.1,global,184,0.7717,0.8091,0.8643
8,1,MLP,arm2,0.1,0,67,0.9104,0.9531,nan
8,1,MLP,arm2,0.1,1,82,0.6463,0.0,nan
8,1,MLP,arm2,0.1,2,26,0.7692,0.8696,nan
8,1,MLP,arm2,0.1,3,9,0.8889,0.9412,nan
8,1,MLP,arm2,natural,global,184,0.7663,0.7902,0.8694
8,1,MLP,arm2,natural,0,57,0.7895,0.8,0.9144
8,1,MLP,arm2,natural,1,64,0.7656,0.6809,0.8421
8,1,MLP,arm2,natural,2,24,0.8333,0.9,0.9318
8,1,MLP,arm2,natural,3,39,0.6923,0.7931,0.7556
8,2,LR,arm1,,global,184,0.7935,0.819,0.8526
8,2,LR,arm1,100,0,46,0.7391,0.7692,0.8771
8,2,LR,arm1,100,1,45,0.8222,0.8571,0.8642
8,2,LR,arm1,100,2,51,0.8039,0.7917,0.8431
8,2,LR,arm1,100,3,42,0.8095,0.8519,0.8269
8,2,LR,arm1,1.0,0,43,0.6744,0.6111,0.83
8,2,LR,arm1,1.0,1,10,0.9,0.9474,0.4444
8,2,LR,arm1,1.0,2,94,0.8404,0.8485,0.8816
8,2,LR,arm1,1.0,3,37,0.7838,0.8571,0.8381
8,2,LR,arm1,0.5,0,30,0.7,0.7429,0.8482
8,2,LR,arm1,0.5,1,10,0.9,0.9091,1.0
8,2,LR,arm1,0.5,2,108,0.8148,0.8571,0.8428
8,2,LR,arm1,0.5,3,36,0.7778,0.6667,0.9012
8,2,LR,arm1,0.1,0,60,0.85,0.9189,nan
8,2,LR,arm1,0.1,1,82,0.7317,0.0,nan
8,2,LR,arm1,0.1,2,27,0.8889,0.9412,nan
8,2,LR,arm1,0.1,3,15,0.7333,0.8462,nan
8,2,LR,arm1,natural,0,69,0.7826,0.7273,0.831
8,2,LR,arm1,natural,1,58,0.8103,0.807,0.9261
8,2,LR,arm1,natural,2,21,0.7619,0.8649,0.6053
8,2,LR,arm1,natural,3,36,0.8056,0.8852,0.6167
8,2,LR,arm2,100,global,184,0.7772,0.8038,0.8517
8,2,LR,arm2,100,0,46,0.7391,0.7692,0.8828
8,2,LR,arm2,100,1,45,0.8222,0.8571,0.858
8,2,LR,arm2,100,2,51,0.7451,0.7234,0.8415
8,2,LR,arm2,100,3,42,0.8095,0.8519,0.8245
8,2,LR,arm2,1.0,global,184,0.7772,0.8057,0.8511
8,2,LR,arm2,1.0,0,43,0.6744,0.6111,0.8424
8,2,LR,arm2,1.0,1,10,0.9,0.9474,0.4444
8,2,LR,arm2,1.0,2,94,0.8191,0.8317,0.8803
8,2,LR,arm2,1.0,3,37,0.7568,0.8364,0.8143
8,2,LR,arm2,0.5,global,184,0.7772,0.8038,0.8511
8,2,LR,arm2,0.5,0,30,0.7333,0.7647,0.8527
8,2,LR,arm2,0.5,1,10,0.8,0.8,1.0
8,2,LR,arm2,0.5,2,108,0.7963,0.8429,0.8443
8,2,LR,arm2,0.5,3,36,0.75,0.64,0.8848
8,2,LR,arm2,0.1,global,184,0.7772,0.8057,0.8511
8,2,LR,arm2,0.1,0,60,0.8333,0.9091,nan
8,2,LR,arm2,0.1,1,82,0.7073,0.0,nan
8,2,LR,arm2,0.1,2,27,0.8889,0.9412,nan
8,2,LR,arm2,0.1,3,15,0.7333,0.8462,nan
8,2,LR,arm2,natural,global,184,0.7772,0.8038,0.8501
8,2,LR,arm2,natural,0,69,0.7681,0.7143,0.8197
8,2,LR,arm2,natural,1,58,0.7931,0.7931,0.9261
8,2,LR,arm2,natural,2,21,0.7619,0.8571,0.5789
8,2,LR,arm2,natural,3,36,0.7778,0.8667,0.6889
8,2,MLP,arm1,,global,184,0.7772,0.796,0.8532
8,2,MLP,arm1,100,0,46,0.7826,0.7917,0.8393
8,2,MLP,arm1,100,1,45,0.8,0.8421,0.8827
8,2,MLP,arm1,100,2,51,0.7255,0.6818,0.8477
8,2,MLP,arm1,100,3,42,0.8095,0.8462,0.8606
8,2,MLP,arm1,1.0,0,43,0.7209,0.625,0.803
8,2,MLP,arm1,1.0,1,10,0.8,0.8889,0.5556
8,2,MLP,arm1,1.0,2,94,0.8191,0.8283,0.8807
8,2,MLP,arm1,1.0,3,37,0.7297,0.8077,0.8857
8,2,MLP,arm1,0.5,0,30,0.7333,0.75,0.817
8,2,MLP,arm1,0.5,1,10,0.8,0.8,1.0
8,2,MLP,arm1,0.5,2,108,0.787,0.8321,0.8447
8,2,MLP,arm1,0.5,3,36,0.7778,0.6364,0.9177
8,2,MLP,arm1,0.1,0,60,0.7833,0.8785,nan
8,2,MLP,arm1,0.1,1,82,0.7683,0.0,nan
8,2,MLP,arm1,0.1,2,27,0.8519,0.92,nan
8,2,MLP,arm1,0.1,3,15,0.6667,0.8,nan
8,2,MLP,arm1,natural,0,69,0.7536,0.6909,0.8206
8,2,MLP,arm1,natural,1,58,0.8276,0.8,0.903
8,2,MLP,arm1,natural,2,21,0.7143,0.8333,0.5789
8,2,MLP,arm1,natural,3,36,0.7778,0.8667,0.6056
8,2,MLP,arm2,100,global,184,0.7772,0.796,0.8515
8,2,MLP,arm2,100,0,46,0.7826,0.7917,0.8431
8,2,MLP,arm2,100,1,45,0.8,0.8421,0.8786
8,2,MLP,arm2,100,2,51,0.7255,0.6818,0.8477
8,2,MLP,arm2,100,3,42,0.8095,0.8462,0.8534
8,2,MLP,arm2,1.0,global,184,0.7554,0.7982,0.8522
8,2,MLP,arm2,1.0,0,43,0.6047,0.5854,0.8103
8,2,MLP,arm2,1.0,1,10,0.9,0.9474,0.4444
8,2,MLP,arm2,1.0,2,94,0.7979,0.819,0.8798
8,2,MLP,arm2,1.0,3,37,0.7838,0.8621,0.8429
8,2,MLP,arm2,0.5,global,184,0.7989,0.8263,0.8525
8,2,MLP,arm2,0.5,0,30,0.7,0.7429,0.8393
8,2,MLP,arm2,0.5,1,10,0.9,0.9091,1.0
8,2,MLP,arm2,0.5,2,108,0.8148,0.8592,0.8409
8,2,MLP,arm2,0.5,3,36,0.8056,0.72,0.9136
8,2,MLP,arm2,0.1,global,184,0.6957,0.6744,0.8178
8,2,MLP,arm2,0.1,0,60,0.55,0.7097,nan
8,2,MLP,arm2,0.1,1,82,0.8537,0.0,nan
8,2,MLP,arm2,0.1,2,27,0.7037,0.8261,nan
8,2,MLP,arm2,0.1,3,15,0.4,0.5714,nan
8,2,MLP,arm2,natural,global,184,0.7826,0.8039,0.8523
8,2,MLP,arm2,natural,0,69,0.7681,0.7037,0.8258
8,2,MLP,arm2,natural,1,58,0.8276,0.8214,0.9236
8,2,MLP,arm2,natural,2,21,0.7143,0.8235,0.5789
8,2,MLP,arm2,natural,3,36,0.7778,0.8667,0.6611
8,3,LR,arm1,,global,184,0.7554,0.7805,0.8039
8,3,LR,arm1,100,0,46,0.7826,0.8077,0.821
8,3,LR,arm1,100,1,44,0.7273,0.7391,0.764
8,3,LR,arm1,100,2,47,0.7021,0.7586,0.7726
8,3,LR,arm1,100,3,47,0.8085,0.8163,0.8352
8,3,LR,arm1,1.0,0,44,0.8182,0.7895,0.8594
8,3,LR,arm1,1.0,1,10,0.6,0.75,nan
8,3,LR,arm1,1.0,2,76,0.7237,0.7273,0.834
8,3,LR,arm1,1.0,3,54,0.7778,0.8378,0.8071
8,3,LR,arm1,0.5,0,26,0.5769,0.4762,0.5576
8,3,LR,arm1,0.5,1,7,1.0,1.0,1.0
8,3,LR,arm1,0.5,2,108,0.7778,0.8333,0.8136
8,3,LR,arm1,0.5,3,43,0.7674,0.6875,0.8641
8,3,LR,arm1,0.1,0,65,0.7846,0.8793,nan
8,3,LR,arm1,0.1,1,81,0.7284,0.0,nan
8,3,LR,arm1,0.1,2,20,0.7,0.8235,nan
8,3,LR,arm1,0.1,3,18,0.8333,0.9091,0.8824
8,3,LR,arm1,natural,0,59,0.7288,0.68,0.7494
8,3,LR,arm1,natural,1,61,0.7869,0.7451,0.8696
8,3,LR,arm1,natural,2,22,0.7727,0.8649,0.9524
8,3,LR,arm1,natural,3,42,0.7381,0.8358,0.6063
8,3,LR,arm2,100,global,184,0.7554,0.7783,0.7979
8,3,LR,arm2,100,0,46,0.7826,0.8,0.8171
8,3,LR,arm2,100,1,44,0.7273,0.7391,0.7619
8,3,LR,arm2,100,2,47,0.7021,0.7586,0.7613
8,3,LR,arm2,100,3,47,0.8085,0.8163,0.8333
8,3,LR,arm2,1.0,global,184,0.7554,0.7783,0.7986
8,3,LR,arm2,1.0,0,44,0.8182,0.7778,0.8571
8,3,LR,arm2,1.0,1,10,0.6,0.75,nan
8,3,LR,arm2,1.0,2,76,0.7237,0.7273,0.8313
8,3,LR,arm2,1.0,3,54,0.7778,0.8378,0.8089
8,3,LR,arm2,0.5,global,184,0.75,0.77,0.7984
8,3,LR,arm2,0.5,0,26,0.5769,0.4211,0.5576
8,3,LR,arm2,0.5,1,7,1.0,1.0,1.0
8,3,LR,arm2,0.5,2,108,0.7685,0.8227,0.8068
8,3,LR,arm2,0.5,3,43,0.7674,0.6875,0.859
8,3,LR,arm2,0.1,global,184,0.7446,0.7685,0.7931
8,3,LR,arm2,0.1,0,65,0.7538,0.8596,nan
8,3,LR,arm2,0.1,1,81,0.716,0.0,nan
8,3,LR,arm2,0.1,2,20,0.7,0.8235,nan
8,3,LR,arm2,0.1,3,18,0.8889,0.9375,0.8824
8,3,LR,arm2,natural,global,184,0.7391,0.7576,0.7921
8,3,LR,arm2,natural,0,59,0.6949,0.6087,0.7378
8,3,LR,arm2,natural,1,61,0.8033,0.76,0.857
8,3,LR,arm2,natural,2,22,0.7727,0.8649,0.9048
8,3,LR,arm2,natural,3,42,0.6905,0.8,0.5938
8,3,MLP,arm1,,global,184,0.7391,0.75,0.8095
8,3,MLP,arm1,100,0,46,0.7826,0.7826,0.8324
8,3,MLP,arm1,100,1,44,0.7273,0.7273,0.766
8,3,MLP,arm1,100,2,47,0.6596,0.7037,0.7744
8,3,MLP,arm1,100,3,47,0.7872,0.7917,0.837
8,3,MLP,arm1,1.0,0,44,0.8409,0.7879,0.8571
8,3,MLP,arm1,1.0,1,10,0.5,0.6667,nan
8,3,MLP,arm1,1.0,2,76,0.7368,0.7297,0.8375
8,3,MLP,arm1,1.0,3,54,0.7037,0.7714,0.8054
8,3,MLP,arm1,0.5,0,26,0.6538,0.4706,0.6
8,3,MLP,arm1,0.5,1,7,1.0,1.0,1.0
8,3,MLP,arm1,0.5,2,108,0.7315,0.7852,0.8184
8,3,MLP,arm1,0.5,3,43,0.7674,0.6875,0.8538
8,3,MLP,arm1,0.1,0,65,0.7077,0.8288,nan
8,3,MLP,arm1,0.1,1,81,0.7778,0.0,nan
8,3,MLP,arm1,0.1,2,20,0.6,0.75,nan
8,3,MLP,arm1,0.1,3,18,0.8333,0.9032,0.8824
8,3,MLP,arm1,natural,0,59,0.7288,0.6364,0.7541
8,3,MLP,arm1,natural,1,61,0.7705,0.6957,0.8638
8,3,MLP,arm1,natural,2,22,0.7273,0.8333,0.9524
8,3,MLP,arm1,natural,3,42,0.7143,0.8182,0.6406
8,3,MLP,arm2,100,global,184,0.7446,0.7892,0.81
8,3,MLP,arm2,100,0,46,0.7609,0.8,0.84
8,3,MLP,arm2,100,1,44,0.6818,0.72,0.764
8,3,MLP,arm2,100,2,47,0.7447,0.8065,0.7782
8,3,MLP,arm2,100,3,47,0.7872,0.8214,0.8333
8,3,MLP,arm2,1.0,global,184,0.7391,0.7474,0.8024
8,3,MLP,arm2,1.0,0,44,0.8636,0.8235,0.8504
8,3,MLP,arm2,1.0,1,10,0.4,0.5714,nan
8,3,MLP,arm2,1.0,2,76,0.7368,0.7222,0.8326
8,3,MLP,arm2,1.0,3,54,0.7037,0.7714,0.8018
8,3,MLP,arm2,0.5,global,184,0.7446,0.7662,0.8045
8,3,MLP,arm2,0.5,0,26,0.5385,0.4,0.5758
8,3,MLP,arm2,0.5,1,7,1.0,1.0,1.0
8,3,MLP,arm2,0.5,2,108,0.7685,0.8227,0.8132
8,3,MLP,arm2,0.5,3,43,0.7674,0.6875,0.8615
8,3,MLP,arm2,0.1,global,184,0.7337,0.7803,0.7905
8,3,MLP,arm2,0.1,0,65,0.8769,0.9344,nan
8,3,MLP,arm2,0.1,1,81,0.5926,0.0,nan
8,3,MLP,arm2,0.1,2,20,0.75,0.8571,nan
8,3,MLP,arm2,0.1,3,18,0.8333,0.9091,0.8824
8,3,MLP,arm2,natural,global,184,0.7174,0.732,0.7904
8,3,MLP,arm2,natural,0,59,0.678,0.5778,0.7331
8,3,MLP,arm2,natural,1,61,0.7869,0.7347,0.8535
8,3,MLP,arm2,natural,2,22,0.6818,0.8,0.9048
8,3,MLP,arm2,natural,3,42,0.6905,0.8,0.5938
8,4,LR,arm1,,global,184,0.7826,0.8148,0.8803
8,4,LR,arm1,100,0,39,0.8462,0.8846,0.9143
8,4,LR,arm1,100,1,46,0.7391,0.7857,0.8519
8,4,LR,arm1,100,2,54,0.8148,0.8276,0.9135
8,4,LR,arm1,100,3,45,0.7333,0.76,0.8202
8,4,LR,arm1,1.0,0,35,0.8571,0.8571,0.93
8,4,LR,arm1,1.0,1,11,0.9091,0.9412,0.9444
8,4,LR,arm1,1.0,2,101,0.7228,0.7308,0.8621
8,4,LR,arm1,1.0,3,37,0.8378,0.9,0.8495
8,4,LR,arm1,0.5,0,16,0.875,0.8333,1.0
8,4,LR,arm1,0.5,1,10,0.8,0.875,0.7778
8,4,LR,arm1,0.5,2,115,0.7739,0.8375,0.872
8,4,LR,arm1,0.5,3,43,0.7674,0.6429,0.915
8,4,LR,arm1,0.1,0,63,0.8571,0.9231,nan
8,4,LR,arm1,0.1,1,82,0.6829,0.0,nan
8,4,LR,arm1,0.1,2,23,0.8696,0.9302,nan
8,4,LR,arm1,0.1,3,16,0.875,0.9333,nan
8,4,LR,arm1,natural,0,58,0.8103,0.7925,0.902
8,4,LR,arm1,natural,1,53,0.717,0.6341,0.8497
8,4,LR,arm1,natural,2,31,0.9032,0.9492,0.9
8,4,LR,arm1,natural,3,42,0.7381,0.8254,0.7857
8,4,LR,arm2,100,global,184,0.7826,0.8165,0.8765
8,4,LR,arm2,100,0,39,0.8462,0.8846,0.9086
8,4,LR,arm2,100,1,46,0.7826,0.8214,0.8654
8,4,LR,arm2,100,2,54,0.7778,0.8,0.908
8,4,LR,arm2,100,3,45,0.7333,0.76,0.8182
8,4,LR,arm2,1.0,global,184,0.7826,0.8165,0.8769
8,4,LR,arm2,1.0,0,35,0.8857,0.8824,0.9267
8,4,LR,arm2,1.0,1,11,0.9091,0.9412,0.9444
8,4,LR,arm2,1.0,2,101,0.7129,0.729,0.8656
8,4,LR,arm2,1.0,3,37,0.8378,0.9,0.8548
8,4,LR,arm2,0.5,global,184,0.7772,0.8111,0.8747
8,4,LR,arm2,0.5,0,16,0.875,0.8333,1.0
8,4,LR,arm2,0.5,1,10,0.8,0.875,0.7778
8,4,LR,arm2,0.5,2,115,0.7739,0.8375,0.8681
8,4,LR,arm2,0.5,3,43,0.7442,0.6207,0.902
8,4,LR,arm2,0.1,global,184,0.7935,0.8273,0.8722
8,4,LR,arm2,0.1,0,63,0.8889,0.9412,nan
8,4,LR,arm2,0.1,1,82,0.6707,0.0,nan
8,4,LR,arm2,0.1,2,23,0.8696,0.9302,nan
8,4,LR,arm2,0.1,3,16,0.9375,0.9677,nan
8,4,LR,arm2,natural,global,184,0.7663,0.7962,0.8711
8,4,LR,arm2,natural,0,58,0.7931,0.7692,0.9092
8,4,LR,arm2,natural,1,53,0.6981,0.619,0.8513
8,4,LR,arm2,natural,2,31,0.9355,0.9655,0.9667
8,4,LR,arm2,natural,3,42,0.6905,0.7797,0.7653
8,4,MLP,arm1,,global,184,0.8152,0.8455,0.8867
8,4,MLP,arm1,100,0,39,0.8462,0.8889,0.9086
8,4,MLP,arm1,100,1,46,0.8043,0.8421,0.8654
8,4,MLP,arm1,100,2,54,0.8519,0.8621,0.9258
8,4,MLP,arm1,100,3,45,0.7556,0.7843,0.834
8,4,MLP,arm1,1.0,0,35,0.8286,0.8333,0.9367
8,4,MLP,arm1,1.0,1,11,0.9091,0.9412,0.9444
8,4,MLP,arm1,1.0,2,101,0.7822,0.7925,0.8692
8,4,MLP,arm1,1.0,3,37,0.8649,0.918,0.8871
8,4,MLP,arm1,0.5,0,16,0.8125,0.7692,1.0
8,4,MLP,arm1,0.5,1,10,0.8,0.875,0.7778
8,4,MLP,arm1,0.5,2,115,0.8348,0.8834,0.8843
8,4,MLP,arm1,0.5,3,43,0.7674,0.6429,0.9248
8,4,MLP,arm1,0.1,0,63,0.9206,0.9587,nan
8,4,MLP,arm1,0.1,1,82,0.6951,0.0,nan
8,4,MLP,arm1,0.1,2,23,0.8696,0.9302,nan
8,4,MLP,arm1,0.1,3,16,0.9375,0.9677,nan
8,4,MLP,arm1,natural,0,58,0.8448,0.8421,0.9068
8,4,MLP,arm1,natural,1,53,0.7358,0.65,0.8529
8,4,MLP,arm1,natural,2,31,0.9355,0.9667,0.9667
8,4,MLP,arm1,natural,3,42,0.7857,0.8571,0.7857
8,4,MLP,arm2,100,global,184,0.8098,0.8416,0.8847
8,4,MLP,arm2,100,0,39,0.8462,0.8889,0.9029
8,4,MLP,arm2,100,1,46,0.8043,0.8421,0.8596
8,4,MLP,arm2,100,2,54,0.8333,0.8475,0.9245
8,4,MLP,arm2,100,3,45,0.7556,0.7843,0.8281
8,4,MLP,arm2,1.0,global,184,0.7989,0.8279,0.88
8,4,MLP,arm2,1.0,0,35,0.8286,0.8333,0.9267
8,4,MLP,arm2,1.0,1,11,0.9091,0.9412,0.9444
8,4,MLP,arm2,1.0,2,101,0.7525,0.7525,0.8649
8,4,MLP,arm2,1.0,3,37,0.8649,0.918,0.8656
8,4,MLP,arm2,0.5,global,184,0.8043,0.8269,0.8835
8,4,MLP,arm2,0.5,0,16,0.875,0.8333,1.0
8,4,MLP,arm2,0.5,1,10,0.8,0.875,0.8889
8,4,MLP,arm2,0.5,2,115,0.7913,0.8442,0.8748
8,4,MLP,arm2,0.5,3,43,0.814,0.6923,0.915
8,4,MLP,arm2,0.1,global,184,0.7065,0.6747,0.8305
8,4,MLP,arm2,0.1,0,63,0.619,0.7647,nan
8,4,MLP,arm2,0.1,1,82,0.9024,0.0,nan
8,4,MLP,arm2,0.1,2,23,0.3043,0.4667,nan
8,4,MLP,arm2,0.1,3,16,0.625,0.7692,nan
8,4,MLP,arm2,natural,global,184,0.7935,0.8173,0.8833
8,4,MLP,arm2,natural,0,58,0.8103,0.7843,0.9128
8,4,MLP,arm2,natural,1,53,0.7358,0.65,0.8578
8,4,MLP,arm2,natural,2,31,0.9677,0.9831,0.9667
8,4,MLP,arm2,natural,3,42,0.7143,0.7931,0.7704
9,0,LR,arm1,,global,184,0.7772,0.794,0.8637
9,0,LR,arm1,100,0,58,0.8276,0.8485,0.8689
9,0,LR,arm1,100,1,29,0.7586,0.7586,0.8586
9,0,LR,arm1,100,2,43,0.7674,0.7917,0.8289
9,0,LR,arm1,100,3,54,0.7407,0.75,0.8864
9,0,LR,arm1,1.0,0,41,0.7561,0.1667,1.0
9,0,LR,arm1,1.0,1,23,0.7391,0.6667,0.8214
9,0,LR,arm1,1.0,2,52,0.8269,0.9053,nan
9,0,LR,arm1,1.0,3,68,0.7647,0.7838,0.9106
9,0,LR,arm1,0.5,0,6,0.8333,0.9091,nan
9,0,LR,arm1,0.5,1,33,0.7576,0.8182,0.835
9,0,LR,arm1,0.5,2,65,0.8,0.0,nan
9,0,LR,arm1,0.5,3,80,0.7625,0.855,0.7629
9,0,LR,arm1,0.1,0,76,0.7368,0.6154,0.8814
9,0,LR,arm1,0.1,1,6,1.0,1.0,nan
9,0,LR,arm1,0.1,2,88,0.7955,0.8636,0.8784
9,0,LR,arm1,0.1,3,14,0.7857,0.0,nan
9,0,LR,arm1,natural,0,64,0.7969,0.7547,0.8599
9,0,LR,arm1,natural,1,53,0.8113,0.7619,0.9133
9,0,LR,arm1,natural,2,25,0.72,0.8205,0.697
9,0,LR,arm1,natural,3,42,0.7381,0.8308,0.7104
9,0,LR,arm2,100,global,184,0.7717,0.79,0.8589
9,0,LR,arm2,100,0,58,0.8276,0.8485,0.8652
9,0,LR,arm2,100,1,29,0.7586,0.7586,0.8586
9,0,LR,arm2,100,2,43,0.7674,0.7917,0.8356
9,0,LR,arm2,100,3,54,0.7222,0.7368,0.878
9,0,LR,arm2,1.0,global,184,0.788,0.8116,0.8588
9,0,LR,arm2,1.0,0,41,0.7073,0.1429,1.0
9,0,LR,arm2,1.0,1,23,0.7391,0.6667,0.7679
9,0,LR,arm2,1.0,2,52,0.8269,0.9053,nan
9,0,LR,arm2,1.0,3,68,0.8235,0.85,0.9115
9,0,LR,arm2,0.5,global,184,0.7717,0.79,0.856
9,0,LR,arm2,0.5,0,6,0.8333,0.9091,nan
9,0,LR,arm2,0.5,1,33,0.7576,0.8182,0.83
9,0,LR,arm2,0.5,2,65,0.7846,0.0,nan
9,0,LR,arm2,0.5,3,80,0.7625,0.855,0.7514
9,0,LR,arm2,0.1,global,184,0.7717,0.79,0.8586
9,0,LR,arm2,0.1,0,76,0.7237,0.6038,0.8736
9,0,LR,arm2,0.1,1,6,1.0,1.0,nan
9,0,LR,arm2,0.1,2,88,0.7955,0.8636,0.8707
9,0,LR,arm2,0.1,3,14,0.7857,0.0,nan
9,0,LR,arm2,natural,global,184,0.7772,0.796,0.8529
9,0,LR,arm2,natural,0,64,0.7812,0.7407,0.8398
9,0,LR,arm2,natural,1,53,0.8113,0.7619,0.9118
9,0,LR,arm2,natural,2,25,0.76,0.85,0.6818
9,0,LR,arm2,natural,3,42,0.7381,0.8308,0.697
9,0,MLP,arm1,,global,184,0.7663,0.7817,0.8796
9,0,MLP,arm1,100,0,58,0.8276,0.8485,0.9154
9,0,MLP,arm1,100,1,29,0.7241,0.7143,0.899
9,0,MLP,arm1,100,2,43,0.7674,0.7917,0.8422
9,0,MLP,arm1,100,3,54,0.7222,0.7273,0.8934
9,0,MLP,arm1,1.0,0,41,0.7561,0.1667,1.0
9,0,MLP,arm1,1.0,1,23,0.7391,0.6667,0.8036
9,0,MLP,arm1,1.0,2,52,0.8077,0.8936,nan
9,0,MLP,arm1,1.0,3,68,0.75,0.7671,0.9097
9,0,MLP,arm1,0.5,0,6,0.8333,0.9091,nan
9,0,MLP,arm1,0.5,1,33,0.7576,0.8182,0.88
9,0,MLP,arm1,0.5,2,65,0.8,0.0,nan
9,0,MLP,arm1,0.5,3,80,0.7375,0.8372,0.8014
9,0,MLP,arm1,0.1,0,76,0.7237,0.5882,0.8684
9,0,MLP,arm1,0.1,1,6,1.0,1.0,nan
9,0,MLP,arm1,0.1,2,88,0.7841,0.855,0.8996
9,0,MLP,arm1,0.1,3,14,0.7857,0.0,nan
9,0,MLP,arm1,natural,0,64,0.7969,0.7547,0.9039
9,0,MLP,arm1,natural,1,53,0.8113,0.7619,0.9164
9,0,MLP,arm1,natural,2,25,0.64,0.7568,0.6818
9,0,MLP,arm1,natural,3,42,0.7381,0.8308,0.7643
9,0,MLP,arm2,100,global,184,0.7772,0.794,0.871
9,0,MLP,arm2,100,0,58,0.8276,0.8485,0.8958
9,0,MLP,arm2,100,1,29,0.7241,0.7143,0.8838
9,0,MLP,arm2,100,2,43,0.7674,0.7917,0.8289
9,0,MLP,arm2,100,3,54,0.7593,0.7719,0.8878
9,0,MLP,arm2,1.0,global,184,0.7772,0.7897,0.8672
9,0,MLP,arm2,1.0,0,41,0.7805,0.1818,1.0
9,0,MLP,arm2,1.0,1,23,0.7391,0.6667,0.7679
9,0,MLP,arm2,1.0,2,52,0.7885,0.8817,nan
9,0,MLP,arm2,1.0,3,68,0.7794,0.7945,0.9079
9,0,MLP,arm2,0.5,global,184,0.7935,0.7979,0.8607
9,0,MLP,arm2,0.5,0,6,0.8333,0.9091,nan
9,0,MLP,arm2,0.5,1,33,0.7879,0.8372,0.885
9,0,MLP,arm2,0.5,2,65,0.8769,0.0,nan
9,0,MLP,arm2,0.5,3,80,0.725,0.8254,0.7671
9,0,MLP,arm2,0.1,global,184,0.7717,0.7857,0.8595
9,0,MLP,arm2,0.1,0,76,0.7368,0.6,0.8771
9,0,MLP,arm2,0.1,1,6,1.0,1.0,nan
9,0,MLP,arm2,0.1,2,88,0.7841,0.855,0.8668
9,0,MLP,arm2,0.1,3,14,0.7857,0.0,nan
9,0,MLP,arm2,natural,global,184,0.7772,0.794,0.8607
9,0,MLP,arm2,natural,0,64,0.7969,0.7547,0.8659
9,0,MLP,arm2,natural,1,53,0.8113,0.7619,0.9149
9,0,MLP,arm2,natural,2,25,0.72,0.8205,0.6667
9,0,MLP,arm2,natural,3,42,0.7381,0.8308,0.7205
9,1,LR,arm1,,global,184,0.7989,0.8246,0.8641
9,1,LR,arm1,100,0,48,0.7292,0.7719,0.8724
9,1,LR,arm1,100,1,55,0.8364,0.8163,0.9008
9,1,LR,arm1,100,2,42,0.7143,0.7778,0.7372
9,1,LR,arm1,100,3,39,0.9231,0.9412,0.9314
9,1,LR,arm1,1.0,0,44,0.6818,0.125,0.7907
9,1,LR,arm1,1.0,1,27,0.7407,0.5333,0.8333
9,1,LR,arm1,1.0,2,63,0.8254,0.9027,0.9355
9,1,LR,arm1,1.0,3,50,0.9,0.9254,0.9127
9,1,LR,arm1,0.5,0,8,1.0,1.0,nan
9,1,LR,arm1,0.5,1,38,0.7632,0.8421,0.8833
9,1,LR,arm1,0.5,2,66,0.7273,0.0,nan
9,1,LR,arm1,0.5,3,72,0.8611,0.9167,0.9219
9,1,LR,arm1,0.1,0,68,0.75,0.6047,0.8474
9,1,LR,arm1,0.1,1,7,0.7143,0.8333,nan
9,1,LR,arm1,0.1,2,103,0.8447,0.8961,0.8534
9,1,LR,arm1,0.1,3,6,0.6667,0.0,nan
9,1,LR,arm1,natural,0,55,0.8182,0.7826,0.8867
9,1,LR,arm1,natural,1,64,0.75,0.6923,0.8258
9,1,LR,arm1,natural,2,26,0.8846,0.9388,0.68
9,1,LR,arm1,natural,3,39,0.7949,0.875,0.7519
9,1,LR,arm2,100,global,184,0.7935,0.8173,0.861
9,1,LR,arm2,100,0,48,0.7292,0.7719,0.8654
9,1,LR,arm2,100,1,55,0.8545,0.8261,0.8954
9,1,LR,arm2,100,2,42,0.6905,0.7547,0.7372
9,1,LR,arm2,100,3,39,0.8974,0.9231,0.9286
9,1,LR,arm2,1.0,global,184,0.7989,0.8263,0.8632
9,1,LR,arm2,1.0,0,44,0.6818,0.125,0.7442
9,1,LR,arm2,1.0,1,27,0.7407,0.5333,0.881
9,1,LR,arm2,1.0,2,63,0.8571,0.9217,0.9194
9,1,LR,arm2,1.0,3,50,0.86,0.8955,0.9144
9,1,LR,arm2,0.5,global,184,0.7935,0.8173,0.8592
9,1,LR,arm2,0.5,0,8,0.875,0.9333,nan
9,1,LR,arm2,0.5,1,38,0.7632,0.8421,0.8833
9,1,LR,arm2,0.5,2,66,0.7424,0.0,nan
9,1,LR,arm2,0.5,3,72,0.8472,0.9076,0.918
9,1,LR,arm2,0.1,global,184,0.7935,0.8173,0.8612
9,1,LR,arm2,0.1,0,68,0.7794,0.6341,0.8438
9,1,LR,arm2,0.1,1,7,0.7143,0.8333,nan
9,1,LR,arm2,0.1,2,103,0.8155,0.8758,0.8412
9,1,LR,arm2,0.1,3,6,0.6667,0.0,nan
9,1,LR,arm2,natural,global,184,0.7935,0.8173,0.8588
9,1,LR,arm2,natural,0,55,0.8182,0.7826,0.8813
9,1,LR,arm2,natural,1,64,0.7344,0.6792,0.8268
9,1,LR,arm2,natural,2,26,0.8846,0.9388,0.72
9,1,LR,arm2,natural,3,39,0.7949,0.8667,0.7815
9,1,MLP,arm1,,global,184,0.8207,0.852,0.8812
9,1,MLP,arm1,100,0,48,0.7917,0.8333,0.9178
9,1,MLP,arm1,100,1,55,0.8364,0.8235,0.9062
9,1,MLP,arm1,100,2,42,0.7619,0.8276,0.7577
9,1,MLP,arm1,100,3,39,0.8974,0.9259,0.9086
9,1,MLP,arm1,1.0,0,44,0.7045,0.1333,0.907
9,1,MLP,arm1,1.0,1,27,0.7037,0.6,0.8968
9,1,MLP,arm1,1.0,2,63,0.9048,0.9492,0.9677
9,1,MLP,arm1,1.0,3,50,0.88,0.9143,0.8895
9,1,MLP,arm1,0.5,0,8,1.0,1.0,nan
9,1,MLP,arm1,0.5,1,38,0.8684,0.9153,0.8917
9,1,MLP,arm1,0.5,2,66,0.6667,0.0,nan
9,1,MLP,arm1,0.5,3,72,0.9167,0.9524,0.9434
9,1,MLP,arm1,0.1,0,68,0.7353,0.6087,0.8762
9,1,MLP,arm1,0.1,1,7,1.0,1.0,nan
9,1,MLP,arm1,0.1,2,103,0.8835,0.925,0.8676
9,1,MLP,arm1,0.1,3,6,0.5,0.0,nan
9,1,MLP,arm1,natural,0,55,0.8364,0.8364,0.9067
9,1,MLP,arm1,natural,1,64,0.7656,0.717,0.8463
9,1,MLP,arm1,natural,2,26,0.9231,0.96,0.48
9,1,MLP,arm1,natural,3,39,0.8205,0.8923,0.8148
9,1,MLP,arm2,100,global,184,0.8043,0.8286,0.8759
9,1,MLP,arm2,100,0,48,0.75,0.7931,0.8969
9,1,MLP,arm2,100,1,55,0.8727,0.8511,0.9022
9,1,MLP,arm2,100,2,42,0.6667,0.7407,0.7526
9,1,MLP,arm2,100,3,39,0.9231,0.9412,0.9229
9,1,MLP,arm2,1.0,global,184,0.8043,0.8218,0.8644
9,1,MLP,arm2,1.0,0,44,0.7955,0.1818,0.7907
9,1,MLP,arm2,1.0,1,27,0.7407,0.5333,0.8333
9,1,MLP,arm2,1.0,2,63,0.8095,0.8929,0.9355
9,1,MLP,arm2,1.0,3,50,0.84,0.875,0.9091
9,1,MLP,arm2,0.5,global,184,0.8043,0.82,0.8614
9,1,MLP,arm2,0.5,0,8,0.75,0.8571,nan
9,1,MLP,arm2,0.5,1,38,0.7895,0.8571,0.875
9,1,MLP,arm2,0.5,2,66,0.803,0.0,nan
9,1,MLP,arm2,0.5,3,72,0.8194,0.8889,0.9258
9,1,MLP,arm2,0.1,global,184,0.8043,0.8269,0.8667
9,1,MLP,arm2,0.1,0,68,0.7794,0.6341,0.8582
9,1,MLP,arm2,0.1,1,7,0.7143,0.8333,nan
9,1,MLP,arm2,0.1,2,103,0.8252,0.8831,0.8455
9,1,MLP,arm2,0.1,3,6,0.8333,0.0,nan
9,1,MLP,arm2,natural,global,184,0.8098,0.8276,0.8698
9,1,MLP,arm2,natural,0,55,0.8364,0.8,0.8853
9,1,MLP,arm2,natural,1,64,0.7656,0.6939,0.8409
9,1,MLP,arm2,natural,2,26,0.8846,0.9388,0.8
9,1,MLP,arm2,natural,3,39,0.7949,0.8667,0.7852
9,2,LR,arm1,,global,184,0.7663,0.8,0.8264
9,2,LR,arm1,100,0,53,0.7358,0.7667,0.8171
9,2,LR,arm1,100,1,42,0.7143,0.76,0.778
9,2,LR,arm1,100,2,47,0.7872,0.8148,0.8443
9,2,LR,arm1,100,3,42,0.8333,0.8627,0.8447
9,2,LR,arm1,1.0,0,38,0.6316,0.0,nan
9,2,LR,arm1,1.0,1,31,0.7097,0.6667,0.8333
9,2,LR,arm1,1.0,2,54,0.8333,0.9072,0.9057
9,2,LR,arm1,1.0,3,61,0.8197,0.8571,0.8625
9,2,LR,arm1,0.5,0,12,1.0,1.0,nan
9,2,LR,arm1,0.5,1,38,0.7368,0.8,0.7594
9,2,LR,arm1,0.5,2,54,0.6852,0.0,nan
9,2,LR,arm1,0.5,3,80,0.8,0.871,0.8358
9,2,LR,arm1,0.1,0,72,0.6528,0.5902,0.7285
9,2,LR,arm1,0.1,1,7,0.7143,0.8333,nan
9,2,LR,arm1,0.1,2,88,0.8523,0.9065,0.8898
9,2,LR,arm1,0.1,3,17,0.8235,0.0,nan
9,2,LR,arm1,natural,0,57,0.807,0.807,0.8877
9,2,LR,arm1,natural,1,66,0.7424,0.7213,0.8026
9,2,LR,arm1,natural,2,21,0.7619,0.8649,0.8
9,2,LR,arm1,natural,3,40,0.75,0.8333,0.6852
9,2,LR,arm2,100,global,184,0.7554,0.7887,0.8222
9,2,LR,arm2,100,0,53,0.717,0.7458,0.8314
9,2,LR,arm2,100,1,42,0.6905,0.7347,0.778
9,2,LR,arm2,100,2,47,0.7872,0.8148,0.8352
9,2,LR,arm2,100,3,42,0.8333,0.8627,0.8518
9,2,LR,arm2,1.0,global,184,0.7826,0.8198,0.8198
9,2,LR,arm2,1.0,0,38,0.5789,0.0,nan
9,2,LR,arm2,1.0,1,31,0.7419,0.7143,0.8381
9,2,LR,arm2,1.0,2,54,0.8704,0.9293,0.8868
9,2,LR,arm2,1.0,3,61,0.8525,0.8861,0.8578
9,2,LR,arm2,0.5,global,184,0.7228,0.7536,0.8192
9,2,LR,arm2,0.5,0,12,0.9167,0.9565,nan
9,2,LR,arm2,0.5,1,38,0.7105,0.7755,0.7565
9,2,LR,arm2,0.5,2,54,0.6852,0.0,nan
9,2,LR,arm2,0.5,3,80,0.725,0.8136,0.8209
9,2,LR,arm2,0.1,global,184,0.7663,0.8,0.8201
9,2,LR,arm2,0.1,0,72,0.6528,0.5902,0.7196
9,2,LR,arm2,0.1,1,7,0.7143,0.8333,nan
9,2,LR,arm2,0.1,2,88,0.8523,0.9065,0.8863
9,2,LR,arm2,0.1,3,17,0.8235,0.0,nan
9,2,LR,arm2,natural,global,184,0.7228,0.7536,0.8177
9,2,LR,arm2,natural,0,57,0.7368,0.7273,0.8716
9,2,LR,arm2,natural,1,66,0.7273,0.7,0.8092
9,2,LR,arm2,natural,2,21,0.8095,0.8889,0.8
9,2,LR,arm2,natural,3,40,0.65,0.75,0.688
9,2,MLP,arm1,,global,184,0.7446,0.759,0.8482
9,2,MLP,arm1,100,0,53,0.717,0.717,0.8229
9,2,MLP,arm1,100,1,42,0.7619,0.7826,0.8307
9,2,MLP,arm1,100,2,47,0.7447,0.75,0.8681
9,2,MLP,arm1,100,3,42,0.7619,0.7917,0.8612
9,2,MLP,arm1,1.0,0,38,0.7632,0.0,nan
9,2,MLP,arm1,1.0,1,31,0.7419,0.6667,0.8714
9,2,MLP,arm1,1.0,2,54,0.7593,0.8602,0.9434
9,2,MLP,arm1,1.0,3,61,0.7213,0.7536,0.8776
9,2,MLP,arm1,0.5,0,12,0.8333,0.9091,nan
9,2,MLP,arm1,0.5,1,38,0.6842,0.7391,0.7913
9,2,MLP,arm1,0.5,2,54,0.7963,0.0,nan
9,2,MLP,arm1,0.5,3,80,0.725,0.8103,0.8542
9,2,MLP,arm1,0.1,0,72,0.6667,0.5556,0.7462
9,2,MLP,arm1,0.1,1,7,0.7143,0.8333,nan
9,2,MLP,arm1,0.1,2,88,0.7727,0.8438,0.9089
9,2,MLP,arm1,0.1,3,17,0.9412,0.0,nan
9,2,MLP,arm1,natural,0,57,0.7719,0.7347,0.9198
9,2,MLP,arm1,natural,1,66,0.7879,0.7407,0.8318
9,2,MLP,arm1,natural,2,21,0.7619,0.8649,0.8
9,2,MLP,arm1,natural,3,40,0.625,0.7273,0.7023
9,2,MLP,arm2,100,global,184,0.7446,0.7614,0.8415
9,2,MLP,arm2,100,0,53,0.6981,0.7037,0.82
9,2,MLP,arm2,100,1,42,0.7619,0.7826,0.8146
9,2,MLP,arm2,100,2,47,0.766,0.7755,0.8626
9,2,MLP,arm2,100,3,42,0.7619,0.7917,0.8612
9,2,MLP,arm2,1.0,global,184,0.7283,0.7368,0.8271
9,2,MLP,arm2,1.0,0,38,0.7632,0.0,nan
9,2,MLP,arm2,1.0,1,31,0.7419,0.6667,0.8286
9,2,MLP,arm2,1.0,2,54,0.6852,0.809,0.9245
9,2,MLP,arm2,1.0,3,61,0.7377,0.7647,0.8765
9,2,MLP,arm2,0.5,global,184,0.7283,0.7368,0.8278
9,2,MLP,arm2,0.5,0,12,0.8333,0.9091,nan
9,2,MLP,arm2,0.5,1,38,0.6842,0.7391,0.7594
9,2,MLP,arm2,0.5,2,54,0.8148,0.0,nan
9,2,MLP,arm2,0.5,3,80,0.675,0.7679,0.8301
9,2,MLP,arm2,0.1,global,184,0.7609,0.7925,0.8306
9,2,MLP,arm2,0.1,0,72,0.6667,0.6,0.7365
9,2,MLP,arm2,0.1,1,7,0.7143,0.8333,nan
9,2,MLP,arm2,0.1,2,88,0.8295,0.8905,0.9028
9,2,MLP,arm2,0.1,3,17,0.8235,0.0,nan
9,2,MLP,arm2,natural,global,184,0.7935,0.8304,0.8294
9,2,MLP,arm2,natural,0,57,0.8421,0.8525,0.8852
9,2,MLP,arm2,natural,1,66,0.7576,0.7419,0.8195
9,2,MLP,arm2,natural,2,21,0.8095,0.8947,0.8
9,2,MLP,arm2,natural,3,40,0.775,0.8571,0.6966
9,3,LR,arm1,,global,184,0.7337,0.7656,0.8033
9,3,LR,arm1,100,0,47,0.8085,0.8,0.8641
9,3,LR,arm1,100,1,43,0.6977,0.7719,0.7405
9,3,LR,arm1,100,2,46,0.7609,0.807,0.8194
9,3,LR,arm1,100,3,48,0.6667,0.68,0.7443
9,3,LR,arm1,1.0,0,33,0.7879,0.0,0.5625
9,3,LR,arm1,1.0,1,28,0.6429,0.6154,0.8222
9,3,LR,arm1,1.0,2,59,0.7966,0.8868,nan
9,3,LR,arm1,1.0,3,64,0.6875,0.7143,0.7695
9,3,LR,arm1,0.5,0,7,0.4286,0.6,nan
9,3,LR,arm1,0.5,1,26,0.8846,0.9189,0.9398
9,3,LR,arm1,0.5,2,64,0.6094,0.0,nan
9,3,LR,arm1,0.5,3,87,0.8046,0.8759,0.8493
9,3,LR,arm1,0.1,0,63,0.6508,0.3529,0.7675
9,3,LR,arm1,0.1,1,6,0.8333,0.9091,0.6
9,3,LR,arm1,0.1,2,105,0.7714,0.8519,0.8172
9,3,LR,arm1,0.1,3,10,0.8,0.0,nan
9,3,LR,arm1,natural,0,68,0.6912,0.6557,0.7496
9,3,LR,arm1,natural,1,52,0.7885,0.7556,0.9139
9,3,LR,arm1,natural,2,26,0.8077,0.8837,0.8116
9,3,LR,arm1,natural,3,38,0.6842,0.8,0.65
9,3,LR,arm2,100,global,184,0.7337,0.7656,0.8014
9,3,LR,arm2,100,0,47,0.8085,0.8,0.8605
9,3,LR,arm2,100,1,43,0.6744,0.7586,0.7524
9,3,LR,arm2,100,2,46,0.7609,0.807,0.8234
9,3,LR,arm2,100,3,48,0.6875,0.6939,0.7426
9,3,LR,arm2,1.0,global,184,0.7391,0.7757,0.8018
9,3,LR,arm2,1.0,0,33,0.7576,0.0,0.5312
9,3,LR,arm2,1.0,1,28,0.6429,0.6429,0.8278
9,3,LR,arm2,1.0,2,59,0.8136,0.8972,nan
9,3,LR,arm2,1.0,3,64,0.7031,0.7324,0.7656
9,3,LR,arm2,0.5,global,184,0.7337,0.761,0.7982
9,3,LR,arm2,0.5,0,7,0.4286,0.6,nan
9,3,LR,arm2,0.5,1,26,0.8462,0.8889,0.9173
9,3,LR,arm2,0.5,2,64,0.6406,0.0,nan
9,3,LR,arm2,0.5,3,87,0.7931,0.8676,0.8361
9,3,LR,arm2,0.1,global,184,0.7283,0.7596,0.8025
9,3,LR,arm2,0.1,0,63,0.6508,0.3529,0.7593
9,3,LR,arm2,0.1,1,6,0.8333,0.9091,0.6
9,3,LR,arm2,0.1,2,105,0.7619,0.8447,0.8205
9,3,LR,arm2,0.1,3,10,0.8,0.0,nan
9,3,LR,arm2,natural,global,184,0.7283,0.7573,0.7969
9,3,LR,arm2,natural,0,68,0.6765,0.6452,0.7444
9,3,LR,arm2,natural,1,52,0.8077,0.7727,0.9075
9,3,LR,arm2,natural,2,26,0.8077,0.8837,0.8116
9,3,LR,arm2,natural,3,38,0.6579,0.7719,0.6357
9,3,MLP,arm1,,global,184,0.7337,0.77,0.8091
9,3,MLP,arm1,100,0,47,0.7872,0.7826,0.8696
9,3,MLP,arm1,100,1,43,0.6977,0.7797,0.7524
9,3,MLP,arm1,100,2,46,0.7609,0.807,0.8075
9,3,MLP,arm1,100,3,48,0.6875,0.7059,0.7513
9,3,MLP,arm1,1.0,0,33,0.7273,0.0,0.7188
9,3,MLP,arm1,1.0,1,28,0.6071,0.5926,0.7444
9,3,MLP,arm1,1.0,2,59,0.8136,0.8972,nan
9,3,MLP,arm1,1.0,3,64,0.7188,0.7429,0.7715
9,3,MLP,arm1,0.5,0,7,0.7143,0.8333,nan
9,3,MLP,arm1,0.5,1,26,0.8077,0.8649,0.8797
9,3,MLP,arm1,0.5,2,64,0.6406,0.0,nan
9,3,MLP,arm1,0.5,3,87,0.7816,0.8652,0.866
9,3,MLP,arm1,0.1,0,63,0.6349,0.3784,0.7778
9,3,MLP,arm1,0.1,1,6,0.8333,0.9091,0.6
9,3,MLP,arm1,0.1,2,105,0.781,0.8589,0.8185
9,3,MLP,arm1,0.1,3,10,0.8,0.0,nan
9,3,MLP,arm1,natural,0,68,0.6765,0.6562,0.7513
9,3,MLP,arm1,natural,1,52,0.75,0.6977,0.8947
9,3,MLP,arm1,natural,2,26,0.8846,0.9333,0.7826
9,3,MLP,arm1,natural,3,38,0.7105,0.8197,0.6893
9,3,MLP,arm2,100,global,184,0.7391,0.7624,0.8008
9,3,MLP,arm2,100,0,47,0.8298,0.8182,0.8569
9,3,MLP,arm2,100,1,43,0.7209,0.7857,0.7286
9,3,MLP,arm2,100,2,46,0.7391,0.7778,0.8135
9,3,MLP,arm2,100,3,48,0.6667,0.6667,0.7426
9,3,MLP,arm2,1.0,global,184,0.7446,0.7911,0.81
9,3,MLP,arm2,1.0,0,33,0.6364,0.0,0.625
9,3,MLP,arm2,1.0,1,28,0.6429,0.6667,0.7722
9,3,MLP,arm2,1.0,2,59,0.8644,0.9273,nan
9,3,MLP,arm2,1.0,3,64,0.7344,0.7671,0.7793
9,3,MLP,arm2,0.5,global,184,0.7174,0.7263,0.7964
9,3,MLP,arm2,0.5,0,7,0.2857,0.4444,nan
9,3,MLP,arm2,0.5,1,26,0.7308,0.7879,0.9323
9,3,MLP,arm2,0.5,2,64,0.7344,0.0,nan
9,3,MLP,arm2,0.5,3,87,0.7356,0.8244,0.8266
9,3,MLP,arm2,0.1,global,184,0.7283,0.7525,0.8139
9,3,MLP,arm2,0.1,0,63,0.6825,0.375,0.7551
9,3,MLP,arm2,0.1,1,6,0.8333,0.9091,0.6
9,3,MLP,arm2,0.1,2,105,0.7429,0.828,0.8225
9,3,MLP,arm2,0.1,3,10,0.8,0.0,nan
9,3,MLP,arm2,natural,global,184,0.7337,0.7841,0.8115
9,3,MLP,arm2,natural,0,68,0.6912,0.6957,0.7513
9,3,MLP,arm2,natural,1,52,0.7692,0.76,0.9187
9,3,MLP,arm2,natural,2,26,0.8462,0.913,0.8261
9,3,MLP,arm2,natural,3,38,0.6842,0.8065,0.6893
9,4,LR,arm1,,global,184,0.7826,0.8077,0.8657
9,4,LR,arm1,100,0,49,0.7755,0.8254,0.8272
9,4,LR,arm1,100,1,51,0.7451,0.7636,0.8457
9,4,LR,arm1,100,2,42,0.8095,0.8182,0.9161
9,4,LR,arm1,100,3,42,0.8095,0.8261,0.92
9,4,LR,arm1,1.0,0,38,0.6842,0.25,0.9167
9,4,LR,arm1,1.0,1,33,0.7879,0.6957,0.945
9,4,LR,arm1,1.0,2,63,0.8254,0.9043,nan
9,4,LR,arm1,1.0,3,50,0.8,0.8148,0.9097
9,4,LR,arm1,0.5,0,13,0.8462,0.9167,0.1667
9,4,LR,arm1,0.5,1,27,0.7407,0.8205,0.754
9,4,LR,arm1,0.5,2,62,0.7581,0.0,nan
9,4,LR,arm1,0.5,3,82,0.8049,0.8769,0.8573
9,4,LR,arm1,0.1,0,75,0.7467,0.6545,0.8982
9,4,LR,arm1,0.1,1,7,0.7143,0.8333,nan
9,4,LR,arm1,0.1,2,87,0.7931,0.8696,0.7703
9,4,LR,arm1,0.1,3,15,0.9333,0.6667,1.0
9,4,LR,arm1,natural,0,59,0.7458,0.6939,0.8779
9,4,LR,arm1,natural,1,59,0.7458,0.6667,0.8577
9,4,LR,arm1,natural,2,25,0.96,0.9796,nan
9,4,LR,arm1,natural,3,41,0.7805,0.8615,0.6742
9,4,LR,arm2,100,global,184,0.7717,0.7981,0.8669
9,4,LR,arm2,100,0,49,0.7755,0.8254,0.8199
9,4,LR,arm2,100,1,51,0.7451,0.7636,0.8596
9,4,LR,arm2,100,2,42,0.7619,0.7727,0.9297
9,4,LR,arm2,100,3,42,0.8095,0.8261,0.92
9,4,LR,arm2,1.0,global,184,0.7717,0.8037,0.8703
9,4,LR,arm2,1.0,0,38,0.6316,0.2222,0.9167
9,4,LR,arm2,1.0,1,33,0.7273,0.64,0.945
9,4,LR,arm2,1.0,2,63,0.8254,0.9043,nan
9,4,LR,arm2,1.0,3,50,0.84,0.8571,0.9294
9,4,LR,arm2,0.5,global,184,0.7772,0.8,0.8672
9,4,LR,arm2,0.5,0,13,0.8462,0.9167,0.1667
9,4,LR,arm2,0.5,1,27,0.7778,0.8421,0.746
9,4,LR,arm2,0.5,2,62,0.7581,0.0,nan
9,4,LR,arm2,0.5,3,82,0.7805,0.8594,0.8673
9,4,LR,arm2,0.1,global,184,0.7663,0.7962,0.8643
9,4,LR,arm2,0.1,0,75,0.7067,0.6071,0.9036
9,4,LR,arm2,0.1,1,7,0.7143,0.8333,nan
9,4,LR,arm2,0.1,2,87,0.8046,0.8777,0.7578
9,4,LR,arm2,0.1,3,15,0.8667,0.5,1.0
9,4,LR,arm2,natural,global,184,0.7772,0.8,0.8661
9,4,LR,arm2,natural,0,59,0.7627,0.7083,0.8929
9,4,LR,arm2,natural,1,59,0.7458,0.6667,0.874
9,4,LR,arm2,natural,2,25,0.88,0.9362,nan
9,4,LR,arm2,natural,3,41,0.7805,0.8615,0.6677
9,4,MLP,arm1,,global,184,0.7826,0.8131,0.8758
9,4,MLP,arm1,100,0,49,0.7347,0.8,0.829
9,4,MLP,arm1,100,1,51,0.7843,0.8,0.8596
9,4,MLP,arm1,100,2,42,0.7857,0.8,0.9365
9,4,MLP,arm1,100,3,42,0.8333,0.8571,0.9412
9,4,MLP,arm1,1.0,0,38,0.6316,0.2222,0.9028
9,4,MLP,arm1,1.0,1,33,0.7879,0.6957,0.96
9,4,MLP,arm1,1.0,2,63,0.8413,0.9138,nan
9,4,MLP,arm1,1.0,3,50,0.82,0.8421,0.931
9,4,MLP,arm1,0.5,0,13,0.9231,0.96,0.0833
9,4,MLP,arm1,0.5,1,27,0.7407,0.8205,0.7381
9,4,MLP,arm1,0.5,2,62,0.7097,0.0,nan
9,4,MLP,arm1,0.5,3,82,0.8293,0.8939,0.8863
9,4,MLP,arm1,0.1,0,75,0.72,0.6316,0.9109
9,4,MLP,arm1,0.1,1,7,0.7143,0.8333,nan
9,4,MLP,arm1,0.1,2,87,0.8161,0.8873,0.7848
9,4,MLP,arm1,0.1,3,15,0.9333,0.6667,1.0
9,4,MLP,arm1,natural,0,59,0.7627,0.7308,0.8998
9,4,MLP,arm1,natural,1,59,0.6949,0.6087,0.855
9,4,MLP,arm1,natural,2,25,0.96,0.9796,nan
9,4,MLP,arm1,natural,3,41,0.8293,0.8955,0.7226
9,4,MLP,arm2,100,global,184,0.7717,0.8019,0.8727
9,4,MLP,arm2,100,0,49,0.7551,0.8125,0.8327
9,4,MLP,arm2,100,1,51,0.7451,0.7636,0.8565
9,4,MLP,arm2,100,2,42,0.7857,0.8,0.9229
9,4,MLP,arm2,100,3,42,0.8095,0.8333,0.9365
9,4,MLP,arm2,1.0,global,184,0.7717,0.7766,0.8589
9,4,MLP,arm2,1.0,0,38,0.7632,0.3077,0.8889
9,4,MLP,arm2,1.0,1,33,0.8485,0.6667,0.925
9,4,MLP,arm2,1.0,2,63,0.7619,0.8649,nan
9,4,MLP,arm2,1.0,3,50,0.74,0.7347,0.9064
9,4,MLP,arm2,0.5,global,184,0.788,0.7979,0.8679
9,4,MLP,arm2,0.5,0,13,0.7692,0.8696,0.1667
9,4,MLP,arm2,0.5,1,27,0.6667,0.7429,0.754
9,4,MLP,arm2,0.5,2,62,0.8548,0.0,nan
9,4,MLP,arm2,0.5,3,82,0.7805,0.8571,0.8517
9,4,MLP,arm2,0.1,global,184,0.7826,0.802,0.8595
9,4,MLP,arm2,0.1,0,75,0.7867,0.6923,0.9055
9,4,MLP,arm2,0.1,1,7,0.7143,0.8333,nan
9,4,MLP,arm2,0.1,2,87,0.7586,0.8444,0.7817
9,4,MLP,arm2,0.1,3,15,0.9333,0.6667,1.0
9,4,MLP,arm2,natural,global,184,0.7772,0.794,0.8657
9,4,MLP,arm2,natural,0,59,0.7458,0.6809,0.8779
9,4,MLP,arm2,natural,1,59,0.7797,0.6829,0.8686
9,4,MLP,arm2,natural,2,25,0.84,0.913,nan
9,4,MLP,arm2,natural,3,41,0.7805,0.8615,0.6806
