seed,fold,model,condition,round,mean_pairwise_l2
0,0,LR,100,0,0.058764
0,0,LR,100,1,0.058103
0,0,LR,100,2,0.058239
0,0,LR,100,3,0.058789
0,0,LR,100,4,0.059487
0,0,LR,100,5,0.060198
0,0,LR,100,6,0.060864
0,0,LR,100,7,0.061463
0,0,LR,100,8,0.06199
0,0,LR,100,9,0.062449
0,0,LR,100,10,0.062846
0,0,LR,100,11,0.063189
0,0,LR,100,12,0.063486
0,0,LR,100,13,0.063744
0,0,LR,100,14,0.063968
0,0,LR,100,15,0.064165
0,0,LR,100,16,0.064338
0,0,LR,100,17,0.064491
0,0,LR,100,18,0.064628
0,0,LR,100,19,0.064751
0,0,LR,1.0,0,0.097454
0,0,LR,1.0,1,0.097219
0,0,LR,1.0,2,0.09844
0,0,LR,1.0,3,0.099799
0,0,LR,1.0,4,0.101118
0,0,LR,1.0,5,0.102326
0,0,LR,1.0,6,0.1034
0,0,LR,1.0,7,0.104339
0,0,LR,1.0,8,0.105154
0,0,LR,1.0,9,0.105859
0,0,LR,1.0,10,0.10647
0,0,LR,1.0,11,0.107
0,0,LR,1.0,12,0.107463
0,0,LR,1.0,13,0.107868
0,0,LR,1.0,14,0.108226
0,0,LR,1.0,15,0.108543
0,0,LR,1.0,16,0.108826
0,0,LR,1.0,17,0.109081
0,0,LR,1.0,18,0.109312
0,0,LR,1.0,19,0.109522
0,0,LR,0.5,0,0.398039
0,0,LR,0.5,1,0.392722
0,0,LR,0.5,2,0.388844
0,0,LR,0.5,3,0.38633
0,0,LR,0.5,4,0.384759
0,0,LR,0.5,5,0.383776
0,0,LR,0.5,6,0.383153
0,0,LR,0.5,7,0.382747
0,0,LR,0.5,8,0.382471
0,0,LR,0.5,9,0.382272
0,0,LR,0.5,10,0.382118
0,0,LR,0.5,11,0.381988
0,0,LR,0.5,12,0.381872
0,0,LR,0.5,13,0.381763
0,0,LR,0.5,14,0.381657
0,0,LR,0.5,15,0.381553
0,0,LR,0.5,16,0.38145
0,0,LR,0.5,17,0.381349
0,0,LR,0.5,18,0.381249
0,0,LR,0.5,19,0.381151
0,0,LR,0.1,0,0.531163
0,0,LR,0.1,1,0.521838
0,0,LR,0.1,2,0.515171
0,0,LR,0.1,3,0.509831
0,0,LR,0.1,4,0.50547
0,0,LR,0.1,5,0.501862
0,0,LR,0.1,6,0.498838
0,0,LR,0.1,7,0.496272
0,0,LR,0.1,8,0.494068
0,0,LR,0.1,9,0.492155
0,0,LR,0.1,10,0.490477
0,0,LR,0.1,11,0.488992
0,0,LR,0.1,12,0.487667
0,0,LR,0.1,13,0.486477
0,0,LR,0.1,14,0.4854
0,0,LR,0.1,15,0.484422
0,0,LR,0.1,16,0.483528
0,0,LR,0.1,17,0.482707
0,0,LR,0.1,18,0.481952
0,0,LR,0.1,19,0.481254
0,0,LR,natural,0,0.300094
0,0,LR,natural,1,0.294405
0,0,LR,natural,2,0.289231
0,0,LR,natural,3,0.285153
0,0,LR,natural,4,0.281805
0,0,LR,natural,5,0.27891
0,0,LR,natural,6,0.276308
0,0,LR,natural,7,0.27391
0,0,LR,natural,8,0.271666
0,0,LR,natural,9,0.269546
0,0,LR,natural,10,0.267533
0,0,LR,natural,11,0.265614
0,0,LR,natural,12,0.263784
0,0,LR,natural,13,0.262036
0,0,LR,natural,14,0.260366
0,0,LR,natural,15,0.258771
0,0,LR,natural,16,0.257248
0,0,LR,natural,17,0.255792
0,0,LR,natural,18,0.254402
0,0,LR,natural,19,0.253075
0,0,MLP,100,0,0.153356
0,0,MLP,100,1,0.126483
0,0,MLP,100,2,0.124043
0,0,MLP,100,3,0.144204
0,0,MLP,100,4,0.178116
0,0,MLP,100,5,0.212514
0,0,MLP,100,6,0.238428
0,0,MLP,100,7,0.255689
0,0,MLP,100,8,0.264299
0,0,MLP,100,9,0.269224
0,0,MLP,100,10,0.270217
0,0,MLP,100,11,0.270977
0,0,MLP,100,12,0.270201
0,0,MLP,100,13,0.270014
0,0,MLP,100,14,0.269402
0,0,MLP,100,15,0.269314
0,0,MLP,100,16,0.269258
0,0,MLP,100,17,0.269559
0,0,MLP,100,18,0.270022
0,0,MLP,100,19,0.270725
0,0,MLP,1.0,0,0.232483
0,0,MLP,1.0,1,0.208008
0,0,MLP,1.0,2,0.211501
0,0,MLP,1.0,3,0.226167
0,0,MLP,1.0,4,0.249639
0,0,MLP,1.0,5,0.284409
0,0,MLP,1.0,6,0.317128
0,0,MLP,1.0,7,0.333603
0,0,MLP,1.0,8,0.339267
0,0,MLP,1.0,9,0.339894
0,0,MLP,1.0,10,0.338652
0,0,MLP,1.0,11,0.336485
0,0,MLP,1.0,12,0.334832
0,0,MLP,1.0,13,0.332821
0,0,MLP,1.0,14,0.331887
0,0,MLP,1.0,15,0.330617
0,0,MLP,1.0,16,0.330268
0,0,MLP,1.0,17,0.329738
0,0,MLP,1.0,18,0.329762
0,0,MLP,1.0,19,0.329773
0,0,MLP,0.5,0,0.875436
0,0,MLP,0.5,1,0.76636
0,0,MLP,0.5,2,0.706622
0,0,MLP,0.5,3,0.699645
0,0,MLP,0.5,4,0.718643
0,0,MLP,0.5,5,0.727088
0,0,MLP,0.5,6,0.731368
0,0,MLP,0.5,7,0.732718
0,0,MLP,0.5,8,0.732673
0,0,MLP,0.5,9,0.727362
0,0,MLP,0.5,10,0.718985
0,0,MLP,0.5,11,0.709068
0,0,MLP,0.5,12,0.699634
0,0,MLP,0.5,13,0.690874
0,0,MLP,0.5,14,0.682564
0,0,MLP,0.5,15,0.674706
0,0,MLP,0.5,16,0.667449
0,0,MLP,0.5,17,0.661065
0,0,MLP,0.5,18,0.65594
0,0,MLP,0.5,19,0.652496
0,0,MLP,0.1,0,1.014925
0,0,MLP,0.1,1,1.080746
0,0,MLP,0.1,2,1.215239
0,0,MLP,0.1,3,1.292702
0,0,MLP,0.1,4,1.341883
0,0,MLP,0.1,5,1.286214
0,0,MLP,0.1,6,0.963876
0,0,MLP,0.1,7,1.165017
0,0,MLP,0.1,8,1.058222
0,0,MLP,0.1,9,1.153649
0,0,MLP,0.1,10,0.990894
0,0,MLP,0.1,11,1.141767
0,0,MLP,0.1,12,1.071587
0,0,MLP,0.1,13,1.091818
0,0,MLP,0.1,14,1.069124
0,0,MLP,0.1,15,1.111648
0,0,MLP,0.1,16,1.079487
0,0,MLP,0.1,17,1.133572
0,0,MLP,0.1,18,1.077795
0,0,MLP,0.1,19,1.160192
0,0,MLP,natural,0,0.75308
0,0,MLP,natural,1,0.639659
0,0,MLP,natural,2,0.588117
0,0,MLP,natural,3,0.558117
0,0,MLP,natural,4,0.539077
0,0,MLP,natural,5,0.522212
0,0,MLP,natural,6,0.515093
0,0,MLP,natural,7,0.518746
0,0,MLP,natural,8,0.517801
0,0,MLP,natural,9,0.513689
0,0,MLP,natural,10,0.505625
0,0,MLP,natural,11,0.506405
0,0,MLP,natural,12,0.487261
0,0,MLP,natural,13,0.486384
0,0,MLP,natural,14,0.488173
0,0,MLP,natural,15,0.452952
0,0,MLP,natural,16,0.480381
0,0,MLP,natural,17,0.457625
0,0,MLP,natural,18,0.472584
0,0,MLP,natural,19,0.457449
0,1,LR,100,0,0.038202
0,1,LR,100,1,0.038008
0,1,LR,100,2,0.039347
0,1,LR,100,3,0.040864
0,1,LR,100,4,0.042319
0,1,LR,100,5,0.043631
0,1,LR,100,6,0.044787
0,1,LR,100,7,0.045794
0,1,LR,100,8,0.04667
0,1,LR,100,9,0.047431
0,1,LR,100,10,0.048096
0,1,LR,100,11,0.048679
0,1,LR,100,12,0.049193
0,1,LR,100,13,0.049649
0,1,LR,100,14,0.050055
0,1,LR,100,15,0.050419
0,1,LR,100,16,0.050747
0,1,LR,100,17,0.051045
0,1,LR,100,18,0.051317
0,1,LR,100,19,0.051565
0,1,LR,1.0,0,0.117178
0,1,LR,1.0,1,0.114222
0,1,LR,1.0,2,0.113547
0,1,LR,1.0,3,0.113312
0,1,LR,1.0,4,0.113263
0,1,LR,1.0,5,0.113287
0,1,LR,1.0,6,0.113329
0,1,LR,1.0,7,0.113362
0,1,LR,1.0,8,0.113376
0,1,LR,1.0,9,0.113369
0,1,LR,1.0,10,0.113343
0,1,LR,1.0,11,0.1133
0,1,LR,1.0,12,0.113244
0,1,LR,1.0,13,0.113179
0,1,LR,1.0,14,0.113106
0,1,LR,1.0,15,0.113029
0,1,LR,1.0,16,0.112949
0,1,LR,1.0,17,0.112869
0,1,LR,1.0,18,0.112789
0,1,LR,1.0,19,0.112711
0,1,LR,0.5,0,0.375792
0,1,LR,0.5,1,0.369248
0,1,LR,0.5,2,0.363482
0,1,LR,0.5,3,0.359211
0,1,LR,0.5,4,0.356078
0,1,LR,0.5,5,0.353728
0,1,LR,0.5,6,0.351916
0,1,LR,0.5,7,0.350483
0,1,LR,0.5,8,0.349322
0,1,LR,0.5,9,0.34836
0,1,LR,0.5,10,0.347548
0,1,LR,0.5,11,0.346853
0,1,LR,0.5,12,0.346248
0,1,LR,0.5,13,0.345718
0,1,LR,0.5,14,0.345248
0,1,LR,0.5,15,0.344828
0,1,LR,0.5,16,0.344451
0,1,LR,0.5,17,0.344112
0,1,LR,0.5,18,0.343804
0,1,LR,0.5,19,0.343525
0,1,LR,0.1,0,0.528349
0,1,LR,0.1,1,0.517791
0,1,LR,0.1,2,0.510583
0,1,LR,0.1,3,0.504766
0,1,LR,0.1,4,0.499926
0,1,LR,0.1,5,0.495841
0,1,LR,0.1,6,0.492356
0,1,LR,0.1,7,0.48935
0,1,LR,0.1,8,0.486734
0,1,LR,0.1,9,0.484436
0,1,LR,0.1,10,0.482401
0,1,LR,0.1,11,0.480587
0,1,LR,0.1,12,0.478959
0,1,LR,0.1,13,0.47749
0,1,LR,0.1,14,0.476157
0,1,LR,0.1,15,0.474943
0,1,LR,0.1,16,0.473832
0,1,LR,0.1,17,0.472811
0,1,LR,0.1,18,0.471871
0,1,LR,0.1,19,0.471002
0,1,LR,natural,0,0.281975
0,1,LR,natural,1,0.275524
0,1,LR,natural,2,0.269514
0,1,LR,natural,3,0.264706
0,1,LR,natural,4,0.260733
0,1,LR,natural,5,0.257307
0,1,LR,natural,6,0.254259
0,1,LR,natural,7,0.251488
0,1,LR,natural,8,0.248933
0,1,LR,natural,9,0.246556
0,1,LR,natural,10,0.24433
0,1,LR,natural,11,0.242236
0,1,LR,natural,12,0.240262
0,1,LR,natural,13,0.238398
0,1,LR,natural,14,0.236634
0,1,LR,natural,15,0.234963
0,1,LR,natural,16,0.23338
0,1,LR,natural,17,0.231879
0,1,LR,natural,18,0.230455
0,1,LR,natural,19,0.229103
0,1,MLP,100,0,0.117558
0,1,MLP,100,1,0.102668
0,1,MLP,100,2,0.118315
0,1,MLP,100,3,0.146616
0,1,MLP,100,4,0.182243
0,1,MLP,100,5,0.220682
0,1,MLP,100,6,0.262707
0,1,MLP,100,7,0.281733
0,1,MLP,100,8,0.291415
0,1,MLP,100,9,0.290296
0,1,MLP,100,10,0.292053
0,1,MLP,100,11,0.289675
0,1,MLP,100,12,0.28942
0,1,MLP,100,13,0.287824
0,1,MLP,100,14,0.287009
0,1,MLP,100,15,0.285978
0,1,MLP,100,16,0.285223
0,1,MLP,100,17,0.284572
0,1,MLP,100,18,0.28412
0,1,MLP,100,19,0.283873
0,1,MLP,1.0,0,0.269771
0,1,MLP,1.0,1,0.241194
0,1,MLP,1.0,2,0.23789
0,1,MLP,1.0,3,0.249948
0,1,MLP,1.0,4,0.277471
0,1,MLP,1.0,5,0.312964
0,1,MLP,1.0,6,0.336939
0,1,MLP,1.0,7,0.348862
0,1,MLP,1.0,8,0.355186
0,1,MLP,1.0,9,0.357528
0,1,MLP,1.0,10,0.358996
0,1,MLP,1.0,11,0.358915
0,1,MLP,1.0,12,0.358861
0,1,MLP,1.0,13,0.358113
0,1,MLP,1.0,14,0.357346
0,1,MLP,1.0,15,0.356305
0,1,MLP,1.0,16,0.35517
0,1,MLP,1.0,17,0.353899
0,1,MLP,1.0,18,0.352518
0,1,MLP,1.0,19,0.351019
0,1,MLP,0.5,0,0.824477
0,1,MLP,0.5,1,0.720182
0,1,MLP,0.5,2,0.668915
0,1,MLP,0.5,3,0.648504
0,1,MLP,0.5,4,0.649893
0,1,MLP,0.5,5,0.652944
0,1,MLP,0.5,6,0.653588
0,1,MLP,0.5,7,0.652913
0,1,MLP,0.5,8,0.65179
0,1,MLP,0.5,9,0.651092
0,1,MLP,0.5,10,0.650978
0,1,MLP,0.5,11,0.651219
0,1,MLP,0.5,12,0.651208
0,1,MLP,0.5,13,0.649895
0,1,MLP,0.5,14,0.646094
0,1,MLP,0.5,15,0.640269
0,1,MLP,0.5,16,0.634302
0,1,MLP,0.5,17,0.627858
0,1,MLP,0.5,18,0.619185
0,1,MLP,0.5,19,0.616281
0,1,MLP,0.1,0,1.013256
0,1,MLP,0.1,1,1.085537
0,1,MLP,0.1,2,1.217852
0,1,MLP,0.1,3,1.288512
0,1,MLP,0.1,4,1.331136
0,1,MLP,0.1,5,1.286809
0,1,MLP,0.1,6,1.029164
0,1,MLP,0.1,7,1.22151
0,1,MLP,0.1,8,0.889388
0,1,MLP,0.1,9,1.199366
0,1,MLP,0.1,10,1.255705
0,1,MLP,0.1,11,1.151533
0,1,MLP,0.1,12,0.990895
0,1,MLP,0.1,13,1.142985
0,1,MLP,0.1,14,1.054113
0,1,MLP,0.1,15,1.152278
0,1,MLP,0.1,16,1.014558
0,1,MLP,0.1,17,1.167631
0,1,MLP,0.1,18,1.111217
0,1,MLP,0.1,19,1.19259
0,1,MLP,natural,0,0.731497
0,1,MLP,natural,1,0.613536
0,1,MLP,natural,2,0.553954
0,1,MLP,natural,3,0.51741
0,1,MLP,natural,4,0.495933
0,1,MLP,natural,5,0.482551
0,1,MLP,natural,6,0.478149
0,1,MLP,natural,7,0.476996
0,1,MLP,natural,8,0.474563
0,1,MLP,natural,9,0.471541
0,1,MLP,natural,10,0.468511
0,1,MLP,natural,11,0.465658
0,1,MLP,natural,12,0.4631
0,1,MLP,natural,13,0.460876
0,1,MLP,natural,14,0.458795
0,1,MLP,natural,15,0.457119
0,1,MLP,natural,16,0.455477
0,1,MLP,natural,17,0.4542
0,1,MLP,natural,18,0.452939
0,1,MLP,natural,19,0.451937
0,2,LR,100,0,0.058006
0,2,LR,100,1,0.059254
0,2,LR,100,2,0.060175
0,2,LR,100,3,0.061359
0,2,LR,100,4,0.062591
0,2,LR,100,5,0.063759
0,2,LR,100,6,0.064823
0,2,LR,100,7,0.065773
0,2,LR,100,8,0.066615
0,2,LR,100,9,0.067359
0,2,LR,100,10,0.068017
0,2,LR,100,11,0.068602
0,2,LR,100,12,0.069125
0,2,LR,100,13,0.069594
0,2,LR,100,14,0.070018
0,2,LR,100,15,0.070403
0,2,LR,100,16,0.070755
0,2,LR,100,17,0.071079
0,2,LR,100,18,0.071377
0,2,LR,100,19,0.071654
0,2,LR,1.0,0,0.097973
0,2,LR,1.0,1,0.098943
0,2,LR,1.0,2,0.100062
0,2,LR,1.0,3,0.101219
0,2,LR,1.0,4,0.102304
0,2,LR,1.0,5,0.10327
0,2,LR,1.0,6,0.104109
0,2,LR,1.0,7,0.104826
0,2,LR,1.0,8,0.105438
0,2,LR,1.0,9,0.105958
0,2,LR,1.0,10,0.106402
0,2,LR,1.0,11,0.106784
0,2,LR,1.0,12,0.107115
0,2,LR,1.0,13,0.107404
0,2,LR,1.0,14,0.10766
0,2,LR,1.0,15,0.107888
0,2,LR,1.0,16,0.108094
0,2,LR,1.0,17,0.108282
0,2,LR,1.0,18,0.108456
0,2,LR,1.0,19,0.108617
0,2,LR,0.5,0,0.373451
0,2,LR,0.5,1,0.367618
0,2,LR,0.5,2,0.362368
0,2,LR,0.5,3,0.358525
0,2,LR,0.5,4,0.355738
0,2,LR,0.5,5,0.353659
0,2,LR,0.5,6,0.352053
0,2,LR,0.5,7,0.35077
0,2,LR,0.5,8,0.349711
0,2,LR,0.5,9,0.348814
0,2,LR,0.5,10,0.348036
0,2,LR,0.5,11,0.347348
0,2,LR,0.5,12,0.346733
0,2,LR,0.5,13,0.346176
0,2,LR,0.5,14,0.345667
0,2,LR,0.5,15,0.345201
0,2,LR,0.5,16,0.344772
0,2,LR,0.5,17,0.344375
0,2,LR,0.5,18,0.344008
0,2,LR,0.5,19,0.343668
0,2,LR,0.1,0,0.530613
0,2,LR,0.1,1,0.522025
0,2,LR,0.1,2,0.516039
0,2,LR,0.1,3,0.511215
0,2,LR,0.1,4,0.507223
0,2,LR,0.1,5,0.503865
0,2,LR,0.1,6,0.500996
0,2,LR,0.1,7,0.49851
0,2,LR,0.1,8,0.496328
0,2,LR,0.1,9,0.49439
0,2,LR,0.1,10,0.49265
0,2,LR,0.1,11,0.491076
0,2,LR,0.1,12,0.489639
0,2,LR,0.1,13,0.48832
0,2,LR,0.1,14,0.487103
0,2,LR,0.1,15,0.485973
0,2,LR,0.1,16,0.484922
0,2,LR,0.1,17,0.48394
0,2,LR,0.1,18,0.48302
0,2,LR,0.1,19,0.482157
0,2,LR,natural,0,0.299377
0,2,LR,natural,1,0.295208
0,2,LR,natural,2,0.290794
0,2,LR,natural,3,0.287306
0,2,LR,natural,4,0.284433
0,2,LR,natural,5,0.281919
0,2,LR,natural,6,0.279623
0,2,LR,natural,7,0.27747
0,2,LR,natural,8,0.275422
0,2,LR,natural,9,0.273458
0,2,LR,natural,10,0.271569
0,2,LR,natural,11,0.269751
0,2,LR,natural,12,0.268001
0,2,LR,natural,13,0.266317
0,2,LR,natural,14,0.2647
0,2,LR,natural,15,0.263147
0,2,LR,natural,16,0.261658
0,2,LR,natural,17,0.260231
0,2,LR,natural,18,0.258864
0,2,LR,natural,19,0.257556
0,2,MLP,100,0,0.16475
0,2,MLP,100,1,0.145693
0,2,MLP,100,2,0.156661
0,2,MLP,100,3,0.175191
0,2,MLP,100,4,0.203543
0,2,MLP,100,5,0.238632
0,2,MLP,100,6,0.264522
0,2,MLP,100,7,0.286408
0,2,MLP,100,8,0.280965
0,2,MLP,100,9,0.306333
0,2,MLP,100,10,0.256716
0,2,MLP,100,11,0.298347
0,2,MLP,100,12,0.228659
0,2,MLP,100,13,0.280533
0,2,MLP,100,14,0.22793
0,2,MLP,100,15,0.27838
0,2,MLP,100,16,0.232406
0,2,MLP,100,17,0.280032
0,2,MLP,100,18,0.237309
0,2,MLP,100,19,0.284075
0,2,MLP,1.0,0,0.238786
0,2,MLP,1.0,1,0.206417
0,2,MLP,1.0,2,0.208165
0,2,MLP,1.0,3,0.225837
0,2,MLP,1.0,4,0.260824
0,2,MLP,1.0,5,0.30051
0,2,MLP,1.0,6,0.33733
0,2,MLP,1.0,7,0.329877
0,2,MLP,1.0,8,0.329763
0,2,MLP,1.0,9,0.357649
0,2,MLP,1.0,10,0.31243
0,2,MLP,1.0,11,0.328519
0,2,MLP,1.0,12,0.316755
0,2,MLP,1.0,13,0.314793
0,2,MLP,1.0,14,0.31926
0,2,MLP,1.0,15,0.310706
0,2,MLP,1.0,16,0.319623
0,2,MLP,1.0,17,0.30899
0,2,MLP,1.0,18,0.319462
0,2,MLP,1.0,19,0.308828
0,2,MLP,0.5,0,0.867962
0,2,MLP,0.5,1,0.757678
0,2,MLP,0.5,2,0.677206
0,2,MLP,0.5,3,0.646261
0,2,MLP,0.5,4,0.628807
0,2,MLP,0.5,5,0.620846
0,2,MLP,0.5,6,0.616561
0,2,MLP,0.5,7,0.615469
0,2,MLP,0.5,8,0.617321
0,2,MLP,0.5,9,0.621297
0,2,MLP,0.5,10,0.625899
0,2,MLP,0.5,11,0.630086
0,2,MLP,0.5,12,0.63313
0,2,MLP,0.5,13,0.634627
0,2,MLP,0.5,14,0.634718
0,2,MLP,0.5,15,0.634205
0,2,MLP,0.5,16,0.634097
0,2,MLP,0.5,17,0.634996
0,2,MLP,0.5,18,0.637072
0,2,MLP,0.5,19,0.64049
0,2,MLP,0.1,0,1.020983
0,2,MLP,0.1,1,1.08731
0,2,MLP,0.1,2,1.211705
0,2,MLP,0.1,3,1.293337
0,2,MLP,0.1,4,1.302213
0,2,MLP,0.1,5,1.343083
0,2,MLP,0.1,6,0.914206
0,2,MLP,0.1,7,1.200598
0,2,MLP,0.1,8,1.219039
0,2,MLP,0.1,9,1.438787
0,2,MLP,0.1,10,1.070371
0,2,MLP,0.1,11,1.073862
0,2,MLP,0.1,12,1.065243
0,2,MLP,0.1,13,1.122761
0,2,MLP,0.1,14,1.13192
0,2,MLP,0.1,15,0.979629
0,2,MLP,0.1,16,1.132356
0,2,MLP,0.1,17,1.056344
0,2,MLP,0.1,18,1.168003
0,2,MLP,0.1,19,1.122457
0,2,MLP,natural,0,0.744012
0,2,MLP,natural,1,0.622253
0,2,MLP,natural,2,0.568393
0,2,MLP,natural,3,0.534636
0,2,MLP,natural,4,0.511193
0,2,MLP,natural,5,0.493525
0,2,MLP,natural,6,0.485114
0,2,MLP,natural,7,0.485834
0,2,MLP,natural,8,0.488346
0,2,MLP,natural,9,0.487701
0,2,MLP,natural,10,0.484773
0,2,MLP,natural,11,0.480847
0,2,MLP,natural,12,0.476784
0,2,MLP,natural,13,0.472854
0,2,MLP,natural,14,0.469157
0,2,MLP,natural,15,0.465675
0,2,MLP,natural,16,0.462395
0,2,MLP,natural,17,0.459302
0,2,MLP,natural,18,0.456395
0,2,MLP,natural,19,0.453682
0,3,LR,100,0,0.064445
0,3,LR,100,1,0.060252
0,3,LR,100,2,0.058555
0,3,LR,100,3,0.057521
0,3,LR,100,4,0.056872
0,3,LR,100,5,0.056452
0,3,LR,100,6,0.056167
0,3,LR,100,7,0.055964
0,3,LR,100,8,0.055809
0,3,LR,100,9,0.055685
0,3,LR,100,10,0.05558
0,3,LR,100,11,0.055487
0,3,LR,100,12,0.055403
0,3,LR,100,13,0.055326
0,3,LR,100,14,0.055256
0,3,LR,100,15,0.05519
0,3,LR,100,16,0.05513
0,3,LR,100,17,0.055074
0,3,LR,100,18,0.055023
0,3,LR,100,19,0.054976
0,3,LR,1.0,0,0.09857
0,3,LR,1.0,1,0.098851
0,3,LR,1.0,2,0.100349
0,3,LR,1.0,3,0.101966
0,3,LR,1.0,4,0.103506
0,3,LR,1.0,5,0.104891
0,3,LR,1.0,6,0.106097
0,3,LR,1.0,7,0.107129
0,3,LR,1.0,8,0.108002
0,3,LR,1.0,9,0.108736
0,3,LR,1.0,10,0.109352
0,3,LR,1.0,11,0.109868
0,3,LR,1.0,12,0.110301
0,3,LR,1.0,13,0.110666
0,3,LR,1.0,14,0.110975
0,3,LR,1.0,15,0.111238
0,3,LR,1.0,16,0.111464
0,3,LR,1.0,17,0.111659
0,3,LR,1.0,18,0.11183
0,3,LR,1.0,19,0.11198
0,3,LR,0.5,0,0.367676
0,3,LR,0.5,1,0.362526
0,3,LR,0.5,2,0.357817
0,3,LR,0.5,3,0.354555
0,3,LR,0.5,4,0.352338
0,3,LR,0.5,5,0.350785
0,3,LR,0.5,6,0.349648
0,3,LR,0.5,7,0.348773
0,3,LR,0.5,8,0.348065
0,3,LR,0.5,9,0.347464
0,3,LR,0.5,10,0.346933
0,3,LR,0.5,11,0.346449
0,3,LR,0.5,12,0.345999
0,3,LR,0.5,13,0.345574
0,3,LR,0.5,14,0.345168
0,3,LR,0.5,15,0.34478
0,3,LR,0.5,16,0.344407
0,3,LR,0.5,17,0.344049
0,3,LR,0.5,18,0.343704
0,3,LR,0.5,19,0.343373
0,3,LR,0.1,0,0.530272
0,3,LR,0.1,1,0.520318
0,3,LR,0.1,2,0.513363
0,3,LR,0.1,3,0.507743
0,3,LR,0.1,4,0.503078
0,3,LR,0.1,5,0.499145
0,3,LR,0.1,6,0.495783
0,3,LR,0.1,7,0.492873
0,3,LR,0.1,8,0.490324
0,3,LR,0.1,9,0.488066
0,3,LR,0.1,10,0.486049
0,3,LR,0.1,11,0.484229
0,3,LR,0.1,12,0.482577
0,3,LR,0.1,13,0.481067
0,3,LR,0.1,14,0.479678
0,3,LR,0.1,15,0.478396
0,3,LR,0.1,16,0.477207
0,3,LR,0.1,17,0.4761
0,3,LR,0.1,18,0.475067
0,3,LR,0.1,19,0.4741
0,3,LR,natural,0,0.288621
0,3,LR,natural,1,0.281932
0,3,LR,natural,2,0.276489
0,3,LR,natural,3,0.272251
0,3,LR,natural,4,0.268804
0,3,LR,natural,5,0.265856
0,3,LR,natural,6,0.263237
0,3,LR,natural,7,0.260848
0,3,LR,natural,8,0.258632
0,3,LR,natural,9,0.256554
0,3,LR,natural,10,0.254592
0,3,LR,natural,11,0.252732
0,3,LR,natural,12,0.250964
0,3,LR,natural,13,0.249282
0,3,LR,natural,14,0.247679
0,3,LR,natural,15,0.246152
0,3,LR,natural,16,0.244695
0,3,LR,natural,17,0.243307
0,3,LR,natural,18,0.241982
0,3,LR,natural,19,0.240719
0,3,MLP,100,0,0.187076
0,3,MLP,100,1,0.170357
0,3,MLP,100,2,0.168899
0,3,MLP,100,3,0.179275
0,3,MLP,100,4,0.205575
0,3,MLP,100,5,0.246238
0,3,MLP,100,6,0.281231
0,3,MLP,100,7,0.301388
0,3,MLP,100,8,0.301504
0,3,MLP,100,9,0.305245
0,3,MLP,100,10,0.283335
0,3,MLP,100,11,0.296569
0,3,MLP,100,12,0.250671
0,3,MLP,100,13,0.284688
0,3,MLP,100,14,0.215839
0,3,MLP,100,15,0.268816
0,3,MLP,100,16,0.200723
0,3,MLP,100,17,0.257639
0,3,MLP,100,18,0.201638
0,3,MLP,100,19,0.253322
0,3,MLP,1.0,0,0.236284
0,3,MLP,1.0,1,0.206991
0,3,MLP,1.0,2,0.202066
0,3,MLP,1.0,3,0.208353
0,3,MLP,1.0,4,0.230637
0,3,MLP,1.0,5,0.272497
0,3,MLP,1.0,6,0.310518
0,3,MLP,1.0,7,0.323298
0,3,MLP,1.0,8,0.325289
0,3,MLP,1.0,9,0.323074
0,3,MLP,1.0,10,0.319529
0,3,MLP,1.0,11,0.315719
0,3,MLP,1.0,12,0.311849
0,3,MLP,1.0,13,0.308163
0,3,MLP,1.0,14,0.304696
0,3,MLP,1.0,15,0.301472
0,3,MLP,1.0,16,0.298519
0,3,MLP,1.0,17,0.29581
0,3,MLP,1.0,18,0.293349
0,3,MLP,1.0,19,0.291112
0,3,MLP,0.5,0,0.829567
0,3,MLP,0.5,1,0.705523
0,3,MLP,0.5,2,0.636475
0,3,MLP,0.5,3,0.610146
0,3,MLP,0.5,4,0.60507
0,3,MLP,0.5,5,0.605267
0,3,MLP,0.5,6,0.604288
0,3,MLP,0.5,7,0.60205
0,3,MLP,0.5,8,0.600758
0,3,MLP,0.5,9,0.59899
0,3,MLP,0.5,10,0.5962
0,3,MLP,0.5,11,0.59308
0,3,MLP,0.5,12,0.590631
0,3,MLP,0.5,13,0.588478
0,3,MLP,0.5,14,0.5863
0,3,MLP,0.5,15,0.584018
0,3,MLP,0.5,16,0.581673
0,3,MLP,0.5,17,0.579575
0,3,MLP,0.5,18,0.578402
0,3,MLP,0.5,19,0.579019
0,3,MLP,0.1,0,1.017688
0,3,MLP,0.1,1,1.088106
0,3,MLP,0.1,2,1.224498
0,3,MLP,0.1,3,1.296858
0,3,MLP,0.1,4,1.324952
0,3,MLP,0.1,5,1.298129
0,3,MLP,0.1,6,1.024873
0,3,MLP,0.1,7,1.160421
0,3,MLP,0.1,8,1.063049
0,3,MLP,0.1,9,1.063983
0,3,MLP,0.1,10,1.170124
0,3,MLP,0.1,11,1.086103
0,3,MLP,0.1,12,1.18154
0,3,MLP,0.1,13,0.90416
0,3,MLP,0.1,14,1.187528
0,3,MLP,0.1,15,1.115933
0,3,MLP,0.1,16,1.239407
0,3,MLP,0.1,17,1.129515
0,3,MLP,0.1,18,1.188721
0,3,MLP,0.1,19,0.924081
0,3,MLP,natural,0,0.747819
0,3,MLP,natural,1,0.630498
0,3,MLP,natural,2,0.575106
0,3,MLP,natural,3,0.543124
0,3,MLP,natural,4,0.52625
0,3,MLP,natural,5,0.513675
0,3,MLP,natural,6,0.508652
0,3,MLP,natural,7,0.51781
0,3,MLP,natural,8,0.530912
0,3,MLP,natural,9,0.535976
0,3,MLP,natural,10,0.533677
0,3,MLP,natural,11,0.528446
0,3,MLP,natural,12,0.520258
0,3,MLP,natural,13,0.514256
0,3,MLP,natural,14,0.505336
0,3,MLP,natural,15,0.501626
0,3,MLP,natural,16,0.492707
0,3,MLP,natural,17,0.491523
0,3,MLP,natural,18,0.482942
0,3,MLP,natural,19,0.483366
0,4,LR,100,0,0.069545
0,4,LR,100,1,0.067841
0,4,LR,100,2,0.067017
0,4,LR,100,3,0.066704
0,4,LR,100,4,0.066678
0,4,LR,100,5,0.066803
0,4,LR,100,6,0.067002
0,4,LR,100,7,0.067229
0,4,LR,100,8,0.06746
0,4,LR,100,9,0.067683
0,4,LR,100,10,0.067891
0,4,LR,100,11,0.068083
0,4,LR,100,12,0.068258
0,4,LR,100,13,0.068417
0,4,LR,100,14,0.068563
0,4,LR,100,15,0.068697
0,4,LR,100,16,0.06882
0,4,LR,100,17,0.068935
0,4,LR,100,18,0.069041
0,4,LR,100,19,0.069141
0,4,LR,1.0,0,0.09509
0,4,LR,1.0,1,0.096152
0,4,LR,1.0,2,0.098081
0,4,LR,1.0,3,0.099964
0,4,LR,1.0,4,0.101677
0,4,LR,1.0,5,0.103179
0,4,LR,1.0,6,0.104468
0,4,LR,1.0,7,0.105559
0,4,LR,1.0,8,0.106476
0,4,LR,1.0,9,0.107243
0,4,LR,1.0,10,0.107883
0,4,LR,1.0,11,0.108417
0,4,LR,1.0,12,0.108862
0,4,LR,1.0,13,0.109235
0,4,LR,1.0,14,0.109548
0,4,LR,1.0,15,0.109811
0,4,LR,1.0,16,0.110033
0,4,LR,1.0,17,0.110222
0,4,LR,1.0,18,0.110383
0,4,LR,1.0,19,0.110522
0,4,LR,0.5,0,0.366466
0,4,LR,0.5,1,0.359652
0,4,LR,0.5,2,0.354893
0,4,LR,0.5,3,0.351777
0,4,LR,0.5,4,0.349736
0,4,LR,0.5,5,0.348349
0,4,LR,0.5,6,0.347357
0,4,LR,0.5,7,0.346606
0,4,LR,0.5,8,0.346002
0,4,LR,0.5,9,0.345489
0,4,LR,0.5,10,0.345034
0,4,LR,0.5,11,0.344616
0,4,LR,0.5,12,0.344225
0,4,LR,0.5,13,0.343852
0,4,LR,0.5,14,0.343495
0,4,LR,0.5,15,0.343152
0,4,LR,0.5,16,0.342821
0,4,LR,0.5,17,0.342503
0,4,LR,0.5,18,0.342198
0,4,LR,0.5,19,0.341904
0,4,LR,0.1,0,0.53351
0,4,LR,0.1,1,0.524908
0,4,LR,0.1,2,0.518859
0,4,LR,0.1,3,0.514033
0,4,LR,0.1,4,0.510091
0,4,LR,0.1,5,0.506818
0,4,LR,0.1,6,0.504056
0,4,LR,0.1,7,0.501689
0,4,LR,0.1,8,0.49963
0,4,LR,0.1,9,0.497817
0,4,LR,0.1,10,0.496199
0,4,LR,0.1,11,0.494742
0,4,LR,0.1,12,0.493416
0,4,LR,0.1,13,0.492202
0,4,LR,0.1,14,0.491081
0,4,LR,0.1,15,0.490041
0,4,LR,0.1,16,0.489073
0,4,LR,0.1,17,0.488166
0,4,LR,0.1,18,0.487315
0,4,LR,0.1,19,0.486513
0,4,LR,natural,0,0.301181
0,4,LR,natural,1,0.293728
0,4,LR,natural,2,0.287429
0,4,LR,natural,3,0.282424
0,4,LR,natural,4,0.278284
0,4,LR,natural,5,0.274707
0,4,LR,natural,6,0.271519
0,4,LR,natural,7,0.268615
0,4,LR,natural,8,0.265934
0,4,LR,natural,9,0.263436
0,4,LR,natural,10,0.261096
0,4,LR,natural,11,0.258896
0,4,LR,natural,12,0.256822
0,4,LR,natural,13,0.254864
0,4,LR,natural,14,0.253014
0,4,LR,natural,15,0.251265
0,4,LR,natural,16,0.24961
0,4,LR,natural,17,0.248043
0,4,LR,natural,18,0.246559
0,4,LR,natural,19,0.245154
0,4,MLP,100,0,0.160069
0,4,MLP,100,1,0.145776
0,4,MLP,100,2,0.149228
0,4,MLP,100,3,0.165727
0,4,MLP,100,4,0.193204
0,4,MLP,100,5,0.223292
0,4,MLP,100,6,0.248565
0,4,MLP,100,7,0.266828
0,4,MLP,100,8,0.275475
0,4,MLP,100,9,0.280536
0,4,MLP,100,10,0.276447
0,4,MLP,100,11,0.280728
0,4,MLP,100,12,0.266139
0,4,MLP,100,13,0.2795
0,4,MLP,100,14,0.248448
0,4,MLP,100,15,0.274742
0,4,MLP,100,16,0.231762
0,4,MLP,100,17,0.265589
0,4,MLP,100,18,0.228246
0,4,MLP,100,19,0.259696
0,4,MLP,1.0,0,0.238874
0,4,MLP,1.0,1,0.199245
0,4,MLP,1.0,2,0.197782
0,4,MLP,1.0,3,0.21276
0,4,MLP,1.0,4,0.238602
0,4,MLP,1.0,5,0.266978
0,4,MLP,1.0,6,0.290567
0,4,MLP,1.0,7,0.304183
0,4,MLP,1.0,8,0.309069
0,4,MLP,1.0,9,0.309571
0,4,MLP,1.0,10,0.308314
0,4,MLP,1.0,11,0.306497
0,4,MLP,1.0,12,0.304544
0,4,MLP,1.0,13,0.302626
0,4,MLP,1.0,14,0.300786
0,4,MLP,1.0,15,0.299043
0,4,MLP,1.0,16,0.297398
0,4,MLP,1.0,17,0.295853
0,4,MLP,1.0,18,0.294408
0,4,MLP,1.0,19,0.293063
0,4,MLP,0.5,0,0.799353
0,4,MLP,0.5,1,0.700662
0,4,MLP,0.5,2,0.642564
0,4,MLP,0.5,3,0.626075
0,4,MLP,0.5,4,0.633018
0,4,MLP,0.5,5,0.647704
0,4,MLP,0.5,6,0.654386
0,4,MLP,0.5,7,0.656462
0,4,MLP,0.5,8,0.654064
0,4,MLP,0.5,9,0.648813
0,4,MLP,0.5,10,0.64216
0,4,MLP,0.5,11,0.635944
0,4,MLP,0.5,12,0.630674
0,4,MLP,0.5,13,0.62603
0,4,MLP,0.5,14,0.621488
0,4,MLP,0.5,15,0.616692
0,4,MLP,0.5,16,0.611466
0,4,MLP,0.5,17,0.605774
0,4,MLP,0.5,18,0.599746
0,4,MLP,0.5,19,0.593763
0,4,MLP,0.1,0,1.021073
0,4,MLP,0.1,1,1.091908
0,4,MLP,0.1,2,1.235573
0,4,MLP,0.1,3,1.31306
0,4,MLP,0.1,4,1.335613
0,4,MLP,0.1,5,1.294698
0,4,MLP,0.1,6,0.940739
0,4,MLP,0.1,7,1.170685
0,4,MLP,0.1,8,1.114247
0,4,MLP,0.1,9,1.205236
0,4,MLP,0.1,10,0.996422
0,4,MLP,0.1,11,1.074007
0,4,MLP,0.1,12,1.112633
0,4,MLP,0.1,13,0.97799
0,4,MLP,0.1,14,1.135626
0,4,MLP,0.1,15,0.998055
0,4,MLP,0.1,16,1.155151
0,4,MLP,0.1,17,1.034602
0,4,MLP,0.1,18,1.161035
0,4,MLP,0.1,19,1.030697
0,4,MLP,natural,0,0.764397
0,4,MLP,natural,1,0.658347
0,4,MLP,natural,2,0.609491
0,4,MLP,natural,3,0.579634
0,4,MLP,natural,4,0.560471
0,4,MLP,natural,5,0.547092
0,4,MLP,natural,6,0.543073
0,4,MLP,natural,7,0.542184
0,4,MLP,natural,8,0.539872
0,4,MLP,natural,9,0.535973
0,4,MLP,natural,10,0.540779
0,4,MLP,natural,11,0.530505
0,4,MLP,natural,12,0.51776
0,4,MLP,natural,13,0.53961
0,4,MLP,natural,14,0.522729
0,4,MLP,natural,15,0.527198
0,4,MLP,natural,16,0.521331
0,4,MLP,natural,17,0.521775
0,4,MLP,natural,18,0.518645
0,4,MLP,natural,19,0.515789
1,0,LR,100,0,0.057951
1,0,LR,100,1,0.056131
1,0,LR,100,2,0.055081
1,0,LR,100,3,0.054463
1,0,LR,100,4,0.054094
1,0,LR,100,5,0.053872
1,0,LR,100,6,0.053739
1,0,LR,100,7,0.053661
1,0,LR,100,8,0.053618
1,0,LR,100,9,0.053597
1,0,LR,100,10,0.053592
1,0,LR,100,11,0.053597
1,0,LR,100,12,0.053609
1,0,LR,100,13,0.053625
1,0,LR,100,14,0.053644
1,0,LR,100,15,0.053666
1,0,LR,100,16,0.053689
1,0,LR,100,17,0.053714
1,0,LR,100,18,0.053738
1,0,LR,100,19,0.053764
1,0,LR,1.0,0,0.389345
1,0,LR,1.0,1,0.384492
1,0,LR,1.0,2,0.379554
1,0,LR,1.0,3,0.376184
1,0,LR,1.0,4,0.373927
1,0,LR,1.0,5,0.372372
1,0,LR,1.0,6,0.371257
1,0,LR,1.0,7,0.370423
1,0,LR,1.0,8,0.36977
1,0,LR,1.0,9,0.369237
1,0,LR,1.0,10,0.368787
1,0,LR,1.0,11,0.368394
1,0,LR,1.0,12,0.368043
1,0,LR,1.0,13,0.367725
1,0,LR,1.0,14,0.367432
1,0,LR,1.0,15,0.36716
1,0,LR,1.0,16,0.366907
1,0,LR,1.0,17,0.366669
1,0,LR,1.0,18,0.366446
1,0,LR,1.0,19,0.366236
1,0,LR,0.5,0,0.354676
1,0,LR,0.5,1,0.349592
1,0,LR,0.5,2,0.343535
1,0,LR,0.5,3,0.339071
1,0,LR,0.5,4,0.335831
1,0,LR,0.5,5,0.333421
1,0,LR,0.5,6,0.331577
1,0,LR,0.5,7,0.330129
1,0,LR,0.5,8,0.328966
1,0,LR,0.5,9,0.328014
1,0,LR,0.5,10,0.327221
1,0,LR,0.5,11,0.32655
1,0,LR,0.5,12,0.325978
1,0,LR,0.5,13,0.325484
1,0,LR,0.5,14,0.325056
1,0,LR,0.5,15,0.324681
1,0,LR,0.5,16,0.324351
1,0,LR,0.5,17,0.324061
1,0,LR,0.5,18,0.323804
1,0,LR,0.5,19,0.323575
1,0,LR,0.1,0,0.533209
1,0,LR,0.1,1,0.517941
1,0,LR,0.1,2,0.508314
1,0,LR,0.1,3,0.500874
1,0,LR,0.1,4,0.49492
1,0,LR,0.1,5,0.490066
1,0,LR,0.1,6,0.486045
1,0,LR,0.1,7,0.482665
1,0,LR,0.1,8,0.479784
1,0,LR,0.1,9,0.477299
1,0,LR,0.1,10,0.475132
1,0,LR,0.1,11,0.473225
1,0,LR,0.1,12,0.471532
1,0,LR,0.1,13,0.470018
1,0,LR,0.1,14,0.468657
1,0,LR,0.1,15,0.467425
1,0,LR,0.1,16,0.466306
1,0,LR,0.1,17,0.465284
1,0,LR,0.1,18,0.464347
1,0,LR,0.1,19,0.463486
1,0,LR,natural,0,0.310017
1,0,LR,natural,1,0.305226
1,0,LR,natural,2,0.300932
1,0,LR,natural,3,0.297694
1,0,LR,natural,4,0.295111
1,0,LR,natural,5,0.292897
1,0,LR,natural,6,0.290897
1,0,LR,natural,7,0.28903
1,0,LR,natural,8,0.287255
1,0,LR,natural,9,0.28555
1,0,LR,natural,10,0.283905
1,0,LR,natural,11,0.282315
1,0,LR,natural,12,0.280779
1,0,LR,natural,13,0.279294
1,0,LR,natural,14,0.277862
1,0,LR,natural,15,0.276481
1,0,LR,natural,16,0.27515
1,0,LR,natural,17,0.27387
1,0,LR,natural,18,0.272639
1,0,LR,natural,19,0.271456
1,0,MLP,100,0,0.137725
1,0,MLP,100,1,0.127121
1,0,MLP,100,2,0.124898
1,0,MLP,100,3,0.12544
1,0,MLP,100,4,0.128843
1,0,MLP,100,5,0.1334
1,0,MLP,100,6,0.146754
1,0,MLP,100,7,0.169025
1,0,MLP,100,8,0.197709
1,0,MLP,100,9,0.226735
1,0,MLP,100,10,0.2553
1,0,MLP,100,11,0.28464
1,0,MLP,100,12,0.312609
1,0,MLP,100,13,0.335055
1,0,MLP,100,14,0.351545
1,0,MLP,100,15,0.346367
1,0,MLP,100,16,0.302652
1,0,MLP,100,17,0.285035
1,0,MLP,100,18,0.291001
1,0,MLP,100,19,0.30794
1,0,MLP,1.0,0,0.922254
1,0,MLP,1.0,1,0.955092
1,0,MLP,1.0,2,0.959488
1,0,MLP,1.0,3,0.95071
1,0,MLP,1.0,4,0.92465
1,0,MLP,1.0,5,0.883022
1,0,MLP,1.0,6,0.826405
1,0,MLP,1.0,7,0.766365
1,0,MLP,1.0,8,0.729987
1,0,MLP,1.0,9,0.716225
1,0,MLP,1.0,10,0.710448
1,0,MLP,1.0,11,0.70674
1,0,MLP,1.0,12,0.703122
1,0,MLP,1.0,13,0.699593
1,0,MLP,1.0,14,0.695963
1,0,MLP,1.0,15,0.692974
1,0,MLP,1.0,16,0.690038
1,0,MLP,1.0,17,0.688132
1,0,MLP,1.0,18,0.686305
1,0,MLP,1.0,19,0.685433
1,0,MLP,0.5,0,0.826526
1,0,MLP,0.5,1,0.850225
1,0,MLP,0.5,2,0.855609
1,0,MLP,0.5,3,0.850453
1,0,MLP,0.5,4,0.829044
1,0,MLP,0.5,5,0.793994
1,0,MLP,0.5,6,0.749652
1,0,MLP,0.5,7,0.704741
1,0,MLP,0.5,8,0.669664
1,0,MLP,0.5,9,0.650235
1,0,MLP,0.5,10,0.639032
1,0,MLP,0.5,11,0.631849
1,0,MLP,0.5,12,0.633187
1,0,MLP,0.5,13,0.640436
1,0,MLP,0.5,14,0.645001
1,0,MLP,0.5,15,0.646557
1,0,MLP,0.5,16,0.646682
1,0,MLP,0.5,17,0.646297
1,0,MLP,0.5,18,0.645696
1,0,MLP,0.5,19,0.644917
1,0,MLP,0.1,0,1.156324
1,0,MLP,0.1,1,1.19674
1,0,MLP,0.1,2,1.21201
1,0,MLP,0.1,3,1.216478
1,0,MLP,0.1,4,1.217569
1,0,MLP,0.1,5,1.217975
1,0,MLP,0.1,6,1.218192
1,0,MLP,0.1,7,1.218333
1,0,MLP,0.1,8,1.218435
1,0,MLP,0.1,9,1.218514
1,0,MLP,0.1,10,1.218577
1,0,MLP,0.1,11,1.218628
1,0,MLP,0.1,12,1.218672
1,0,MLP,0.1,13,1.218709
1,0,MLP,0.1,14,1.218741
1,0,MLP,0.1,15,1.21877
1,0,MLP,0.1,16,1.218795
1,0,MLP,0.1,17,1.218817
1,0,MLP,0.1,18,1.218838
1,0,MLP,0.1,19,1.218856
1,0,MLP,natural,0,0.773163
1,0,MLP,natural,1,0.770012
1,0,MLP,natural,2,0.767154
1,0,MLP,natural,3,0.765087
1,0,MLP,natural,4,0.753981
1,0,MLP,natural,5,0.7367
1,0,MLP,natural,6,0.713244
1,0,MLP,natural,7,0.673751
1,0,MLP,natural,8,0.635894
1,0,MLP,natural,9,0.612427
1,0,MLP,natural,10,0.592876
1,0,MLP,natural,11,0.580141
1,0,MLP,natural,12,0.575873
1,0,MLP,natural,13,0.577984
1,0,MLP,natural,14,0.581347
1,0,MLP,natural,15,0.579653
1,0,MLP,natural,16,0.585025
1,0,MLP,natural,17,0.555453
1,0,MLP,natural,18,0.531971
1,0,MLP,natural,19,0.568946
1,1,LR,100,0,0.057506
1,1,LR,100,1,0.055751
1,1,LR,100,2,0.054286
1,1,LR,100,3,0.053326
1,1,LR,100,4,0.052705
1,1,LR,100,5,0.052307
1,1,LR,100,6,0.05206
1,1,LR,100,7,0.051916
1,1,LR,100,8,0.051844
1,1,LR,100,9,0.051821
1,1,LR,100,10,0.051833
1,1,LR,100,11,0.051871
1,1,LR,100,12,0.051926
1,1,LR,100,13,0.051992
1,1,LR,100,14,0.052067
1,1,LR,100,15,0.052148
1,1,LR,100,16,0.052231
1,1,LR,100,17,0.052316
1,1,LR,100,18,0.052401
1,1,LR,100,19,0.052485
1,1,LR,1.0,0,0.390612
1,1,LR,1.0,1,0.386468
1,1,LR,1.0,2,0.381648
1,1,LR,1.0,3,0.378229
1,1,LR,1.0,4,0.375835
1,1,LR,1.0,5,0.374097
1,1,LR,1.0,6,0.372779
1,1,LR,1.0,7,0.371736
1,1,LR,1.0,8,0.370877
1,1,LR,1.0,9,0.370144
1,1,LR,1.0,10,0.369504
1,1,LR,1.0,11,0.368932
1,1,LR,1.0,12,0.368415
1,1,LR,1.0,13,0.367941
1,1,LR,1.0,14,0.367503
1,1,LR,1.0,15,0.367098
1,1,LR,1.0,16,0.366722
1,1,LR,1.0,17,0.366371
1,1,LR,1.0,18,0.366044
1,1,LR,1.0,19,0.365739
1,1,LR,0.5,0,0.358703
1,1,LR,0.5,1,0.353475
1,1,LR,0.5,2,0.347339
1,1,LR,0.5,3,0.342742
1,1,LR,0.5,4,0.339326
1,1,LR,0.5,5,0.336712
1,1,LR,0.5,6,0.334653
1,1,LR,0.5,7,0.332984
1,1,LR,0.5,8,0.331601
1,1,LR,0.5,9,0.330431
1,1,LR,0.5,10,0.329427
1,1,LR,0.5,11,0.328554
1,1,LR,0.5,12,0.327786
1,1,LR,0.5,13,0.327107
1,1,LR,0.5,14,0.326502
1,1,LR,0.5,15,0.325961
1,1,LR,0.5,16,0.325474
1,1,LR,0.5,17,0.325036
1,1,LR,0.5,18,0.32464
1,1,LR,0.5,19,0.324282
1,1,LR,0.1,0,0.534815
1,1,LR,0.1,1,0.520113
1,1,LR,0.1,2,0.510592
1,1,LR,0.1,3,0.503114
1,1,LR,0.1,4,0.497049
1,1,LR,0.1,5,0.492047
1,1,LR,0.1,6,0.48786
1,1,LR,0.1,7,0.484309
1,1,LR,0.1,8,0.481261
1,1,LR,0.1,9,0.478617
1,1,LR,0.1,10,0.476301
1,1,LR,0.1,11,0.474257
1,1,LR,0.1,12,0.47244
1,1,LR,0.1,13,0.470814
1,1,LR,0.1,14,0.469353
1,1,LR,0.1,15,0.468032
1,1,LR,0.1,16,0.466834
1,1,LR,0.1,17,0.465743
1,1,LR,0.1,18,0.464747
1,1,LR,0.1,19,0.463833
1,1,LR,natural,0,0.291203
1,1,LR,natural,1,0.284568
1,1,LR,natural,2,0.278706
1,1,LR,natural,3,0.273923
1,1,LR,natural,4,0.26987
1,1,LR,natural,5,0.266295
1,1,LR,natural,6,0.263049
1,1,LR,natural,7,0.260049
1,1,LR,natural,8,0.257244
1,1,LR,natural,9,0.254604
1,1,LR,natural,10,0.252108
1,1,LR,natural,11,0.249742
1,1,LR,natural,12,0.247498
1,1,LR,natural,13,0.245366
1,1,LR,natural,14,0.24334
1,1,LR,natural,15,0.241414
1,1,LR,natural,16,0.239583
1,1,LR,natural,17,0.237841
1,1,LR,natural,18,0.236184
1,1,LR,natural,19,0.234607
1,1,MLP,100,0,0.111409
1,1,MLP,100,1,0.107754
1,1,MLP,100,2,0.106692
1,1,MLP,100,3,0.109686
1,1,MLP,100,4,0.11745
1,1,MLP,100,5,0.131544
1,1,MLP,100,6,0.155168
1,1,MLP,100,7,0.176209
1,1,MLP,100,8,0.195943
1,1,MLP,100,9,0.216695
1,1,MLP,100,10,0.239635
1,1,MLP,100,11,0.265216
1,1,MLP,100,12,0.289384
1,1,MLP,100,13,0.309136
1,1,MLP,100,14,0.323218
1,1,MLP,100,15,0.276889
1,1,MLP,100,16,0.288583
1,1,MLP,100,17,0.286126
1,1,MLP,100,18,0.304401
1,1,MLP,100,19,0.289418
1,1,MLP,1.0,0,0.926053
1,1,MLP,1.0,1,0.956365
1,1,MLP,1.0,2,0.962564
1,1,MLP,1.0,3,0.956105
1,1,MLP,1.0,4,0.932697
1,1,MLP,1.0,5,0.889626
1,1,MLP,1.0,6,0.830944
1,1,MLP,1.0,7,0.76354
1,1,MLP,1.0,8,0.717152
1,1,MLP,1.0,9,0.691933
1,1,MLP,1.0,10,0.677466
1,1,MLP,1.0,11,0.668131
1,1,MLP,1.0,12,0.6619
1,1,MLP,1.0,13,0.657652
1,1,MLP,1.0,14,0.654699
1,1,MLP,1.0,15,0.652729
1,1,MLP,1.0,16,0.651579
1,1,MLP,1.0,17,0.651054
1,1,MLP,1.0,18,0.65094
1,1,MLP,1.0,19,0.651055
1,1,MLP,0.5,0,0.829885
1,1,MLP,0.5,1,0.852111
1,1,MLP,0.5,2,0.861971
1,1,MLP,0.5,3,0.8595
1,1,MLP,0.5,4,0.839967
1,1,MLP,0.5,5,0.80585
1,1,MLP,0.5,6,0.75996
1,1,MLP,0.5,7,0.709104
1,1,MLP,0.5,8,0.672274
1,1,MLP,0.5,9,0.655676
1,1,MLP,0.5,10,0.649239
1,1,MLP,0.5,11,0.645919
1,1,MLP,0.5,12,0.643517
1,1,MLP,0.5,13,0.64207
1,1,MLP,0.5,14,0.641692
1,1,MLP,0.5,15,0.641572
1,1,MLP,0.5,16,0.641428
1,1,MLP,0.5,17,0.641137
1,1,MLP,0.5,18,0.640665
1,1,MLP,0.5,19,0.64004
1,1,MLP,0.1,0,1.175462
1,1,MLP,0.1,1,1.208266
1,1,MLP,0.1,2,1.22215
1,1,MLP,0.1,3,1.226063
1,1,MLP,0.1,4,1.226946
1,1,MLP,0.1,5,1.227253
1,1,MLP,0.1,6,1.227406
1,1,MLP,0.1,7,1.227502
1,1,MLP,0.1,8,1.227568
1,1,MLP,0.1,9,1.227618
1,1,MLP,0.1,10,1.227657
1,1,MLP,0.1,11,1.227689
1,1,MLP,0.1,12,1.227716
1,1,MLP,0.1,13,1.227738
1,1,MLP,0.1,14,1.227758
1,1,MLP,0.1,15,1.227775
1,1,MLP,0.1,16,1.22779
1,1,MLP,0.1,17,1.227803
1,1,MLP,0.1,18,1.227816
1,1,MLP,0.1,19,1.227827
1,1,MLP,natural,0,0.72818
1,1,MLP,natural,1,0.723797
1,1,MLP,natural,2,0.726036
1,1,MLP,natural,3,0.718276
1,1,MLP,natural,4,0.702264
1,1,MLP,natural,5,0.680899
1,1,MLP,natural,6,0.652175
1,1,MLP,natural,7,0.604468
1,1,MLP,natural,8,0.558841
1,1,MLP,natural,9,0.523593
1,1,MLP,natural,10,0.496303
1,1,MLP,natural,11,0.483341
1,1,MLP,natural,12,0.48749
1,1,MLP,natural,13,0.486663
1,1,MLP,natural,14,0.514512
1,1,MLP,natural,15,0.520227
1,1,MLP,natural,16,0.422363
1,1,MLP,natural,17,0.493594
1,1,MLP,natural,18,0.42831
1,1,MLP,natural,19,0.494452
1,2,LR,100,0,0.049399
1,2,LR,100,1,0.049213
1,2,LR,100,2,0.049248
1,2,LR,100,3,0.049578
1,2,LR,100,4,0.050047
1,2,LR,100,5,0.050564
1,2,LR,100,6,0.051083
1,2,LR,100,7,0.051581
1,2,LR,100,8,0.052048
1,2,LR,100,9,0.052483
1,2,LR,100,10,0.052884
1,2,LR,100,11,0.053256
1,2,LR,100,12,0.0536
1,2,LR,100,13,0.053919
1,2,LR,100,14,0.054216
1,2,LR,100,15,0.054493
1,2,LR,100,16,0.054753
1,2,LR,100,17,0.054997
1,2,LR,100,18,0.055228
1,2,LR,100,19,0.055445
1,2,LR,1.0,0,0.39052
1,2,LR,1.0,1,0.38647
1,2,LR,1.0,2,0.38226
1,2,LR,1.0,3,0.379485
1,2,LR,1.0,4,0.37769
1,2,LR,1.0,5,0.37649
1,2,LR,1.0,6,0.375648
1,2,LR,1.0,7,0.375021
1,2,LR,1.0,8,0.374524
1,2,LR,1.0,9,0.374108
1,2,LR,1.0,10,0.373741
1,2,LR,1.0,11,0.373407
1,2,LR,1.0,12,0.373095
1,2,LR,1.0,13,0.372801
1,2,LR,1.0,14,0.37252
1,2,LR,1.0,15,0.372252
1,2,LR,1.0,16,0.371995
1,2,LR,1.0,17,0.37175
1,2,LR,1.0,18,0.371515
1,2,LR,1.0,19,0.371292
1,2,LR,0.5,0,0.360846
1,2,LR,0.5,1,0.357218
1,2,LR,0.5,2,0.352445
1,2,LR,0.5,3,0.349072
1,2,LR,0.5,4,0.346719
1,2,LR,0.5,5,0.345017
1,2,LR,0.5,6,0.343733
1,2,LR,0.5,7,0.342722
1,2,LR,0.5,8,0.341895
1,2,LR,0.5,9,0.341196
1,2,LR,0.5,10,0.340589
1,2,LR,0.5,11,0.340051
1,2,LR,0.5,12,0.339567
1,2,LR,0.5,13,0.339127
1,2,LR,0.5,14,0.338723
1,2,LR,0.5,15,0.338352
1,2,LR,0.5,16,0.338008
1,2,LR,0.5,17,0.33769
1,2,LR,0.5,18,0.337395
1,2,LR,0.5,19,0.337121
1,2,LR,0.1,0,0.526851
1,2,LR,0.1,1,0.513057
1,2,LR,0.1,2,0.504354
1,2,LR,0.1,3,0.497661
1,2,LR,0.1,4,0.492347
1,2,LR,0.1,5,0.488052
1,2,LR,0.1,6,0.484526
1,2,LR,0.1,7,0.481586
1,2,LR,0.1,8,0.479104
1,2,LR,0.1,9,0.476981
1,2,LR,0.1,10,0.475147
1,2,LR,0.1,11,0.473546
1,2,LR,0.1,12,0.472138
1,2,LR,0.1,13,0.47089
1,2,LR,0.1,14,0.469778
1,2,LR,0.1,15,0.468781
1,2,LR,0.1,16,0.467882
1,2,LR,0.1,17,0.46707
1,2,LR,0.1,18,0.466332
1,2,LR,0.1,19,0.465659
1,2,LR,natural,0,0.28859
1,2,LR,natural,1,0.281227
1,2,LR,natural,2,0.275214
1,2,LR,natural,3,0.270469
1,2,LR,natural,4,0.266566
1,2,LR,natural,5,0.263215
1,2,LR,natural,6,0.260243
1,2,LR,natural,7,0.25755
1,2,LR,natural,8,0.255071
1,2,LR,natural,9,0.252767
1,2,LR,natural,10,0.250612
1,2,LR,natural,11,0.248587
1,2,LR,natural,12,0.246679
1,2,LR,natural,13,0.244877
1,2,LR,natural,14,0.243172
1,2,LR,natural,15,0.241559
1,2,LR,natural,16,0.240029
1,2,LR,natural,17,0.238579
1,2,LR,natural,18,0.237203
1,2,LR,natural,19,0.235896
1,2,MLP,100,0,0.11692
1,2,MLP,100,1,0.110389
1,2,MLP,100,2,0.110095
1,2,MLP,100,3,0.113366
1,2,MLP,100,4,0.115827
1,2,MLP,100,5,0.118958
1,2,MLP,100,6,0.129866
1,2,MLP,100,7,0.149276
1,2,MLP,100,8,0.168032
1,2,MLP,100,9,0.186386
1,2,MLP,100,10,0.211037
1,2,MLP,100,11,0.24639
1,2,MLP,100,12,0.280033
1,2,MLP,100,13,0.298305
1,2,MLP,100,14,0.303104
1,2,MLP,100,15,0.303214
1,2,MLP,100,16,0.299915
1,2,MLP,100,17,0.295973
1,2,MLP,100,18,0.290118
1,2,MLP,100,19,0.28398
1,2,MLP,1.0,0,0.924022
1,2,MLP,1.0,1,0.954468
1,2,MLP,1.0,2,0.955394
1,2,MLP,1.0,3,0.940268
1,2,MLP,1.0,4,0.903513
1,2,MLP,1.0,5,0.854985
1,2,MLP,1.0,6,0.796207
1,2,MLP,1.0,7,0.747713
1,2,MLP,1.0,8,0.723173
1,2,MLP,1.0,9,0.713538
1,2,MLP,1.0,10,0.709792
1,2,MLP,1.0,11,0.706487
1,2,MLP,1.0,12,0.702326
1,2,MLP,1.0,13,0.697906
1,2,MLP,1.0,14,0.693852
1,2,MLP,1.0,15,0.690476
1,2,MLP,1.0,16,0.687726
1,2,MLP,1.0,17,0.685496
1,2,MLP,1.0,18,0.683753
1,2,MLP,1.0,19,0.682517
1,2,MLP,0.5,0,0.84434
1,2,MLP,0.5,1,0.864142
1,2,MLP,0.5,2,0.872064
1,2,MLP,0.5,3,0.863612
1,2,MLP,0.5,4,0.835577
1,2,MLP,0.5,5,0.796983
1,2,MLP,0.5,6,0.754925
1,2,MLP,0.5,7,0.716666
1,2,MLP,0.5,8,0.68976
1,2,MLP,0.5,9,0.675705
1,2,MLP,0.5,10,0.667872
1,2,MLP,0.5,11,0.65706
1,2,MLP,0.5,12,0.648117
1,2,MLP,0.5,13,0.643645
1,2,MLP,0.5,14,0.63842
1,2,MLP,0.5,15,0.632559
1,2,MLP,0.5,16,0.62721
1,2,MLP,0.5,17,0.622267
1,2,MLP,0.5,18,0.618749
1,2,MLP,0.5,19,0.615483
1,2,MLP,0.1,0,1.15752
1,2,MLP,0.1,1,1.193557
1,2,MLP,0.1,2,1.208449
1,2,MLP,0.1,3,1.212296
1,2,MLP,0.1,4,1.213138
1,2,MLP,0.1,5,1.213439
1,2,MLP,0.1,6,1.213598
1,2,MLP,0.1,7,1.213703
1,2,MLP,0.1,8,1.213779
1,2,MLP,0.1,9,1.213836
1,2,MLP,0.1,10,1.213882
1,2,MLP,0.1,11,1.213919
1,2,MLP,0.1,12,1.21395
1,2,MLP,0.1,13,1.213977
1,2,MLP,0.1,14,1.213999
1,2,MLP,0.1,15,1.214019
1,2,MLP,0.1,16,1.214036
1,2,MLP,0.1,17,1.214052
1,2,MLP,0.1,18,1.214065
1,2,MLP,0.1,19,1.214078
1,2,MLP,natural,0,0.716769
1,2,MLP,natural,1,0.717389
1,2,MLP,natural,2,0.717862
1,2,MLP,natural,3,0.706719
1,2,MLP,natural,4,0.689341
1,2,MLP,natural,5,0.669154
1,2,MLP,natural,6,0.639297
1,2,MLP,natural,7,0.595284
1,2,MLP,natural,8,0.559159
1,2,MLP,natural,9,0.534053
1,2,MLP,natural,10,0.51763
1,2,MLP,natural,11,0.513946
1,2,MLP,natural,12,0.540555
1,2,MLP,natural,13,0.534515
1,2,MLP,natural,14,0.552187
1,2,MLP,natural,15,0.511804
1,2,MLP,natural,16,0.501311
1,2,MLP,natural,17,0.499913
1,2,MLP,natural,18,0.509373
1,2,MLP,natural,19,0.496306
1,3,LR,100,0,0.060422
1,3,LR,100,1,0.059331
1,3,LR,100,2,0.059159
1,3,LR,100,3,0.059261
1,3,LR,100,4,0.059488
1,3,LR,100,5,0.059765
1,3,LR,100,6,0.060054
1,3,LR,100,7,0.060337
1,3,LR,100,8,0.060604
1,3,LR,100,9,0.060853
1,3,LR,100,10,0.061083
1,3,LR,100,11,0.061295
1,3,LR,100,12,0.061491
1,3,LR,100,13,0.061673
1,3,LR,100,14,0.061841
1,3,LR,100,15,0.061998
1,3,LR,100,16,0.062144
1,3,LR,100,17,0.062282
1,3,LR,100,18,0.062412
1,3,LR,100,19,0.062534
1,3,LR,1.0,0,0.380175
1,3,LR,1.0,1,0.376227
1,3,LR,1.0,2,0.371749
1,3,LR,1.0,3,0.368687
1,3,LR,1.0,4,0.366644
1,3,LR,1.0,5,0.365241
1,3,LR,1.0,6,0.364239
1,3,LR,1.0,7,0.363491
1,3,LR,1.0,8,0.362906
1,3,LR,1.0,9,0.362429
1,3,LR,1.0,10,0.362025
1,3,LR,1.0,11,0.361672
1,3,LR,1.0,12,0.361357
1,3,LR,1.0,13,0.36107
1,3,LR,1.0,14,0.360808
1,3,LR,1.0,15,0.360565
1,3,LR,1.0,16,0.360339
1,3,LR,1.0,17,0.360129
1,3,LR,1.0,18,0.359933
1,3,LR,1.0,19,0.35975
1,3,LR,0.5,0,0.360443
1,3,LR,0.5,1,0.355516
1,3,LR,0.5,2,0.349923
1,3,LR,0.5,3,0.345832
1,3,LR,0.5,4,0.342864
1,3,LR,0.5,5,0.340642
1,3,LR,0.5,6,0.338919
1,3,LR,0.5,7,0.337541
1,3,LR,0.5,8,0.336406
1,3,LR,0.5,9,0.33545
1,3,LR,0.5,10,0.334628
1,3,LR,0.5,11,0.333911
1,3,LR,0.5,12,0.333278
1,3,LR,0.5,13,0.332714
1,3,LR,0.5,14,0.332207
1,3,LR,0.5,15,0.33175
1,3,LR,0.5,16,0.331336
1,3,LR,0.5,17,0.330959
1,3,LR,0.5,18,0.330616
1,3,LR,0.5,19,0.330303
1,3,LR,0.1,0,0.53316
1,3,LR,0.1,1,0.517967
1,3,LR,0.1,2,0.508258
1,3,LR,0.1,3,0.500667
1,3,LR,0.1,4,0.494533
1,3,LR,0.1,5,0.489493
1,3,LR,0.1,6,0.485293
1,3,LR,0.1,7,0.481748
1,3,LR,0.1,8,0.478718
1,3,LR,0.1,9,0.476102
1,3,LR,0.1,10,0.473822
1,3,LR,0.1,11,0.471817
1,3,LR,0.1,12,0.470042
1,3,LR,0.1,13,0.46846
1,3,LR,0.1,14,0.467042
1,3,LR,0.1,15,0.465765
1,3,LR,0.1,16,0.46461
1,3,LR,0.1,17,0.463561
1,3,LR,0.1,18,0.462605
1,3,LR,0.1,19,0.461731
1,3,LR,natural,0,0.293976
1,3,LR,natural,1,0.287718
1,3,LR,natural,2,0.282395
1,3,LR,natural,3,0.278186
1,3,LR,natural,4,0.274706
1,3,LR,natural,5,0.271679
1,3,LR,natural,6,0.268952
1,3,LR,natural,7,0.266437
1,3,LR,natural,8,0.264082
1,3,LR,natural,9,0.261859
1,3,LR,natural,10,0.25975
1,3,LR,natural,11,0.257744
1,3,LR,natural,12,0.255832
1,3,LR,natural,13,0.254009
1,3,LR,natural,14,0.252271
1,3,LR,natural,15,0.250613
1,3,LR,natural,16,0.249032
1,3,LR,natural,17,0.247525
1,3,LR,natural,18,0.246088
1,3,LR,natural,19,0.244717
1,3,MLP,100,0,0.131408
1,3,MLP,100,1,0.12957
1,3,MLP,100,2,0.132404
1,3,MLP,100,3,0.137418
1,3,MLP,100,4,0.144174
1,3,MLP,100,5,0.153782
1,3,MLP,100,6,0.161243
1,3,MLP,100,7,0.175798
1,3,MLP,100,8,0.198198
1,3,MLP,100,9,0.224616
1,3,MLP,100,10,0.257137
1,3,MLP,100,11,0.297704
1,3,MLP,100,12,0.304304
1,3,MLP,100,13,0.332337
1,3,MLP,100,14,0.239176
1,3,MLP,100,15,0.259542
1,3,MLP,100,16,0.248596
1,3,MLP,100,17,0.270654
1,3,MLP,100,18,0.255111
1,3,MLP,100,19,0.273016
1,3,MLP,1.0,0,0.898055
1,3,MLP,1.0,1,0.926275
1,3,MLP,1.0,2,0.926008
1,3,MLP,1.0,3,0.906386
1,3,MLP,1.0,4,0.865862
1,3,MLP,1.0,5,0.81646
1,3,MLP,1.0,6,0.757052
1,3,MLP,1.0,7,0.709445
1,3,MLP,1.0,8,0.68579
1,3,MLP,1.0,9,0.674503
1,3,MLP,1.0,10,0.668489
1,3,MLP,1.0,11,0.664031
1,3,MLP,1.0,12,0.660349
1,3,MLP,1.0,13,0.6573
1,3,MLP,1.0,14,0.654996
1,3,MLP,1.0,15,0.653589
1,3,MLP,1.0,16,0.653051
1,3,MLP,1.0,17,0.653189
1,3,MLP,1.0,18,0.653771
1,3,MLP,1.0,19,0.654641
1,3,MLP,0.5,0,0.833123
1,3,MLP,0.5,1,0.851828
1,3,MLP,0.5,2,0.860583
1,3,MLP,0.5,3,0.851478
1,3,MLP,0.5,4,0.82136
1,3,MLP,0.5,5,0.779411
1,3,MLP,0.5,6,0.734919
1,3,MLP,0.5,7,0.696084
1,3,MLP,0.5,8,0.671789
1,3,MLP,0.5,9,0.662336
1,3,MLP,0.5,10,0.659556
1,3,MLP,0.5,11,0.66076
1,3,MLP,0.5,12,0.661973
1,3,MLP,0.5,13,0.661307
1,3,MLP,0.5,14,0.659919
1,3,MLP,0.5,15,0.658178
1,3,MLP,0.5,16,0.656164
1,3,MLP,0.5,17,0.653979
1,3,MLP,0.5,18,0.651804
1,3,MLP,0.5,19,0.649806
1,3,MLP,0.1,0,1.163556
1,3,MLP,0.1,1,1.197953
1,3,MLP,0.1,2,1.21512
1,3,MLP,0.1,3,1.220641
1,3,MLP,0.1,4,1.221703
1,3,MLP,0.1,5,1.221993
1,3,MLP,0.1,6,1.222122
1,3,MLP,0.1,7,1.222201
1,3,MLP,0.1,8,1.222257
1,3,MLP,0.1,9,1.222301
1,3,MLP,0.1,10,1.222337
1,3,MLP,0.1,11,1.222366
1,3,MLP,0.1,12,1.222391
1,3,MLP,0.1,13,1.222413
1,3,MLP,0.1,14,1.222433
1,3,MLP,0.1,15,1.22245
1,3,MLP,0.1,16,1.222465
1,3,MLP,0.1,17,1.222479
1,3,MLP,0.1,18,1.222491
1,3,MLP,0.1,19,1.222503
1,3,MLP,natural,0,0.732143
1,3,MLP,natural,1,0.725223
1,3,MLP,natural,2,0.725021
1,3,MLP,natural,3,0.713746
1,3,MLP,natural,4,0.694848
1,3,MLP,natural,5,0.671246
1,3,MLP,natural,6,0.635069
1,3,MLP,natural,7,0.594944
1,3,MLP,natural,8,0.567823
1,3,MLP,natural,9,0.544885
1,3,MLP,natural,10,0.529466
1,3,MLP,natural,11,0.528807
1,3,MLP,natural,12,0.545072
1,3,MLP,natural,13,0.547098
1,3,MLP,natural,14,0.556342
1,3,MLP,natural,15,0.536329
1,3,MLP,natural,16,0.491417
1,3,MLP,natural,17,0.55328
1,3,MLP,natural,18,0.474168
1,3,MLP,natural,19,0.540074
1,4,LR,100,0,0.05887
1,4,LR,100,1,0.056736
1,4,LR,100,2,0.055027
1,4,LR,100,3,0.054069
1,4,LR,100,4,0.053587
1,4,LR,100,5,0.053394
1,4,LR,100,6,0.053375
1,4,LR,100,7,0.053458
1,4,LR,100,8,0.053601
1,4,LR,100,9,0.053777
1,4,LR,100,10,0.05397
1,4,LR,100,11,0.054168
1,4,LR,100,12,0.054367
1,4,LR,100,13,0.054563
1,4,LR,100,14,0.054752
1,4,LR,100,15,0.054935
1,4,LR,100,16,0.05511
1,4,LR,100,17,0.055277
1,4,LR,100,18,0.055437
1,4,LR,100,19,0.055589
1,4,LR,1.0,0,0.391362
1,4,LR,1.0,1,0.388104
1,4,LR,1.0,2,0.384378
1,4,LR,1.0,3,0.382048
1,4,LR,1.0,4,0.380669
1,4,LR,1.0,5,0.379847
1,4,LR,1.0,6,0.37934
1,4,LR,1.0,7,0.379009
1,4,LR,1.0,8,0.37877
1,4,LR,1.0,9,0.378577
1,4,LR,1.0,10,0.378405
1,4,LR,1.0,11,0.37824
1,4,LR,1.0,12,0.378075
1,4,LR,1.0,13,0.377908
1,4,LR,1.0,14,0.377738
1,4,LR,1.0,15,0.377566
1,4,LR,1.0,16,0.377394
1,4,LR,1.0,17,0.377222
1,4,LR,1.0,18,0.377053
1,4,LR,1.0,19,0.376886
1,4,LR,0.5,0,0.354506
1,4,LR,0.5,1,0.349402
1,4,LR,0.5,2,0.34381
1,4,LR,0.5,3,0.339843
1,4,LR,0.5,4,0.337058
1,4,LR,0.5,5,0.335045
1,4,LR,0.5,6,0.33354
1,4,LR,0.5,7,0.332379
1,4,LR,0.5,8,0.331455
1,4,LR,0.5,9,0.3307
1,4,LR,0.5,10,0.330071
1,4,LR,0.5,11,0.329536
1,4,LR,0.5,12,0.329074
1,4,LR,0.5,13,0.328672
1,4,LR,0.5,14,0.328318
1,4,LR,0.5,15,0.328004
1,4,LR,0.5,16,0.327725
1,4,LR,0.5,17,0.327476
1,4,LR,0.5,18,0.327253
1,4,LR,0.5,19,0.327053
1,4,LR,0.1,0,0.525579
1,4,LR,0.1,1,0.51176
1,4,LR,0.1,2,0.502993
1,4,LR,0.1,3,0.496318
1,4,LR,0.1,4,0.49107
1,4,LR,0.1,5,0.486862
1,4,LR,0.1,6,0.483425
1,4,LR,0.1,7,0.480569
1,4,LR,0.1,8,0.478158
1,4,LR,0.1,9,0.476095
1,4,LR,0.1,10,0.474308
1,4,LR,0.1,11,0.472744
1,4,LR,0.1,12,0.471362
1,4,LR,0.1,13,0.470131
1,4,LR,0.1,14,0.469028
1,4,LR,0.1,15,0.468034
1,4,LR,0.1,16,0.467133
1,4,LR,0.1,17,0.466314
1,4,LR,0.1,18,0.465566
1,4,LR,0.1,19,0.46488
1,4,LR,natural,0,0.290453
1,4,LR,natural,1,0.283852
1,4,LR,natural,2,0.277782
1,4,LR,natural,3,0.272984
1,4,LR,natural,4,0.269051
1,4,LR,natural,5,0.265675
1,4,LR,natural,6,0.262675
1,4,LR,natural,7,0.259947
1,4,LR,natural,8,0.257426
1,4,LR,natural,9,0.255074
1,4,LR,natural,10,0.252865
1,4,LR,natural,11,0.250781
1,4,LR,natural,12,0.248811
1,4,LR,natural,13,0.246945
1,4,LR,natural,14,0.245175
1,4,LR,natural,15,0.243495
1,4,LR,natural,16,0.2419
1,4,LR,natural,17,0.240384
1,4,LR,natural,18,0.238943
1,4,LR,natural,19,0.237572
1,4,MLP,100,0,0.1306
1,4,MLP,100,1,0.13085
1,4,MLP,100,2,0.135219
1,4,MLP,100,3,0.139786
1,4,MLP,100,4,0.141111
1,4,MLP,100,5,0.145394
1,4,MLP,100,6,0.143805
1,4,MLP,100,7,0.144594
1,4,MLP,100,8,0.157952
1,4,MLP,100,9,0.176163
1,4,MLP,100,10,0.194103
1,4,MLP,100,11,0.214046
1,4,MLP,100,12,0.239536
1,4,MLP,100,13,0.264411
1,4,MLP,100,14,0.284261
1,4,MLP,100,15,0.285096
1,4,MLP,100,16,0.312233
1,4,MLP,100,17,0.229811
1,4,MLP,100,18,0.229375
1,4,MLP,100,19,0.217411
1,4,MLP,1.0,0,0.926684
1,4,MLP,1.0,1,0.956016
1,4,MLP,1.0,2,0.950685
1,4,MLP,1.0,3,0.924292
1,4,MLP,1.0,4,0.877984
1,4,MLP,1.0,5,0.823808
1,4,MLP,1.0,6,0.766755
1,4,MLP,1.0,7,0.730826
1,4,MLP,1.0,8,0.715016
1,4,MLP,1.0,9,0.710182
1,4,MLP,1.0,10,0.70972
1,4,MLP,1.0,11,0.709883
1,4,MLP,1.0,12,0.709626
1,4,MLP,1.0,13,0.708545
1,4,MLP,1.0,14,0.707066
1,4,MLP,1.0,15,0.705525
1,4,MLP,1.0,16,0.704089
1,4,MLP,1.0,17,0.702791
1,4,MLP,1.0,18,0.701689
1,4,MLP,1.0,19,0.700852
1,4,MLP,0.5,0,0.824106
1,4,MLP,0.5,1,0.85169
1,4,MLP,0.5,2,0.854359
1,4,MLP,0.5,3,0.835129
1,4,MLP,0.5,4,0.796313
1,4,MLP,0.5,5,0.74593
1,4,MLP,0.5,6,0.698263
1,4,MLP,0.5,7,0.662062
1,4,MLP,0.5,8,0.640452
1,4,MLP,0.5,9,0.627811
1,4,MLP,0.5,10,0.618545
1,4,MLP,0.5,11,0.610503
1,4,MLP,0.5,12,0.604659
1,4,MLP,0.5,13,0.600689
1,4,MLP,0.5,14,0.597304
1,4,MLP,0.5,15,0.594275
1,4,MLP,0.5,16,0.591627
1,4,MLP,0.5,17,0.589372
1,4,MLP,0.5,18,0.587491
1,4,MLP,0.5,19,0.585937
1,4,MLP,0.1,0,1.1549
1,4,MLP,0.1,1,1.192944
1,4,MLP,0.1,2,1.206335
1,4,MLP,0.1,3,1.209409
1,4,MLP,0.1,4,1.210065
1,4,MLP,0.1,5,1.210325
1,4,MLP,0.1,6,1.210483
1,4,MLP,0.1,7,1.210597
1,4,MLP,0.1,8,1.210684
1,4,MLP,0.1,9,1.210754
1,4,MLP,0.1,10,1.210809
1,4,MLP,0.1,11,1.210855
1,4,MLP,0.1,12,1.210892
1,4,MLP,0.1,13,1.210923
1,4,MLP,0.1,14,1.210948
1,4,MLP,0.1,15,1.210969
1,4,MLP,0.1,16,1.210986
1,4,MLP,0.1,17,1.211
1,4,MLP,0.1,18,1.211011
1,4,MLP,0.1,19,1.211019
1,4,MLP,natural,0,0.721027
1,4,MLP,natural,1,0.722849
1,4,MLP,natural,2,0.715852
1,4,MLP,natural,3,0.697232
1,4,MLP,natural,4,0.672653
1,4,MLP,natural,5,0.641825
1,4,MLP,natural,6,0.595557
1,4,MLP,natural,7,0.55143
1,4,MLP,natural,8,0.519685
1,4,MLP,natural,9,0.495415
1,4,MLP,natural,10,0.479991
1,4,MLP,natural,11,0.471362
1,4,MLP,natural,12,0.465949
1,4,MLP,natural,13,0.459429
1,4,MLP,natural,14,0.456104
1,4,MLP,natural,15,0.440746
1,4,MLP,natural,16,0.471917
1,4,MLP,natural,17,0.462613
1,4,MLP,natural,18,0.446778
1,4,MLP,natural,19,0.433984
2,0,LR,100,0,0.061623
2,0,LR,100,1,0.064039
2,0,LR,100,2,0.065847
2,0,LR,100,3,0.067656
2,0,LR,100,4,0.069369
2,0,LR,100,5,0.070931
2,0,LR,100,6,0.072329
2,0,LR,100,7,0.073569
2,0,LR,100,8,0.074665
2,0,LR,100,9,0.075634
2,0,LR,100,10,0.076491
2,0,LR,100,11,0.077252
2,0,LR,100,12,0.077931
2,0,LR,100,13,0.078538
2,0,LR,100,14,0.079083
2,0,LR,100,15,0.079576
2,0,LR,100,16,0.080023
2,0,LR,100,17,0.080429
2,0,LR,100,18,0.080801
2,0,LR,100,19,0.081143
2,0,LR,1.0,0,0.243035
2,0,LR,1.0,1,0.235372
2,0,LR,1.0,2,0.231021
2,0,LR,1.0,3,0.227998
2,0,LR,1.0,4,0.225748
2,0,LR,1.0,5,0.223969
2,0,LR,1.0,6,0.222494
2,0,LR,1.0,7,0.221224
2,0,LR,1.0,8,0.220104
2,0,LR,1.0,9,0.219097
2,0,LR,1.0,10,0.218181
2,0,LR,1.0,11,0.217342
2,0,LR,1.0,12,0.216568
2,0,LR,1.0,13,0.215853
2,0,LR,1.0,14,0.215191
2,0,LR,1.0,15,0.214576
2,0,LR,1.0,16,0.214005
2,0,LR,1.0,17,0.213474
2,0,LR,1.0,18,0.21298
2,0,LR,1.0,19,0.212519
2,0,LR,0.5,0,0.542842
2,0,LR,0.5,1,0.523058
2,0,LR,0.5,2,0.510971
2,0,LR,0.5,3,0.501677
2,0,LR,0.5,4,0.494258
2,0,LR,0.5,5,0.48821
2,0,LR,0.5,6,0.483194
2,0,LR,0.5,7,0.478969
2,0,LR,0.5,8,0.475364
2,0,LR,0.5,9,0.472252
2,0,LR,0.5,10,0.469541
2,0,LR,0.5,11,0.467158
2,0,LR,0.5,12,0.465049
2,0,LR,0.5,13,0.463171
2,0,LR,0.5,14,0.461488
2,0,LR,0.5,15,0.459975
2,0,LR,0.5,16,0.458607
2,0,LR,0.5,17,0.457365
2,0,LR,0.5,18,0.456235
2,0,LR,0.5,19,0.455203
2,0,LR,0.1,0,0.627185
2,0,LR,0.1,1,0.60741
2,0,LR,0.1,2,0.595025
2,0,LR,0.1,3,0.585216
2,0,LR,0.1,4,0.577176
2,0,LR,0.1,5,0.57047
2,0,LR,0.1,6,0.564793
2,0,LR,0.1,7,0.559924
2,0,LR,0.1,8,0.5557
2,0,LR,0.1,9,0.551998
2,0,LR,0.1,10,0.548724
2,0,LR,0.1,11,0.545807
2,0,LR,0.1,12,0.543191
2,0,LR,0.1,13,0.540829
2,0,LR,0.1,14,0.538687
2,0,LR,0.1,15,0.536735
2,0,LR,0.1,16,0.534949
2,0,LR,0.1,17,0.533309
2,0,LR,0.1,18,0.531799
2,0,LR,0.1,19,0.530403
2,0,LR,natural,0,0.307617
2,0,LR,natural,1,0.302088
2,0,LR,natural,2,0.298038
2,0,LR,natural,3,0.294909
2,0,LR,natural,4,0.292319
2,0,LR,natural,5,0.290025
2,0,LR,natural,6,0.287901
2,0,LR,natural,7,0.285885
2,0,LR,natural,8,0.283947
2,0,LR,natural,9,0.282071
2,0,LR,natural,10,0.280253
2,0,LR,natural,11,0.278492
2,0,LR,natural,12,0.276787
2,0,LR,natural,13,0.275139
2,0,LR,natural,14,0.273549
2,0,LR,natural,15,0.272016
2,0,LR,natural,16,0.27054
2,0,LR,natural,17,0.269121
2,0,LR,natural,18,0.267758
2,0,LR,natural,19,0.266449
2,0,MLP,100,0,0.125252
2,0,MLP,100,1,0.134154
2,0,MLP,100,2,0.139164
2,0,MLP,100,3,0.141532
2,0,MLP,100,4,0.153849
2,0,MLP,100,5,0.172355
2,0,MLP,100,6,0.192892
2,0,MLP,100,7,0.217863
2,0,MLP,100,8,0.247032
2,0,MLP,100,9,0.274545
2,0,MLP,100,10,0.298979
2,0,MLP,100,11,0.319471
2,0,MLP,100,12,0.334406
2,0,MLP,100,13,0.34382
2,0,MLP,100,14,0.349165
2,0,MLP,100,15,0.351932
2,0,MLP,100,16,0.353137
2,0,MLP,100,17,0.353413
2,0,MLP,100,18,0.353146
2,0,MLP,100,19,0.352574
2,0,MLP,1.0,0,0.605647
2,0,MLP,1.0,1,0.589765
2,0,MLP,1.0,2,0.572305
2,0,MLP,1.0,3,0.529811
2,0,MLP,1.0,4,0.4801
2,0,MLP,1.0,5,0.445245
2,0,MLP,1.0,6,0.420591
2,0,MLP,1.0,7,0.402478
2,0,MLP,1.0,8,0.393161
2,0,MLP,1.0,9,0.387297
2,0,MLP,1.0,10,0.381966
2,0,MLP,1.0,11,0.379972
2,0,MLP,1.0,12,0.383352
2,0,MLP,1.0,13,0.391124
2,0,MLP,1.0,14,0.399882
2,0,MLP,1.0,15,0.40699
2,0,MLP,1.0,16,0.411896
2,0,MLP,1.0,17,0.415046
2,0,MLP,1.0,18,0.417013
2,0,MLP,1.0,19,0.418238
2,0,MLP,0.5,0,1.226817
2,0,MLP,0.5,1,1.222487
2,0,MLP,0.5,2,1.216274
2,0,MLP,0.5,3,1.208232
2,0,MLP,0.5,4,1.198618
2,0,MLP,0.5,5,1.159758
2,0,MLP,0.5,6,1.089827
2,0,MLP,0.5,7,1.015277
2,0,MLP,0.5,8,0.977232
2,0,MLP,0.5,9,0.984451
2,0,MLP,0.5,10,0.97005
2,0,MLP,0.5,11,0.955033
2,0,MLP,0.5,12,0.951088
2,0,MLP,0.5,13,0.9542
2,0,MLP,0.5,14,0.957349
2,0,MLP,0.5,15,0.958889
2,0,MLP,0.5,16,0.963248
2,0,MLP,0.5,17,0.954596
2,0,MLP,0.5,18,0.949307
2,0,MLP,0.5,19,0.94137
2,0,MLP,0.1,0,1.395904
2,0,MLP,0.1,1,1.406909
2,0,MLP,0.1,2,1.406693
2,0,MLP,0.1,3,1.40202
2,0,MLP,0.1,4,1.395561
2,0,MLP,0.1,5,1.357649
2,0,MLP,0.1,6,1.263841
2,0,MLP,0.1,7,1.180594
2,0,MLP,0.1,8,1.179006
2,0,MLP,0.1,9,1.255129
2,0,MLP,0.1,10,1.274831
2,0,MLP,0.1,11,1.26509
2,0,MLP,0.1,12,1.24127
2,0,MLP,0.1,13,1.248759
2,0,MLP,0.1,14,1.225679
2,0,MLP,0.1,15,1.227728
2,0,MLP,0.1,16,1.227033
2,0,MLP,0.1,17,1.222433
2,0,MLP,0.1,18,1.216474
2,0,MLP,0.1,19,1.219275
2,0,MLP,natural,0,0.74041
2,0,MLP,natural,1,0.734093
2,0,MLP,natural,2,0.72732
2,0,MLP,natural,3,0.718655
2,0,MLP,natural,4,0.706892
2,0,MLP,natural,5,0.691854
2,0,MLP,natural,6,0.649634
2,0,MLP,natural,7,0.603561
2,0,MLP,natural,8,0.572945
2,0,MLP,natural,9,0.550273
2,0,MLP,natural,10,0.540923
2,0,MLP,natural,11,0.535835
2,0,MLP,natural,12,0.532185
2,0,MLP,natural,13,0.517876
2,0,MLP,natural,14,0.524658
2,0,MLP,natural,15,0.504238
2,0,MLP,natural,16,0.471133
2,0,MLP,natural,17,0.490332
2,0,MLP,natural,18,0.494245
2,0,MLP,natural,19,0.48155
2,1,LR,100,0,0.0488
2,1,LR,100,1,0.049329
2,1,LR,100,2,0.049835
2,1,LR,100,3,0.050654
2,1,LR,100,4,0.051571
2,1,LR,100,5,0.05247
2,1,LR,100,6,0.053302
2,1,LR,100,7,0.05405
2,1,LR,100,8,0.054714
2,1,LR,100,9,0.0553
2,1,LR,100,10,0.055818
2,1,LR,100,11,0.056276
2,1,LR,100,12,0.056684
2,1,LR,100,13,0.057049
2,1,LR,100,14,0.057378
2,1,LR,100,15,0.057676
2,1,LR,100,16,0.057948
2,1,LR,100,17,0.058198
2,1,LR,100,18,0.058429
2,1,LR,100,19,0.058644
2,1,LR,1.0,0,0.240097
2,1,LR,1.0,1,0.231014
2,1,LR,1.0,2,0.225815
2,1,LR,1.0,3,0.22211
2,1,LR,1.0,4,0.2193
2,1,LR,1.0,5,0.217061
2,1,LR,1.0,6,0.215202
2,1,LR,1.0,7,0.213609
2,1,LR,1.0,8,0.212212
2,1,LR,1.0,9,0.210966
2,1,LR,1.0,10,0.20984
2,1,LR,1.0,11,0.208815
2,1,LR,1.0,12,0.207876
2,1,LR,1.0,13,0.207012
2,1,LR,1.0,14,0.206214
2,1,LR,1.0,15,0.205476
2,1,LR,1.0,16,0.204791
2,1,LR,1.0,17,0.204155
2,1,LR,1.0,18,0.203563
2,1,LR,1.0,19,0.203012
2,1,LR,0.5,0,0.549914
2,1,LR,0.5,1,0.531069
2,1,LR,0.5,2,0.519417
2,1,LR,0.5,3,0.510382
2,1,LR,0.5,4,0.503118
2,1,LR,0.5,5,0.497157
2,1,LR,0.5,6,0.492181
2,1,LR,0.5,7,0.487966
2,1,LR,0.5,8,0.484347
2,1,LR,0.5,9,0.481205
2,1,LR,0.5,10,0.478452
2,1,LR,0.5,11,0.476018
2,1,LR,0.5,12,0.473851
2,1,LR,0.5,13,0.471911
2,1,LR,0.5,14,0.470163
2,1,LR,0.5,15,0.468581
2,1,LR,0.5,16,0.467143
2,1,LR,0.5,17,0.46583
2,1,LR,0.5,18,0.464629
2,1,LR,0.5,19,0.463525
2,1,LR,0.1,0,0.627535
2,1,LR,0.1,1,0.608564
2,1,LR,0.1,2,0.596708
2,1,LR,0.1,3,0.587307
2,1,LR,0.1,4,0.579592
2,1,LR,0.1,5,0.573151
2,1,LR,0.1,6,0.567698
2,1,LR,0.1,7,0.563023
2,1,LR,0.1,8,0.558969
2,1,LR,0.1,9,0.555418
2,1,LR,0.1,10,0.55228
2,1,LR,0.1,11,0.549487
2,1,LR,0.1,12,0.546984
2,1,LR,0.1,13,0.544727
2,1,LR,0.1,14,0.542681
2,1,LR,0.1,15,0.540819
2,1,LR,0.1,16,0.539116
2,1,LR,0.1,17,0.537554
2,1,LR,0.1,18,0.536115
2,1,LR,0.1,19,0.534786
2,1,LR,natural,0,0.283486
2,1,LR,natural,1,0.276415
2,1,LR,natural,2,0.270821
2,1,LR,natural,3,0.2663
2,1,LR,natural,4,0.262488
2,1,LR,natural,5,0.259135
2,1,LR,natural,6,0.256098
2,1,LR,natural,7,0.253295
2,1,LR,natural,8,0.250677
2,1,LR,natural,9,0.248213
2,1,LR,natural,10,0.245886
2,1,LR,natural,11,0.243683
2,1,LR,natural,12,0.241592
2,1,LR,natural,13,0.239608
2,1,LR,natural,14,0.237724
2,1,LR,natural,15,0.235934
2,1,LR,natural,16,0.234233
2,1,LR,natural,17,0.232616
2,1,LR,natural,18,0.23108
2,1,LR,natural,19,0.229619
2,1,MLP,100,0,0.113605
2,1,MLP,100,1,0.12008
2,1,MLP,100,2,0.125326
2,1,MLP,100,3,0.123687
2,1,MLP,100,4,0.125199
2,1,MLP,100,5,0.129337
2,1,MLP,100,6,0.134842
2,1,MLP,100,7,0.142943
2,1,MLP,100,8,0.153948
2,1,MLP,100,9,0.168669
2,1,MLP,100,10,0.188244
2,1,MLP,100,11,0.210385
2,1,MLP,100,12,0.228946
2,1,MLP,100,13,0.240859
2,1,MLP,100,14,0.247969
2,1,MLP,100,15,0.25201
2,1,MLP,100,16,0.254812
2,1,MLP,100,17,0.255424
2,1,MLP,100,18,0.258262
2,1,MLP,100,19,0.253915
2,1,MLP,1.0,0,0.604138
2,1,MLP,1.0,1,0.591276
2,1,MLP,1.0,2,0.581104
2,1,MLP,1.0,3,0.553338
2,1,MLP,1.0,4,0.507787
2,1,MLP,1.0,5,0.455811
2,1,MLP,1.0,6,0.42244
2,1,MLP,1.0,7,0.399476
2,1,MLP,1.0,8,0.382888
2,1,MLP,1.0,9,0.371124
2,1,MLP,1.0,10,0.36393
2,1,MLP,1.0,11,0.361871
2,1,MLP,1.0,12,0.364605
2,1,MLP,1.0,13,0.369324
2,1,MLP,1.0,14,0.373013
2,1,MLP,1.0,15,0.374855
2,1,MLP,1.0,16,0.375539
2,1,MLP,1.0,17,0.375977
2,1,MLP,1.0,18,0.376764
2,1,MLP,1.0,19,0.378089
2,1,MLP,0.5,0,1.241862
2,1,MLP,0.5,1,1.238748
2,1,MLP,0.5,2,1.233286
2,1,MLP,0.5,3,1.225892
2,1,MLP,0.5,4,1.218394
2,1,MLP,0.5,5,1.204942
2,1,MLP,0.5,6,1.149725
2,1,MLP,0.5,7,1.075638
2,1,MLP,0.5,8,1.007394
2,1,MLP,0.5,9,0.990702
2,1,MLP,0.5,10,1.006453
2,1,MLP,0.5,11,1.002282
2,1,MLP,0.5,12,1.002364
2,1,MLP,0.5,13,1.013957
2,1,MLP,0.5,14,1.017819
2,1,MLP,0.5,15,1.016097
2,1,MLP,0.5,16,0.996473
2,1,MLP,0.5,17,0.986764
2,1,MLP,0.5,18,0.98412
2,1,MLP,0.5,19,0.977642
2,1,MLP,0.1,0,1.392164
2,1,MLP,0.1,1,1.403184
2,1,MLP,0.1,2,1.403089
2,1,MLP,0.1,3,1.398339
2,1,MLP,0.1,4,1.392603
2,1,MLP,0.1,5,1.381114
2,1,MLP,0.1,6,1.315544
2,1,MLP,0.1,7,1.214019
2,1,MLP,0.1,8,1.162829
2,1,MLP,0.1,9,1.202905
2,1,MLP,0.1,10,1.264069
2,1,MLP,0.1,11,1.260728
2,1,MLP,0.1,12,1.229324
2,1,MLP,0.1,13,1.254409
2,1,MLP,0.1,14,1.183734
2,1,MLP,0.1,15,1.26919
2,1,MLP,0.1,16,1.143576
2,1,MLP,0.1,17,1.3072
2,1,MLP,0.1,18,1.078828
2,1,MLP,0.1,19,1.344124
2,1,MLP,natural,0,0.673332
2,1,MLP,natural,1,0.664104
2,1,MLP,natural,2,0.654417
2,1,MLP,natural,3,0.642176
2,1,MLP,natural,4,0.627106
2,1,MLP,natural,5,0.608654
2,1,MLP,natural,6,0.569073
2,1,MLP,natural,7,0.538134
2,1,MLP,natural,8,0.513306
2,1,MLP,natural,9,0.496036
2,1,MLP,natural,10,0.483303
2,1,MLP,natural,11,0.477615
2,1,MLP,natural,12,0.481894
2,1,MLP,natural,13,0.487447
2,1,MLP,natural,14,0.493924
2,1,MLP,natural,15,0.524907
2,1,MLP,natural,16,0.471563
2,1,MLP,natural,17,0.501483
2,1,MLP,natural,18,0.459104
2,1,MLP,natural,19,0.483405
2,2,LR,100,0,0.041775
2,2,LR,100,1,0.042412
2,2,LR,100,2,0.042739
2,2,LR,100,3,0.043534
2,2,LR,100,4,0.044522
2,2,LR,100,5,0.045545
2,2,LR,100,6,0.046527
2,2,LR,100,7,0.047436
2,2,LR,100,8,0.048262
2,2,LR,100,9,0.049003
2,2,LR,100,10,0.049666
2,2,LR,100,11,0.050258
2,2,LR,100,12,0.050787
2,2,LR,100,13,0.051261
2,2,LR,100,14,0.051686
2,2,LR,100,15,0.05207
2,2,LR,100,16,0.052417
2,2,LR,100,17,0.052733
2,2,LR,100,18,0.053022
2,2,LR,100,19,0.053287
2,2,LR,1.0,0,0.272841
2,2,LR,1.0,1,0.262927
2,2,LR,1.0,2,0.257394
2,2,LR,1.0,3,0.25366
2,2,LR,1.0,4,0.250985
2,2,LR,1.0,5,0.248961
2,2,LR,1.0,6,0.247355
2,2,LR,1.0,7,0.246029
2,2,LR,1.0,8,0.244898
2,2,LR,1.0,9,0.243911
2,2,LR,1.0,10,0.243035
2,2,LR,1.0,11,0.242246
2,2,LR,1.0,12,0.241531
2,2,LR,1.0,13,0.240878
2,2,LR,1.0,14,0.24028
2,2,LR,1.0,15,0.239729
2,2,LR,1.0,16,0.239222
2,2,LR,1.0,17,0.238754
2,2,LR,1.0,18,0.238321
2,2,LR,1.0,19,0.23792
2,2,LR,0.5,0,0.551329
2,2,LR,0.5,1,0.530951
2,2,LR,0.5,2,0.518554
2,2,LR,0.5,3,0.509079
2,2,LR,0.5,4,0.501555
2,2,LR,0.5,5,0.495451
2,2,LR,0.5,6,0.49041
2,2,LR,0.5,7,0.486179
2,2,LR,0.5,8,0.482578
2,2,LR,0.5,9,0.479478
2,2,LR,0.5,10,0.47678
2,2,LR,0.5,11,0.474411
2,2,LR,0.5,12,0.472316
2,2,LR,0.5,13,0.47045
2,2,LR,0.5,14,0.468778
2,2,LR,0.5,15,0.467273
2,2,LR,0.5,16,0.465912
2,2,LR,0.5,17,0.464676
2,2,LR,0.5,18,0.46355
2,2,LR,0.5,19,0.46252
2,2,LR,0.1,0,0.62861
2,2,LR,0.1,1,0.608372
2,2,LR,0.1,2,0.595861
2,2,LR,0.1,3,0.586057
2,2,LR,0.1,4,0.578082
2,2,LR,0.1,5,0.571472
2,2,LR,0.1,6,0.565906
2,2,LR,0.1,7,0.561151
2,2,LR,0.1,8,0.557039
2,2,LR,0.1,9,0.553442
2,2,LR,0.1,10,0.550266
2,2,LR,0.1,11,0.547436
2,2,LR,0.1,12,0.544898
2,2,LR,0.1,13,0.542605
2,2,LR,0.1,14,0.540524
2,2,LR,0.1,15,0.538624
2,2,LR,0.1,16,0.536884
2,2,LR,0.1,17,0.535283
2,2,LR,0.1,18,0.533805
2,2,LR,0.1,19,0.532438
2,2,LR,natural,0,0.298602
2,2,LR,natural,1,0.292702
2,2,LR,natural,2,0.286925
2,2,LR,natural,3,0.282366
2,2,LR,natural,4,0.278643
2,2,LR,natural,5,0.275454
2,2,LR,natural,6,0.272621
2,2,LR,natural,7,0.270042
2,2,LR,natural,8,0.267657
2,2,LR,natural,9,0.26543
2,2,LR,natural,10,0.263337
2,2,LR,natural,11,0.261364
2,2,LR,natural,12,0.259498
2,2,LR,natural,13,0.257731
2,2,LR,natural,14,0.256057
2,2,LR,natural,15,0.254469
2,2,LR,natural,16,0.252963
2,2,LR,natural,17,0.251534
2,2,LR,natural,18,0.250178
2,2,LR,natural,19,0.248891
2,2,MLP,100,0,0.09896
2,2,MLP,100,1,0.105867
2,2,MLP,100,2,0.111298
2,2,MLP,100,3,0.104623
2,2,MLP,100,4,0.110118
2,2,MLP,100,5,0.122152
2,2,MLP,100,6,0.135333
2,2,MLP,100,7,0.148658
2,2,MLP,100,8,0.164798
2,2,MLP,100,9,0.184924
2,2,MLP,100,10,0.205687
2,2,MLP,100,11,0.222555
2,2,MLP,100,12,0.233933
2,2,MLP,100,13,0.240938
2,2,MLP,100,14,0.245225
2,2,MLP,100,15,0.247933
2,2,MLP,100,16,0.2497
2,2,MLP,100,17,0.250885
2,2,MLP,100,18,0.251698
2,2,MLP,100,19,0.252266
2,2,MLP,1.0,0,0.675264
2,2,MLP,1.0,1,0.656853
2,2,MLP,1.0,2,0.644497
2,2,MLP,1.0,3,0.605252
2,2,MLP,1.0,4,0.545516
2,2,MLP,1.0,5,0.492667
2,2,MLP,1.0,6,0.45755
2,2,MLP,1.0,7,0.432314
2,2,MLP,1.0,8,0.4164
2,2,MLP,1.0,9,0.408944
2,2,MLP,1.0,10,0.407781
2,2,MLP,1.0,11,0.410933
2,2,MLP,1.0,12,0.416798
2,2,MLP,1.0,13,0.424122
2,2,MLP,1.0,14,0.432043
2,2,MLP,1.0,15,0.439866
2,2,MLP,1.0,16,0.44698
2,2,MLP,1.0,17,0.45322
2,2,MLP,1.0,18,0.458927
2,2,MLP,1.0,19,0.464484
2,2,MLP,0.5,0,1.241406
2,2,MLP,0.5,1,1.234672
2,2,MLP,0.5,2,1.22653
2,2,MLP,0.5,3,1.216638
2,2,MLP,0.5,4,1.199733
2,2,MLP,0.5,5,1.133684
2,2,MLP,0.5,6,1.055543
2,2,MLP,0.5,7,0.99672
2,2,MLP,0.5,8,0.986126
2,2,MLP,0.5,9,0.988706
2,2,MLP,0.5,10,0.971143
2,2,MLP,0.5,11,0.955769
2,2,MLP,0.5,12,0.943457
2,2,MLP,0.5,13,0.932432
2,2,MLP,0.5,14,0.920772
2,2,MLP,0.5,15,0.911795
2,2,MLP,0.5,16,0.906346
2,2,MLP,0.5,17,0.903431
2,2,MLP,0.5,18,0.901515
2,2,MLP,0.5,19,0.899276
2,2,MLP,0.1,0,1.394626
2,2,MLP,0.1,1,1.402672
2,2,MLP,0.1,2,1.400539
2,2,MLP,0.1,3,1.393762
2,2,MLP,0.1,4,1.381952
2,2,MLP,0.1,5,1.314288
2,2,MLP,0.1,6,1.212818
2,2,MLP,0.1,7,1.156377
2,2,MLP,0.1,8,1.182383
2,2,MLP,0.1,9,1.246723
2,2,MLP,0.1,10,1.250341
2,2,MLP,0.1,11,1.235875
2,2,MLP,0.1,12,1.231213
2,2,MLP,0.1,13,1.220879
2,2,MLP,0.1,14,1.217545
2,2,MLP,0.1,15,1.214562
2,2,MLP,0.1,16,1.210341
2,2,MLP,0.1,17,1.201676
2,2,MLP,0.1,18,1.208158
2,2,MLP,0.1,19,1.2125
2,2,MLP,natural,0,0.714328
2,2,MLP,natural,1,0.70771
2,2,MLP,natural,2,0.698487
2,2,MLP,natural,3,0.685968
2,2,MLP,natural,4,0.666785
2,2,MLP,natural,5,0.631245
2,2,MLP,natural,6,0.585612
2,2,MLP,natural,7,0.558852
2,2,MLP,natural,8,0.540459
2,2,MLP,natural,9,0.527741
2,2,MLP,natural,10,0.521254
2,2,MLP,natural,11,0.516807
2,2,MLP,natural,12,0.514228
2,2,MLP,natural,13,0.525535
2,2,MLP,natural,14,0.542891
2,2,MLP,natural,15,0.525236
2,2,MLP,natural,16,0.526347
2,2,MLP,natural,17,0.51336
2,2,MLP,natural,18,0.516917
2,2,MLP,natural,19,0.513071
2,3,LR,100,0,0.045863
2,3,LR,100,1,0.048203
2,3,LR,100,2,0.050427
2,3,LR,100,3,0.052616
2,3,LR,100,4,0.054651
2,3,LR,100,5,0.05648
2,3,LR,100,6,0.058093
2,3,LR,100,7,0.059504
2,3,LR,100,8,0.060733
2,3,LR,100,9,0.061805
2,3,LR,100,10,0.062742
2,3,LR,100,11,0.063563
2,3,LR,100,12,0.064288
2,3,LR,100,13,0.06493
2,3,LR,100,14,0.065502
2,3,LR,100,15,0.066014
2,3,LR,100,16,0.066477
2,3,LR,100,17,0.066896
2,3,LR,100,18,0.067279
2,3,LR,100,19,0.067629
2,3,LR,1.0,0,0.253402
2,3,LR,1.0,1,0.24334
2,3,LR,1.0,2,0.237601
2,3,LR,1.0,3,0.233504
2,3,LR,1.0,4,0.230421
2,3,LR,1.0,5,0.228005
2,3,LR,1.0,6,0.226047
2,3,LR,1.0,7,0.224415
2,3,LR,1.0,8,0.223027
2,3,LR,1.0,9,0.221826
2,3,LR,1.0,10,0.220774
2,3,LR,1.0,11,0.219842
2,3,LR,1.0,12,0.219012
2,3,LR,1.0,13,0.218268
2,3,LR,1.0,14,0.217598
2,3,LR,1.0,15,0.216992
2,3,LR,1.0,16,0.216442
2,3,LR,1.0,17,0.215943
2,3,LR,1.0,18,0.215488
2,3,LR,1.0,19,0.215073
2,3,LR,0.5,0,0.556184
2,3,LR,0.5,1,0.536616
2,3,LR,0.5,2,0.524702
2,3,LR,0.5,3,0.515474
2,3,LR,0.5,4,0.508043
2,3,LR,0.5,5,0.501941
2,3,LR,0.5,6,0.49685
2,3,LR,0.5,7,0.492542
2,3,LR,0.5,8,0.488853
2,3,LR,0.5,9,0.485659
2,3,LR,0.5,10,0.48287
2,3,LR,0.5,11,0.480414
2,3,LR,0.5,12,0.478237
2,3,LR,0.5,13,0.476297
2,3,LR,0.5,14,0.474557
2,3,LR,0.5,15,0.47299
2,3,LR,0.5,16,0.471573
2,3,LR,0.5,17,0.470286
2,3,LR,0.5,18,0.469114
2,3,LR,0.5,19,0.468043
2,3,LR,0.1,0,0.628737
2,3,LR,0.1,1,0.608946
2,3,LR,0.1,2,0.59693
2,3,LR,0.1,3,0.587458
2,3,LR,0.1,4,0.57969
2,3,LR,0.1,5,0.573201
2,3,LR,0.1,6,0.567701
2,3,LR,0.1,7,0.562978
2,3,LR,0.1,8,0.558875
2,3,LR,0.1,9,0.555276
2,3,LR,0.1,10,0.552089
2,3,LR,0.1,11,0.549247
2,3,LR,0.1,12,0.546695
2,3,LR,0.1,13,0.544391
2,3,LR,0.1,14,0.542299
2,3,LR,0.1,15,0.540392
2,3,LR,0.1,16,0.538646
2,3,LR,0.1,17,0.537042
2,3,LR,0.1,18,0.535564
2,3,LR,0.1,19,0.534198
2,3,LR,natural,0,0.302261
2,3,LR,natural,1,0.296048
2,3,LR,natural,2,0.289742
2,3,LR,natural,3,0.284678
2,3,LR,natural,4,0.280509
2,3,LR,natural,5,0.276935
2,3,LR,natural,6,0.273769
2,3,LR,natural,7,0.270901
2,3,LR,natural,8,0.268263
2,3,LR,natural,9,0.265812
2,3,LR,natural,10,0.263517
2,3,LR,natural,11,0.26136
2,3,LR,natural,12,0.259326
2,3,LR,natural,13,0.257403
2,3,LR,natural,14,0.255583
2,3,LR,natural,15,0.253858
2,3,LR,natural,16,0.252222
2,3,LR,natural,17,0.250669
2,3,LR,natural,18,0.249194
2,3,LR,natural,19,0.247793
2,3,MLP,100,0,0.092908
2,3,MLP,100,1,0.099739
2,3,MLP,100,2,0.103857
2,3,MLP,100,3,0.109269
2,3,MLP,100,4,0.123375
2,3,MLP,100,5,0.13603
2,3,MLP,100,6,0.145916
2,3,MLP,100,7,0.156919
2,3,MLP,100,8,0.1713
2,3,MLP,100,9,0.189287
2,3,MLP,100,10,0.209771
2,3,MLP,100,11,0.229486
2,3,MLP,100,12,0.24545
2,3,MLP,100,13,0.257024
2,3,MLP,100,14,0.264357
2,3,MLP,100,15,0.268852
2,3,MLP,100,16,0.271323
2,3,MLP,100,17,0.272924
2,3,MLP,100,18,0.273473
2,3,MLP,100,19,0.274306
2,3,MLP,1.0,0,0.612914
2,3,MLP,1.0,1,0.59489
2,3,MLP,1.0,2,0.581791
2,3,MLP,1.0,3,0.56473
2,3,MLP,1.0,4,0.524479
2,3,MLP,1.0,5,0.474417
2,3,MLP,1.0,6,0.436518
2,3,MLP,1.0,7,0.406498
2,3,MLP,1.0,8,0.387837
2,3,MLP,1.0,9,0.380844
2,3,MLP,1.0,10,0.381782
2,3,MLP,1.0,11,0.387578
2,3,MLP,1.0,12,0.396293
2,3,MLP,1.0,13,0.404423
2,3,MLP,1.0,14,0.409788
2,3,MLP,1.0,15,0.412636
2,3,MLP,1.0,16,0.41396
2,3,MLP,1.0,17,0.414513
2,3,MLP,1.0,18,0.414718
2,3,MLP,1.0,19,0.4148
2,3,MLP,0.5,0,1.24227
2,3,MLP,0.5,1,1.236172
2,3,MLP,0.5,2,1.228514
2,3,MLP,0.5,3,1.219258
2,3,MLP,0.5,4,1.193064
2,3,MLP,0.5,5,1.125906
2,3,MLP,0.5,6,1.052076
2,3,MLP,0.5,7,0.997865
2,3,MLP,0.5,8,0.995285
2,3,MLP,0.5,9,1.006851
2,3,MLP,0.5,10,0.998255
2,3,MLP,0.5,11,0.9908
2,3,MLP,0.5,12,0.984567
2,3,MLP,0.5,13,0.979008
2,3,MLP,0.5,14,0.98068
2,3,MLP,0.5,15,0.982402
2,3,MLP,0.5,16,0.979768
2,3,MLP,0.5,17,0.971693
2,3,MLP,0.5,18,0.962545
2,3,MLP,0.5,19,0.956294
2,3,MLP,0.1,0,1.388493
2,3,MLP,0.1,1,1.396679
2,3,MLP,0.1,2,1.394162
2,3,MLP,0.1,3,1.387451
2,3,MLP,0.1,4,1.365203
2,3,MLP,0.1,5,1.280794
2,3,MLP,0.1,6,1.189807
2,3,MLP,0.1,7,1.152828
2,3,MLP,0.1,8,1.198598
2,3,MLP,0.1,9,1.247725
2,3,MLP,0.1,10,1.250648
2,3,MLP,0.1,11,1.222338
2,3,MLP,0.1,12,1.250376
2,3,MLP,0.1,13,1.183134
2,3,MLP,0.1,14,1.247013
2,3,MLP,0.1,15,1.173814
2,3,MLP,0.1,16,1.234275
2,3,MLP,0.1,17,1.162253
2,3,MLP,0.1,18,1.239147
2,3,MLP,0.1,19,1.149134
2,3,MLP,natural,0,0.728062
2,3,MLP,natural,1,0.723177
2,3,MLP,natural,2,0.715747
2,3,MLP,natural,3,0.707441
2,3,MLP,natural,4,0.699208
2,3,MLP,natural,5,0.684531
2,3,MLP,natural,6,0.648649
2,3,MLP,natural,7,0.609328
2,3,MLP,natural,8,0.581686
2,3,MLP,natural,9,0.56687
2,3,MLP,natural,10,0.558085
2,3,MLP,natural,11,0.549554
2,3,MLP,natural,12,0.549172
2,3,MLP,natural,13,0.542706
2,3,MLP,natural,14,0.517365
2,3,MLP,natural,15,0.560118
2,3,MLP,natural,16,0.501081
2,3,MLP,natural,17,0.543352
2,3,MLP,natural,18,0.493463
2,3,MLP,natural,19,0.532798
2,4,LR,100,0,0.058827
2,4,LR,100,1,0.058597
2,4,LR,100,2,0.059753
2,4,LR,100,3,0.06116
2,4,LR,100,4,0.062605
2,4,LR,100,5,0.063982
2,4,LR,100,6,0.065244
2,4,LR,100,7,0.066376
2,4,LR,100,8,0.067381
2,4,LR,100,9,0.068267
2,4,LR,100,10,0.069048
2,4,LR,100,11,0.069737
2,4,LR,100,12,0.070346
2,4,LR,100,13,0.070887
2,4,LR,100,14,0.071369
2,4,LR,100,15,0.071801
2,4,LR,100,16,0.072189
2,4,LR,100,17,0.072541
2,4,LR,100,18,0.072861
2,4,LR,100,19,0.073153
2,4,LR,1.0,0,0.241758
2,4,LR,1.0,1,0.230874
2,4,LR,1.0,2,0.224318
2,4,LR,1.0,3,0.219536
2,4,LR,1.0,4,0.215877
2,4,LR,1.0,5,0.212973
2,4,LR,1.0,6,0.210596
2,4,LR,1.0,7,0.208603
2,4,LR,1.0,8,0.2069
2,4,LR,1.0,9,0.205423
2,4,LR,1.0,10,0.204128
2,4,LR,1.0,11,0.202982
2,4,LR,1.0,12,0.20196
2,4,LR,1.0,13,0.201044
2,4,LR,1.0,14,0.200219
2,4,LR,1.0,15,0.199473
2,4,LR,1.0,16,0.198797
2,4,LR,1.0,17,0.198181
2,4,LR,1.0,18,0.197619
2,4,LR,1.0,19,0.197105
2,4,LR,0.5,0,0.550886
2,4,LR,0.5,1,0.531363
2,4,LR,0.5,2,0.519373
2,4,LR,0.5,3,0.510036
2,4,LR,0.5,4,0.502494
2,4,LR,0.5,5,0.496282
2,4,LR,0.5,6,0.491083
2,4,LR,0.5,7,0.48667
2,4,LR,0.5,8,0.482878
2,4,LR,0.5,9,0.479584
2,4,LR,0.5,10,0.476698
2,4,LR,0.5,11,0.474148
2,4,LR,0.5,12,0.47188
2,4,LR,0.5,13,0.469852
2,4,LR,0.5,14,0.468028
2,4,LR,0.5,15,0.466381
2,4,LR,0.5,16,0.464887
2,4,LR,0.5,17,0.463527
2,4,LR,0.5,18,0.462285
2,4,LR,0.5,19,0.461148
2,4,LR,0.1,0,0.629669
2,4,LR,0.1,1,0.609766
2,4,LR,0.1,2,0.597417
2,4,LR,0.1,3,0.587537
2,4,LR,0.1,4,0.579342
2,4,LR,0.1,5,0.572433
2,4,LR,0.1,6,0.566528
2,4,LR,0.1,7,0.56142
2,4,LR,0.1,8,0.556955
2,4,LR,0.1,9,0.553014
2,4,LR,0.1,10,0.549508
2,4,LR,0.1,11,0.546364
2,4,LR,0.1,12,0.543529
2,4,LR,0.1,13,0.540958
2,4,LR,0.1,14,0.538615
2,4,LR,0.1,15,0.53647
2,4,LR,0.1,16,0.534499
2,4,LR,0.1,17,0.532683
2,4,LR,0.1,18,0.531003
2,4,LR,0.1,19,0.529446
2,4,LR,natural,0,0.289768
2,4,LR,natural,1,0.282885
2,4,LR,natural,2,0.276931
2,4,LR,natural,3,0.272127
2,4,LR,natural,4,0.268111
2,4,LR,natural,5,0.264617
2,4,LR,natural,6,0.261486
2,4,LR,natural,7,0.258622
2,4,LR,natural,8,0.255969
2,4,LR,natural,9,0.25349
2,4,LR,natural,10,0.25116
2,4,LR,natural,11,0.248963
2,4,LR,natural,12,0.246885
2,4,LR,natural,13,0.244917
2,4,LR,natural,14,0.243051
2,4,LR,natural,15,0.241281
2,4,LR,natural,16,0.2396
2,4,LR,natural,17,0.238002
2,4,LR,natural,18,0.236483
2,4,LR,natural,19,0.235039
2,4,MLP,100,0,0.113049
2,4,MLP,100,1,0.121109
2,4,MLP,100,2,0.135685
2,4,MLP,100,3,0.143522
2,4,MLP,100,4,0.153209
2,4,MLP,100,5,0.160465
2,4,MLP,100,6,0.167569
2,4,MLP,100,7,0.179457
2,4,MLP,100,8,0.198109
2,4,MLP,100,9,0.221949
2,4,MLP,100,10,0.247827
2,4,MLP,100,11,0.271226
2,4,MLP,100,12,0.288852
2,4,MLP,100,13,0.300026
2,4,MLP,100,14,0.3065
2,4,MLP,100,15,0.31026
2,4,MLP,100,16,0.312562
2,4,MLP,100,17,0.314129
2,4,MLP,100,18,0.315224
2,4,MLP,100,19,0.316076
2,4,MLP,1.0,0,0.598659
2,4,MLP,1.0,1,0.58565
2,4,MLP,1.0,2,0.573765
2,4,MLP,1.0,3,0.532635
2,4,MLP,1.0,4,0.474335
2,4,MLP,1.0,5,0.425958
2,4,MLP,1.0,6,0.395835
2,4,MLP,1.0,7,0.377363
2,4,MLP,1.0,8,0.369227
2,4,MLP,1.0,9,0.368746
2,4,MLP,1.0,10,0.373584
2,4,MLP,1.0,11,0.382915
2,4,MLP,1.0,12,0.39589
2,4,MLP,1.0,13,0.409048
2,4,MLP,1.0,14,0.419081
2,4,MLP,1.0,15,0.425761
2,4,MLP,1.0,16,0.431004
2,4,MLP,1.0,17,0.437063
2,4,MLP,1.0,18,0.445229
2,4,MLP,1.0,19,0.455165
2,4,MLP,0.5,0,1.240518
2,4,MLP,0.5,1,1.234749
2,4,MLP,0.5,2,1.228548
2,4,MLP,0.5,3,1.221332
2,4,MLP,0.5,4,1.21462
2,4,MLP,0.5,5,1.196234
2,4,MLP,0.5,6,1.134783
2,4,MLP,0.5,7,1.057701
2,4,MLP,0.5,8,0.992154
2,4,MLP,0.5,9,0.984836
2,4,MLP,0.5,10,0.991978
2,4,MLP,0.5,11,0.983667
2,4,MLP,0.5,12,0.978691
2,4,MLP,0.5,13,0.97627
2,4,MLP,0.5,14,0.973854
2,4,MLP,0.5,15,0.974042
2,4,MLP,0.5,16,0.979779
2,4,MLP,0.5,17,0.98832
2,4,MLP,0.5,18,0.995723
2,4,MLP,0.5,19,0.998563
2,4,MLP,0.1,0,1.400171
2,4,MLP,0.1,1,1.408567
2,4,MLP,0.1,2,1.408268
2,4,MLP,0.1,3,1.403953
2,4,MLP,0.1,4,1.398874
2,4,MLP,0.1,5,1.385638
2,4,MLP,0.1,6,1.31211
2,4,MLP,0.1,7,1.206841
2,4,MLP,0.1,8,1.152604
2,4,MLP,0.1,9,1.202027
2,4,MLP,0.1,10,1.283271
2,4,MLP,0.1,11,1.278514
2,4,MLP,0.1,12,1.227352
2,4,MLP,0.1,13,1.308724
2,4,MLP,0.1,14,1.061194
2,4,MLP,0.1,15,1.345485
2,4,MLP,0.1,16,1.053246
2,4,MLP,0.1,17,1.349226
2,4,MLP,0.1,18,1.050011
2,4,MLP,0.1,19,1.241159
2,4,MLP,natural,0,0.702257
2,4,MLP,natural,1,0.695498
2,4,MLP,natural,2,0.687624
2,4,MLP,natural,3,0.676432
2,4,MLP,natural,4,0.659643
2,4,MLP,natural,5,0.637432
2,4,MLP,natural,6,0.589766
2,4,MLP,natural,7,0.552545
2,4,MLP,natural,8,0.521165
2,4,MLP,natural,9,0.499514
2,4,MLP,natural,10,0.490997
2,4,MLP,natural,11,0.496357
2,4,MLP,natural,12,0.498993
2,4,MLP,natural,13,0.502679
2,4,MLP,natural,14,0.493459
2,4,MLP,natural,15,0.4852
2,4,MLP,natural,16,0.47223
2,4,MLP,natural,17,0.460927
2,4,MLP,natural,18,0.452693
2,4,MLP,natural,19,0.461785
3,0,LR,100,0,0.07976
3,0,LR,100,1,0.078257
3,0,LR,100,2,0.077034
3,0,LR,100,3,0.076214
3,0,LR,100,4,0.075619
3,0,LR,100,5,0.075141
3,0,LR,100,6,0.074724
3,0,LR,100,7,0.074338
3,0,LR,100,8,0.073969
3,0,LR,100,9,0.07361
3,0,LR,100,10,0.073259
3,0,LR,100,11,0.072916
3,0,LR,100,12,0.07258
3,0,LR,100,13,0.072254
3,0,LR,100,14,0.071937
3,0,LR,100,15,0.07163
3,0,LR,100,16,0.071334
3,0,LR,100,17,0.07105
3,0,LR,100,18,0.070777
3,0,LR,100,19,0.070515
3,0,LR,1.0,0,0.124737
3,0,LR,1.0,1,0.123737
3,0,LR,1.0,2,0.120929
3,0,LR,1.0,3,0.118953
3,0,LR,1.0,4,0.117546
3,0,LR,1.0,5,0.116495
3,0,LR,1.0,6,0.115672
3,0,LR,1.0,7,0.115001
3,0,LR,1.0,8,0.114435
3,0,LR,1.0,9,0.113944
3,0,LR,1.0,10,0.113509
3,0,LR,1.0,11,0.113119
3,0,LR,1.0,12,0.112763
3,0,LR,1.0,13,0.112436
3,0,LR,1.0,14,0.112133
3,0,LR,1.0,15,0.111852
3,0,LR,1.0,16,0.111589
3,0,LR,1.0,17,0.111342
3,0,LR,1.0,18,0.11111
3,0,LR,1.0,19,0.11089
3,0,LR,0.5,0,0.433824
3,0,LR,0.5,1,0.422585
3,0,LR,0.5,2,0.415179
3,0,LR,0.5,3,0.409799
3,0,LR,0.5,4,0.405763
3,0,LR,0.5,5,0.402611
3,0,LR,0.5,6,0.400057
3,0,LR,0.5,7,0.397917
3,0,LR,0.5,8,0.396076
3,0,LR,0.5,9,0.394459
3,0,LR,0.5,10,0.393014
3,0,LR,0.5,11,0.391708
3,0,LR,0.5,12,0.390515
3,0,LR,0.5,13,0.389418
3,0,LR,0.5,14,0.388404
3,0,LR,0.5,15,0.387463
3,0,LR,0.5,16,0.386586
3,0,LR,0.5,17,0.385768
3,0,LR,0.5,18,0.385003
3,0,LR,0.5,19,0.384286
3,0,LR,0.1,0,0.635306
3,0,LR,0.1,1,0.616959
3,0,LR,0.1,2,0.605599
3,0,LR,0.1,3,0.596816
3,0,LR,0.1,4,0.589739
3,0,LR,0.1,5,0.583918
3,0,LR,0.1,6,0.579047
3,0,LR,0.1,7,0.574908
3,0,LR,0.1,8,0.571343
3,0,LR,0.1,9,0.568235
3,0,LR,0.1,10,0.565497
3,0,LR,0.1,11,0.563065
3,0,LR,0.1,12,0.560886
3,0,LR,0.1,13,0.558923
3,0,LR,0.1,14,0.557143
3,0,LR,0.1,15,0.555521
3,0,LR,0.1,16,0.554037
3,0,LR,0.1,17,0.552675
3,0,LR,0.1,18,0.551419
3,0,LR,0.1,19,0.550258
3,0,LR,natural,0,0.29446
3,0,LR,natural,1,0.288926
3,0,LR,natural,2,0.283746
3,0,LR,natural,3,0.279567
3,0,LR,natural,4,0.276063
3,0,LR,natural,5,0.27298
3,0,LR,natural,6,0.270174
3,0,LR,natural,7,0.267567
3,0,LR,natural,8,0.265114
3,0,LR,natural,9,0.262791
3,0,LR,natural,10,0.260582
3,0,LR,natural,11,0.258478
3,0,LR,natural,12,0.256473
3,0,LR,natural,13,0.254562
3,0,LR,natural,14,0.25274
3,0,LR,natural,15,0.251005
3,0,LR,natural,16,0.249351
3,0,LR,natural,17,0.247777
3,0,LR,natural,18,0.246278
3,0,LR,natural,19,0.244851
3,0,MLP,100,0,0.166907
3,0,MLP,100,1,0.165681
3,0,MLP,100,2,0.174197
3,0,MLP,100,3,0.187796
3,0,MLP,100,4,0.202469
3,0,MLP,100,5,0.217191
3,0,MLP,100,6,0.230714
3,0,MLP,100,7,0.242163
3,0,MLP,100,8,0.25212
3,0,MLP,100,9,0.261215
3,0,MLP,100,10,0.269573
3,0,MLP,100,11,0.27732
3,0,MLP,100,12,0.284314
3,0,MLP,100,13,0.29099
3,0,MLP,100,14,0.295473
3,0,MLP,100,15,0.308377
3,0,MLP,100,16,0.277829
3,0,MLP,100,17,0.271671
3,0,MLP,100,18,0.262826
3,0,MLP,100,19,0.291984
3,0,MLP,1.0,0,0.265129
3,0,MLP,1.0,1,0.267593
3,0,MLP,1.0,2,0.272637
3,0,MLP,1.0,3,0.278631
3,0,MLP,1.0,4,0.287949
3,0,MLP,1.0,5,0.301147
3,0,MLP,1.0,6,0.315927
3,0,MLP,1.0,7,0.328876
3,0,MLP,1.0,8,0.338338
3,0,MLP,1.0,9,0.344475
3,0,MLP,1.0,10,0.348167
3,0,MLP,1.0,11,0.350242
3,0,MLP,1.0,12,0.351288
3,0,MLP,1.0,13,0.351696
3,0,MLP,1.0,14,0.351722
3,0,MLP,1.0,15,0.351539
3,0,MLP,1.0,16,0.351265
3,0,MLP,1.0,17,0.350983
3,0,MLP,1.0,18,0.350758
3,0,MLP,1.0,19,0.350637
3,0,MLP,0.5,0,0.835691
3,0,MLP,0.5,1,0.757958
3,0,MLP,0.5,2,0.708347
3,0,MLP,0.5,3,0.683736
3,0,MLP,0.5,4,0.677448
3,0,MLP,0.5,5,0.680521
3,0,MLP,0.5,6,0.68652
3,0,MLP,0.5,7,0.693142
3,0,MLP,0.5,8,0.699823
3,0,MLP,0.5,9,0.705481
3,0,MLP,0.5,10,0.709644
3,0,MLP,0.5,11,0.71265
3,0,MLP,0.5,12,0.714783
3,0,MLP,0.5,13,0.716312
3,0,MLP,0.5,14,0.717436
3,0,MLP,0.5,15,0.7183
3,0,MLP,0.5,16,0.719002
3,0,MLP,0.5,17,0.7196
3,0,MLP,0.5,18,0.720125
3,0,MLP,0.5,19,0.720595
3,0,MLP,0.1,0,1.18229
3,0,MLP,0.1,1,1.085868
3,0,MLP,0.1,2,1.071527
3,0,MLP,0.1,3,1.091855
3,0,MLP,0.1,4,1.109584
3,0,MLP,0.1,5,1.123165
3,0,MLP,0.1,6,1.13668
3,0,MLP,0.1,7,1.150039
3,0,MLP,0.1,8,1.162293
3,0,MLP,0.1,9,1.17258
3,0,MLP,0.1,10,1.180642
3,0,MLP,0.1,11,1.18644
3,0,MLP,0.1,12,1.190232
3,0,MLP,0.1,13,1.192252
3,0,MLP,0.1,14,1.192843
3,0,MLP,0.1,15,1.192241
3,0,MLP,0.1,16,1.190722
3,0,MLP,0.1,17,1.188462
3,0,MLP,0.1,18,1.185659
3,0,MLP,0.1,19,1.182434
3,0,MLP,natural,0,0.607548
3,0,MLP,natural,1,0.557924
3,0,MLP,natural,2,0.523462
3,0,MLP,natural,3,0.501261
3,0,MLP,natural,4,0.488085
3,0,MLP,natural,5,0.480947
3,0,MLP,natural,6,0.477946
3,0,MLP,natural,7,0.477875
3,0,MLP,natural,8,0.47976
3,0,MLP,natural,9,0.482579
3,0,MLP,natural,10,0.48535
3,0,MLP,natural,11,0.487478
3,0,MLP,natural,12,0.488849
3,0,MLP,natural,13,0.489588
3,0,MLP,natural,14,0.489965
3,0,MLP,natural,15,0.489982
3,0,MLP,natural,16,0.490414
3,0,MLP,natural,17,0.489618
3,0,MLP,natural,18,0.50507
3,0,MLP,natural,19,0.489861
3,1,LR,100,0,0.071671
3,1,LR,100,1,0.070689
3,1,LR,100,2,0.06959
3,1,LR,100,3,0.068856
3,1,LR,100,4,0.06834
3,1,LR,100,5,0.067941
3,1,LR,100,6,0.067603
3,1,LR,100,7,0.067297
3,1,LR,100,8,0.067009
3,1,LR,100,9,0.066731
3,1,LR,100,10,0.066461
3,1,LR,100,11,0.066198
3,1,LR,100,12,0.065943
3,1,LR,100,13,0.065695
3,1,LR,100,14,0.065457
3,1,LR,100,15,0.065227
3,1,LR,100,16,0.065007
3,1,LR,100,17,0.064797
3,1,LR,100,18,0.064597
3,1,LR,100,19,0.064407
3,1,LR,1.0,0,0.12846
3,1,LR,1.0,1,0.127685
3,1,LR,1.0,2,0.125155
3,1,LR,1.0,3,0.123347
3,1,LR,1.0,4,0.122041
3,1,LR,1.0,5,0.121054
3,1,LR,1.0,6,0.120276
3,1,LR,1.0,7,0.119639
3,1,LR,1.0,8,0.119104
3,1,LR,1.0,9,0.118643
3,1,LR,1.0,10,0.11824
3,1,LR,1.0,11,0.117882
3,1,LR,1.0,12,0.117562
3,1,LR,1.0,13,0.117274
3,1,LR,1.0,14,0.117013
3,1,LR,1.0,15,0.116775
3,1,LR,1.0,16,0.116559
3,1,LR,1.0,17,0.11636
3,1,LR,1.0,18,0.116178
3,1,LR,1.0,19,0.116011
3,1,LR,0.5,0,0.409592
3,1,LR,0.5,1,0.401784
3,1,LR,0.5,2,0.395841
3,1,LR,0.5,3,0.391539
3,1,LR,0.5,4,0.388351
3,1,LR,0.5,5,0.385883
3,1,LR,0.5,6,0.383887
3,1,LR,0.5,7,0.382212
3,1,LR,0.5,8,0.380763
3,1,LR,0.5,9,0.379479
3,1,LR,0.5,10,0.378322
3,1,LR,0.5,11,0.377266
3,1,LR,0.5,12,0.376293
3,1,LR,0.5,13,0.37539
3,1,LR,0.5,14,0.37455
3,1,LR,0.5,15,0.373765
3,1,LR,0.5,16,0.373031
3,1,LR,0.5,17,0.372342
3,1,LR,0.5,18,0.371695
3,1,LR,0.5,19,0.371087
3,1,LR,0.1,0,0.64206
3,1,LR,0.1,1,0.622767
3,1,LR,0.1,2,0.610924
3,1,LR,0.1,3,0.601807
3,1,LR,0.1,4,0.594495
3,1,LR,0.1,5,0.58851
3,1,LR,0.1,6,0.583528
3,1,LR,0.1,7,0.579317
3,1,LR,0.1,8,0.575707
3,1,LR,0.1,9,0.572573
3,1,LR,0.1,10,0.569824
3,1,LR,0.1,11,0.567388
3,1,LR,0.1,12,0.565213
3,1,LR,0.1,13,0.563256
3,1,LR,0.1,14,0.561484
3,1,LR,0.1,15,0.559872
3,1,LR,0.1,16,0.558398
3,1,LR,0.1,17,0.557044
3,1,LR,0.1,18,0.555797
3,1,LR,0.1,19,0.554643
3,1,LR,natural,0,0.31316
3,1,LR,natural,1,0.307958
3,1,LR,natural,2,0.303008
3,1,LR,natural,3,0.299063
3,1,LR,natural,4,0.295815
3,1,LR,natural,5,0.293001
3,1,LR,natural,6,0.29047
3,1,LR,natural,7,0.288133
3,1,LR,natural,8,0.285942
3,1,LR,natural,9,0.283866
3,1,LR,natural,10,0.28189
3,1,LR,natural,11,0.280002
3,1,LR,natural,12,0.278195
3,1,LR,natural,13,0.276465
3,1,LR,natural,14,0.274807
3,1,LR,natural,15,0.273219
3,1,LR,natural,16,0.271698
3,1,LR,natural,17,0.27024
3,1,LR,natural,18,0.268844
3,1,LR,natural,19,0.267507
3,1,MLP,100,0,0.138824
3,1,MLP,100,1,0.14232
3,1,MLP,100,2,0.152331
3,1,MLP,100,3,0.163671
3,1,MLP,100,4,0.176396
3,1,MLP,100,5,0.191307
3,1,MLP,100,6,0.207056
3,1,MLP,100,7,0.221863
3,1,MLP,100,8,0.235268
3,1,MLP,100,9,0.246779
3,1,MLP,100,10,0.256188
3,1,MLP,100,11,0.263583
3,1,MLP,100,12,0.269194
3,1,MLP,100,13,0.273582
3,1,MLP,100,14,0.276378
3,1,MLP,100,15,0.280152
3,1,MLP,100,16,0.277815
3,1,MLP,100,17,0.296184
3,1,MLP,100,18,0.265052
3,1,MLP,100,19,0.248364
3,1,MLP,1.0,0,0.264214
3,1,MLP,1.0,1,0.263422
3,1,MLP,1.0,2,0.262124
3,1,MLP,1.0,3,0.257425
3,1,MLP,1.0,4,0.257314
3,1,MLP,1.0,5,0.263405
3,1,MLP,1.0,6,0.273673
3,1,MLP,1.0,7,0.285043
3,1,MLP,1.0,8,0.29546
3,1,MLP,1.0,9,0.304052
3,1,MLP,1.0,10,0.310704
3,1,MLP,1.0,11,0.315664
3,1,MLP,1.0,12,0.31929
3,1,MLP,1.0,13,0.321923
3,1,MLP,1.0,14,0.323841
3,1,MLP,1.0,15,0.325257
3,1,MLP,1.0,16,0.326325
3,1,MLP,1.0,17,0.327157
3,1,MLP,1.0,18,0.327831
3,1,MLP,1.0,19,0.328402
3,1,MLP,0.5,0,0.808771
3,1,MLP,0.5,1,0.737073
3,1,MLP,0.5,2,0.696706
3,1,MLP,0.5,3,0.682104
3,1,MLP,0.5,4,0.683725
3,1,MLP,0.5,5,0.690339
3,1,MLP,0.5,6,0.696204
3,1,MLP,0.5,7,0.700703
3,1,MLP,0.5,8,0.704219
3,1,MLP,0.5,9,0.706908
3,1,MLP,0.5,10,0.708856
3,1,MLP,0.5,11,0.71017
3,1,MLP,0.5,12,0.710982
3,1,MLP,0.5,13,0.711425
3,1,MLP,0.5,14,0.711606
3,1,MLP,0.5,15,0.711607
3,1,MLP,0.5,16,0.711486
3,1,MLP,0.5,17,0.711281
3,1,MLP,0.5,18,0.711023
3,1,MLP,0.5,19,0.710729
3,1,MLP,0.1,0,1.203027
3,1,MLP,0.1,1,1.110086
3,1,MLP,0.1,2,1.090507
3,1,MLP,0.1,3,1.111376
3,1,MLP,0.1,4,1.130633
3,1,MLP,0.1,5,1.145085
3,1,MLP,0.1,6,1.158051
3,1,MLP,0.1,7,1.170332
3,1,MLP,0.1,8,1.181256
3,1,MLP,0.1,9,1.190528
3,1,MLP,0.1,10,1.198032
3,1,MLP,0.1,11,1.204021
3,1,MLP,0.1,12,1.208589
3,1,MLP,0.1,13,1.212098
3,1,MLP,0.1,14,1.214558
3,1,MLP,0.1,15,1.216323
3,1,MLP,0.1,16,1.217299
3,1,MLP,0.1,17,1.217811
3,1,MLP,0.1,18,1.217723
3,1,MLP,0.1,19,1.217315
3,1,MLP,natural,0,0.644831
3,1,MLP,natural,1,0.601682
3,1,MLP,natural,2,0.568494
3,1,MLP,natural,3,0.544493
3,1,MLP,natural,4,0.528502
3,1,MLP,natural,5,0.517873
3,1,MLP,natural,6,0.51077
3,1,MLP,natural,7,0.50644
3,1,MLP,natural,8,0.503996
3,1,MLP,natural,9,0.502428
3,1,MLP,natural,10,0.501635
3,1,MLP,natural,11,0.501252
3,1,MLP,natural,12,0.501523
3,1,MLP,natural,13,0.500699
3,1,MLP,natural,14,0.526109
3,1,MLP,natural,15,0.538012
3,1,MLP,natural,16,0.504146
3,1,MLP,natural,17,0.517398
3,1,MLP,natural,18,0.502087
3,1,MLP,natural,19,0.512986
3,2,LR,100,0,0.063791
3,2,LR,100,1,0.064165
3,2,LR,100,2,0.064303
3,2,LR,100,3,0.064488
3,2,LR,100,4,0.064638
3,2,LR,100,5,0.064721
3,2,LR,100,6,0.064731
3,2,LR,100,7,0.064675
3,2,LR,100,8,0.064566
3,2,LR,100,9,0.064415
3,2,LR,100,10,0.064233
3,2,LR,100,11,0.064029
3,2,LR,100,12,0.063811
3,2,LR,100,13,0.063584
3,2,LR,100,14,0.063354
3,2,LR,100,15,0.063125
3,2,LR,100,16,0.062898
3,2,LR,100,17,0.062675
3,2,LR,100,18,0.062459
3,2,LR,100,19,0.06225
3,2,LR,1.0,0,0.123886
3,2,LR,1.0,1,0.122352
3,2,LR,1.0,2,0.120086
3,2,LR,1.0,3,0.118647
3,2,LR,1.0,4,0.117724
3,2,LR,1.0,5,0.117105
3,2,LR,1.0,6,0.116672
3,2,LR,1.0,7,0.116354
3,2,LR,1.0,8,0.116111
3,2,LR,1.0,9,0.115919
3,2,LR,1.0,10,0.115762
3,2,LR,1.0,11,0.115632
3,2,LR,1.0,12,0.115521
3,2,LR,1.0,13,0.115426
3,2,LR,1.0,14,0.115345
3,2,LR,1.0,15,0.115274
3,2,LR,1.0,16,0.115212
3,2,LR,1.0,17,0.115159
3,2,LR,1.0,18,0.115112
3,2,LR,1.0,19,0.115072
3,2,LR,0.5,0,0.414243
3,2,LR,0.5,1,0.40636
3,2,LR,0.5,2,0.400631
3,2,LR,0.5,3,0.39674
3,2,LR,0.5,4,0.394037
3,2,LR,0.5,5,0.392065
3,2,LR,0.5,6,0.390551
3,2,LR,0.5,7,0.389331
3,2,LR,0.5,8,0.388306
3,2,LR,0.5,9,0.387414
3,2,LR,0.5,10,0.38662
3,2,LR,0.5,11,0.3859
3,2,LR,0.5,12,0.385238
3,2,LR,0.5,13,0.384624
3,2,LR,0.5,14,0.384052
3,2,LR,0.5,15,0.383517
3,2,LR,0.5,16,0.383015
3,2,LR,0.5,17,0.382544
3,2,LR,0.5,18,0.382101
3,2,LR,0.5,19,0.381684
3,2,LR,0.1,0,0.633335
3,2,LR,0.1,1,0.615562
3,2,LR,0.1,2,0.60486
3,2,LR,0.1,3,0.596913
3,2,LR,0.1,4,0.59076
3,2,LR,0.1,5,0.585882
3,2,LR,0.1,6,0.58193
3,2,LR,0.1,7,0.578667
3,2,LR,0.1,8,0.575922
3,2,LR,0.1,9,0.573578
3,2,LR,0.1,10,0.571548
3,2,LR,0.1,11,0.569768
3,2,LR,0.1,12,0.568193
3,2,LR,0.1,13,0.566785
3,2,LR,0.1,14,0.565519
3,2,LR,0.1,15,0.564372
3,2,LR,0.1,16,0.563328
3,2,LR,0.1,17,0.562374
3,2,LR,0.1,18,0.561497
3,2,LR,0.1,19,0.560689
3,2,LR,natural,0,0.292002
3,2,LR,natural,1,0.285391
3,2,LR,natural,2,0.279193
3,2,LR,natural,3,0.274296
3,2,LR,natural,4,0.270303
3,2,LR,natural,5,0.2669
3,2,LR,natural,6,0.2639
3,2,LR,natural,7,0.261191
3,2,LR,natural,8,0.258707
3,2,LR,natural,9,0.256404
3,2,LR,natural,10,0.254255
3,2,LR,natural,11,0.252239
3,2,LR,natural,12,0.250343
3,2,LR,natural,13,0.248554
3,2,LR,natural,14,0.246866
3,2,LR,natural,15,0.245269
3,2,LR,natural,16,0.243758
3,2,LR,natural,17,0.242327
3,2,LR,natural,18,0.240971
3,2,LR,natural,19,0.239685
3,2,MLP,100,0,0.121095
3,2,MLP,100,1,0.135993
3,2,MLP,100,2,0.152109
3,2,MLP,100,3,0.168411
3,2,MLP,100,4,0.184542
3,2,MLP,100,5,0.199783
3,2,MLP,100,6,0.213881
3,2,MLP,100,7,0.227132
3,2,MLP,100,8,0.239865
3,2,MLP,100,9,0.252138
3,2,MLP,100,10,0.264035
3,2,MLP,100,11,0.275585
3,2,MLP,100,12,0.286753
3,2,MLP,100,13,0.297333
3,2,MLP,100,14,0.307241
3,2,MLP,100,15,0.316185
3,2,MLP,100,16,0.324491
3,2,MLP,100,17,0.331426
3,2,MLP,100,18,0.338805
3,2,MLP,100,19,0.342278
3,2,MLP,1.0,0,0.257217
3,2,MLP,1.0,1,0.245171
3,2,MLP,1.0,2,0.237624
3,2,MLP,1.0,3,0.23284
3,2,MLP,1.0,4,0.232129
3,2,MLP,1.0,5,0.235548
3,2,MLP,1.0,6,0.243625
3,2,MLP,1.0,7,0.25549
3,2,MLP,1.0,8,0.268232
3,2,MLP,1.0,9,0.279369
3,2,MLP,1.0,10,0.288058
3,2,MLP,1.0,11,0.294471
3,2,MLP,1.0,12,0.299099
3,2,MLP,1.0,13,0.302427
3,2,MLP,1.0,14,0.304841
3,2,MLP,1.0,15,0.30663
3,2,MLP,1.0,16,0.308005
3,2,MLP,1.0,17,0.309121
3,2,MLP,1.0,18,0.310097
3,2,MLP,1.0,19,0.31103
3,2,MLP,0.5,0,0.811308
3,2,MLP,0.5,1,0.743998
3,2,MLP,0.5,2,0.708314
3,2,MLP,0.5,3,0.696756
3,2,MLP,0.5,4,0.698462
3,2,MLP,0.5,5,0.705711
3,2,MLP,0.5,6,0.714725
3,2,MLP,0.5,7,0.723861
3,2,MLP,0.5,8,0.732205
3,2,MLP,0.5,9,0.739281
3,2,MLP,0.5,10,0.745011
3,2,MLP,0.5,11,0.749562
3,2,MLP,0.5,12,0.753164
3,2,MLP,0.5,13,0.75601
3,2,MLP,0.5,14,0.758251
3,2,MLP,0.5,15,0.760006
3,2,MLP,0.5,16,0.761372
3,2,MLP,0.5,17,0.762427
3,2,MLP,0.5,18,0.763234
3,2,MLP,0.5,19,0.763846
3,2,MLP,0.1,0,1.185515
3,2,MLP,0.1,1,1.093243
3,2,MLP,0.1,2,1.092548
3,2,MLP,0.1,3,1.126016
3,2,MLP,0.1,4,1.14552
3,2,MLP,0.1,5,1.158021
3,2,MLP,0.1,6,1.171304
3,2,MLP,0.1,7,1.186295
3,2,MLP,0.1,8,1.201741
3,2,MLP,0.1,9,1.216419
3,2,MLP,0.1,10,1.229684
3,2,MLP,0.1,11,1.24128
3,2,MLP,0.1,12,1.25116
3,2,MLP,0.1,13,1.259366
3,2,MLP,0.1,14,1.265995
3,2,MLP,0.1,15,1.271189
3,2,MLP,0.1,16,1.27512
3,2,MLP,0.1,17,1.277973
3,2,MLP,0.1,18,1.279932
3,2,MLP,0.1,19,1.281161
3,2,MLP,natural,0,0.606157
3,2,MLP,natural,1,0.556343
3,2,MLP,natural,2,0.519508
3,2,MLP,natural,3,0.494475
3,2,MLP,natural,4,0.480744
3,2,MLP,natural,5,0.475083
3,2,MLP,natural,6,0.474064
3,2,MLP,natural,7,0.475672
3,2,MLP,natural,8,0.478967
3,2,MLP,natural,9,0.483423
3,2,MLP,natural,10,0.488537
3,2,MLP,natural,11,0.493562
3,2,MLP,natural,12,0.497616
3,2,MLP,natural,13,0.500454
3,2,MLP,natural,14,0.502385
3,2,MLP,natural,15,0.503775
3,2,MLP,natural,16,0.504735
3,2,MLP,natural,17,0.505809
3,2,MLP,natural,18,0.50556
3,2,MLP,natural,19,0.510974
3,3,LR,100,0,0.090768
3,3,LR,100,1,0.089273
3,3,LR,100,2,0.088263
3,3,LR,100,3,0.087701
3,3,LR,100,4,0.087373
3,3,LR,100,5,0.08716
3,3,LR,100,6,0.087001
3,3,LR,100,7,0.086863
3,3,LR,100,8,0.086733
3,3,LR,100,9,0.086602
3,3,LR,100,10,0.086468
3,3,LR,100,11,0.086331
3,3,LR,100,12,0.086192
3,3,LR,100,13,0.086051
3,3,LR,100,14,0.08591
3,3,LR,100,15,0.08577
3,3,LR,100,16,0.085632
3,3,LR,100,17,0.085497
3,3,LR,100,18,0.085365
3,3,LR,100,19,0.085238
3,3,LR,1.0,0,0.148158
3,3,LR,1.0,1,0.144826
3,3,LR,1.0,2,0.140639
3,3,LR,1.0,3,0.137624
3,3,LR,1.0,4,0.135426
3,3,LR,1.0,5,0.133777
3,3,LR,1.0,6,0.132506
3,3,LR,1.0,7,0.131503
3,3,LR,1.0,8,0.130695
3,3,LR,1.0,9,0.130032
3,3,LR,1.0,10,0.129479
3,3,LR,1.0,11,0.129013
3,3,LR,1.0,12,0.128615
3,3,LR,1.0,13,0.128271
3,3,LR,1.0,14,0.127971
3,3,LR,1.0,15,0.127708
3,3,LR,1.0,16,0.127476
3,3,LR,1.0,17,0.127269
3,3,LR,1.0,18,0.127084
3,3,LR,1.0,19,0.126917
3,3,LR,0.5,0,0.431611
3,3,LR,0.5,1,0.421477
3,3,LR,0.5,2,0.414886
3,3,LR,0.5,3,0.410318
3,3,LR,0.5,4,0.407042
3,3,LR,0.5,5,0.404576
3,3,LR,0.5,6,0.402627
3,3,LR,0.5,7,0.401017
3,3,LR,0.5,8,0.399636
3,3,LR,0.5,9,0.398415
3,3,LR,0.5,10,0.397313
3,3,LR,0.5,11,0.396301
3,3,LR,0.5,12,0.395361
3,3,LR,0.5,13,0.394482
3,3,LR,0.5,14,0.393654
3,3,LR,0.5,15,0.392872
3,3,LR,0.5,16,0.392132
3,3,LR,0.5,17,0.39143
3,3,LR,0.5,18,0.390763
3,3,LR,0.5,19,0.39013
3,3,LR,0.1,0,0.637365
3,3,LR,0.1,1,0.619386
3,3,LR,0.1,2,0.608201
3,3,LR,0.1,3,0.599749
3,3,LR,0.1,4,0.593112
3,3,LR,0.1,5,0.587782
3,3,LR,0.1,6,0.583413
3,3,LR,0.1,7,0.579765
3,3,LR,0.1,8,0.576667
3,3,LR,0.1,9,0.573995
3,3,LR,0.1,10,0.571661
3,3,LR,0.1,11,0.569598
3,3,LR,0.1,12,0.567756
3,3,LR,0.1,13,0.566099
3,3,LR,0.1,14,0.564596
3,3,LR,0.1,15,0.563226
3,3,LR,0.1,16,0.561969
3,3,LR,0.1,17,0.560811
3,3,LR,0.1,18,0.55974
3,3,LR,0.1,19,0.558747
3,3,LR,natural,0,0.2742
3,3,LR,natural,1,0.268174
3,3,LR,natural,2,0.263129
3,3,LR,natural,3,0.25922
3,3,LR,natural,4,0.256041
3,3,LR,natural,5,0.253308
3,3,LR,natural,6,0.250863
3,3,LR,natural,7,0.248618
3,3,LR,natural,8,0.246523
3,3,LR,natural,9,0.244549
3,3,LR,natural,10,0.242678
3,3,LR,natural,11,0.240899
3,3,LR,natural,12,0.239205
3,3,LR,natural,13,0.23759
3,3,LR,natural,14,0.23605
3,3,LR,natural,15,0.23458
3,3,LR,natural,16,0.233178
3,3,LR,natural,17,0.231839
3,3,LR,natural,18,0.230561
3,3,LR,natural,19,0.229342
3,3,MLP,100,0,0.20906
3,3,MLP,100,1,0.202029
3,3,MLP,100,2,0.205872
3,3,MLP,100,3,0.212125
3,3,MLP,100,4,0.219322
3,3,MLP,100,5,0.22801
3,3,MLP,100,6,0.238501
3,3,MLP,100,7,0.250451
3,3,MLP,100,8,0.26318
3,3,MLP,100,9,0.275944
3,3,MLP,100,10,0.288147
3,3,MLP,100,11,0.299393
3,3,MLP,100,12,0.309456
3,3,MLP,100,13,0.318252
3,3,MLP,100,14,0.325789
3,3,MLP,100,15,0.332154
3,3,MLP,100,16,0.337496
3,3,MLP,100,17,0.341853
3,3,MLP,100,18,0.345863
3,3,MLP,100,19,0.347722
3,3,MLP,1.0,0,0.290812
3,3,MLP,1.0,1,0.305156
3,3,MLP,1.0,2,0.311843
3,3,MLP,1.0,3,0.31451
3,3,MLP,1.0,4,0.319118
3,3,MLP,1.0,5,0.326437
3,3,MLP,1.0,6,0.334997
3,3,MLP,1.0,7,0.342868
3,3,MLP,1.0,8,0.34899
3,3,MLP,1.0,9,0.353236
3,3,MLP,1.0,10,0.35593
3,3,MLP,1.0,11,0.35748
3,3,MLP,1.0,12,0.358239
3,3,MLP,1.0,13,0.358472
3,3,MLP,1.0,14,0.358369
3,3,MLP,1.0,15,0.358066
3,3,MLP,1.0,16,0.357657
3,3,MLP,1.0,17,0.357209
3,3,MLP,1.0,18,0.356771
3,3,MLP,1.0,19,0.356374
3,3,MLP,0.5,0,0.831625
3,3,MLP,0.5,1,0.75569
3,3,MLP,0.5,2,0.71426
3,3,MLP,0.5,3,0.699257
3,3,MLP,0.5,4,0.698081
3,3,MLP,0.5,5,0.703421
3,3,MLP,0.5,6,0.712093
3,3,MLP,0.5,7,0.722234
3,3,MLP,0.5,8,0.732318
3,3,MLP,0.5,9,0.7413
3,3,MLP,0.5,10,0.748733
3,3,MLP,0.5,11,0.754625
3,3,MLP,0.5,12,0.759196
3,3,MLP,0.5,13,0.762707
3,3,MLP,0.5,14,0.765387
3,3,MLP,0.5,15,0.767424
3,3,MLP,0.5,16,0.768968
3,3,MLP,0.5,17,0.77014
3,3,MLP,0.5,18,0.771033
3,3,MLP,0.5,19,0.771718
3,3,MLP,0.1,0,1.181773
3,3,MLP,0.1,1,1.086736
3,3,MLP,0.1,2,1.081383
3,3,MLP,0.1,3,1.109485
3,3,MLP,0.1,4,1.12497
3,3,MLP,0.1,5,1.136577
3,3,MLP,0.1,6,1.149101
3,3,MLP,0.1,7,1.162502
3,3,MLP,0.1,8,1.17536
3,3,MLP,0.1,9,1.186638
3,3,MLP,0.1,10,1.195779
3,3,MLP,0.1,11,1.20267
3,3,MLP,0.1,12,1.20739
3,3,MLP,0.1,13,1.210194
3,3,MLP,0.1,14,1.211354
3,3,MLP,0.1,15,1.211198
3,3,MLP,0.1,16,1.209997
3,3,MLP,0.1,17,1.20803
3,3,MLP,0.1,18,1.205505
3,3,MLP,0.1,19,1.202618
3,3,MLP,natural,0,0.575746
3,3,MLP,natural,1,0.520912
3,3,MLP,natural,2,0.480859
3,3,MLP,natural,3,0.454508
3,3,MLP,natural,4,0.438781
3,3,MLP,natural,5,0.429465
3,3,MLP,natural,6,0.423872
3,3,MLP,natural,7,0.420895
3,3,MLP,natural,8,0.419957
3,3,MLP,natural,9,0.420329
3,3,MLP,natural,10,0.421167
3,3,MLP,natural,11,0.421952
3,3,MLP,natural,12,0.422563
3,3,MLP,natural,13,0.423012
3,3,MLP,natural,14,0.423332
3,3,MLP,natural,15,0.423549
3,3,MLP,natural,16,0.423702
3,3,MLP,natural,17,0.423775
3,3,MLP,natural,18,0.423878
3,3,MLP,natural,19,0.423767
3,4,LR,100,0,0.078404
3,4,LR,100,1,0.078658
3,4,LR,100,2,0.078768
3,4,LR,100,3,0.079025
3,4,LR,100,4,0.079314
3,4,LR,100,5,0.079572
3,4,LR,100,6,0.079778
3,4,LR,100,7,0.079927
3,4,LR,100,8,0.080023
3,4,LR,100,9,0.080075
3,4,LR,100,10,0.080088
3,4,LR,100,11,0.080072
3,4,LR,100,12,0.080032
3,4,LR,100,13,0.079974
3,4,LR,100,14,0.079903
3,4,LR,100,15,0.079823
3,4,LR,100,16,0.079736
3,4,LR,100,17,0.079646
3,4,LR,100,18,0.079554
3,4,LR,100,19,0.079462
3,4,LR,1.0,0,0.124091
3,4,LR,1.0,1,0.121742
3,4,LR,1.0,2,0.118567
3,4,LR,1.0,3,0.116247
3,4,LR,1.0,4,0.114504
3,4,LR,1.0,5,0.113133
3,4,LR,1.0,6,0.112012
3,4,LR,1.0,7,0.111068
3,4,LR,1.0,8,0.110252
3,4,LR,1.0,9,0.109534
3,4,LR,1.0,10,0.108892
3,4,LR,1.0,11,0.108313
3,4,LR,1.0,12,0.107786
3,4,LR,1.0,13,0.107303
3,4,LR,1.0,14,0.106859
3,4,LR,1.0,15,0.106447
3,4,LR,1.0,16,0.106066
3,4,LR,1.0,17,0.105711
3,4,LR,1.0,18,0.10538
3,4,LR,1.0,19,0.105071
3,4,LR,0.5,0,0.432371
3,4,LR,0.5,1,0.422736
3,4,LR,0.5,2,0.416573
3,4,LR,0.5,3,0.412364
3,4,LR,0.5,4,0.409418
3,4,LR,0.5,5,0.407266
3,4,LR,0.5,6,0.40562
3,4,LR,0.5,7,0.404302
3,4,LR,0.5,8,0.403201
3,4,LR,0.5,9,0.40225
3,4,LR,0.5,10,0.401405
3,4,LR,0.5,11,0.40064
3,4,LR,0.5,12,0.399937
3,4,LR,0.5,13,0.399284
3,4,LR,0.5,14,0.398673
3,4,LR,0.5,15,0.398099
3,4,LR,0.5,16,0.397559
3,4,LR,0.5,17,0.397048
3,4,LR,0.5,18,0.396566
3,4,LR,0.5,19,0.39611
3,4,LR,0.1,0,0.631538
3,4,LR,0.1,1,0.613331
3,4,LR,0.1,2,0.602378
3,4,LR,0.1,3,0.594118
3,4,LR,0.1,4,0.587625
3,4,LR,0.1,5,0.582412
3,4,LR,0.1,6,0.578149
3,4,LR,0.1,7,0.574605
3,4,LR,0.1,8,0.571612
3,4,LR,0.1,9,0.569049
3,4,LR,0.1,10,0.566828
3,4,LR,0.1,11,0.564882
3,4,LR,0.1,12,0.56316
3,4,LR,0.1,13,0.561625
3,4,LR,0.1,14,0.560247
3,4,LR,0.1,15,0.559001
3,4,LR,0.1,16,0.55787
3,4,LR,0.1,17,0.556838
3,4,LR,0.1,18,0.555892
3,4,LR,0.1,19,0.555022
3,4,LR,natural,0,0.294213
3,4,LR,natural,1,0.287132
3,4,LR,natural,2,0.280985
3,4,LR,natural,3,0.276093
3,4,LR,natural,4,0.272071
3,4,LR,natural,5,0.268617
3,4,LR,natural,6,0.265551
3,4,LR,natural,7,0.262764
3,4,LR,natural,8,0.260192
3,4,LR,natural,9,0.257795
3,4,LR,natural,10,0.255544
3,4,LR,natural,11,0.253424
3,4,LR,natural,12,0.251419
3,4,LR,natural,13,0.249521
3,4,LR,natural,14,0.247722
3,4,LR,natural,15,0.246014
3,4,LR,natural,16,0.244393
3,4,LR,natural,17,0.242853
3,4,LR,natural,18,0.24139
3,4,LR,natural,19,0.239999
3,4,MLP,100,0,0.175438
3,4,MLP,100,1,0.172029
3,4,MLP,100,2,0.180058
3,4,MLP,100,3,0.189858
3,4,MLP,100,4,0.197092
3,4,MLP,100,5,0.202402
3,4,MLP,100,6,0.207224
3,4,MLP,100,7,0.212714
3,4,MLP,100,8,0.219362
3,4,MLP,100,9,0.22708
3,4,MLP,100,10,0.235459
3,4,MLP,100,11,0.243967
3,4,MLP,100,12,0.252121
3,4,MLP,100,13,0.259594
3,4,MLP,100,14,0.266226
3,4,MLP,100,15,0.271987
3,4,MLP,100,16,0.276932
3,4,MLP,100,17,0.281159
3,4,MLP,100,18,0.28478
3,4,MLP,100,19,0.287903
3,4,MLP,1.0,0,0.270997
3,4,MLP,1.0,1,0.263221
3,4,MLP,1.0,2,0.262242
3,4,MLP,1.0,3,0.260171
3,4,MLP,1.0,4,0.258415
3,4,MLP,1.0,5,0.257504
3,4,MLP,1.0,6,0.258196
3,4,MLP,1.0,7,0.260673
3,4,MLP,1.0,8,0.264222
3,4,MLP,1.0,9,0.268041
3,4,MLP,1.0,10,0.271608
3,4,MLP,1.0,11,0.274663
3,4,MLP,1.0,12,0.277132
3,4,MLP,1.0,13,0.279054
3,4,MLP,1.0,14,0.280521
3,4,MLP,1.0,15,0.281634
3,4,MLP,1.0,16,0.282486
3,4,MLP,1.0,17,0.283156
3,4,MLP,1.0,18,0.283704
3,4,MLP,1.0,19,0.284176
3,4,MLP,0.5,0,0.846749
3,4,MLP,0.5,1,0.772722
3,4,MLP,0.5,2,0.734937
3,4,MLP,0.5,3,0.721943
3,4,MLP,0.5,4,0.7195
3,4,MLP,0.5,5,0.719924
3,4,MLP,0.5,6,0.719862
3,4,MLP,0.5,7,0.719023
3,4,MLP,0.5,8,0.718564
3,4,MLP,0.5,9,0.719211
3,4,MLP,0.5,10,0.72073
3,4,MLP,0.5,11,0.722606
3,4,MLP,0.5,12,0.724475
3,4,MLP,0.5,13,0.726164
3,4,MLP,0.5,14,0.727628
3,4,MLP,0.5,15,0.728897
3,4,MLP,0.5,16,0.73004
3,4,MLP,0.5,17,0.73115
3,4,MLP,0.5,18,0.732344
3,4,MLP,0.5,19,0.733761
3,4,MLP,0.1,0,1.192942
3,4,MLP,0.1,1,1.101455
3,4,MLP,0.1,2,1.09185
3,4,MLP,0.1,3,1.118384
3,4,MLP,0.1,4,1.137265
3,4,MLP,0.1,5,1.149776
3,4,MLP,0.1,6,1.16288
3,4,MLP,0.1,7,1.177671
3,4,MLP,0.1,8,1.192909
3,4,MLP,0.1,9,1.207404
3,4,MLP,0.1,10,1.220363
3,4,MLP,0.1,11,1.231404
3,4,MLP,0.1,12,1.240438
3,4,MLP,0.1,13,1.247591
3,4,MLP,0.1,14,1.253098
3,4,MLP,0.1,15,1.257235
3,4,MLP,0.1,16,1.260264
3,4,MLP,0.1,17,1.262422
3,4,MLP,0.1,18,1.263902
3,4,MLP,0.1,19,1.264863
3,4,MLP,natural,0,0.61357
3,4,MLP,natural,1,0.572977
3,4,MLP,natural,2,0.541323
3,4,MLP,natural,3,0.521078
3,4,MLP,natural,4,0.510642
3,4,MLP,natural,5,0.506108
3,4,MLP,natural,6,0.504752
3,4,MLP,natural,7,0.505248
3,4,MLP,natural,8,0.507114
3,4,MLP,natural,9,0.510055
3,4,MLP,natural,10,0.513047
3,4,MLP,natural,11,0.515233
3,4,MLP,natural,12,0.51683
3,4,MLP,natural,13,0.518382
3,4,MLP,natural,14,0.51882
3,4,MLP,natural,15,0.528549
3,4,MLP,natural,16,0.544544
3,4,MLP,natural,17,0.473996
3,4,MLP,natural,18,0.511859
3,4,MLP,natural,19,0.502883
4,0,LR,100,0,0.063416
4,0,LR,100,1,0.062169
4,0,LR,100,2,0.061508
4,0,LR,100,3,0.06119
4,0,LR,100,4,0.061064
4,0,LR,100,5,0.061035
4,0,LR,100,6,0.061049
4,0,LR,100,7,0.061077
4,0,LR,100,8,0.061106
4,0,LR,100,9,0.06113
4,0,LR,100,10,0.061146
4,0,LR,100,11,0.061154
4,0,LR,100,12,0.061157
4,0,LR,100,13,0.061156
4,0,LR,100,14,0.061153
4,0,LR,100,15,0.061149
4,0,LR,100,16,0.061147
4,0,LR,100,17,0.061146
4,0,LR,100,18,0.061148
4,0,LR,100,19,0.061154
4,0,LR,1.0,0,0.425138
4,0,LR,1.0,1,0.409497
4,0,LR,1.0,2,0.400265
4,0,LR,1.0,3,0.393344
4,0,LR,1.0,4,0.387984
4,0,LR,1.0,5,0.383752
4,0,LR,1.0,6,0.380351
4,0,LR,1.0,7,0.377575
4,0,LR,1.0,8,0.375278
4,0,LR,1.0,9,0.373352
4,0,LR,1.0,10,0.371719
4,0,LR,1.0,11,0.370323
4,0,LR,1.0,12,0.369117
4,0,LR,1.0,13,0.368069
4,0,LR,1.0,14,0.367151
4,0,LR,1.0,15,0.366344
4,0,LR,1.0,16,0.365629
4,0,LR,1.0,17,0.364993
4,0,LR,1.0,18,0.364426
4,0,LR,1.0,19,0.363918
4,0,LR,0.5,0,0.294328
4,0,LR,0.5,1,0.280901
4,0,LR,0.5,2,0.274228
4,0,LR,0.5,3,0.269733
4,0,LR,0.5,4,0.266597
4,0,LR,0.5,5,0.264366
4,0,LR,0.5,6,0.262755
4,0,LR,0.5,7,0.261579
4,0,LR,0.5,8,0.260715
4,0,LR,0.5,9,0.26008
4,0,LR,0.5,10,0.259616
4,0,LR,0.5,11,0.259282
4,0,LR,0.5,12,0.259047
4,0,LR,0.5,13,0.258891
4,0,LR,0.5,14,0.258796
4,0,LR,0.5,15,0.258749
4,0,LR,0.5,16,0.258741
4,0,LR,0.5,17,0.258763
4,0,LR,0.5,18,0.25881
4,0,LR,0.5,19,0.258876
4,0,LR,0.1,0,0.502969
4,0,LR,0.1,1,0.490984
4,0,LR,0.1,2,0.483702
4,0,LR,0.1,3,0.478009
4,0,LR,0.1,4,0.473345
4,0,LR,0.1,5,0.469463
4,0,LR,0.1,6,0.466196
4,0,LR,0.1,7,0.46342
4,0,LR,0.1,8,0.461039
4,0,LR,0.1,9,0.45898
4,0,LR,0.1,10,0.457184
4,0,LR,0.1,11,0.455607
4,0,LR,0.1,12,0.454212
4,0,LR,0.1,13,0.452972
4,0,LR,0.1,14,0.451863
4,0,LR,0.1,15,0.450867
4,0,LR,0.1,16,0.449969
4,0,LR,0.1,17,0.449154
4,0,LR,0.1,18,0.448414
4,0,LR,0.1,19,0.447739
4,0,LR,natural,0,0.286276
4,0,LR,natural,1,0.281621
4,0,LR,natural,2,0.277049
4,0,LR,natural,3,0.273392
4,0,LR,natural,4,0.27036
4,0,LR,natural,5,0.267712
4,0,LR,natural,6,0.265312
4,0,LR,natural,7,0.263083
4,0,LR,natural,8,0.260984
4,0,LR,natural,9,0.258992
4,0,LR,natural,10,0.257092
4,0,LR,natural,11,0.255278
4,0,LR,natural,12,0.253543
4,0,LR,natural,13,0.251884
4,0,LR,natural,14,0.250298
4,0,LR,natural,15,0.248782
4,0,LR,natural,16,0.247334
4,0,LR,natural,17,0.24595
4,0,LR,natural,18,0.244629
4,0,LR,natural,19,0.243368
4,0,MLP,100,0,0.120985
4,0,MLP,100,1,0.140062
4,0,MLP,100,2,0.15637
4,0,MLP,100,3,0.169934
4,0,MLP,100,4,0.185615
4,0,MLP,100,5,0.206058
4,0,MLP,100,6,0.227441
4,0,MLP,100,7,0.250369
4,0,MLP,100,8,0.274651
4,0,MLP,100,9,0.310591
4,0,MLP,100,10,0.280763
4,0,MLP,100,11,0.270419
4,0,MLP,100,12,0.228855
4,0,MLP,100,13,0.236275
4,0,MLP,100,14,0.249731
4,0,MLP,100,15,0.258377
4,0,MLP,100,16,0.264702
4,0,MLP,100,17,0.268469
4,0,MLP,100,18,0.272366
4,0,MLP,100,19,0.270296
4,0,MLP,1.0,0,0.936015
4,0,MLP,1.0,1,0.879794
4,0,MLP,1.0,2,0.825774
4,0,MLP,1.0,3,0.799316
4,0,MLP,1.0,4,0.790268
4,0,MLP,1.0,5,0.79008
4,0,MLP,1.0,6,0.789741
4,0,MLP,1.0,7,0.787327
4,0,MLP,1.0,8,0.784052
4,0,MLP,1.0,9,0.780448
4,0,MLP,1.0,10,0.778181
4,0,MLP,1.0,11,0.777959
4,0,MLP,1.0,12,0.779086
4,0,MLP,1.0,13,0.779609
4,0,MLP,1.0,14,0.779073
4,0,MLP,1.0,15,0.778035
4,0,MLP,1.0,16,0.776974
4,0,MLP,1.0,17,0.776114
4,0,MLP,1.0,18,0.775495
4,0,MLP,1.0,19,0.775068
4,0,MLP,0.5,0,0.633622
4,0,MLP,0.5,1,0.572051
4,0,MLP,0.5,2,0.524126
4,0,MLP,0.5,3,0.509712
4,0,MLP,0.5,4,0.512946
4,0,MLP,0.5,5,0.547719
4,0,MLP,0.5,6,0.588219
4,0,MLP,0.5,7,0.612323
4,0,MLP,0.5,8,0.61532
4,0,MLP,0.5,9,0.604406
4,0,MLP,0.5,10,0.604802
4,0,MLP,0.5,11,0.619834
4,0,MLP,0.5,12,0.627502
4,0,MLP,0.5,13,0.680085
4,0,MLP,0.5,14,0.61085
4,0,MLP,0.5,15,0.633204
4,0,MLP,0.5,16,0.653553
4,0,MLP,0.5,17,0.661343
4,0,MLP,0.5,18,0.606934
4,0,MLP,0.5,19,0.620439
4,0,MLP,0.1,0,1.073136
4,0,MLP,0.1,1,1.080124
4,0,MLP,0.1,2,0.994726
4,0,MLP,0.1,3,0.988969
4,0,MLP,0.1,4,1.069457
4,0,MLP,0.1,5,1.135576
4,0,MLP,0.1,6,1.193322
4,0,MLP,0.1,7,1.22367
4,0,MLP,0.1,8,1.279118
4,0,MLP,0.1,9,1.273538
4,0,MLP,0.1,10,0.843878
4,0,MLP,0.1,11,1.161421
4,0,MLP,0.1,12,1.194161
4,0,MLP,0.1,13,1.084625
4,0,MLP,0.1,14,1.016553
4,0,MLP,0.1,15,1.12299
4,0,MLP,0.1,16,0.94558
4,0,MLP,0.1,17,1.048809
4,0,MLP,0.1,18,1.070754
4,0,MLP,0.1,19,1.044932
4,0,MLP,natural,0,0.692239
4,0,MLP,natural,1,0.660911
4,0,MLP,natural,2,0.617879
4,0,MLP,natural,3,0.591202
4,0,MLP,natural,4,0.572202
4,0,MLP,natural,5,0.551125
4,0,MLP,natural,6,0.532229
4,0,MLP,natural,7,0.521481
4,0,MLP,natural,8,0.518938
4,0,MLP,natural,9,0.518639
4,0,MLP,natural,10,0.515927
4,0,MLP,natural,11,0.510594
4,0,MLP,natural,12,0.522912
4,0,MLP,natural,13,0.506084
4,0,MLP,natural,14,0.467326
4,0,MLP,natural,15,0.489889
4,0,MLP,natural,16,0.481553
4,0,MLP,natural,17,0.492486
4,0,MLP,natural,18,0.475302
4,0,MLP,natural,19,0.48382
4,1,LR,100,0,0.055668
4,1,LR,100,1,0.053471
4,1,LR,100,2,0.052357
4,1,LR,100,3,0.051585
4,1,LR,100,4,0.051009
4,1,LR,100,5,0.05055
4,1,LR,100,6,0.050161
4,1,LR,100,7,0.049819
4,1,LR,100,8,0.049508
4,1,LR,100,9,0.049221
4,1,LR,100,10,0.048954
4,1,LR,100,11,0.048703
4,1,LR,100,12,0.048468
4,1,LR,100,13,0.048248
4,1,LR,100,14,0.048042
4,1,LR,100,15,0.04785
4,1,LR,100,16,0.047671
4,1,LR,100,17,0.047505
4,1,LR,100,18,0.047351
4,1,LR,100,19,0.047209
4,1,LR,1.0,0,0.436713
4,1,LR,1.0,1,0.419175
4,1,LR,1.0,2,0.409348
4,1,LR,1.0,3,0.40241
4,1,LR,1.0,4,0.397405
4,1,LR,1.0,5,0.393738
4,1,LR,1.0,6,0.390993
4,1,LR,1.0,7,0.388878
4,1,LR,1.0,8,0.387197
4,1,LR,1.0,9,0.385822
4,1,LR,1.0,10,0.384666
4,1,LR,1.0,11,0.383672
4,1,LR,1.0,12,0.3828
4,1,LR,1.0,13,0.382024
4,1,LR,1.0,14,0.381326
4,1,LR,1.0,15,0.38069
4,1,LR,1.0,16,0.380109
4,1,LR,1.0,17,0.379573
4,1,LR,1.0,18,0.379078
4,1,LR,1.0,19,0.378619
4,1,LR,0.5,0,0.315997
4,1,LR,0.5,1,0.300155
4,1,LR,0.5,2,0.292928
4,1,LR,0.5,3,0.288092
4,1,LR,0.5,4,0.284691
4,1,LR,0.5,5,0.282227
4,1,LR,0.5,6,0.280395
4,1,LR,0.5,7,0.279
4,1,LR,0.5,8,0.277917
4,1,LR,0.5,9,0.277064
4,1,LR,0.5,10,0.276381
4,1,LR,0.5,11,0.27583
4,1,LR,0.5,12,0.275381
4,1,LR,0.5,13,0.275014
4,1,LR,0.5,14,0.274712
4,1,LR,0.5,15,0.274464
4,1,LR,0.5,16,0.27426
4,1,LR,0.5,17,0.274093
4,1,LR,0.5,18,0.273956
4,1,LR,0.5,19,0.273845
4,1,LR,0.1,0,0.508788
4,1,LR,0.1,1,0.495586
4,1,LR,0.1,2,0.487765
4,1,LR,0.1,3,0.481752
4,1,LR,0.1,4,0.476882
4,1,LR,0.1,5,0.472863
4,1,LR,0.1,6,0.469502
4,1,LR,0.1,7,0.466656
4,1,LR,0.1,8,0.464219
4,1,LR,0.1,9,0.46211
4,1,LR,0.1,10,0.460268
4,1,LR,0.1,11,0.458646
4,1,LR,0.1,12,0.457205
4,1,LR,0.1,13,0.455918
4,1,LR,0.1,14,0.45476
4,1,LR,0.1,15,0.453714
4,1,LR,0.1,16,0.452765
4,1,LR,0.1,17,0.451899
4,1,LR,0.1,18,0.451106
4,1,LR,0.1,19,0.450379
4,1,LR,natural,0,0.300456
4,1,LR,natural,1,0.294464
4,1,LR,natural,2,0.288846
4,1,LR,natural,3,0.284541
4,1,LR,natural,4,0.281097
4,1,LR,natural,5,0.278182
4,1,LR,natural,6,0.27561
4,1,LR,natural,7,0.273271
4,1,LR,natural,8,0.271105
4,1,LR,natural,9,0.269074
4,1,LR,natural,10,0.267156
4,1,LR,natural,11,0.265338
4,1,LR,natural,12,0.263609
4,1,LR,natural,13,0.261962
4,1,LR,natural,14,0.260393
4,1,LR,natural,15,0.258897
4,1,LR,natural,16,0.25747
4,1,LR,natural,17,0.256109
4,1,LR,natural,18,0.25481
4,1,LR,natural,19,0.253571
4,1,MLP,100,0,0.088254
4,1,MLP,100,1,0.124459
4,1,MLP,100,2,0.145359
4,1,MLP,100,3,0.15931
4,1,MLP,100,4,0.172024
4,1,MLP,100,5,0.188605
4,1,MLP,100,6,0.207512
4,1,MLP,100,7,0.232231
4,1,MLP,100,8,0.245138
4,1,MLP,100,9,0.268475
4,1,MLP,100,10,0.201523
4,1,MLP,100,11,0.228882
4,1,MLP,100,12,0.20409
4,1,MLP,100,13,0.245123
4,1,MLP,100,14,0.206714
4,1,MLP,100,15,0.250684
4,1,MLP,100,16,0.209067
4,1,MLP,100,17,0.253591
4,1,MLP,100,18,0.211501
4,1,MLP,100,19,0.25681
4,1,MLP,1.0,0,0.962977
4,1,MLP,1.0,1,0.90733
4,1,MLP,1.0,2,0.840865
4,1,MLP,1.0,3,0.802401
4,1,MLP,1.0,4,0.787066
4,1,MLP,1.0,5,0.784783
4,1,MLP,1.0,6,0.784791
4,1,MLP,1.0,7,0.785208
4,1,MLP,1.0,8,0.786824
4,1,MLP,1.0,9,0.788122
4,1,MLP,1.0,10,0.789086
4,1,MLP,1.0,11,0.791068
4,1,MLP,1.0,12,0.793538
4,1,MLP,1.0,13,0.794982
4,1,MLP,1.0,14,0.795453
4,1,MLP,1.0,15,0.795502
4,1,MLP,1.0,16,0.795286
4,1,MLP,1.0,17,0.794938
4,1,MLP,1.0,18,0.794549
4,1,MLP,1.0,19,0.794168
4,1,MLP,0.5,0,0.691424
4,1,MLP,0.5,1,0.621731
4,1,MLP,0.5,2,0.591753
4,1,MLP,0.5,3,0.58055
4,1,MLP,0.5,4,0.593991
4,1,MLP,0.5,5,0.638079
4,1,MLP,0.5,6,0.678973
4,1,MLP,0.5,7,0.698975
4,1,MLP,0.5,8,0.708382
4,1,MLP,0.5,9,0.716256
4,1,MLP,0.5,10,0.723524
4,1,MLP,0.5,11,0.729334
4,1,MLP,0.5,12,0.734942
4,1,MLP,0.5,13,0.739891
4,1,MLP,0.5,14,0.743562
4,1,MLP,0.5,15,0.746026
4,1,MLP,0.5,16,0.747501
4,1,MLP,0.5,17,0.748356
4,1,MLP,0.5,18,0.748768
4,1,MLP,0.5,19,0.748976
4,1,MLP,0.1,0,1.08164
4,1,MLP,0.1,1,1.077599
4,1,MLP,0.1,2,0.985555
4,1,MLP,0.1,3,1.010914
4,1,MLP,0.1,4,1.09019
4,1,MLP,0.1,5,1.157097
4,1,MLP,0.1,6,1.195988
4,1,MLP,0.1,7,1.255613
4,1,MLP,0.1,8,1.129444
4,1,MLP,0.1,9,1.065847
4,1,MLP,0.1,10,1.346279
4,1,MLP,0.1,11,0.895864
4,1,MLP,0.1,12,1.047668
4,1,MLP,0.1,13,1.06292
4,1,MLP,0.1,14,0.999522
4,1,MLP,0.1,15,1.077756
4,1,MLP,0.1,16,0.848201
4,1,MLP,0.1,17,1.074862
4,1,MLP,0.1,18,1.034918
4,1,MLP,0.1,19,1.114315
4,1,MLP,natural,0,0.726949
4,1,MLP,natural,1,0.680168
4,1,MLP,natural,2,0.630644
4,1,MLP,natural,3,0.606044
4,1,MLP,natural,4,0.591951
4,1,MLP,natural,5,0.577648
4,1,MLP,natural,6,0.565346
4,1,MLP,natural,7,0.550224
4,1,MLP,natural,8,0.541072
4,1,MLP,natural,9,0.529194
4,1,MLP,natural,10,0.525156
4,1,MLP,natural,11,0.521241
4,1,MLP,natural,12,0.481638
4,1,MLP,natural,13,0.514918
4,1,MLP,natural,14,0.465952
4,1,MLP,natural,15,0.508878
4,1,MLP,natural,16,0.464725
4,1,MLP,natural,17,0.506669
4,1,MLP,natural,18,0.464577
4,1,MLP,natural,19,0.503637
4,2,LR,100,0,0.047111
4,2,LR,100,1,0.045838
4,2,LR,100,2,0.046047
4,2,LR,100,3,0.046335
4,2,LR,100,4,0.046608
4,2,LR,100,5,0.046839
4,2,LR,100,6,0.047019
4,2,LR,100,7,0.047151
4,2,LR,100,8,0.047241
4,2,LR,100,9,0.047295
4,2,LR,100,10,0.047322
4,2,LR,100,11,0.047328
4,2,LR,100,12,0.047319
4,2,LR,100,13,0.047298
4,2,LR,100,14,0.04727
4,2,LR,100,15,0.047238
4,2,LR,100,16,0.047204
4,2,LR,100,17,0.047169
4,2,LR,100,18,0.047136
4,2,LR,100,19,0.047104
4,2,LR,1.0,0,0.403682
4,2,LR,1.0,1,0.386559
4,2,LR,1.0,2,0.376205
4,2,LR,1.0,3,0.368391
4,2,LR,1.0,4,0.362307
4,2,LR,1.0,5,0.357478
4,2,LR,1.0,6,0.353579
4,2,LR,1.0,7,0.350383
4,2,LR,1.0,8,0.347726
4,2,LR,1.0,9,0.34549
4,2,LR,1.0,10,0.34359
4,2,LR,1.0,11,0.341958
4,2,LR,1.0,12,0.340545
4,2,LR,1.0,13,0.339312
4,2,LR,1.0,14,0.33823
4,2,LR,1.0,15,0.337274
4,2,LR,1.0,16,0.336425
4,2,LR,1.0,17,0.335666
4,2,LR,1.0,18,0.334987
4,2,LR,1.0,19,0.334375
4,2,LR,0.5,0,0.31054
4,2,LR,0.5,1,0.294912
4,2,LR,0.5,2,0.287396
4,2,LR,0.5,3,0.282187
4,2,LR,0.5,4,0.278397
4,2,LR,0.5,5,0.275551
4,2,LR,0.5,6,0.273355
4,2,LR,0.5,7,0.271619
4,2,LR,0.5,8,0.270217
4,2,LR,0.5,9,0.269063
4,2,LR,0.5,10,0.2681
4,2,LR,0.5,11,0.267284
4,2,LR,0.5,12,0.266586
4,2,LR,0.5,13,0.265984
4,2,LR,0.5,14,0.265459
4,2,LR,0.5,15,0.265
4,2,LR,0.5,16,0.264594
4,2,LR,0.5,17,0.264236
4,2,LR,0.5,18,0.263916
4,2,LR,0.5,19,0.263631
4,2,LR,0.1,0,0.504032
4,2,LR,0.1,1,0.491658
4,2,LR,0.1,2,0.484046
4,2,LR,0.1,3,0.478051
4,2,LR,0.1,4,0.473106
4,2,LR,0.1,5,0.46896
4,2,LR,0.1,6,0.465443
4,2,LR,0.1,7,0.462429
4,2,LR,0.1,8,0.459823
4,2,LR,0.1,9,0.45755
4,2,LR,0.1,10,0.455553
4,2,LR,0.1,11,0.453786
4,2,LR,0.1,12,0.452212
4,2,LR,0.1,13,0.450804
4,2,LR,0.1,14,0.449538
4,2,LR,0.1,15,0.448395
4,2,LR,0.1,16,0.447358
4,2,LR,0.1,17,0.446415
4,2,LR,0.1,18,0.445555
4,2,LR,0.1,19,0.444767
4,2,LR,natural,0,0.308131
4,2,LR,natural,1,0.302508
4,2,LR,natural,2,0.297271
4,2,LR,natural,3,0.293081
4,2,LR,natural,4,0.289601
4,2,LR,natural,5,0.286566
4,2,LR,natural,6,0.283824
4,2,LR,natural,7,0.281289
4,2,LR,natural,8,0.278912
4,2,LR,natural,9,0.276667
4,2,LR,natural,10,0.274535
4,2,LR,natural,11,0.272505
4,2,LR,natural,12,0.27057
4,2,LR,natural,13,0.268725
4,2,LR,natural,14,0.266965
4,2,LR,natural,15,0.265285
4,2,LR,natural,16,0.263683
4,2,LR,natural,17,0.262154
4,2,LR,natural,18,0.260695
4,2,LR,natural,19,0.259304
4,2,MLP,100,0,0.066109
4,2,MLP,100,1,0.094321
4,2,MLP,100,2,0.118363
4,2,MLP,100,3,0.139414
4,2,MLP,100,4,0.16209
4,2,MLP,100,5,0.189961
4,2,MLP,100,6,0.221221
4,2,MLP,100,7,0.252154
4,2,MLP,100,8,0.281996
4,2,MLP,100,9,0.285394
4,2,MLP,100,10,0.228898
4,2,MLP,100,11,0.244835
4,2,MLP,100,12,0.234777
4,2,MLP,100,13,0.262788
4,2,MLP,100,14,0.237527
4,2,MLP,100,15,0.267293
4,2,MLP,100,16,0.241974
4,2,MLP,100,17,0.268705
4,2,MLP,100,18,0.245219
4,2,MLP,100,19,0.268638
4,2,MLP,1.0,0,0.905933
4,2,MLP,1.0,1,0.841148
4,2,MLP,1.0,2,0.785383
4,2,MLP,1.0,3,0.752266
4,2,MLP,1.0,4,0.73218
4,2,MLP,1.0,5,0.723104
4,2,MLP,1.0,6,0.71968
4,2,MLP,1.0,7,0.715463
4,2,MLP,1.0,8,0.710996
4,2,MLP,1.0,9,0.706749
4,2,MLP,1.0,10,0.703775
4,2,MLP,1.0,11,0.704341
4,2,MLP,1.0,12,0.69855
4,2,MLP,1.0,13,0.692702
4,2,MLP,1.0,14,0.687724
4,2,MLP,1.0,15,0.68458
4,2,MLP,1.0,16,0.682315
4,2,MLP,1.0,17,0.680721
4,2,MLP,1.0,18,0.679543
4,2,MLP,1.0,19,0.67866
4,2,MLP,0.5,0,0.696114
4,2,MLP,0.5,1,0.623482
4,2,MLP,0.5,2,0.585433
4,2,MLP,0.5,3,0.563241
4,2,MLP,0.5,4,0.550369
4,2,MLP,0.5,5,0.564393
4,2,MLP,0.5,6,0.600565
4,2,MLP,0.5,7,0.631544
4,2,MLP,0.5,8,0.638102
4,2,MLP,0.5,9,0.617796
4,2,MLP,0.5,10,0.612478
4,2,MLP,0.5,11,0.633552
4,2,MLP,0.5,12,0.629301
4,2,MLP,0.5,13,0.689873
4,2,MLP,0.5,14,0.610898
4,2,MLP,0.5,15,0.620608
4,2,MLP,0.5,16,0.634444
4,2,MLP,0.5,17,0.632019
4,2,MLP,0.5,18,0.655874
4,2,MLP,0.5,19,0.607035
4,2,MLP,0.1,0,1.068068
4,2,MLP,0.1,1,1.073117
4,2,MLP,0.1,2,0.982544
4,2,MLP,0.1,3,0.996212
4,2,MLP,0.1,4,1.079507
4,2,MLP,0.1,5,1.146527
4,2,MLP,0.1,6,1.193415
4,2,MLP,0.1,7,1.244781
4,2,MLP,0.1,8,1.226341
4,2,MLP,0.1,9,1.167905
4,2,MLP,0.1,10,1.136037
4,2,MLP,0.1,11,0.93237
4,2,MLP,0.1,12,0.927133
4,2,MLP,0.1,13,1.077362
4,2,MLP,0.1,14,0.81761
4,2,MLP,0.1,15,1.091731
4,2,MLP,0.1,16,0.915806
4,2,MLP,0.1,17,1.15283
4,2,MLP,0.1,18,1.114081
4,2,MLP,0.1,19,1.137537
4,2,MLP,natural,0,0.735745
4,2,MLP,natural,1,0.694242
4,2,MLP,natural,2,0.647559
4,2,MLP,natural,3,0.625529
4,2,MLP,natural,4,0.611231
4,2,MLP,natural,5,0.590203
4,2,MLP,natural,6,0.569158
4,2,MLP,natural,7,0.560581
4,2,MLP,natural,8,0.562527
4,2,MLP,natural,9,0.566922
4,2,MLP,natural,10,0.569062
4,2,MLP,natural,11,0.574629
4,2,MLP,natural,12,0.553458
4,2,MLP,natural,13,0.537277
4,2,MLP,natural,14,0.57991
4,2,MLP,natural,15,0.47569
4,2,MLP,natural,16,0.560522
4,2,MLP,natural,17,0.479678
4,2,MLP,natural,18,0.554853
4,2,MLP,natural,19,0.479626
4,3,LR,100,0,0.059318
4,3,LR,100,1,0.055086
4,3,LR,100,2,0.053373
4,3,LR,100,3,0.052184
4,3,LR,100,4,0.051307
4,3,LR,100,5,0.050632
4,3,LR,100,6,0.050092
4,3,LR,100,7,0.049646
4,3,LR,100,8,0.049268
4,3,LR,100,9,0.048944
4,3,LR,100,10,0.048662
4,3,LR,100,11,0.048415
4,3,LR,100,12,0.048198
4,3,LR,100,13,0.048008
4,3,LR,100,14,0.047841
4,3,LR,100,15,0.047694
4,3,LR,100,16,0.047567
4,3,LR,100,17,0.047457
4,3,LR,100,18,0.047362
4,3,LR,100,19,0.047281
4,3,LR,1.0,0,0.406182
4,3,LR,1.0,1,0.389287
4,3,LR,1.0,2,0.379082
4,3,LR,1.0,3,0.371448
4,3,LR,1.0,4,0.365558
4,3,LR,1.0,5,0.360912
4,3,LR,1.0,6,0.357175
4,3,LR,1.0,7,0.35411
4,3,LR,1.0,8,0.351555
4,3,LR,1.0,9,0.349392
4,3,LR,1.0,10,0.347535
4,3,LR,1.0,11,0.345921
4,3,LR,1.0,12,0.344504
4,3,LR,1.0,13,0.343248
4,3,LR,1.0,14,0.342126
4,3,LR,1.0,15,0.341117
4,3,LR,1.0,16,0.340205
4,3,LR,1.0,17,0.339374
4,3,LR,1.0,18,0.338616
4,3,LR,1.0,19,0.33792
4,3,LR,0.5,0,0.335241
4,3,LR,0.5,1,0.317359
4,3,LR,0.5,2,0.309037
4,3,LR,0.5,3,0.303316
4,3,LR,0.5,4,0.29918
4,3,LR,0.5,5,0.296108
4,3,LR,0.5,6,0.293774
4,3,LR,0.5,7,0.291964
4,3,LR,0.5,8,0.290538
4,3,LR,0.5,9,0.289398
4,3,LR,0.5,10,0.288476
4,3,LR,0.5,11,0.287724
4,3,LR,0.5,12,0.287106
4,3,LR,0.5,13,0.286595
4,3,LR,0.5,14,0.28617
4,3,LR,0.5,15,0.285816
4,3,LR,0.5,16,0.285519
4,3,LR,0.5,17,0.285271
4,3,LR,0.5,18,0.285062
4,3,LR,0.5,19,0.284887
4,3,LR,0.1,0,0.503589
4,3,LR,0.1,1,0.49096
4,3,LR,0.1,2,0.483295
4,3,LR,0.1,3,0.477291
4,3,LR,0.1,4,0.472356
4,3,LR,0.1,5,0.468231
4,3,LR,0.1,6,0.464743
4,3,LR,0.1,7,0.461763
4,3,LR,0.1,8,0.459192
4,3,LR,0.1,9,0.456955
4,3,LR,0.1,10,0.454993
4,3,LR,0.1,11,0.453258
4,3,LR,0.1,12,0.451715
4,3,LR,0.1,13,0.450334
4,3,LR,0.1,14,0.449091
4,3,LR,0.1,15,0.447967
4,3,LR,0.1,16,0.446947
4,3,LR,0.1,17,0.446016
4,3,LR,0.1,18,0.445164
4,3,LR,0.1,19,0.444382
4,3,LR,natural,0,0.28018
4,3,LR,natural,1,0.273309
4,3,LR,natural,2,0.268068
4,3,LR,natural,3,0.263927
4,3,LR,natural,4,0.260478
4,3,LR,natural,5,0.257459
4,3,LR,natural,6,0.254725
4,3,LR,natural,7,0.252192
4,3,LR,natural,8,0.249816
4,3,LR,natural,9,0.24757
4,3,LR,natural,10,0.245437
4,3,LR,natural,11,0.243407
4,3,LR,natural,12,0.241473
4,3,LR,natural,13,0.23963
4,3,LR,natural,14,0.237872
4,3,LR,natural,15,0.236197
4,3,LR,natural,16,0.234599
4,3,LR,natural,17,0.233076
4,3,LR,natural,18,0.231624
4,3,LR,natural,19,0.23024
4,3,MLP,100,0,0.090489
4,3,MLP,100,1,0.109635
4,3,MLP,100,2,0.123505
4,3,MLP,100,3,0.139341
4,3,MLP,100,4,0.159377
4,3,MLP,100,5,0.183457
4,3,MLP,100,6,0.208815
4,3,MLP,100,7,0.235561
4,3,MLP,100,8,0.284654
4,3,MLP,100,9,0.291891
4,3,MLP,100,10,0.369447
4,3,MLP,100,11,0.209715
4,3,MLP,100,12,0.226117
4,3,MLP,100,13,0.234737
4,3,MLP,100,14,0.246331
4,3,MLP,100,15,0.241562
4,3,MLP,100,16,0.250689
4,3,MLP,100,17,0.247793
4,3,MLP,100,18,0.256855
4,3,MLP,100,19,0.252981
4,3,MLP,1.0,0,0.91452
4,3,MLP,1.0,1,0.853629
4,3,MLP,1.0,2,0.79194
4,3,MLP,1.0,3,0.75251
4,3,MLP,1.0,4,0.733556
4,3,MLP,1.0,5,0.724226
4,3,MLP,1.0,6,0.715273
4,3,MLP,1.0,7,0.704972
4,3,MLP,1.0,8,0.690789
4,3,MLP,1.0,9,0.676937
4,3,MLP,1.0,10,0.670842
4,3,MLP,1.0,11,0.672831
4,3,MLP,1.0,12,0.668014
4,3,MLP,1.0,13,0.665406
4,3,MLP,1.0,14,0.668152
4,3,MLP,1.0,15,0.668044
4,3,MLP,1.0,16,0.666845
4,3,MLP,1.0,17,0.665248
4,3,MLP,1.0,18,0.663539
4,3,MLP,1.0,19,0.661793
4,3,MLP,0.5,0,0.740648
4,3,MLP,0.5,1,0.665893
4,3,MLP,0.5,2,0.622615
4,3,MLP,0.5,3,0.599378
4,3,MLP,0.5,4,0.592222
4,3,MLP,0.5,5,0.604118
4,3,MLP,0.5,6,0.621226
4,3,MLP,0.5,7,0.623557
4,3,MLP,0.5,8,0.600505
4,3,MLP,0.5,9,0.612149
4,3,MLP,0.5,10,0.65697
4,3,MLP,0.5,11,0.607936
4,3,MLP,0.5,12,0.628564
4,3,MLP,0.5,13,0.658621
4,3,MLP,0.5,14,0.688229
4,3,MLP,0.5,15,0.638717
4,3,MLP,0.5,16,0.646841
4,3,MLP,0.5,17,0.62004
4,3,MLP,0.5,18,0.629614
4,3,MLP,0.5,19,0.616198
4,3,MLP,0.1,0,1.074316
4,3,MLP,0.1,1,1.08514
4,3,MLP,0.1,2,1.004563
4,3,MLP,0.1,3,0.983672
4,3,MLP,0.1,4,1.053622
4,3,MLP,0.1,5,1.114132
4,3,MLP,0.1,6,1.161917
4,3,MLP,0.1,7,1.214011
4,3,MLP,0.1,8,1.230185
4,3,MLP,0.1,9,1.281114
4,3,MLP,0.1,10,1.391263
4,3,MLP,0.1,11,0.982302
4,3,MLP,0.1,12,1.066198
4,3,MLP,0.1,13,1.073062
4,3,MLP,0.1,14,0.925256
4,3,MLP,0.1,15,1.120325
4,3,MLP,0.1,16,0.846215
4,3,MLP,0.1,17,1.127602
4,3,MLP,0.1,18,1.007839
4,3,MLP,0.1,19,1.18831
4,3,MLP,natural,0,0.685364
4,3,MLP,natural,1,0.648118
4,3,MLP,natural,2,0.603205
4,3,MLP,natural,3,0.577659
4,3,MLP,natural,4,0.561123
4,3,MLP,natural,5,0.543515
4,3,MLP,natural,6,0.52921
4,3,MLP,natural,7,0.516542
4,3,MLP,natural,8,0.511991
4,3,MLP,natural,9,0.504435
4,3,MLP,natural,10,0.517946
4,3,MLP,natural,11,0.504319
4,3,MLP,natural,12,0.452902
4,3,MLP,natural,13,0.480134
4,3,MLP,natural,14,0.449687
4,3,MLP,natural,15,0.468285
4,3,MLP,natural,16,0.451753
4,3,MLP,natural,17,0.457698
4,3,MLP,natural,18,0.454914
4,3,MLP,natural,19,0.449853
4,4,LR,100,0,0.055764
4,4,LR,100,1,0.052095
4,4,LR,100,2,0.050908
4,4,LR,100,3,0.050072
4,4,LR,100,4,0.049425
4,4,LR,100,5,0.048897
4,4,LR,100,6,0.048448
4,4,LR,100,7,0.048053
4,4,LR,100,8,0.0477
4,4,LR,100,9,0.047378
4,4,LR,100,10,0.047084
4,4,LR,100,11,0.046813
4,4,LR,100,12,0.046562
4,4,LR,100,13,0.046331
4,4,LR,100,14,0.046117
4,4,LR,100,15,0.045919
4,4,LR,100,16,0.045737
4,4,LR,100,17,0.045568
4,4,LR,100,18,0.045413
4,4,LR,100,19,0.045271
4,4,LR,1.0,0,0.391413
4,4,LR,1.0,1,0.374757
4,4,LR,1.0,2,0.364614
4,4,LR,1.0,3,0.356893
4,4,LR,1.0,4,0.350827
4,4,LR,1.0,5,0.345962
4,4,LR,1.0,6,0.34199
4,4,LR,1.0,7,0.338695
4,4,LR,1.0,8,0.335921
4,4,LR,1.0,9,0.333557
4,4,LR,1.0,10,0.331518
4,4,LR,1.0,11,0.329743
4,4,LR,1.0,12,0.328183
4,4,LR,1.0,13,0.326802
4,4,LR,1.0,14,0.325572
4,4,LR,1.0,15,0.324468
4,4,LR,1.0,16,0.323473
4,4,LR,1.0,17,0.322571
4,4,LR,1.0,18,0.321751
4,4,LR,1.0,19,0.321001
4,4,LR,0.5,0,0.287301
4,4,LR,0.5,1,0.274301
4,4,LR,0.5,2,0.267998
4,4,LR,0.5,3,0.263757
4,4,LR,0.5,4,0.260778
4,4,LR,0.5,5,0.25863
4,4,LR,0.5,6,0.257046
4,4,LR,0.5,7,0.255855
4,4,LR,0.5,8,0.254947
4,4,LR,0.5,9,0.254245
4,4,LR,0.5,10,0.2537
4,4,LR,0.5,11,0.253274
4,4,LR,0.5,12,0.252941
4,4,LR,0.5,13,0.252681
4,4,LR,0.5,14,0.252481
4,4,LR,0.5,15,0.252329
4,4,LR,0.5,16,0.252217
4,4,LR,0.5,17,0.252136
4,4,LR,0.5,18,0.252083
4,4,LR,0.5,19,0.252052
4,4,LR,0.1,0,0.507787
4,4,LR,0.1,1,0.494872
4,4,LR,0.1,2,0.48699
4,4,LR,0.1,3,0.480779
4,4,LR,0.1,4,0.475635
4,4,LR,0.1,5,0.471299
4,4,LR,0.1,6,0.467603
4,4,LR,0.1,7,0.46442
4,4,LR,0.1,8,0.461653
4,4,LR,0.1,9,0.459229
4,4,LR,0.1,10,0.457087
4,4,LR,0.1,11,0.455183
4,4,LR,0.1,12,0.453479
4,4,LR,0.1,13,0.451946
4,4,LR,0.1,14,0.45056
4,4,LR,0.1,15,0.449302
4,4,LR,0.1,16,0.448155
4,4,LR,0.1,17,0.447106
4,4,LR,0.1,18,0.446144
4,4,LR,0.1,19,0.445259
4,4,LR,natural,0,0.288358
4,4,LR,natural,1,0.28158
4,4,LR,natural,2,0.275238
4,4,LR,natural,3,0.270201
4,4,LR,natural,4,0.266079
4,4,LR,natural,5,0.262559
4,4,LR,natural,6,0.259452
4,4,LR,natural,7,0.256646
4,4,LR,natural,8,0.25407
4,4,LR,natural,9,0.251678
4,4,LR,natural,10,0.249442
4,4,LR,natural,11,0.247342
4,4,LR,natural,12,0.24536
4,4,LR,natural,13,0.243488
4,4,LR,natural,14,0.241714
4,4,LR,natural,15,0.240032
4,4,LR,natural,16,0.238436
4,4,LR,natural,17,0.236919
4,4,LR,natural,18,0.235477
4,4,LR,natural,19,0.234105
4,4,MLP,100,0,0.099007
4,4,MLP,100,1,0.120791
4,4,MLP,100,2,0.136792
4,4,MLP,100,3,0.148479
4,4,MLP,100,4,0.160285
4,4,MLP,100,5,0.175719
4,4,MLP,100,6,0.191862
4,4,MLP,100,7,0.231858
4,4,MLP,100,8,0.186595
4,4,MLP,100,9,0.182205
4,4,MLP,100,10,0.197648
4,4,MLP,100,11,0.196047
4,4,MLP,100,12,0.207728
4,4,MLP,100,13,0.203088
4,4,MLP,100,14,0.212977
4,4,MLP,100,15,0.207749
4,4,MLP,100,16,0.215874
4,4,MLP,100,17,0.210148
4,4,MLP,100,18,0.217354
4,4,MLP,100,19,0.211496
4,4,MLP,1.0,0,0.877834
4,4,MLP,1.0,1,0.816755
4,4,MLP,1.0,2,0.771609
4,4,MLP,1.0,3,0.743249
4,4,MLP,1.0,4,0.725795
4,4,MLP,1.0,5,0.717762
4,4,MLP,1.0,6,0.712417
4,4,MLP,1.0,7,0.706584
4,4,MLP,1.0,8,0.700776
4,4,MLP,1.0,9,0.696067
4,4,MLP,1.0,10,0.693779
4,4,MLP,1.0,11,0.692848
4,4,MLP,1.0,12,0.691772
4,4,MLP,1.0,13,0.690382
4,4,MLP,1.0,14,0.688861
4,4,MLP,1.0,15,0.687497
4,4,MLP,1.0,16,0.686437
4,4,MLP,1.0,17,0.685749
4,4,MLP,1.0,18,0.685465
4,4,MLP,1.0,19,0.685524
4,4,MLP,0.5,0,0.645031
4,4,MLP,0.5,1,0.568682
4,4,MLP,0.5,2,0.520383
4,4,MLP,0.5,3,0.503163
4,4,MLP,0.5,4,0.502905
4,4,MLP,0.5,5,0.539122
4,4,MLP,0.5,6,0.578061
4,4,MLP,0.5,7,0.598914
4,4,MLP,0.5,8,0.592294
4,4,MLP,0.5,9,0.603466
4,4,MLP,0.5,10,0.644736
4,4,MLP,0.5,11,0.661861
4,4,MLP,0.5,12,0.672311
4,4,MLP,0.5,13,0.641263
4,4,MLP,0.5,14,0.666654
4,4,MLP,0.5,15,0.640563
4,4,MLP,0.5,16,0.656677
4,4,MLP,0.5,17,0.638923
4,4,MLP,0.5,18,0.649688
4,4,MLP,0.5,19,0.63835
4,4,MLP,0.1,0,1.074688
4,4,MLP,0.1,1,1.073147
4,4,MLP,0.1,2,0.980088
4,4,MLP,0.1,3,1.011958
4,4,MLP,0.1,4,1.099436
4,4,MLP,0.1,5,1.168057
4,4,MLP,0.1,6,1.216691
4,4,MLP,0.1,7,1.260906
4,4,MLP,0.1,8,1.26442
4,4,MLP,0.1,9,1.260645
4,4,MLP,0.1,10,1.02101
4,4,MLP,0.1,11,1.181699
4,4,MLP,0.1,12,0.905722
4,4,MLP,0.1,13,1.037245
4,4,MLP,0.1,14,1.169645
4,4,MLP,0.1,15,0.812505
4,4,MLP,0.1,16,1.069601
4,4,MLP,0.1,17,1.217433
4,4,MLP,0.1,18,1.002679
4,4,MLP,0.1,19,1.141145
4,4,MLP,natural,0,0.707778
4,4,MLP,natural,1,0.660744
4,4,MLP,natural,2,0.608655
4,4,MLP,natural,3,0.580323
4,4,MLP,natural,4,0.559496
4,4,MLP,natural,5,0.536906
4,4,MLP,natural,6,0.521093
4,4,MLP,natural,7,0.516625
4,4,MLP,natural,8,0.514318
4,4,MLP,natural,9,0.503961
4,4,MLP,natural,10,0.509645
4,4,MLP,natural,11,0.4864
4,4,MLP,natural,12,0.448448
4,4,MLP,natural,13,0.498045
4,4,MLP,natural,14,0.453379
4,4,MLP,natural,15,0.495528
4,4,MLP,natural,16,0.456083
4,4,MLP,natural,17,0.493361
4,4,MLP,natural,18,0.457767
4,4,MLP,natural,19,0.491039
5,0,LR,100,0,0.056077
5,0,LR,100,1,0.051966
5,0,LR,100,2,0.048172
5,0,LR,100,3,0.045386
5,0,LR,100,4,0.043347
5,0,LR,100,5,0.041846
5,0,LR,100,6,0.040734
5,0,LR,100,7,0.039909
5,0,LR,100,8,0.039296
5,0,LR,100,9,0.038842
5,0,LR,100,10,0.038509
5,0,LR,100,11,0.038267
5,0,LR,100,12,0.038097
5,0,LR,100,13,0.037982
5,0,LR,100,14,0.037909
5,0,LR,100,15,0.03787
5,0,LR,100,16,0.037858
5,0,LR,100,17,0.037866
5,0,LR,100,18,0.037891
5,0,LR,100,19,0.037928
5,0,LR,1.0,0,0.353773
5,0,LR,1.0,1,0.347766
5,0,LR,1.0,2,0.341356
5,0,LR,1.0,3,0.336704
5,0,LR,1.0,4,0.333303
5,0,LR,1.0,5,0.330719
5,0,LR,1.0,6,0.328679
5,0,LR,1.0,7,0.327014
5,0,LR,1.0,8,0.325616
5,0,LR,1.0,9,0.324418
5,0,LR,1.0,10,0.323372
5,0,LR,1.0,11,0.322447
5,0,LR,1.0,12,0.321622
5,0,LR,1.0,13,0.320881
5,0,LR,1.0,14,0.32021
5,0,LR,1.0,15,0.319602
5,0,LR,1.0,16,0.319048
5,0,LR,1.0,17,0.318542
5,0,LR,1.0,18,0.318079
5,0,LR,1.0,19,0.317655
5,0,LR,0.5,0,0.664811
5,0,LR,0.5,1,0.648376
5,0,LR,0.5,2,0.637359
5,0,LR,0.5,3,0.628595
5,0,LR,0.5,4,0.621405
5,0,LR,0.5,5,0.615421
5,0,LR,0.5,6,0.61038
5,0,LR,0.5,7,0.606085
5,0,LR,0.5,8,0.602387
5,0,LR,0.5,9,0.599173
5,0,LR,0.5,10,0.596355
5,0,LR,0.5,11,0.593863
5,0,LR,0.5,12,0.591646
5,0,LR,0.5,13,0.589659
5,0,LR,0.5,14,0.58787
5,0,LR,0.5,15,0.58625
5,0,LR,0.5,16,0.584777
5,0,LR,0.5,17,0.583433
5,0,LR,0.5,18,0.582202
5,0,LR,0.5,19,0.58107
5,0,LR,0.1,0,0.629918
5,0,LR,0.1,1,0.611328
5,0,LR,0.1,2,0.599727
5,0,LR,0.1,3,0.59081
5,0,LR,0.1,4,0.583714
5,0,LR,0.1,5,0.577975
5,0,LR,0.1,6,0.57327
5,0,LR,0.1,7,0.569362
5,0,LR,0.1,8,0.566075
5,0,LR,0.1,9,0.563278
5,0,LR,0.1,10,0.560871
5,0,LR,0.1,11,0.558779
5,0,LR,0.1,12,0.556946
5,0,LR,0.1,13,0.555325
5,0,LR,0.1,14,0.553883
5,0,LR,0.1,15,0.552591
5,0,LR,0.1,16,0.551427
5,0,LR,0.1,17,0.550374
5,0,LR,0.1,18,0.549416
5,0,LR,0.1,19,0.548541
5,0,LR,natural,0,0.293167
5,0,LR,natural,1,0.284555
5,0,LR,natural,2,0.277159
5,0,LR,natural,3,0.27127
5,0,LR,natural,4,0.266407
5,0,LR,natural,5,0.262222
5,0,LR,natural,6,0.258508
5,0,LR,natural,7,0.255141
5,0,LR,natural,8,0.252044
5,0,LR,natural,9,0.249171
5,0,LR,natural,10,0.246487
5,0,LR,natural,11,0.243969
5,0,LR,natural,12,0.241602
5,0,LR,natural,13,0.239371
5,0,LR,natural,14,0.237266
5,0,LR,natural,15,0.235277
5,0,LR,natural,16,0.233398
5,0,LR,natural,17,0.23162
5,0,LR,natural,18,0.229937
5,0,LR,natural,19,0.228344
5,0,MLP,100,0,0.106738
5,0,MLP,100,1,0.108461
5,0,MLP,100,2,0.114064
5,0,MLP,100,3,0.118205
5,0,MLP,100,4,0.13008
5,0,MLP,100,5,0.145689
5,0,MLP,100,6,0.165594
5,0,MLP,100,7,0.229134
5,0,MLP,100,8,0.246352
5,0,MLP,100,9,0.216032
5,0,MLP,100,10,0.239777
5,0,MLP,100,11,0.2211
5,0,MLP,100,12,0.239085
5,0,MLP,100,13,0.218975
5,0,MLP,100,14,0.238862
5,0,MLP,100,15,0.220634
5,0,MLP,100,16,0.239394
5,0,MLP,100,17,0.22443
5,0,MLP,100,18,0.240135
5,0,MLP,100,19,0.228532
5,0,MLP,1.0,0,0.894792
5,0,MLP,1.0,1,0.780235
5,0,MLP,1.0,2,0.693575
5,0,MLP,1.0,3,0.642423
5,0,MLP,1.0,4,0.608086
5,0,MLP,1.0,5,0.591506
5,0,MLP,1.0,6,0.585394
5,0,MLP,1.0,7,0.580396
5,0,MLP,1.0,8,0.591386
5,0,MLP,1.0,9,0.581815
5,0,MLP,1.0,10,0.604513
5,0,MLP,1.0,11,0.580517
5,0,MLP,1.0,12,0.597188
5,0,MLP,1.0,13,0.580437
5,0,MLP,1.0,14,0.596043
5,0,MLP,1.0,15,0.581578
5,0,MLP,1.0,16,0.59699
5,0,MLP,1.0,17,0.583251
5,0,MLP,1.0,18,0.598951
5,0,MLP,1.0,19,0.585218
5,0,MLP,0.5,0,1.341036
5,0,MLP,0.5,1,1.427798
5,0,MLP,0.5,2,1.369037
5,0,MLP,0.5,3,1.661299
5,0,MLP,0.5,4,1.290889
5,0,MLP,0.5,5,1.651698
5,0,MLP,0.5,6,1.364981
5,0,MLP,0.5,7,1.110147
5,0,MLP,0.5,8,1.103051
5,0,MLP,0.5,9,1.215682
5,0,MLP,0.5,10,1.309548
5,0,MLP,0.5,11,1.424335
5,0,MLP,0.5,12,1.442335
5,0,MLP,0.5,13,1.613995
5,0,MLP,0.5,14,1.099222
5,0,MLP,0.5,15,1.411121
5,0,MLP,0.5,16,1.302654
5,0,MLP,0.5,17,1.595913
5,0,MLP,0.5,18,1.218742
5,0,MLP,0.5,19,1.10075
5,0,MLP,0.1,0,1.31136
5,0,MLP,0.1,1,1.356144
5,0,MLP,0.1,2,1.303551
5,0,MLP,0.1,3,1.47294
5,0,MLP,0.1,4,1.1994
5,0,MLP,0.1,5,1.559478
5,0,MLP,0.1,6,1.223505
5,0,MLP,0.1,7,1.066436
5,0,MLP,0.1,8,0.961222
5,0,MLP,0.1,9,1.002762
5,0,MLP,0.1,10,1.050307
5,0,MLP,0.1,11,1.100497
5,0,MLP,0.1,12,1.128185
5,0,MLP,0.1,13,1.173286
5,0,MLP,0.1,14,1.166543
5,0,MLP,0.1,15,1.290938
5,0,MLP,0.1,16,1.158615
5,0,MLP,0.1,17,1.245921
5,0,MLP,0.1,18,1.095836
5,0,MLP,0.1,19,1.078525
5,0,MLP,natural,0,0.764367
5,0,MLP,natural,1,0.663758
5,0,MLP,natural,2,0.62279
5,0,MLP,natural,3,0.566574
5,0,MLP,natural,4,0.528977
5,0,MLP,natural,5,0.506111
5,0,MLP,natural,6,0.490646
5,0,MLP,natural,7,0.478355
5,0,MLP,natural,8,0.468913
5,0,MLP,natural,9,0.460658
5,0,MLP,natural,10,0.467637
5,0,MLP,natural,11,0.460122
5,0,MLP,natural,12,0.443512
5,0,MLP,natural,13,0.471761
5,0,MLP,natural,14,0.445125
5,0,MLP,natural,15,0.461725
5,0,MLP,natural,16,0.445662
5,0,MLP,natural,17,0.454732
5,0,MLP,natural,18,0.446512
5,0,MLP,natural,19,0.448893
5,1,LR,100,0,0.063314
5,1,LR,100,1,0.059381
5,1,LR,100,2,0.056607
5,1,LR,100,3,0.054634
5,1,LR,100,4,0.053229
5,1,LR,100,5,0.05222
5,1,LR,100,6,0.05149
5,1,LR,100,7,0.050958
5,1,LR,100,8,0.05057
5,1,LR,100,9,0.050289
5,1,LR,100,10,0.050087
5,1,LR,100,11,0.049944
5,1,LR,100,12,0.049848
5,1,LR,100,13,0.049787
5,1,LR,100,14,0.049753
5,1,LR,100,15,0.049741
5,1,LR,100,16,0.049745
5,1,LR,100,17,0.049763
5,1,LR,100,18,0.049791
5,1,LR,100,19,0.049827
5,1,LR,1.0,0,0.367897
5,1,LR,1.0,1,0.362935
5,1,LR,1.0,2,0.35773
5,1,LR,1.0,3,0.353929
5,1,LR,1.0,4,0.351162
5,1,LR,1.0,5,0.349078
5,1,LR,1.0,6,0.347449
5,1,LR,1.0,7,0.346133
5,1,LR,1.0,8,0.345039
5,1,LR,1.0,9,0.344108
5,1,LR,1.0,10,0.343301
5,1,LR,1.0,11,0.342591
5,1,LR,1.0,12,0.341959
5,1,LR,1.0,13,0.341392
5,1,LR,1.0,14,0.340879
5,1,LR,1.0,15,0.340414
5,1,LR,1.0,16,0.33999
5,1,LR,1.0,17,0.339602
5,1,LR,1.0,18,0.339246
5,1,LR,1.0,19,0.338919
5,1,LR,0.5,0,0.680481
5,1,LR,0.5,1,0.664729
5,1,LR,0.5,2,0.654503
5,1,LR,0.5,3,0.646371
5,1,LR,0.5,4,0.63965
5,1,LR,0.5,5,0.634009
5,1,LR,0.5,6,0.629219
5,1,LR,0.5,7,0.625107
5,1,LR,0.5,8,0.621542
5,1,LR,0.5,9,0.618424
5,1,LR,0.5,10,0.615673
5,1,LR,0.5,11,0.613229
5,1,LR,0.5,12,0.611043
5,1,LR,0.5,13,0.609075
5,1,LR,0.5,14,0.607295
5,1,LR,0.5,15,0.605677
5,1,LR,0.5,16,0.6042
5,1,LR,0.5,17,0.602847
5,1,LR,0.5,18,0.601602
5,1,LR,0.5,19,0.600454
5,1,LR,0.1,0,0.653116
5,1,LR,0.1,1,0.635283
5,1,LR,0.1,2,0.62396
5,1,LR,0.1,3,0.615096
5,1,LR,0.1,4,0.607913
5,1,LR,0.1,5,0.60201
5,1,LR,0.1,6,0.597105
5,1,LR,0.1,7,0.592987
5,1,LR,0.1,8,0.589495
5,1,LR,0.1,9,0.586507
5,1,LR,0.1,10,0.583927
5,1,LR,0.1,11,0.581683
5,1,LR,0.1,12,0.579717
5,1,LR,0.1,13,0.577983
5,1,LR,0.1,14,0.576446
5,1,LR,0.1,15,0.575075
5,1,LR,0.1,16,0.573847
5,1,LR,0.1,17,0.572743
5,1,LR,0.1,18,0.571745
5,1,LR,0.1,19,0.570841
5,1,LR,natural,0,0.310676
5,1,LR,natural,1,0.304739
5,1,LR,natural,2,0.299163
5,1,LR,natural,3,0.294762
5,1,LR,natural,4,0.291183
5,1,LR,natural,5,0.28813
5,1,LR,natural,6,0.28543
5,1,LR,natural,7,0.282982
5,1,LR,natural,8,0.280724
5,1,LR,natural,9,0.27862
5,1,LR,natural,10,0.276644
5,1,LR,natural,11,0.274782
5,1,LR,natural,12,0.273022
5,1,LR,natural,13,0.271356
5,1,LR,natural,14,0.269776
5,1,LR,natural,15,0.268276
5,1,LR,natural,16,0.266853
5,1,LR,natural,17,0.265501
5,1,LR,natural,18,0.264217
5,1,LR,natural,19,0.262996
5,1,MLP,100,0,0.139833
5,1,MLP,100,1,0.11194
5,1,MLP,100,2,0.119591
5,1,MLP,100,3,0.130963
5,1,MLP,100,4,0.144033
5,1,MLP,100,5,0.161698
5,1,MLP,100,6,0.184874
5,1,MLP,100,7,0.218714
5,1,MLP,100,8,0.248196
5,1,MLP,100,9,0.258396
5,1,MLP,100,10,0.262273
5,1,MLP,100,11,0.253412
5,1,MLP,100,12,0.25259
5,1,MLP,100,13,0.226561
5,1,MLP,100,14,0.241072
5,1,MLP,100,15,0.211424
5,1,MLP,100,16,0.213553
5,1,MLP,100,17,0.20987
5,1,MLP,100,18,0.210855
5,1,MLP,100,19,0.215995
5,1,MLP,1.0,0,0.910874
5,1,MLP,1.0,1,0.830835
5,1,MLP,1.0,2,0.733878
5,1,MLP,1.0,3,0.670076
5,1,MLP,1.0,4,0.637858
5,1,MLP,1.0,5,0.621813
5,1,MLP,1.0,6,0.615337
5,1,MLP,1.0,7,0.613162
5,1,MLP,1.0,8,0.612788
5,1,MLP,1.0,9,0.613407
5,1,MLP,1.0,10,0.614602
5,1,MLP,1.0,11,0.615978
5,1,MLP,1.0,12,0.617133
5,1,MLP,1.0,13,0.61779
5,1,MLP,1.0,14,0.617961
5,1,MLP,1.0,15,0.617945
5,1,MLP,1.0,16,0.618087
5,1,MLP,1.0,17,0.618548
5,1,MLP,1.0,18,0.619297
5,1,MLP,1.0,19,0.62023
5,1,MLP,0.5,0,1.359643
5,1,MLP,0.5,1,1.443055
5,1,MLP,0.5,2,1.410272
5,1,MLP,0.5,3,1.711232
5,1,MLP,0.5,4,1.364696
5,1,MLP,0.5,5,1.785579
5,1,MLP,0.5,6,1.471514
5,1,MLP,0.5,7,1.21638
5,1,MLP,0.5,8,1.184562
5,1,MLP,0.5,9,1.217239
5,1,MLP,0.5,10,1.357839
5,1,MLP,0.5,11,1.425361
5,1,MLP,0.5,12,1.439587
5,1,MLP,0.5,13,1.497423
5,1,MLP,0.5,14,1.431801
5,1,MLP,0.5,15,1.128081
5,1,MLP,0.5,16,1.12443
5,1,MLP,0.5,17,1.216962
5,1,MLP,0.5,18,1.302504
5,1,MLP,0.5,19,1.434308
5,1,MLP,0.1,0,1.341708
5,1,MLP,0.1,1,1.429885
5,1,MLP,0.1,2,1.391551
5,1,MLP,0.1,3,1.564179
5,1,MLP,0.1,4,1.340242
5,1,MLP,0.1,5,1.7158
5,1,MLP,0.1,6,1.226632
5,1,MLP,0.1,7,1.143936
5,1,MLP,0.1,8,1.146256
5,1,MLP,0.1,9,1.190365
5,1,MLP,0.1,10,1.246724
5,1,MLP,0.1,11,1.297478
5,1,MLP,0.1,12,1.327163
5,1,MLP,0.1,13,1.480174
5,1,MLP,0.1,14,1.266732
5,1,MLP,0.1,15,1.359803
5,1,MLP,0.1,16,1.282953
5,1,MLP,0.1,17,1.179403
5,1,MLP,0.1,18,1.143678
5,1,MLP,0.1,19,1.121172
5,1,MLP,natural,0,0.832019
5,1,MLP,natural,1,0.703741
5,1,MLP,natural,2,0.657201
5,1,MLP,natural,3,0.607473
5,1,MLP,natural,4,0.573849
5,1,MLP,natural,5,0.556892
5,1,MLP,natural,6,0.5476
5,1,MLP,natural,7,0.542236
5,1,MLP,natural,8,0.541061
5,1,MLP,natural,9,0.543164
5,1,MLP,natural,10,0.544212
5,1,MLP,natural,11,0.544198
5,1,MLP,natural,12,0.534061
5,1,MLP,natural,13,0.560562
5,1,MLP,natural,14,0.542177
5,1,MLP,natural,15,0.465445
5,1,MLP,natural,16,0.487251
5,1,MLP,natural,17,0.507305
5,1,MLP,natural,18,0.489653
5,1,MLP,natural,19,0.472205
5,2,LR,100,0,0.066228
5,2,LR,100,1,0.065894
5,2,LR,100,2,0.06432
5,2,LR,100,3,0.06317
5,2,LR,100,4,0.062342
5,2,LR,100,5,0.061733
5,2,LR,100,6,0.061273
5,2,LR,100,7,0.060918
5,2,LR,100,8,0.060638
5,2,LR,100,9,0.060414
5,2,LR,100,10,0.06023
5,2,LR,100,11,0.060079
5,2,LR,100,12,0.059953
5,2,LR,100,13,0.059847
5,2,LR,100,14,0.059758
5,2,LR,100,15,0.059682
5,2,LR,100,16,0.059618
5,2,LR,100,17,0.059564
5,2,LR,100,18,0.059518
5,2,LR,100,19,0.059478
5,2,LR,1.0,0,0.378553
5,2,LR,1.0,1,0.373028
5,2,LR,1.0,2,0.367463
5,2,LR,1.0,3,0.363226
5,2,LR,1.0,4,0.359982
5,2,LR,1.0,5,0.357408
5,2,LR,1.0,6,0.355293
5,2,LR,1.0,7,0.353501
5,2,LR,1.0,8,0.351946
5,2,LR,1.0,9,0.350571
5,2,LR,1.0,10,0.349336
5,2,LR,1.0,11,0.348215
5,2,LR,1.0,12,0.347189
5,2,LR,1.0,13,0.346244
5,2,LR,1.0,14,0.34537
5,2,LR,1.0,15,0.344558
5,2,LR,1.0,16,0.343803
5,2,LR,1.0,17,0.343098
5,2,LR,1.0,18,0.342439
5,2,LR,1.0,19,0.341823
5,2,LR,0.5,0,0.681075
5,2,LR,0.5,1,0.666943
5,2,LR,0.5,2,0.65749
5,2,LR,0.5,3,0.649879
5,2,LR,0.5,4,0.643547
5,2,LR,0.5,5,0.638205
5,2,LR,0.5,6,0.633649
5,2,LR,0.5,7,0.629725
5,2,LR,0.5,8,0.626314
5,2,LR,0.5,9,0.623324
5,2,LR,0.5,10,0.620683
5,2,LR,0.5,11,0.618334
5,2,LR,0.5,12,0.616233
5,2,LR,0.5,13,0.614343
5,2,LR,0.5,14,0.612635
5,2,LR,0.5,15,0.611084
5,2,LR,0.5,16,0.609671
5,2,LR,0.5,17,0.608379
5,2,LR,0.5,18,0.607193
5,2,LR,0.5,19,0.606103
5,2,LR,0.1,0,0.639042
5,2,LR,0.1,1,0.624001
5,2,LR,0.1,2,0.614515
5,2,LR,0.1,3,0.607016
5,2,LR,0.1,4,0.600847
5,2,LR,0.1,5,0.595683
5,2,LR,0.1,6,0.591297
5,2,LR,0.1,7,0.587524
5,2,LR,0.1,8,0.584238
5,2,LR,0.1,9,0.581347
5,2,LR,0.1,10,0.578778
5,2,LR,0.1,11,0.576475
5,2,LR,0.1,12,0.574397
5,2,LR,0.1,13,0.572507
5,2,LR,0.1,14,0.570781
5,2,LR,0.1,15,0.569195
5,2,LR,0.1,16,0.567732
5,2,LR,0.1,17,0.566377
5,2,LR,0.1,18,0.565119
5,2,LR,0.1,19,0.563947
5,2,LR,natural,0,0.297971
5,2,LR,natural,1,0.293304
5,2,LR,natural,2,0.288287
5,2,LR,natural,3,0.284187
5,2,LR,natural,4,0.28073
5,2,LR,natural,5,0.277674
5,2,LR,natural,6,0.274881
5,2,LR,natural,7,0.272275
5,2,LR,natural,8,0.269815
5,2,LR,natural,9,0.267475
5,2,LR,natural,10,0.265241
5,2,LR,natural,11,0.263106
5,2,LR,natural,12,0.261063
5,2,LR,natural,13,0.259108
5,2,LR,natural,14,0.257238
5,2,LR,natural,15,0.255448
5,2,LR,natural,16,0.253737
5,2,LR,natural,17,0.252102
5,2,LR,natural,18,0.250538
5,2,LR,natural,19,0.249044
5,2,MLP,100,0,0.140209
5,2,MLP,100,1,0.124989
5,2,MLP,100,2,0.140121
5,2,MLP,100,3,0.16605
5,2,MLP,100,4,0.199579
5,2,MLP,100,5,0.251014
5,2,MLP,100,6,0.306857
5,2,MLP,100,7,0.334099
5,2,MLP,100,8,0.34311
5,2,MLP,100,9,0.345532
5,2,MLP,100,10,0.345881
5,2,MLP,100,11,0.344926
5,2,MLP,100,12,0.343836
5,2,MLP,100,13,0.342409
5,2,MLP,100,14,0.341039
5,2,MLP,100,15,0.339614
5,2,MLP,100,16,0.338292
5,2,MLP,100,17,0.337042
5,2,MLP,100,18,0.335914
5,2,MLP,100,19,0.334895
5,2,MLP,1.0,0,0.92175
5,2,MLP,1.0,1,0.8519
5,2,MLP,1.0,2,0.747351
5,2,MLP,1.0,3,0.658763
5,2,MLP,1.0,4,0.628351
5,2,MLP,1.0,5,0.617541
5,2,MLP,1.0,6,0.610722
5,2,MLP,1.0,7,0.608511
5,2,MLP,1.0,8,0.607599
5,2,MLP,1.0,9,0.607097
5,2,MLP,1.0,10,0.606643
5,2,MLP,1.0,11,0.606404
5,2,MLP,1.0,12,0.606455
5,2,MLP,1.0,13,0.606843
5,2,MLP,1.0,14,0.607506
5,2,MLP,1.0,15,0.608373
5,2,MLP,1.0,16,0.60937
5,2,MLP,1.0,17,0.610446
5,2,MLP,1.0,18,0.611561
5,2,MLP,1.0,19,0.612692
5,2,MLP,0.5,0,1.343718
5,2,MLP,0.5,1,1.44024
5,2,MLP,0.5,2,1.421275
5,2,MLP,0.5,3,1.724525
5,2,MLP,0.5,4,1.354208
5,2,MLP,0.5,5,1.733129
5,2,MLP,0.5,6,1.473718
5,2,MLP,0.5,7,1.214958
5,2,MLP,0.5,8,1.229941
5,2,MLP,0.5,9,1.326207
5,2,MLP,0.5,10,1.423175
5,2,MLP,0.5,11,1.507068
5,2,MLP,0.5,12,1.509776
5,2,MLP,0.5,13,1.342508
5,2,MLP,0.5,14,1.293287
5,2,MLP,0.5,15,1.193258
5,2,MLP,0.5,16,1.289852
5,2,MLP,0.5,17,1.320757
5,2,MLP,0.5,18,1.392055
5,2,MLP,0.5,19,1.426882
5,2,MLP,0.1,0,1.297109
5,2,MLP,0.1,1,1.33105
5,2,MLP,0.1,2,1.308429
5,2,MLP,0.1,3,1.495489
5,2,MLP,0.1,4,1.274179
5,2,MLP,0.1,5,1.577145
5,2,MLP,0.1,6,1.250743
5,2,MLP,0.1,7,1.101333
5,2,MLP,0.1,8,1.107809
5,2,MLP,0.1,9,1.164853
5,2,MLP,0.1,10,1.197248
5,2,MLP,0.1,11,1.236169
5,2,MLP,0.1,12,1.243038
5,2,MLP,0.1,13,1.328486
5,2,MLP,0.1,14,1.282198
5,2,MLP,0.1,15,1.543912
5,2,MLP,0.1,16,1.276543
5,2,MLP,0.1,17,1.084019
5,2,MLP,0.1,18,1.076716
5,2,MLP,0.1,19,1.09373
5,2,MLP,natural,0,0.787764
5,2,MLP,natural,1,0.678187
5,2,MLP,natural,2,0.63554
5,2,MLP,natural,3,0.583693
5,2,MLP,natural,4,0.548896
5,2,MLP,natural,5,0.529237
5,2,MLP,natural,6,0.517529
5,2,MLP,natural,7,0.514246
5,2,MLP,natural,8,0.521733
5,2,MLP,natural,9,0.526781
5,2,MLP,natural,10,0.529276
5,2,MLP,natural,11,0.523214
5,2,MLP,natural,12,0.53894
5,2,MLP,natural,13,0.520128
5,2,MLP,natural,14,0.450532
5,2,MLP,natural,15,0.513477
5,2,MLP,natural,16,0.470059
5,2,MLP,natural,17,0.511104
5,2,MLP,natural,18,0.46519
5,2,MLP,natural,19,0.506283
5,3,LR,100,0,0.065912
5,3,LR,100,1,0.060309
5,3,LR,100,2,0.057208
5,3,LR,100,3,0.054892
5,3,LR,100,4,0.053114
5,3,LR,100,5,0.051724
5,3,LR,100,6,0.050619
5,3,LR,100,7,0.049731
5,3,LR,100,8,0.049008
5,3,LR,100,9,0.048416
5,3,LR,100,10,0.047927
5,3,LR,100,11,0.047522
5,3,LR,100,12,0.047186
5,3,LR,100,13,0.046906
5,3,LR,100,14,0.046673
5,3,LR,100,15,0.046479
5,3,LR,100,16,0.046318
5,3,LR,100,17,0.046186
5,3,LR,100,18,0.046076
5,3,LR,100,19,0.045987
5,3,LR,1.0,0,0.365785
5,3,LR,1.0,1,0.360077
5,3,LR,1.0,2,0.353975
5,3,LR,1.0,3,0.349541
5,3,LR,1.0,4,0.346324
5,3,LR,1.0,5,0.343913
5,3,LR,1.0,6,0.342043
5,3,LR,1.0,7,0.340548
5,3,LR,1.0,8,0.33932
5,3,LR,1.0,9,0.33829
5,3,LR,1.0,10,0.337411
5,3,LR,1.0,11,0.336649
5,3,LR,1.0,12,0.335981
5,3,LR,1.0,13,0.335391
5,3,LR,1.0,14,0.334865
5,3,LR,1.0,15,0.334394
5,3,LR,1.0,16,0.33397
5,3,LR,1.0,17,0.333587
5,3,LR,1.0,18,0.333239
5,3,LR,1.0,19,0.332923
5,3,LR,0.5,0,0.667573
5,3,LR,0.5,1,0.651666
5,3,LR,0.5,2,0.641141
5,3,LR,0.5,3,0.632815
5,3,LR,0.5,4,0.626009
5,3,LR,0.5,5,0.620363
5,3,LR,0.5,6,0.615624
5,3,LR,0.5,7,0.611605
5,3,LR,0.5,8,0.60816
5,3,LR,0.5,9,0.605181
5,3,LR,0.5,10,0.602581
5,3,LR,0.5,11,0.600294
5,3,LR,0.5,12,0.598269
5,3,LR,0.5,13,0.596464
5,3,LR,0.5,14,0.594845
5,3,LR,0.5,15,0.593387
5,3,LR,0.5,16,0.592066
5,3,LR,0.5,17,0.590865
5,3,LR,0.5,18,0.589769
5,3,LR,0.5,19,0.588765
5,3,LR,0.1,0,0.626979
5,3,LR,0.1,1,0.609205
5,3,LR,0.1,2,0.598381
5,3,LR,0.1,3,0.590092
5,3,LR,0.1,4,0.583479
5,3,LR,0.1,5,0.578115
5,3,LR,0.1,6,0.573709
5,3,LR,0.1,7,0.570048
5,3,LR,0.1,8,0.56697
5,3,LR,0.1,9,0.564355
5,3,LR,0.1,10,0.562112
5,3,LR,0.1,11,0.560169
5,3,LR,0.1,12,0.558472
5,3,LR,0.1,13,0.556978
5,3,LR,0.1,14,0.555655
5,3,LR,0.1,15,0.554476
5,3,LR,0.1,16,0.553418
5,3,LR,0.1,17,0.552464
5,3,LR,0.1,18,0.551601
5,3,LR,0.1,19,0.550815
5,3,LR,natural,0,0.28724
5,3,LR,natural,1,0.281148
5,3,LR,natural,2,0.275939
5,3,LR,natural,3,0.271916
5,3,LR,natural,4,0.268667
5,3,LR,natural,5,0.265897
5,3,LR,natural,6,0.263438
5,3,LR,natural,7,0.261194
5,3,LR,natural,8,0.259113
5,3,LR,natural,9,0.25716
5,3,LR,natural,10,0.255318
5,3,LR,natural,11,0.253572
5,3,LR,natural,12,0.251914
5,3,LR,natural,13,0.250336
5,3,LR,natural,14,0.248835
5,3,LR,natural,15,0.247404
5,3,LR,natural,16,0.24604
5,3,LR,natural,17,0.24474
5,3,LR,natural,18,0.243501
5,3,LR,natural,19,0.242318
5,3,MLP,100,0,0.122455
5,3,MLP,100,1,0.094882
5,3,MLP,100,2,0.105261
5,3,MLP,100,3,0.12619
5,3,MLP,100,4,0.145207
5,3,MLP,100,5,0.163068
5,3,MLP,100,6,0.181734
5,3,MLP,100,7,0.202816
5,3,MLP,100,8,0.23101
5,3,MLP,100,9,0.258981
5,3,MLP,100,10,0.283984
5,3,MLP,100,11,0.246131
5,3,MLP,100,12,0.234974
5,3,MLP,100,13,0.244896
5,3,MLP,100,14,0.207485
5,3,MLP,100,15,0.234611
5,3,MLP,100,16,0.203244
5,3,MLP,100,17,0.232661
5,3,MLP,100,18,0.200725
5,3,MLP,100,19,0.232278
5,3,MLP,1.0,0,0.924127
5,3,MLP,1.0,1,0.814259
5,3,MLP,1.0,2,0.719855
5,3,MLP,1.0,3,0.667762
5,3,MLP,1.0,4,0.641515
5,3,MLP,1.0,5,0.629366
5,3,MLP,1.0,6,0.624969
5,3,MLP,1.0,7,0.62364
5,3,MLP,1.0,8,0.623061
5,3,MLP,1.0,9,0.622817
5,3,MLP,1.0,10,0.622212
5,3,MLP,1.0,11,0.621897
5,3,MLP,1.0,12,0.620776
5,3,MLP,1.0,13,0.620564
5,3,MLP,1.0,14,0.618843
5,3,MLP,1.0,15,0.619311
5,3,MLP,1.0,16,0.616741
5,3,MLP,1.0,17,0.618825
5,3,MLP,1.0,18,0.614452
5,3,MLP,1.0,19,0.619985
5,3,MLP,0.5,0,1.338127
5,3,MLP,0.5,1,1.421589
5,3,MLP,0.5,2,1.367006
5,3,MLP,0.5,3,1.650346
5,3,MLP,0.5,4,1.337169
5,3,MLP,0.5,5,1.698669
5,3,MLP,0.5,6,1.40696
5,3,MLP,0.5,7,1.116543
5,3,MLP,0.5,8,1.153951
5,3,MLP,0.5,9,1.264297
5,3,MLP,0.5,10,1.366158
5,3,MLP,0.5,11,1.459595
5,3,MLP,0.5,12,1.462928
5,3,MLP,0.5,13,1.536447
5,3,MLP,0.5,14,1.400826
5,3,MLP,0.5,15,1.118044
5,3,MLP,0.5,16,1.146065
5,3,MLP,0.5,17,1.178661
5,3,MLP,0.5,18,1.261333
5,3,MLP,0.5,19,1.362893
5,3,MLP,0.1,0,1.305798
5,3,MLP,0.1,1,1.346084
5,3,MLP,0.1,2,1.2977
5,3,MLP,0.1,3,1.467098
5,3,MLP,0.1,4,1.242407
5,3,MLP,0.1,5,1.592493
5,3,MLP,0.1,6,1.157361
5,3,MLP,0.1,7,1.044104
5,3,MLP,0.1,8,1.045576
5,3,MLP,0.1,9,1.087349
5,3,MLP,0.1,10,1.132421
5,3,MLP,0.1,11,1.201441
5,3,MLP,0.1,12,1.228064
5,3,MLP,0.1,13,1.384625
5,3,MLP,0.1,14,1.19975
5,3,MLP,0.1,15,1.113912
5,3,MLP,0.1,16,1.056442
5,3,MLP,0.1,17,1.058474
5,3,MLP,0.1,18,1.054505
5,3,MLP,0.1,19,1.078051
5,3,MLP,natural,0,0.735402
5,3,MLP,natural,1,0.654609
5,3,MLP,natural,2,0.616213
5,3,MLP,natural,3,0.568187
5,3,MLP,natural,4,0.536536
5,3,MLP,natural,5,0.520493
5,3,MLP,natural,6,0.511541
5,3,MLP,natural,7,0.506349
5,3,MLP,natural,8,0.505184
5,3,MLP,natural,9,0.505245
5,3,MLP,natural,10,0.505594
5,3,MLP,natural,11,0.506566
5,3,MLP,natural,12,0.506582
5,3,MLP,natural,13,0.512889
5,3,MLP,natural,14,0.500882
5,3,MLP,natural,15,0.484026
5,3,MLP,natural,16,0.520768
5,3,MLP,natural,17,0.487414
5,3,MLP,natural,18,0.513767
5,3,MLP,natural,19,0.489064
5,4,LR,100,0,0.052517
5,4,LR,100,1,0.05125
5,4,LR,100,2,0.049876
5,4,LR,100,3,0.049012
5,4,LR,100,4,0.048509
5,4,LR,100,5,0.048242
5,4,LR,100,6,0.048127
5,4,LR,100,7,0.048109
5,4,LR,100,8,0.048152
5,4,LR,100,9,0.048232
5,4,LR,100,10,0.048334
5,4,LR,100,11,0.04845
5,4,LR,100,12,0.048572
5,4,LR,100,13,0.048698
5,4,LR,100,14,0.048824
5,4,LR,100,15,0.048949
5,4,LR,100,16,0.049073
5,4,LR,100,17,0.049194
5,4,LR,100,18,0.049312
5,4,LR,100,19,0.049428
5,4,LR,1.0,0,0.37494
5,4,LR,1.0,1,0.370958
5,4,LR,1.0,2,0.365349
5,4,LR,1.0,3,0.361178
5,4,LR,1.0,4,0.358107
5,4,LR,1.0,5,0.35576
5,4,LR,1.0,6,0.353898
5,4,LR,1.0,7,0.35237
5,4,LR,1.0,8,0.351079
5,4,LR,1.0,9,0.349964
5,4,LR,1.0,10,0.348984
5,4,LR,1.0,11,0.348111
5,4,LR,1.0,12,0.347326
5,4,LR,1.0,13,0.346613
5,4,LR,1.0,14,0.345963
5,4,LR,1.0,15,0.345368
5,4,LR,1.0,16,0.344821
5,4,LR,1.0,17,0.344317
5,4,LR,1.0,18,0.343851
5,4,LR,1.0,19,0.343421
5,4,LR,0.5,0,0.669203
5,4,LR,0.5,1,0.65395
5,4,LR,0.5,2,0.643904
5,4,LR,0.5,3,0.635867
5,4,LR,0.5,4,0.629197
5,4,LR,0.5,5,0.623579
5,4,LR,0.5,6,0.61879
5,4,LR,0.5,7,0.614664
5,4,LR,0.5,8,0.611075
5,4,LR,0.5,9,0.607925
5,4,LR,0.5,10,0.60514
5,4,LR,0.5,11,0.602658
5,4,LR,0.5,12,0.600433
5,4,LR,0.5,13,0.598427
5,4,LR,0.5,14,0.59661
5,4,LR,0.5,15,0.594955
5,4,LR,0.5,16,0.593444
5,4,LR,0.5,17,0.592059
5,4,LR,0.5,18,0.590784
5,4,LR,0.5,19,0.589608
5,4,LR,0.1,0,0.639833
5,4,LR,0.1,1,0.622624
5,4,LR,0.1,2,0.61197
5,4,LR,0.1,3,0.603676
5,4,LR,0.1,4,0.596943
5,4,LR,0.1,5,0.591387
5,4,LR,0.1,6,0.586739
5,4,LR,0.1,7,0.582804
5,4,LR,0.1,8,0.579434
5,4,LR,0.1,9,0.576517
5,4,LR,0.1,10,0.573968
5,4,LR,0.1,11,0.571721
5,4,LR,0.1,12,0.569725
5,4,LR,0.1,13,0.56794
5,4,LR,0.1,14,0.566334
5,4,LR,0.1,15,0.564881
5,4,LR,0.1,16,0.56356
5,4,LR,0.1,17,0.562354
5,4,LR,0.1,18,0.561249
5,4,LR,0.1,19,0.560233
5,4,LR,natural,0,0.289591
5,4,LR,natural,1,0.283409
5,4,LR,natural,2,0.278211
5,4,LR,natural,3,0.274138
5,4,LR,natural,4,0.270792
5,4,LR,natural,5,0.267891
5,4,LR,natural,6,0.265275
5,4,LR,natural,7,0.262857
5,4,LR,natural,8,0.260586
5,4,LR,natural,9,0.258435
5,4,LR,natural,10,0.256388
5,4,LR,natural,11,0.254435
5,4,LR,natural,12,0.252569
5,4,LR,natural,13,0.250786
5,4,LR,natural,14,0.249082
5,4,LR,natural,15,0.247453
5,4,LR,natural,16,0.245898
5,4,LR,natural,17,0.244411
5,4,LR,natural,18,0.242992
5,4,LR,natural,19,0.241637
5,4,MLP,100,0,0.108932
5,4,MLP,100,1,0.091523
5,4,MLP,100,2,0.108625
5,4,MLP,100,3,0.12664
5,4,MLP,100,4,0.138836
5,4,MLP,100,5,0.149709
5,4,MLP,100,6,0.164734
5,4,MLP,100,7,0.208406
5,4,MLP,100,8,0.207972
5,4,MLP,100,9,0.226948
5,4,MLP,100,10,0.211144
5,4,MLP,100,11,0.177237
5,4,MLP,100,12,0.193572
5,4,MLP,100,13,0.180951
5,4,MLP,100,14,0.191089
5,4,MLP,100,15,0.183534
5,4,MLP,100,16,0.191436
5,4,MLP,100,17,0.186559
5,4,MLP,100,18,0.192578
5,4,MLP,100,19,0.189895
5,4,MLP,1.0,0,0.933125
5,4,MLP,1.0,1,0.832434
5,4,MLP,1.0,2,0.733611
5,4,MLP,1.0,3,0.677148
5,4,MLP,1.0,4,0.648513
5,4,MLP,1.0,5,0.636699
5,4,MLP,1.0,6,0.633176
5,4,MLP,1.0,7,0.634061
5,4,MLP,1.0,8,0.634585
5,4,MLP,1.0,9,0.638517
5,4,MLP,1.0,10,0.634661
5,4,MLP,1.0,11,0.646118
5,4,MLP,1.0,12,0.625062
5,4,MLP,1.0,13,0.653375
5,4,MLP,1.0,14,0.624716
5,4,MLP,1.0,15,0.656413
5,4,MLP,1.0,16,0.631414
5,4,MLP,1.0,17,0.658362
5,4,MLP,1.0,18,0.636694
5,4,MLP,1.0,19,0.659854
5,4,MLP,0.5,0,1.334501
5,4,MLP,0.5,1,1.429463
5,4,MLP,0.5,2,1.385943
5,4,MLP,0.5,3,1.701359
5,4,MLP,0.5,4,1.341176
5,4,MLP,0.5,5,1.719016
5,4,MLP,0.5,6,1.38139
5,4,MLP,0.5,7,1.138616
5,4,MLP,0.5,8,1.217784
5,4,MLP,0.5,9,1.311956
5,4,MLP,0.5,10,1.397407
5,4,MLP,0.5,11,1.500051
5,4,MLP,0.5,12,1.524837
5,4,MLP,0.5,13,1.826865
5,4,MLP,0.5,14,1.222259
5,4,MLP,0.5,15,1.199807
5,4,MLP,0.5,16,1.242179
5,4,MLP,0.5,17,1.303798
5,4,MLP,0.5,18,1.443743
5,4,MLP,0.5,19,1.414289
5,4,MLP,0.1,0,1.316776
5,4,MLP,0.1,1,1.38347
5,4,MLP,0.1,2,1.325462
5,4,MLP,0.1,3,1.567821
5,4,MLP,0.1,4,1.25283
5,4,MLP,0.1,5,1.692892
5,4,MLP,0.1,6,1.206692
5,4,MLP,0.1,7,1.091774
5,4,MLP,0.1,8,1.098631
5,4,MLP,0.1,9,1.187134
5,4,MLP,0.1,10,1.253286
5,4,MLP,0.1,11,1.295327
5,4,MLP,0.1,12,1.364998
5,4,MLP,0.1,13,1.315331
5,4,MLP,0.1,14,1.834793
5,4,MLP,0.1,15,1.104959
5,4,MLP,0.1,16,1.074242
5,4,MLP,0.1,17,1.100064
5,4,MLP,0.1,18,1.115213
5,4,MLP,0.1,19,1.151375
5,4,MLP,natural,0,0.771011
5,4,MLP,natural,1,0.66125
5,4,MLP,natural,2,0.623676
5,4,MLP,natural,3,0.578475
5,4,MLP,natural,4,0.549589
5,4,MLP,natural,5,0.537055
5,4,MLP,natural,6,0.532937
5,4,MLP,natural,7,0.538546
5,4,MLP,natural,8,0.548955
5,4,MLP,natural,9,0.555052
5,4,MLP,natural,10,0.546844
5,4,MLP,natural,11,0.570439
5,4,MLP,natural,12,0.56294
5,4,MLP,natural,13,0.473796
5,4,MLP,natural,14,0.518471
5,4,MLP,natural,15,0.486075
5,4,MLP,natural,16,0.513928
5,4,MLP,natural,17,0.477349
5,4,MLP,natural,18,0.503491
5,4,MLP,natural,19,0.475962
6,0,LR,100,0,0.079051
6,0,LR,100,1,0.079671
6,0,LR,100,2,0.079683
6,0,LR,100,3,0.079889
6,0,LR,100,4,0.080165
6,0,LR,100,5,0.080428
6,0,LR,100,6,0.08064
6,0,LR,100,7,0.080788
6,0,LR,100,8,0.080873
6,0,LR,100,9,0.0809
6,0,LR,100,10,0.080879
6,0,LR,100,11,0.080816
6,0,LR,100,12,0.080722
6,0,LR,100,13,0.080603
6,0,LR,100,14,0.080465
6,0,LR,100,15,0.080314
6,0,LR,100,16,0.080154
6,0,LR,100,17,0.079988
6,0,LR,100,18,0.079819
6,0,LR,100,19,0.079649
6,0,LR,1.0,0,0.39154
6,0,LR,1.0,1,0.381613
6,0,LR,1.0,2,0.375859
6,0,LR,1.0,3,0.371955
6,0,LR,1.0,4,0.369201
6,0,LR,1.0,5,0.367182
6,0,LR,1.0,6,0.365642
6,0,LR,1.0,7,0.364417
6,0,LR,1.0,8,0.363406
6,0,LR,1.0,9,0.362542
6,0,LR,1.0,10,0.361783
6,0,LR,1.0,11,0.361102
6,0,LR,1.0,12,0.360482
6,0,LR,1.0,13,0.35991
6,0,LR,1.0,14,0.359378
6,0,LR,1.0,15,0.358881
6,0,LR,1.0,16,0.358415
6,0,LR,1.0,17,0.357976
6,0,LR,1.0,18,0.357564
6,0,LR,1.0,19,0.357175
6,0,LR,0.5,0,0.368871
6,0,LR,0.5,1,0.357049
6,0,LR,0.5,2,0.349307
6,0,LR,0.5,3,0.3436
6,0,LR,0.5,4,0.339264
6,0,LR,0.5,5,0.335867
6,0,LR,0.5,6,0.333128
6,0,LR,0.5,7,0.330861
6,0,LR,0.5,8,0.328939
6,0,LR,0.5,9,0.327277
6,0,LR,0.5,10,0.325816
6,0,LR,0.5,11,0.324514
6,0,LR,0.5,12,0.32334
6,0,LR,0.5,13,0.322271
6,0,LR,0.5,14,0.321292
6,0,LR,0.5,15,0.320389
6,0,LR,0.5,16,0.319551
6,0,LR,0.5,17,0.318771
6,0,LR,0.5,18,0.318042
6,0,LR,0.5,19,0.317358
6,0,LR,0.1,0,0.584881
6,0,LR,0.1,1,0.564428
6,0,LR,0.1,2,0.551787
6,0,LR,0.1,3,0.542235
6,0,LR,0.1,4,0.534724
6,0,LR,0.1,5,0.528633
6,0,LR,0.1,6,0.523562
6,0,LR,0.1,7,0.519249
6,0,LR,0.1,8,0.515514
6,0,LR,0.1,9,0.512234
6,0,LR,0.1,10,0.509321
6,0,LR,0.1,11,0.50671
6,0,LR,0.1,12,0.504352
6,0,LR,0.1,13,0.50221
6,0,LR,0.1,14,0.500255
6,0,LR,0.1,15,0.498463
6,0,LR,0.1,16,0.496815
6,0,LR,0.1,17,0.495294
6,0,LR,0.1,18,0.493888
6,0,LR,0.1,19,0.492583
6,0,LR,natural,0,0.308476
6,0,LR,natural,1,0.304759
6,0,LR,natural,2,0.300535
6,0,LR,natural,3,0.297243
6,0,LR,natural,4,0.294564
6,0,LR,natural,5,0.292233
6,0,LR,natural,6,0.290107
6,0,LR,natural,7,0.288111
6,0,LR,natural,8,0.286205
6,0,LR,natural,9,0.284372
6,0,LR,natural,10,0.282602
6,0,LR,natural,11,0.280892
6,0,LR,natural,12,0.279239
6,0,LR,natural,13,0.277644
6,0,LR,natural,14,0.276105
6,0,LR,natural,15,0.274623
6,0,LR,natural,16,0.273197
6,0,LR,natural,17,0.271826
6,0,LR,natural,18,0.270508
6,0,LR,natural,19,0.269243
6,0,MLP,100,0,0.14992
6,0,MLP,100,1,0.148236
6,0,MLP,100,2,0.152404
6,0,MLP,100,3,0.161445
6,0,MLP,100,4,0.175579
6,0,MLP,100,5,0.19354
6,0,MLP,100,6,0.22034
6,0,MLP,100,7,0.244716
6,0,MLP,100,8,0.224712
6,0,MLP,100,9,0.219993
6,0,MLP,100,10,0.232902
6,0,MLP,100,11,0.247103
6,0,MLP,100,12,0.26654
6,0,MLP,100,13,0.30768
6,0,MLP,100,14,0.273007
6,0,MLP,100,15,0.263249
6,0,MLP,100,16,0.254814
6,0,MLP,100,17,0.265869
6,0,MLP,100,18,0.255465
6,0,MLP,100,19,0.264111
6,0,MLP,1.0,0,0.932556
6,0,MLP,1.0,1,0.921436
6,0,MLP,1.0,2,0.911471
6,0,MLP,1.0,3,0.880479
6,0,MLP,1.0,4,0.824293
6,0,MLP,1.0,5,0.773005
6,0,MLP,1.0,6,0.73818
6,0,MLP,1.0,7,0.722375
6,0,MLP,1.0,8,0.712114
6,0,MLP,1.0,9,0.707237
6,0,MLP,1.0,10,0.717981
6,0,MLP,1.0,11,0.720294
6,0,MLP,1.0,12,0.740562
6,0,MLP,1.0,13,0.707289
6,0,MLP,1.0,14,0.768193
6,0,MLP,1.0,15,0.711079
6,0,MLP,1.0,16,0.764699
6,0,MLP,1.0,17,0.70633
6,0,MLP,1.0,18,0.745731
6,0,MLP,1.0,19,0.701936
6,0,MLP,0.5,0,0.89151
6,0,MLP,0.5,1,0.887062
6,0,MLP,0.5,2,0.883065
6,0,MLP,0.5,3,0.871976
6,0,MLP,0.5,4,0.834035
6,0,MLP,0.5,5,0.762219
6,0,MLP,0.5,6,0.689264
6,0,MLP,0.5,7,0.640191
6,0,MLP,0.5,8,0.657313
6,0,MLP,0.5,9,0.623545
6,0,MLP,0.5,10,0.600242
6,0,MLP,0.5,11,0.572341
6,0,MLP,0.5,12,0.572375
6,0,MLP,0.5,13,0.564682
6,0,MLP,0.5,14,0.564771
6,0,MLP,0.5,15,0.562187
6,0,MLP,0.5,16,0.563004
6,0,MLP,0.5,17,0.562525
6,0,MLP,0.5,18,0.563158
6,0,MLP,0.5,19,0.563241
6,0,MLP,0.1,0,1.285024
6,0,MLP,0.1,1,1.284202
6,0,MLP,0.1,2,1.285013
6,0,MLP,0.1,3,1.281275
6,0,MLP,0.1,4,1.269912
6,0,MLP,0.1,5,1.230674
6,0,MLP,0.1,6,1.165935
6,0,MLP,0.1,7,1.118542
6,0,MLP,0.1,8,1.109044
6,0,MLP,0.1,9,1.10377
6,0,MLP,0.1,10,1.09852
6,0,MLP,0.1,11,1.102023
6,0,MLP,0.1,12,1.117327
6,0,MLP,0.1,13,1.132491
6,0,MLP,0.1,14,1.187336
6,0,MLP,0.1,15,1.037721
6,0,MLP,0.1,16,1.095578
6,0,MLP,0.1,17,1.026853
6,0,MLP,0.1,18,1.111238
6,0,MLP,0.1,19,1.014774
6,0,MLP,natural,0,0.739417
6,0,MLP,natural,1,0.730057
6,0,MLP,natural,2,0.725544
6,0,MLP,natural,3,0.722495
6,0,MLP,natural,4,0.720332
6,0,MLP,natural,5,0.719949
6,0,MLP,natural,6,0.723782
6,0,MLP,natural,7,0.683223
6,0,MLP,natural,8,0.640633
6,0,MLP,natural,9,0.612773
6,0,MLP,natural,10,0.601822
6,0,MLP,natural,11,0.59514
6,0,MLP,natural,12,0.593365
6,0,MLP,natural,13,0.591036
6,0,MLP,natural,14,0.592247
6,0,MLP,natural,15,0.581203
6,0,MLP,natural,16,0.62768
6,0,MLP,natural,17,0.573884
6,0,MLP,natural,18,0.537682
6,0,MLP,natural,19,0.550279
6,1,LR,100,0,0.081987
6,1,LR,100,1,0.07869
6,1,LR,100,2,0.075741
6,1,LR,100,3,0.07353
6,1,LR,100,4,0.071814
6,1,LR,100,5,0.070429
6,1,LR,100,6,0.06927
6,1,LR,100,7,0.068272
6,1,LR,100,8,0.067395
6,1,LR,100,9,0.066611
6,1,LR,100,10,0.065901
6,1,LR,100,11,0.065252
6,1,LR,100,12,0.064657
6,1,LR,100,13,0.064107
6,1,LR,100,14,0.063598
6,1,LR,100,15,0.063126
6,1,LR,100,16,0.062686
6,1,LR,100,17,0.062277
6,1,LR,100,18,0.061895
6,1,LR,100,19,0.061539
6,1,LR,1.0,0,0.405853
6,1,LR,1.0,1,0.395635
6,1,LR,1.0,2,0.389554
6,1,LR,1.0,3,0.385349
6,1,LR,1.0,4,0.382333
6,1,LR,1.0,5,0.380091
6,1,LR,1.0,6,0.378361
6,1,LR,1.0,7,0.376975
6,1,LR,1.0,8,0.375824
6,1,LR,1.0,9,0.37484
6,1,LR,1.0,10,0.373977
6,1,LR,1.0,11,0.373205
6,1,LR,1.0,12,0.372505
6,1,LR,1.0,13,0.371863
6,1,LR,1.0,14,0.37127
6,1,LR,1.0,15,0.370719
6,1,LR,1.0,16,0.370206
6,1,LR,1.0,17,0.369727
6,1,LR,1.0,18,0.369279
6,1,LR,1.0,19,0.36886
6,1,LR,0.5,0,0.384112
6,1,LR,0.5,1,0.371071
6,1,LR,0.5,2,0.363377
6,1,LR,0.5,3,0.357789
6,1,LR,0.5,4,0.353554
6,1,LR,0.5,5,0.350235
6,1,LR,0.5,6,0.347553
6,1,LR,0.5,7,0.345325
6,1,LR,0.5,8,0.343431
6,1,LR,0.5,9,0.341789
6,1,LR,0.5,10,0.340341
6,1,LR,0.5,11,0.339047
6,1,LR,0.5,12,0.337879
6,1,LR,0.5,13,0.336816
6,1,LR,0.5,14,0.335841
6,1,LR,0.5,15,0.334942
6,1,LR,0.5,16,0.33411
6,1,LR,0.5,17,0.333336
6,1,LR,0.5,18,0.332614
6,1,LR,0.5,19,0.331939
6,1,LR,0.1,0,0.569302
6,1,LR,0.1,1,0.548548
6,1,LR,0.1,2,0.535474
6,1,LR,0.1,3,0.525444
6,1,LR,0.1,4,0.517472
6,1,LR,0.1,5,0.510965
6,1,LR,0.1,6,0.505534
6,1,LR,0.1,7,0.500911
6,1,LR,0.1,8,0.496915
6,1,LR,0.1,9,0.493415
6,1,LR,0.1,10,0.490317
6,1,LR,0.1,11,0.48755
6,1,LR,0.1,12,0.485061
6,1,LR,0.1,13,0.482808
6,1,LR,0.1,14,0.480759
6,1,LR,0.1,15,0.478886
6,1,LR,0.1,16,0.477169
6,1,LR,0.1,17,0.475588
6,1,LR,0.1,18,0.474129
6,1,LR,0.1,19,0.472778
6,1,LR,natural,0,0.308079
6,1,LR,natural,1,0.302237
6,1,LR,natural,2,0.296335
6,1,LR,natural,3,0.291604
6,1,LR,natural,4,0.287696
6,1,LR,natural,5,0.284319
6,1,LR,natural,6,0.281301
6,1,LR,natural,7,0.27854
6,1,LR,natural,8,0.275977
6,1,LR,natural,9,0.273575
6,1,LR,natural,10,0.27131
6,1,LR,natural,11,0.269168
6,1,LR,natural,12,0.267137
6,1,LR,natural,13,0.265209
6,1,LR,natural,14,0.263378
6,1,LR,natural,15,0.261637
6,1,LR,natural,16,0.259983
6,1,LR,natural,17,0.258409
6,1,LR,natural,18,0.256913
6,1,LR,natural,19,0.25549
6,1,MLP,100,0,0.18905
6,1,MLP,100,1,0.188175
6,1,MLP,100,2,0.191195
6,1,MLP,100,3,0.19728
6,1,MLP,100,4,0.207578
6,1,MLP,100,5,0.219596
6,1,MLP,100,6,0.227952
6,1,MLP,100,7,0.236822
6,1,MLP,100,8,0.228159
6,1,MLP,100,9,0.196353
6,1,MLP,100,10,0.197301
6,1,MLP,100,11,0.208895
6,1,MLP,100,12,0.218138
6,1,MLP,100,13,0.229345
6,1,MLP,100,14,0.25533
6,1,MLP,100,15,0.281563
6,1,MLP,100,16,0.191221
6,1,MLP,100,17,0.226456
6,1,MLP,100,18,0.210661
6,1,MLP,100,19,0.237752
6,1,MLP,1.0,0,0.962533
6,1,MLP,1.0,1,0.950422
6,1,MLP,1.0,2,0.932361
6,1,MLP,1.0,3,0.874502
6,1,MLP,1.0,4,0.79697
6,1,MLP,1.0,5,0.742788
6,1,MLP,1.0,6,0.705714
6,1,MLP,1.0,7,0.684832
6,1,MLP,1.0,8,0.683572
6,1,MLP,1.0,9,0.687473
6,1,MLP,1.0,10,0.691618
6,1,MLP,1.0,11,0.706618
6,1,MLP,1.0,12,0.707182
6,1,MLP,1.0,13,0.718478
6,1,MLP,1.0,14,0.70481
6,1,MLP,1.0,15,0.724992
6,1,MLP,1.0,16,0.68085
6,1,MLP,1.0,17,0.702667
6,1,MLP,1.0,18,0.649882
6,1,MLP,1.0,19,0.69018
6,1,MLP,0.5,0,0.912807
6,1,MLP,0.5,1,0.904003
6,1,MLP,0.5,2,0.900179
6,1,MLP,0.5,3,0.894133
6,1,MLP,0.5,4,0.869289
6,1,MLP,0.5,5,0.811759
6,1,MLP,0.5,6,0.745029
6,1,MLP,0.5,7,0.690097
6,1,MLP,0.5,8,0.692654
6,1,MLP,0.5,9,0.628906
6,1,MLP,0.5,10,0.604717
6,1,MLP,0.5,11,0.592156
6,1,MLP,0.5,12,0.58444
6,1,MLP,0.5,13,0.578985
6,1,MLP,0.5,14,0.575557
6,1,MLP,0.5,15,0.573254
6,1,MLP,0.5,16,0.571933
6,1,MLP,0.5,17,0.571233
6,1,MLP,0.5,18,0.571097
6,1,MLP,0.5,19,0.571366
6,1,MLP,0.1,0,1.267031
6,1,MLP,0.1,1,1.267801
6,1,MLP,0.1,2,1.271833
6,1,MLP,0.1,3,1.271574
6,1,MLP,0.1,4,1.268326
6,1,MLP,0.1,5,1.245913
6,1,MLP,0.1,6,1.184322
6,1,MLP,0.1,7,1.1083
6,1,MLP,0.1,8,1.085956
6,1,MLP,0.1,9,1.097291
6,1,MLP,0.1,10,1.082042
6,1,MLP,0.1,11,1.098064
6,1,MLP,0.1,12,1.055789
6,1,MLP,0.1,13,1.071758
6,1,MLP,0.1,14,1.013665
6,1,MLP,0.1,15,1.047753
6,1,MLP,0.1,16,1.001722
6,1,MLP,0.1,17,1.031017
6,1,MLP,0.1,18,0.993422
6,1,MLP,0.1,19,1.015779
6,1,MLP,natural,0,0.752387
6,1,MLP,natural,1,0.740151
6,1,MLP,natural,2,0.73424
6,1,MLP,natural,3,0.731162
6,1,MLP,natural,4,0.730358
6,1,MLP,natural,5,0.732355
6,1,MLP,natural,6,0.738977
6,1,MLP,natural,7,0.701819
6,1,MLP,natural,8,0.640174
6,1,MLP,natural,9,0.598269
6,1,MLP,natural,10,0.578961
6,1,MLP,natural,11,0.560281
6,1,MLP,natural,12,0.545014
6,1,MLP,natural,13,0.536518
6,1,MLP,natural,14,0.52331
6,1,MLP,natural,15,0.509835
6,1,MLP,natural,16,0.522794
6,1,MLP,natural,17,0.495338
6,1,MLP,natural,18,0.510931
6,1,MLP,natural,19,0.491697
6,2,LR,100,0,0.086253
6,2,LR,100,1,0.084807
6,2,LR,100,2,0.082972
6,2,LR,100,3,0.08164
6,2,LR,100,4,0.080638
6,2,LR,100,5,0.079846
6,2,LR,100,6,0.079191
6,2,LR,100,7,0.078629
6,2,LR,100,8,0.078135
6,2,LR,100,9,0.077691
6,2,LR,100,10,0.077288
6,2,LR,100,11,0.076918
6,2,LR,100,12,0.076578
6,2,LR,100,13,0.076262
6,2,LR,100,14,0.075969
6,2,LR,100,15,0.075697
6,2,LR,100,16,0.075443
6,2,LR,100,17,0.075206
6,2,LR,100,18,0.074986
6,2,LR,100,19,0.074779
6,2,LR,1.0,0,0.418648
6,2,LR,1.0,1,0.4078
6,2,LR,1.0,2,0.401369
6,2,LR,1.0,3,0.396794
6,2,LR,1.0,4,0.393401
6,2,LR,1.0,5,0.3908
6,2,LR,1.0,6,0.38874
6,2,LR,1.0,7,0.38706
6,2,LR,1.0,8,0.38565
6,2,LR,1.0,9,0.384439
6,2,LR,1.0,10,0.383379
6,2,LR,1.0,11,0.382436
6,2,LR,1.0,12,0.381588
6,2,LR,1.0,13,0.380817
6,2,LR,1.0,14,0.380112
6,2,LR,1.0,15,0.379464
6,2,LR,1.0,16,0.378865
6,2,LR,1.0,17,0.378311
6,2,LR,1.0,18,0.377797
6,2,LR,1.0,19,0.377319
6,2,LR,0.5,0,0.389602
6,2,LR,0.5,1,0.377726
6,2,LR,0.5,2,0.370638
6,2,LR,0.5,3,0.365533
6,2,LR,0.5,4,0.36171
6,2,LR,0.5,5,0.358752
6,2,LR,0.5,6,0.356393
6,2,LR,0.5,7,0.354457
6,2,LR,0.5,8,0.352828
6,2,LR,0.5,9,0.351427
6,2,LR,0.5,10,0.350199
6,2,LR,0.5,11,0.349107
6,2,LR,0.5,12,0.348124
6,2,LR,0.5,13,0.347228
6,2,LR,0.5,14,0.346407
6,2,LR,0.5,15,0.345647
6,2,LR,0.5,16,0.344942
6,2,LR,0.5,17,0.344283
6,2,LR,0.5,18,0.343666
6,2,LR,0.5,19,0.343085
6,2,LR,0.1,0,0.568146
6,2,LR,0.1,1,0.547705
6,2,LR,0.1,2,0.534935
6,2,LR,0.1,3,0.525167
6,2,LR,0.1,4,0.517408
6,2,LR,0.1,5,0.511071
6,2,LR,0.1,6,0.505772
6,2,LR,0.1,7,0.501252
6,2,LR,0.1,8,0.497333
6,2,LR,0.1,9,0.493889
6,2,LR,0.1,10,0.490831
6,2,LR,0.1,11,0.48809
6,2,LR,0.1,12,0.485616
6,2,LR,0.1,13,0.48337
6,2,LR,0.1,14,0.48132
6,2,LR,0.1,15,0.479442
6,2,LR,0.1,16,0.477716
6,2,LR,0.1,17,0.476123
6,2,LR,0.1,18,0.47465
6,2,LR,0.1,19,0.473284
6,2,LR,natural,0,0.279148
6,2,LR,natural,1,0.273152
6,2,LR,natural,2,0.268427
6,2,LR,natural,3,0.264707
6,2,LR,natural,4,0.261615
6,2,LR,natural,5,0.258908
6,2,LR,natural,6,0.25645
6,2,LR,natural,7,0.254165
6,2,LR,natural,8,0.252014
6,2,LR,natural,9,0.249972
6,2,LR,natural,10,0.248026
6,2,LR,natural,11,0.246168
6,2,LR,natural,12,0.244393
6,2,LR,natural,13,0.242697
6,2,LR,natural,14,0.241077
6,2,LR,natural,15,0.239529
6,2,LR,natural,16,0.238051
6,2,LR,natural,17,0.23664
6,2,LR,natural,18,0.235294
6,2,LR,natural,19,0.234009
6,2,MLP,100,0,0.183952
6,2,MLP,100,1,0.182058
6,2,MLP,100,2,0.184135
6,2,MLP,100,3,0.189828
6,2,MLP,100,4,0.199422
6,2,MLP,100,5,0.210697
6,2,MLP,100,6,0.222283
6,2,MLP,100,7,0.241038
6,2,MLP,100,8,0.252548
6,2,MLP,100,9,0.24111
6,2,MLP,100,10,0.236737
6,2,MLP,100,11,0.243443
6,2,MLP,100,12,0.257589
6,2,MLP,100,13,0.288299
6,2,MLP,100,14,0.31663
6,2,MLP,100,15,0.334891
6,2,MLP,100,16,0.286071
6,2,MLP,100,17,0.260753
6,2,MLP,100,18,0.280632
6,2,MLP,100,19,0.269438
6,2,MLP,1.0,0,0.976274
6,2,MLP,1.0,1,0.964096
6,2,MLP,1.0,2,0.941723
6,2,MLP,1.0,3,0.89316
6,2,MLP,1.0,4,0.833199
6,2,MLP,1.0,5,0.77862
6,2,MLP,1.0,6,0.758241
6,2,MLP,1.0,7,0.785442
6,2,MLP,1.0,8,0.745636
6,2,MLP,1.0,9,0.73623
6,2,MLP,1.0,10,0.700917
6,2,MLP,1.0,11,0.676474
6,2,MLP,1.0,12,0.677258
6,2,MLP,1.0,13,0.65954
6,2,MLP,1.0,14,0.71243
6,2,MLP,1.0,15,0.657718
6,2,MLP,1.0,16,0.713372
6,2,MLP,1.0,17,0.655996
6,2,MLP,1.0,18,0.71529
6,2,MLP,1.0,19,0.652128
6,2,MLP,0.5,0,0.90812
6,2,MLP,0.5,1,0.906321
6,2,MLP,0.5,2,0.906245
6,2,MLP,0.5,3,0.901895
6,2,MLP,0.5,4,0.875526
6,2,MLP,0.5,5,0.81432
6,2,MLP,0.5,6,0.740235
6,2,MLP,0.5,7,0.700678
6,2,MLP,0.5,8,0.729784
6,2,MLP,0.5,9,0.669788
6,2,MLP,0.5,10,0.660458
6,2,MLP,0.5,11,0.600793
6,2,MLP,0.5,12,0.625715
6,2,MLP,0.5,13,0.570024
6,2,MLP,0.5,14,0.620693
6,2,MLP,0.5,15,0.566439
6,2,MLP,0.5,16,0.621475
6,2,MLP,0.5,17,0.564947
6,2,MLP,0.5,18,0.614678
6,2,MLP,0.5,19,0.569598
6,2,MLP,0.1,0,1.253697
6,2,MLP,0.1,1,1.249854
6,2,MLP,0.1,2,1.248029
6,2,MLP,0.1,3,1.244598
6,2,MLP,0.1,4,1.23929
6,2,MLP,0.1,5,1.222166
6,2,MLP,0.1,6,1.167903
6,2,MLP,0.1,7,1.100145
6,2,MLP,0.1,8,1.070771
6,2,MLP,0.1,9,1.068998
6,2,MLP,0.1,10,1.05806
6,2,MLP,0.1,11,1.056456
6,2,MLP,0.1,12,1.043352
6,2,MLP,0.1,13,1.109036
6,2,MLP,0.1,14,1.015217
6,2,MLP,0.1,15,1.099389
6,2,MLP,0.1,16,1.001892
6,2,MLP,0.1,17,1.073537
6,2,MLP,0.1,18,1.003178
6,2,MLP,0.1,19,1.06217
6,2,MLP,natural,0,0.672847
6,2,MLP,natural,1,0.66007
6,2,MLP,natural,2,0.653501
6,2,MLP,natural,3,0.649263
6,2,MLP,natural,4,0.646599
6,2,MLP,natural,5,0.645969
6,2,MLP,natural,6,0.649603
6,2,MLP,natural,7,0.631231
6,2,MLP,natural,8,0.587835
6,2,MLP,natural,9,0.556835
6,2,MLP,natural,10,0.53221
6,2,MLP,natural,11,0.515489
6,2,MLP,natural,12,0.502354
6,2,MLP,natural,13,0.492695
6,2,MLP,natural,14,0.486793
6,2,MLP,natural,15,0.484177
6,2,MLP,natural,16,0.483567
6,2,MLP,natural,17,0.481861
6,2,MLP,natural,18,0.491586
6,2,MLP,natural,19,0.499594
6,3,LR,100,0,0.091692
6,3,LR,100,1,0.089209
6,3,LR,100,2,0.087978
6,3,LR,100,3,0.087226
6,3,LR,100,4,0.086719
6,3,LR,100,5,0.086333
6,3,LR,100,6,0.086006
6,3,LR,100,7,0.085707
6,3,LR,100,8,0.08542
6,3,LR,100,9,0.085139
6,3,LR,100,10,0.084863
6,3,LR,100,11,0.084591
6,3,LR,100,12,0.084325
6,3,LR,100,13,0.084066
6,3,LR,100,14,0.083815
6,3,LR,100,15,0.083572
6,3,LR,100,16,0.083339
6,3,LR,100,17,0.083116
6,3,LR,100,18,0.082902
6,3,LR,100,19,0.082699
6,3,LR,1.0,0,0.404328
6,3,LR,1.0,1,0.393887
6,3,LR,1.0,2,0.3876
6,3,LR,1.0,3,0.383322
6,3,LR,1.0,4,0.380324
6,3,LR,1.0,5,0.378157
6,3,LR,1.0,6,0.376535
6,3,LR,1.0,7,0.375279
6,3,LR,1.0,8,0.374273
6,3,LR,1.0,9,0.373442
6,3,LR,1.0,10,0.372736
6,3,LR,1.0,11,0.372125
6,3,LR,1.0,12,0.371586
6,3,LR,1.0,13,0.371104
6,3,LR,1.0,14,0.370669
6,3,LR,1.0,15,0.370274
6,3,LR,1.0,16,0.369914
6,3,LR,1.0,17,0.369583
6,3,LR,1.0,18,0.36928
6,3,LR,1.0,19,0.369001
6,3,LR,0.5,0,0.387246
6,3,LR,0.5,1,0.374297
6,3,LR,0.5,2,0.366546
6,3,LR,0.5,3,0.360982
6,3,LR,0.5,4,0.356818
6,3,LR,0.5,5,0.353589
6,3,LR,0.5,6,0.351
6,3,LR,0.5,7,0.348863
6,3,LR,0.5,8,0.347053
6,3,LR,0.5,9,0.345488
6,3,LR,0.5,10,0.34411
6,3,LR,0.5,11,0.342881
6,3,LR,0.5,12,0.341771
6,3,LR,0.5,13,0.340759
6,3,LR,0.5,14,0.339831
6,3,LR,0.5,15,0.338975
6,3,LR,0.5,16,0.33818
6,3,LR,0.5,17,0.33744
6,3,LR,0.5,18,0.336749
6,3,LR,0.5,19,0.336101
6,3,LR,0.1,0,0.570275
6,3,LR,0.1,1,0.548198
6,3,LR,0.1,2,0.534393
6,3,LR,0.1,3,0.523967
6,3,LR,0.1,4,0.515793
6,3,LR,0.1,5,0.509202
6,3,LR,0.1,6,0.503757
6,3,LR,0.1,7,0.499168
6,3,LR,0.1,8,0.495235
6,3,LR,0.1,9,0.491819
6,3,LR,0.1,10,0.488819
6,3,LR,0.1,11,0.48616
6,3,LR,0.1,12,0.483785
6,3,LR,0.1,13,0.481651
6,3,LR,0.1,14,0.479723
6,3,LR,0.1,15,0.477973
6,3,LR,0.1,16,0.476378
6,3,LR,0.1,17,0.47492
6,3,LR,0.1,18,0.473583
6,3,LR,0.1,19,0.472352
6,3,LR,natural,0,0.285016
6,3,LR,natural,1,0.278268
6,3,LR,natural,2,0.272274
6,3,LR,natural,3,0.267552
6,3,LR,natural,4,0.263662
6,3,LR,natural,5,0.260298
6,3,LR,natural,6,0.257287
6,3,LR,natural,7,0.254529
6,3,LR,natural,8,0.251967
6,3,LR,natural,9,0.249566
6,3,LR,natural,10,0.247302
6,3,LR,natural,11,0.245162
6,3,LR,natural,12,0.243135
6,3,LR,natural,13,0.241212
6,3,LR,natural,14,0.239388
6,3,LR,natural,15,0.237655
6,3,LR,natural,16,0.236009
6,3,LR,natural,17,0.234445
6,3,LR,natural,18,0.232959
6,3,LR,natural,19,0.231547
6,3,MLP,100,0,0.188718
6,3,MLP,100,1,0.187349
6,3,MLP,100,2,0.192815
6,3,MLP,100,3,0.203104
6,3,MLP,100,4,0.218163
6,3,MLP,100,5,0.234229
6,3,MLP,100,6,0.253809
6,3,MLP,100,7,0.265564
6,3,MLP,100,8,0.242841
6,3,MLP,100,9,0.237895
6,3,MLP,100,10,0.251844
6,3,MLP,100,11,0.271946
6,3,MLP,100,12,0.288948
6,3,MLP,100,13,0.308782
6,3,MLP,100,14,0.307009
6,3,MLP,100,15,0.311148
6,3,MLP,100,16,0.29044
6,3,MLP,100,17,0.315507
6,3,MLP,100,18,0.300774
6,3,MLP,100,19,0.322437
6,3,MLP,1.0,0,0.966004
6,3,MLP,1.0,1,0.954269
6,3,MLP,1.0,2,0.936396
6,3,MLP,1.0,3,0.882185
6,3,MLP,1.0,4,0.812821
6,3,MLP,1.0,5,0.752197
6,3,MLP,1.0,6,0.703201
6,3,MLP,1.0,7,0.670885
6,3,MLP,1.0,8,0.645742
6,3,MLP,1.0,9,0.628643
6,3,MLP,1.0,10,0.624657
6,3,MLP,1.0,11,0.629514
6,3,MLP,1.0,12,0.634012
6,3,MLP,1.0,13,0.638193
6,3,MLP,1.0,14,0.636626
6,3,MLP,1.0,15,0.635383
6,3,MLP,1.0,16,0.630729
6,3,MLP,1.0,17,0.626603
6,3,MLP,1.0,18,0.621843
6,3,MLP,1.0,19,0.618026
6,3,MLP,0.5,0,0.914523
6,3,MLP,0.5,1,0.908376
6,3,MLP,0.5,2,0.902128
6,3,MLP,0.5,3,0.877396
6,3,MLP,0.5,4,0.820814
6,3,MLP,0.5,5,0.749159
6,3,MLP,0.5,6,0.685247
6,3,MLP,0.5,7,0.65595
6,3,MLP,0.5,8,0.644076
6,3,MLP,0.5,9,0.592709
6,3,MLP,0.5,10,0.584975
6,3,MLP,0.5,11,0.579022
6,3,MLP,0.5,12,0.578017
6,3,MLP,0.5,13,0.578405
6,3,MLP,0.5,14,0.579322
6,3,MLP,0.5,15,0.580225
6,3,MLP,0.5,16,0.580998
6,3,MLP,0.5,17,0.581654
6,3,MLP,0.5,18,0.582239
6,3,MLP,0.5,19,0.582784
6,3,MLP,0.1,0,1.266031
6,3,MLP,0.1,1,1.262449
6,3,MLP,0.1,2,1.261218
6,3,MLP,0.1,3,1.254531
6,3,MLP,0.1,4,1.225915
6,3,MLP,0.1,5,1.173795
6,3,MLP,0.1,6,1.109716
6,3,MLP,0.1,7,1.083349
6,3,MLP,0.1,8,1.07166
6,3,MLP,0.1,9,1.047722
6,3,MLP,0.1,10,1.038371
6,3,MLP,0.1,11,1.01856
6,3,MLP,0.1,12,1.07192
6,3,MLP,0.1,13,1.004787
6,3,MLP,0.1,14,1.04797
6,3,MLP,0.1,15,0.992596
6,3,MLP,0.1,16,1.023352
6,3,MLP,0.1,17,0.991587
6,3,MLP,0.1,18,1.013626
6,3,MLP,0.1,19,0.991842
6,3,MLP,natural,0,0.693092
6,3,MLP,natural,1,0.679066
6,3,MLP,natural,2,0.670061
6,3,MLP,natural,3,0.663776
6,3,MLP,natural,4,0.660949
6,3,MLP,natural,5,0.66269
6,3,MLP,natural,6,0.670131
6,3,MLP,natural,7,0.624163
6,3,MLP,natural,8,0.564982
6,3,MLP,natural,9,0.523227
6,3,MLP,natural,10,0.496811
6,3,MLP,natural,11,0.479285
6,3,MLP,natural,12,0.466051
6,3,MLP,natural,13,0.455485
6,3,MLP,natural,14,0.447376
6,3,MLP,natural,15,0.441709
6,3,MLP,natural,16,0.441585
6,3,MLP,natural,17,0.43824
6,3,MLP,natural,18,0.427787
6,3,MLP,natural,19,0.484812
6,4,LR,100,0,0.078
6,4,LR,100,1,0.075219
6,4,LR,100,2,0.072729
6,4,LR,100,3,0.070865
6,4,LR,100,4,0.069424
6,4,LR,100,5,0.068266
6,4,LR,100,6,0.067304
6,4,LR,100,7,0.066484
6,4,LR,100,8,0.06577
6,4,LR,100,9,0.065137
6,4,LR,100,10,0.064571
6,4,LR,100,11,0.064059
6,4,LR,100,12,0.063593
6,4,LR,100,13,0.063166
6,4,LR,100,14,0.062774
6,4,LR,100,15,0.062413
6,4,LR,100,16,0.062079
6,4,LR,100,17,0.061769
6,4,LR,100,18,0.061482
6,4,LR,100,19,0.061214
6,4,LR,1.0,0,0.399512
6,4,LR,1.0,1,0.38768
6,4,LR,1.0,2,0.380067
6,4,LR,1.0,3,0.374463
6,4,LR,1.0,4,0.370199
6,4,LR,1.0,5,0.366861
6,4,LR,1.0,6,0.364175
6,4,LR,1.0,7,0.361957
6,4,LR,1.0,8,0.360086
6,4,LR,1.0,9,0.358476
6,4,LR,1.0,10,0.357069
6,4,LR,1.0,11,0.355824
6,4,LR,1.0,12,0.354711
6,4,LR,1.0,13,0.353708
6,4,LR,1.0,14,0.352797
6,4,LR,1.0,15,0.351967
6,4,LR,1.0,16,0.351206
6,4,LR,1.0,17,0.350507
6,4,LR,1.0,18,0.349863
6,4,LR,1.0,19,0.349268
6,4,LR,0.5,0,0.398521
6,4,LR,0.5,1,0.38464
6,4,LR,0.5,2,0.376268
6,4,LR,0.5,3,0.370074
6,4,LR,0.5,4,0.365292
6,4,LR,0.5,5,0.361478
6,4,LR,0.5,6,0.358345
6,4,LR,0.5,7,0.355702
6,4,LR,0.5,8,0.353424
6,4,LR,0.5,9,0.351424
6,4,LR,0.5,10,0.349641
6,4,LR,0.5,11,0.348033
6,4,LR,0.5,12,0.346569
6,4,LR,0.5,13,0.345226
6,4,LR,0.5,14,0.343986
6,4,LR,0.5,15,0.342835
6,4,LR,0.5,16,0.341764
6,4,LR,0.5,17,0.340762
6,4,LR,0.5,18,0.339823
6,4,LR,0.5,19,0.338941
6,4,LR,0.1,0,0.576101
6,4,LR,0.1,1,0.554637
6,4,LR,0.1,2,0.540613
6,4,LR,0.1,3,0.529864
6,4,LR,0.1,4,0.521359
6,4,LR,0.1,5,0.514451
6,4,LR,0.1,6,0.50871
6,4,LR,0.1,7,0.503847
6,4,LR,0.1,8,0.499659
6,4,LR,0.1,9,0.496006
6,4,LR,0.1,10,0.492782
6,4,LR,0.1,11,0.489912
6,4,LR,0.1,12,0.487337
6,4,LR,0.1,13,0.485011
6,4,LR,0.1,14,0.4829
6,4,LR,0.1,15,0.480973
6,4,LR,0.1,16,0.479209
6,4,LR,0.1,17,0.477587
6,4,LR,0.1,18,0.47609
6,4,LR,0.1,19,0.474706
6,4,LR,natural,0,0.296076
6,4,LR,natural,1,0.287158
6,4,LR,natural,2,0.280405
6,4,LR,natural,3,0.275019
6,4,LR,natural,4,0.270535
6,4,LR,natural,5,0.266653
6,4,LR,natural,6,0.263195
6,4,LR,natural,7,0.260053
6,4,LR,natural,8,0.257159
6,4,LR,natural,9,0.254471
6,4,LR,natural,10,0.251959
6,4,LR,natural,11,0.249602
6,4,LR,natural,12,0.247383
6,4,LR,natural,13,0.245291
6,4,LR,natural,14,0.243316
6,4,LR,natural,15,0.241448
6,4,LR,natural,16,0.23968
6,4,LR,natural,17,0.238005
6,4,LR,natural,18,0.236418
6,4,LR,natural,19,0.234911
6,4,MLP,100,0,0.181297
6,4,MLP,100,1,0.179702
6,4,MLP,100,2,0.181517
6,4,MLP,100,3,0.185673
6,4,MLP,100,4,0.193741
6,4,MLP,100,5,0.208285
6,4,MLP,100,6,0.231028
6,4,MLP,100,7,0.231584
6,4,MLP,100,8,0.204762
6,4,MLP,100,9,0.210423
6,4,MLP,100,10,0.226245
6,4,MLP,100,11,0.245364
6,4,MLP,100,12,0.255812
6,4,MLP,100,13,0.25709
6,4,MLP,100,14,0.275842
6,4,MLP,100,15,0.282112
6,4,MLP,100,16,0.266236
6,4,MLP,100,17,0.289294
6,4,MLP,100,18,0.259158
6,4,MLP,100,19,0.278085
6,4,MLP,1.0,0,0.94583
6,4,MLP,1.0,1,0.93548
6,4,MLP,1.0,2,0.917025
6,4,MLP,1.0,3,0.86469
6,4,MLP,1.0,4,0.805623
6,4,MLP,1.0,5,0.754835
6,4,MLP,1.0,6,0.730869
6,4,MLP,1.0,7,0.712756
6,4,MLP,1.0,8,0.709045
6,4,MLP,1.0,9,0.703492
6,4,MLP,1.0,10,0.694184
6,4,MLP,1.0,11,0.711261
6,4,MLP,1.0,12,0.71227
6,4,MLP,1.0,13,0.715643
6,4,MLP,1.0,14,0.705097
6,4,MLP,1.0,15,0.697219
6,4,MLP,1.0,16,0.679979
6,4,MLP,1.0,17,0.675114
6,4,MLP,1.0,18,0.644856
6,4,MLP,1.0,19,0.66195
6,4,MLP,0.5,0,0.941167
6,4,MLP,0.5,1,0.939743
6,4,MLP,0.5,2,0.938748
6,4,MLP,0.5,3,0.929602
6,4,MLP,0.5,4,0.885874
6,4,MLP,0.5,5,0.812983
6,4,MLP,0.5,6,0.747704
6,4,MLP,0.5,7,0.746612
6,4,MLP,0.5,8,0.731359
6,4,MLP,0.5,9,0.676243
6,4,MLP,0.5,10,0.638368
6,4,MLP,0.5,11,0.619219
6,4,MLP,0.5,12,0.614556
6,4,MLP,0.5,13,0.612021
6,4,MLP,0.5,14,0.610726
6,4,MLP,0.5,15,0.609851
6,4,MLP,0.5,16,0.609222
6,4,MLP,0.5,17,0.608692
6,4,MLP,0.5,18,0.608252
6,4,MLP,0.5,19,0.607881
6,4,MLP,0.1,0,1.2825
6,4,MLP,0.1,1,1.291825
6,4,MLP,0.1,2,1.293874
6,4,MLP,0.1,3,1.292258
6,4,MLP,0.1,4,1.28649
6,4,MLP,0.1,5,1.254584
6,4,MLP,0.1,6,1.18405
6,4,MLP,0.1,7,1.12854
6,4,MLP,0.1,8,1.127592
6,4,MLP,0.1,9,1.112495
6,4,MLP,0.1,10,1.092312
6,4,MLP,0.1,11,1.089305
6,4,MLP,0.1,12,1.081578
6,4,MLP,0.1,13,1.129135
6,4,MLP,0.1,14,1.019515
6,4,MLP,0.1,15,1.124185
6,4,MLP,0.1,16,1.003676
6,4,MLP,0.1,17,1.074724
6,4,MLP,0.1,18,0.998848
6,4,MLP,0.1,19,1.057463
6,4,MLP,natural,0,0.71766
6,4,MLP,natural,1,0.707206
6,4,MLP,natural,2,0.702286
6,4,MLP,natural,3,0.699
6,4,MLP,natural,4,0.69616
6,4,MLP,natural,5,0.694127
6,4,MLP,natural,6,0.694744
6,4,MLP,natural,7,0.673911
6,4,MLP,natural,8,0.602842
6,4,MLP,natural,9,0.548297
6,4,MLP,natural,10,0.514368
6,4,MLP,natural,11,0.494917
6,4,MLP,natural,12,0.483651
6,4,MLP,natural,13,0.482664
6,4,MLP,natural,14,0.500131
6,4,MLP,natural,15,0.522871
6,4,MLP,natural,16,0.539203
6,4,MLP,natural,17,0.529274
6,4,MLP,natural,18,0.45709
6,4,MLP,natural,19,0.515783
7,0,LR,100,0,0.058345
7,0,LR,100,1,0.056157
7,0,LR,100,2,0.054431
7,0,LR,100,3,0.053268
7,0,LR,100,4,0.052472
7,0,LR,100,5,0.051917
7,0,LR,100,6,0.051526
7,0,LR,100,7,0.051251
7,0,LR,100,8,0.05106
7,0,LR,100,9,0.050933
7,0,LR,100,10,0.050854
7,0,LR,100,11,0.050812
7,0,LR,100,12,0.050801
7,0,LR,100,13,0.050814
7,0,LR,100,14,0.050847
7,0,LR,100,15,0.050895
7,0,LR,100,16,0.050957
7,0,LR,100,17,0.051029
7,0,LR,100,18,0.051109
7,0,LR,100,19,0.051197
7,0,LR,1.0,0,0.223433
7,0,LR,1.0,1,0.218384
7,0,LR,1.0,2,0.215595
7,0,LR,1.0,3,0.214014
7,0,LR,1.0,4,0.213061
7,0,LR,1.0,5,0.212421
7,0,LR,1.0,6,0.211931
7,0,LR,1.0,7,0.211508
7,0,LR,1.0,8,0.211113
7,0,LR,1.0,9,0.210727
7,0,LR,1.0,10,0.210343
7,0,LR,1.0,11,0.209959
7,0,LR,1.0,12,0.209578
7,0,LR,1.0,13,0.209201
7,0,LR,1.0,14,0.20883
7,0,LR,1.0,15,0.208468
7,0,LR,1.0,16,0.208117
7,0,LR,1.0,17,0.207778
7,0,LR,1.0,18,0.207451
7,0,LR,1.0,19,0.207138
7,0,LR,0.5,0,0.367531
7,0,LR,0.5,1,0.348232
7,0,LR,0.5,2,0.338566
7,0,LR,0.5,3,0.331652
7,0,LR,0.5,4,0.326421
7,0,LR,0.5,5,0.322347
7,0,LR,0.5,6,0.319092
7,0,LR,0.5,7,0.316431
7,0,LR,0.5,8,0.314211
7,0,LR,0.5,9,0.312326
7,0,LR,0.5,10,0.310702
7,0,LR,0.5,11,0.309285
7,0,LR,0.5,12,0.308036
7,0,LR,0.5,13,0.306925
7,0,LR,0.5,14,0.30593
7,0,LR,0.5,15,0.305032
7,0,LR,0.5,16,0.304219
7,0,LR,0.5,17,0.303479
7,0,LR,0.5,18,0.302802
7,0,LR,0.5,19,0.302181
7,0,LR,0.1,0,0.550669
7,0,LR,0.1,1,0.532219
7,0,LR,0.1,2,0.520289
7,0,LR,0.1,3,0.511613
7,0,LR,0.1,4,0.505109
7,0,LR,0.1,5,0.500076
7,0,LR,0.1,6,0.496063
7,0,LR,0.1,7,0.492779
7,0,LR,0.1,8,0.490031
7,0,LR,0.1,9,0.487689
7,0,LR,0.1,10,0.485662
7,0,LR,0.1,11,0.483885
7,0,LR,0.1,12,0.482313
7,0,LR,0.1,13,0.48091
7,0,LR,0.1,14,0.479649
7,0,LR,0.1,15,0.478509
7,0,LR,0.1,16,0.477474
7,0,LR,0.1,17,0.47653
7,0,LR,0.1,18,0.475666
7,0,LR,0.1,19,0.474873
7,0,LR,natural,0,0.286194
7,0,LR,natural,1,0.278879
7,0,LR,natural,2,0.272577
7,0,LR,natural,3,0.26766
7,0,LR,natural,4,0.263666
7,0,LR,natural,5,0.260255
7,0,LR,natural,6,0.257231
7,0,LR,natural,7,0.25448
7,0,LR,natural,8,0.251935
7,0,LR,natural,9,0.249554
7,0,LR,natural,10,0.247313
7,0,LR,natural,11,0.245194
7,0,LR,natural,12,0.243185
7,0,LR,natural,13,0.241276
7,0,LR,natural,14,0.239461
7,0,LR,natural,15,0.237734
7,0,LR,natural,16,0.236089
7,0,LR,natural,17,0.234523
7,0,LR,natural,18,0.23303
7,0,LR,natural,19,0.231606
7,0,MLP,100,0,0.141021
7,0,MLP,100,1,0.143783
7,0,MLP,100,2,0.141932
7,0,MLP,100,3,0.143558
7,0,MLP,100,4,0.146187
7,0,MLP,100,5,0.149729
7,0,MLP,100,6,0.171378
7,0,MLP,100,7,0.204366
7,0,MLP,100,8,0.235487
7,0,MLP,100,9,0.259911
7,0,MLP,100,10,0.276188
7,0,MLP,100,11,0.286086
7,0,MLP,100,12,0.289233
7,0,MLP,100,13,0.293675
7,0,MLP,100,14,0.28515
7,0,MLP,100,15,0.294694
7,0,MLP,100,16,0.247337
7,0,MLP,100,17,0.237792
7,0,MLP,100,18,0.214245
7,0,MLP,100,19,0.21907
7,0,MLP,1.0,0,0.554463
7,0,MLP,1.0,1,0.527196
7,0,MLP,1.0,2,0.464487
7,0,MLP,1.0,3,0.405748
7,0,MLP,1.0,4,0.369769
7,0,MLP,1.0,5,0.346801
7,0,MLP,1.0,6,0.331663
7,0,MLP,1.0,7,0.321067
7,0,MLP,1.0,8,0.319853
7,0,MLP,1.0,9,0.319098
7,0,MLP,1.0,10,0.333638
7,0,MLP,1.0,11,0.327691
7,0,MLP,1.0,12,0.372993
7,0,MLP,1.0,13,0.322809
7,0,MLP,1.0,14,0.347868
7,0,MLP,1.0,15,0.324001
7,0,MLP,1.0,16,0.341359
7,0,MLP,1.0,17,0.324993
7,0,MLP,1.0,18,0.339057
7,0,MLP,1.0,19,0.325344
7,0,MLP,0.5,0,0.75981
7,0,MLP,0.5,1,0.759006
7,0,MLP,0.5,2,0.706622
7,0,MLP,0.5,3,0.626968
7,0,MLP,0.5,4,0.597813
7,0,MLP,0.5,5,0.596136
7,0,MLP,0.5,6,0.603489
7,0,MLP,0.5,7,0.616099
7,0,MLP,0.5,8,0.629862
7,0,MLP,0.5,9,0.642238
7,0,MLP,0.5,10,0.652673
7,0,MLP,0.5,11,0.659792
7,0,MLP,0.5,12,0.662907
7,0,MLP,0.5,13,0.662751
7,0,MLP,0.5,14,0.660503
7,0,MLP,0.5,15,0.657079
7,0,MLP,0.5,16,0.653103
7,0,MLP,0.5,17,0.649001
7,0,MLP,0.5,18,0.645062
7,0,MLP,0.5,19,0.641466
7,0,MLP,0.1,0,1.211299
7,0,MLP,0.1,1,1.198141
7,0,MLP,0.1,2,1.106862
7,0,MLP,0.1,3,1.001757
7,0,MLP,0.1,4,0.950729
7,0,MLP,0.1,5,0.954385
7,0,MLP,0.1,6,0.972404
7,0,MLP,0.1,7,0.998302
7,0,MLP,0.1,8,0.972836
7,0,MLP,0.1,9,1.052902
7,0,MLP,0.1,10,0.920482
7,0,MLP,0.1,11,0.942598
7,0,MLP,0.1,12,0.903753
7,0,MLP,0.1,13,0.948983
7,0,MLP,0.1,14,0.917533
7,0,MLP,0.1,15,0.962372
7,0,MLP,0.1,16,0.926641
7,0,MLP,0.1,17,0.963181
7,0,MLP,0.1,18,0.932372
7,0,MLP,0.1,19,0.967279
7,0,MLP,natural,0,0.737147
7,0,MLP,natural,1,0.720372
7,0,MLP,natural,2,0.660597
7,0,MLP,natural,3,0.586115
7,0,MLP,natural,4,0.51355
7,0,MLP,natural,5,0.471263
7,0,MLP,natural,6,0.447655
7,0,MLP,natural,7,0.431755
7,0,MLP,natural,8,0.419586
7,0,MLP,natural,9,0.409241
7,0,MLP,natural,10,0.406116
7,0,MLP,natural,11,0.411914
7,0,MLP,natural,12,0.406955
7,0,MLP,natural,13,0.43264
7,0,MLP,natural,14,0.381183
7,0,MLP,natural,15,0.401107
7,0,MLP,natural,16,0.373336
7,0,MLP,natural,17,0.390843
7,0,MLP,natural,18,0.370577
7,0,MLP,natural,19,0.386662
7,1,LR,100,0,0.05505
7,1,LR,100,1,0.052659
7,1,LR,100,2,0.051522
7,1,LR,100,3,0.05073
7,1,LR,100,4,0.050145
7,1,LR,100,5,0.049693
7,1,LR,100,6,0.04933
7,1,LR,100,7,0.049029
7,1,LR,100,8,0.048772
7,1,LR,100,9,0.04855
7,1,LR,100,10,0.048353
7,1,LR,100,11,0.048179
7,1,LR,100,12,0.048022
7,1,LR,100,13,0.047882
7,1,LR,100,14,0.047756
7,1,LR,100,15,0.047641
7,1,LR,100,16,0.047538
7,1,LR,100,17,0.047445
7,1,LR,100,18,0.047361
7,1,LR,100,19,0.047286
7,1,LR,1.0,0,0.258879
7,1,LR,1.0,1,0.253782
7,1,LR,1.0,2,0.250944
7,1,LR,1.0,3,0.249354
7,1,LR,1.0,4,0.248466
7,1,LR,1.0,5,0.247964
7,1,LR,1.0,6,0.247671
7,1,LR,1.0,7,0.247492
7,1,LR,1.0,8,0.247373
7,1,LR,1.0,9,0.247287
7,1,LR,1.0,10,0.247217
7,1,LR,1.0,11,0.247157
7,1,LR,1.0,12,0.247102
7,1,LR,1.0,13,0.24705
7,1,LR,1.0,14,0.247002
7,1,LR,1.0,15,0.246956
7,1,LR,1.0,16,0.246914
7,1,LR,1.0,17,0.246875
7,1,LR,1.0,18,0.246839
7,1,LR,1.0,19,0.246808
7,1,LR,0.5,0,0.380257
7,1,LR,0.5,1,0.362372
7,1,LR,0.5,2,0.353037
7,1,LR,0.5,3,0.346153
7,1,LR,0.5,4,0.340794
7,1,LR,0.5,5,0.336507
7,1,LR,0.5,6,0.332998
7,1,LR,0.5,7,0.330066
7,1,LR,0.5,8,0.327574
7,1,LR,0.5,9,0.325424
7,1,LR,0.5,10,0.323545
7,1,LR,0.5,11,0.321887
7,1,LR,0.5,12,0.320409
7,1,LR,0.5,13,0.319084
7,1,LR,0.5,14,0.317888
7,1,LR,0.5,15,0.316802
7,1,LR,0.5,16,0.315812
7,1,LR,0.5,17,0.314905
7,1,LR,0.5,18,0.314073
7,1,LR,0.5,19,0.313307
7,1,LR,0.1,0,0.572774
7,1,LR,0.1,1,0.555581
7,1,LR,0.1,2,0.545274
7,1,LR,0.1,3,0.537761
7,1,LR,0.1,4,0.532099
7,1,LR,0.1,5,0.527714
7,1,LR,0.1,6,0.52423
7,1,LR,0.1,7,0.5214
7,1,LR,0.1,8,0.519059
7,1,LR,0.1,9,0.517092
7,1,LR,0.1,10,0.515416
7,1,LR,0.1,11,0.513974
7,1,LR,0.1,12,0.512722
7,1,LR,0.1,13,0.511626
7,1,LR,0.1,14,0.510662
7,1,LR,0.1,15,0.509809
7,1,LR,0.1,16,0.50905
7,1,LR,0.1,17,0.508374
7,1,LR,0.1,18,0.507768
7,1,LR,0.1,19,0.507224
7,1,LR,natural,0,0.290263
7,1,LR,natural,1,0.284421
7,1,LR,natural,2,0.279786
7,1,LR,natural,3,0.276081
7,1,LR,natural,4,0.272966
7,1,LR,natural,5,0.270214
7,1,LR,natural,6,0.267698
7,1,LR,natural,7,0.265351
7,1,LR,natural,8,0.263137
7,1,LR,natural,9,0.261034
7,1,LR,natural,10,0.259031
7,1,LR,natural,11,0.257121
7,1,LR,natural,12,0.2553
7,1,LR,natural,13,0.253563
7,1,LR,natural,14,0.251908
7,1,LR,natural,15,0.250331
7,1,LR,natural,16,0.24883
7,1,LR,natural,17,0.247401
7,1,LR,natural,18,0.246042
7,1,LR,natural,19,0.244749
7,1,MLP,100,0,0.09643
7,1,MLP,100,1,0.110052
7,1,MLP,100,2,0.12546
7,1,MLP,100,3,0.139781
7,1,MLP,100,4,0.150691
7,1,MLP,100,5,0.161577
7,1,MLP,100,6,0.175988
7,1,MLP,100,7,0.193148
7,1,MLP,100,8,0.209924
7,1,MLP,100,9,0.22485
7,1,MLP,100,10,0.237533
7,1,MLP,100,11,0.248826
7,1,MLP,100,12,0.253287
7,1,MLP,100,13,0.256701
7,1,MLP,100,14,0.218458
7,1,MLP,100,15,0.21276
7,1,MLP,100,16,0.212716
7,1,MLP,100,17,0.224474
7,1,MLP,100,18,0.21981
7,1,MLP,100,19,0.229957
7,1,MLP,1.0,0,0.627432
7,1,MLP,1.0,1,0.613413
7,1,MLP,1.0,2,0.570423
7,1,MLP,1.0,3,0.492228
7,1,MLP,1.0,4,0.42935
7,1,MLP,1.0,5,0.395476
7,1,MLP,1.0,6,0.375376
7,1,MLP,1.0,7,0.362609
7,1,MLP,1.0,8,0.360046
7,1,MLP,1.0,9,0.362456
7,1,MLP,1.0,10,0.366681
7,1,MLP,1.0,11,0.368253
7,1,MLP,1.0,12,0.376039
7,1,MLP,1.0,13,0.363158
7,1,MLP,1.0,14,0.40852
7,1,MLP,1.0,15,0.35556
7,1,MLP,1.0,16,0.431382
7,1,MLP,1.0,17,0.382037
7,1,MLP,1.0,18,0.409059
7,1,MLP,1.0,19,0.391905
7,1,MLP,0.5,0,0.796973
7,1,MLP,0.5,1,0.798371
7,1,MLP,0.5,2,0.764446
7,1,MLP,0.5,3,0.682849
7,1,MLP,0.5,4,0.631724
7,1,MLP,0.5,5,0.636877
7,1,MLP,0.5,6,0.637456
7,1,MLP,0.5,7,0.640803
7,1,MLP,0.5,8,0.645156
7,1,MLP,0.5,9,0.64731
7,1,MLP,0.5,10,0.648287
7,1,MLP,0.5,11,0.648525
7,1,MLP,0.5,12,0.648216
7,1,MLP,0.5,13,0.647498
7,1,MLP,0.5,14,0.646461
7,1,MLP,0.5,15,0.645142
7,1,MLP,0.5,16,0.643561
7,1,MLP,0.5,17,0.641749
7,1,MLP,0.5,18,0.639772
7,1,MLP,0.5,19,0.637733
7,1,MLP,0.1,0,1.244052
7,1,MLP,0.1,1,1.243202
7,1,MLP,0.1,2,1.182175
7,1,MLP,0.1,3,1.076407
7,1,MLP,0.1,4,1.022469
7,1,MLP,0.1,5,1.04337
7,1,MLP,0.1,6,1.06819
7,1,MLP,0.1,7,1.110265
7,1,MLP,0.1,8,1.142229
7,1,MLP,0.1,9,1.082859
7,1,MLP,0.1,10,1.047081
7,1,MLP,0.1,11,1.041542
7,1,MLP,0.1,12,1.036614
7,1,MLP,0.1,13,1.053644
7,1,MLP,0.1,14,1.048936
7,1,MLP,0.1,15,1.065888
7,1,MLP,0.1,16,1.057233
7,1,MLP,0.1,17,1.074642
7,1,MLP,0.1,18,1.063594
7,1,MLP,0.1,19,1.081591
7,1,MLP,natural,0,0.730064
7,1,MLP,natural,1,0.723266
7,1,MLP,natural,2,0.681228
7,1,MLP,natural,3,0.623644
7,1,MLP,natural,4,0.572009
7,1,MLP,natural,5,0.54743
7,1,MLP,natural,6,0.533678
7,1,MLP,natural,7,0.525457
7,1,MLP,natural,8,0.518561
7,1,MLP,natural,9,0.512235
7,1,MLP,natural,10,0.506171
7,1,MLP,natural,11,0.501702
7,1,MLP,natural,12,0.499208
7,1,MLP,natural,13,0.491319
7,1,MLP,natural,14,0.539838
7,1,MLP,natural,15,0.451789
7,1,MLP,natural,16,0.497484
7,1,MLP,natural,17,0.449693
7,1,MLP,natural,18,0.48487
7,1,MLP,natural,19,0.448703
7,2,LR,100,0,0.070737
7,2,LR,100,1,0.069684
7,2,LR,100,2,0.068406
7,2,LR,100,3,0.067558
7,2,LR,100,4,0.066985
7,2,LR,100,5,0.066583
7,2,LR,100,6,0.066289
7,2,LR,100,7,0.066069
7,2,LR,100,8,0.065898
7,2,LR,100,9,0.065765
7,2,LR,100,10,0.065658
7,2,LR,100,11,0.065573
7,2,LR,100,12,0.065505
7,2,LR,100,13,0.065452
7,2,LR,100,14,0.06541
7,2,LR,100,15,0.065378
7,2,LR,100,16,0.065356
7,2,LR,100,17,0.065341
7,2,LR,100,18,0.065333
7,2,LR,100,19,0.06533
7,2,LR,1.0,0,0.232298
7,2,LR,1.0,1,0.225009
7,2,LR,1.0,2,0.220658
7,2,LR,1.0,3,0.217785
7,2,LR,1.0,4,0.215771
7,2,LR,1.0,5,0.214269
7,2,LR,1.0,6,0.213082
7,2,LR,1.0,7,0.2121
7,2,LR,1.0,8,0.211255
7,2,LR,1.0,9,0.210509
7,2,LR,1.0,10,0.209836
7,2,LR,1.0,11,0.209223
7,2,LR,1.0,12,0.208657
7,2,LR,1.0,13,0.208133
7,2,LR,1.0,14,0.207646
7,2,LR,1.0,15,0.207191
7,2,LR,1.0,16,0.206766
7,2,LR,1.0,17,0.206369
7,2,LR,1.0,18,0.205996
7,2,LR,1.0,19,0.205648
7,2,LR,0.5,0,0.369146
7,2,LR,0.5,1,0.349837
7,2,LR,0.5,2,0.34049
7,2,LR,0.5,3,0.33374
7,2,LR,0.5,4,0.32856
7,2,LR,0.5,5,0.324472
7,2,LR,0.5,6,0.321172
7,2,LR,0.5,7,0.318453
7,2,LR,0.5,8,0.316176
7,2,LR,0.5,9,0.31424
7,2,LR,0.5,10,0.312574
7,2,LR,0.5,11,0.311126
7,2,LR,0.5,12,0.309855
7,2,LR,0.5,13,0.308734
7,2,LR,0.5,14,0.307737
7,2,LR,0.5,15,0.306846
7,2,LR,0.5,16,0.306046
7,2,LR,0.5,17,0.305326
7,2,LR,0.5,18,0.304674
7,2,LR,0.5,19,0.304083
7,2,LR,0.1,0,0.569289
7,2,LR,0.1,1,0.550033
7,2,LR,0.1,2,0.53814
7,2,LR,0.1,3,0.529484
7,2,LR,0.1,4,0.522991
7,2,LR,0.1,5,0.517988
7,2,LR,0.1,6,0.514038
7,2,LR,0.1,7,0.510849
7,2,LR,0.1,8,0.508227
7,2,LR,0.1,9,0.506035
7,2,LR,0.1,10,0.504177
7,2,LR,0.1,11,0.502584
7,2,LR,0.1,12,0.501205
7,2,LR,0.1,13,0.499999
7,2,LR,0.1,14,0.498939
7,2,LR,0.1,15,0.497999
7,2,LR,0.1,16,0.497163
7,2,LR,0.1,17,0.496414
7,2,LR,0.1,18,0.495741
7,2,LR,0.1,19,0.495133
7,2,LR,natural,0,0.289804
7,2,LR,natural,1,0.282978
7,2,LR,natural,2,0.276849
7,2,LR,natural,3,0.272042
7,2,LR,natural,4,0.268137
7,2,LR,natural,5,0.264819
7,2,LR,natural,6,0.261899
7,2,LR,natural,7,0.259267
7,2,LR,natural,8,0.256854
7,2,LR,natural,9,0.254619
7,2,LR,natural,10,0.252533
7,2,LR,natural,11,0.250577
7,2,LR,natural,12,0.248737
7,2,LR,natural,13,0.247002
7,2,LR,natural,14,0.245363
7,2,LR,natural,15,0.243814
7,2,LR,natural,16,0.242348
7,2,LR,natural,17,0.240959
7,2,LR,natural,18,0.239644
7,2,LR,natural,19,0.238396
7,2,MLP,100,0,0.143389
7,2,MLP,100,1,0.152088
7,2,MLP,100,2,0.154697
7,2,MLP,100,3,0.158569
7,2,MLP,100,4,0.166825
7,2,MLP,100,5,0.175238
7,2,MLP,100,6,0.195459
7,2,MLP,100,7,0.229751
7,2,MLP,100,8,0.261655
7,2,MLP,100,9,0.284687
7,2,MLP,100,10,0.298542
7,2,MLP,100,11,0.306652
7,2,MLP,100,12,0.310871
7,2,MLP,100,13,0.314183
7,2,MLP,100,14,0.316599
7,2,MLP,100,15,0.320017
7,2,MLP,100,16,0.322951
7,2,MLP,100,17,0.327737
7,2,MLP,100,18,0.330811
7,2,MLP,100,19,0.337681
7,2,MLP,1.0,0,0.563649
7,2,MLP,1.0,1,0.539132
7,2,MLP,1.0,2,0.483485
7,2,MLP,1.0,3,0.422642
7,2,MLP,1.0,4,0.382501
7,2,MLP,1.0,5,0.357577
7,2,MLP,1.0,6,0.343826
7,2,MLP,1.0,7,0.338704
7,2,MLP,1.0,8,0.341222
7,2,MLP,1.0,9,0.350744
7,2,MLP,1.0,10,0.360469
7,2,MLP,1.0,11,0.377014
7,2,MLP,1.0,12,0.369828
7,2,MLP,1.0,13,0.379796
7,2,MLP,1.0,14,0.368468
7,2,MLP,1.0,15,0.365785
7,2,MLP,1.0,16,0.364791
7,2,MLP,1.0,17,0.367971
7,2,MLP,1.0,18,0.370557
7,2,MLP,1.0,19,0.373304
7,2,MLP,0.5,0,0.740762
7,2,MLP,0.5,1,0.747851
7,2,MLP,0.5,2,0.719468
7,2,MLP,0.5,3,0.648615
7,2,MLP,0.5,4,0.614145
7,2,MLP,0.5,5,0.608235
7,2,MLP,0.5,6,0.613479
7,2,MLP,0.5,7,0.621158
7,2,MLP,0.5,8,0.629671
7,2,MLP,0.5,9,0.637152
7,2,MLP,0.5,10,0.642205
7,2,MLP,0.5,11,0.644439
7,2,MLP,0.5,12,0.644307
7,2,MLP,0.5,13,0.642612
7,2,MLP,0.5,14,0.640151
7,2,MLP,0.5,15,0.637555
7,2,MLP,0.5,16,0.635241
7,2,MLP,0.5,17,0.633412
7,2,MLP,0.5,18,0.632099
7,2,MLP,0.5,19,0.631241
7,2,MLP,0.1,0,1.238014
7,2,MLP,0.1,1,1.230966
7,2,MLP,0.1,2,1.15228
7,2,MLP,0.1,3,1.054197
7,2,MLP,0.1,4,1.024773
7,2,MLP,0.1,5,1.045559
7,2,MLP,0.1,6,1.071884
7,2,MLP,0.1,7,1.109939
7,2,MLP,0.1,8,1.146191
7,2,MLP,0.1,9,1.108229
7,2,MLP,0.1,10,1.088779
7,2,MLP,0.1,11,1.081448
7,2,MLP,0.1,12,1.060133
7,2,MLP,0.1,13,1.080313
7,2,MLP,0.1,14,1.049426
7,2,MLP,0.1,15,1.08382
7,2,MLP,0.1,16,1.045557
7,2,MLP,0.1,17,1.086772
7,2,MLP,0.1,18,1.046065
7,2,MLP,0.1,19,1.089736
7,2,MLP,natural,0,0.736046
7,2,MLP,natural,1,0.726231
7,2,MLP,natural,2,0.678211
7,2,MLP,natural,3,0.617552
7,2,MLP,natural,4,0.562717
7,2,MLP,natural,5,0.534357
7,2,MLP,natural,6,0.519721
7,2,MLP,natural,7,0.509482
7,2,MLP,natural,8,0.512194
7,2,MLP,natural,9,0.519166
7,2,MLP,natural,10,0.505331
7,2,MLP,natural,11,0.520809
7,2,MLP,natural,12,0.489493
7,2,MLP,natural,13,0.498727
7,2,MLP,natural,14,0.482265
7,2,MLP,natural,15,0.488941
7,2,MLP,natural,16,0.479623
7,2,MLP,natural,17,0.484069
7,2,MLP,natural,18,0.478438
7,2,MLP,natural,19,0.480787
7,3,LR,100,0,0.080511
7,3,LR,100,1,0.079158
7,3,LR,100,2,0.077719
7,3,LR,100,3,0.076691
7,3,LR,100,4,0.075915
7,3,LR,100,5,0.07529
7,3,LR,100,6,0.074758
7,3,LR,100,7,0.074287
7,3,LR,100,8,0.073859
7,3,LR,100,9,0.073464
7,3,LR,100,10,0.073096
7,3,LR,100,11,0.07275
7,3,LR,100,12,0.072425
7,3,LR,100,13,0.07212
7,3,LR,100,14,0.071832
7,3,LR,100,15,0.071561
7,3,LR,100,16,0.071306
7,3,LR,100,17,0.071067
7,3,LR,100,18,0.070842
7,3,LR,100,19,0.070632
7,3,LR,1.0,0,0.252005
7,3,LR,1.0,1,0.245494
7,3,LR,1.0,2,0.240995
7,3,LR,1.0,3,0.237967
7,3,LR,1.0,4,0.235829
7,3,LR,1.0,5,0.234228
7,3,LR,1.0,6,0.232962
7,3,LR,1.0,7,0.231916
7,3,LR,1.0,8,0.23102
7,3,LR,1.0,9,0.230232
7,3,LR,1.0,10,0.229527
7,3,LR,1.0,11,0.228887
7,3,LR,1.0,12,0.228302
7,3,LR,1.0,13,0.227763
7,3,LR,1.0,14,0.227265
7,3,LR,1.0,15,0.226803
7,3,LR,1.0,16,0.226374
7,3,LR,1.0,17,0.225975
7,3,LR,1.0,18,0.225603
7,3,LR,1.0,19,0.225257
7,3,LR,0.5,0,0.366914
7,3,LR,0.5,1,0.348532
7,3,LR,0.5,2,0.339567
7,3,LR,0.5,3,0.333115
7,3,LR,0.5,4,0.328172
7,3,LR,0.5,5,0.324273
7,3,LR,0.5,6,0.321121
7,3,LR,0.5,7,0.318517
7,3,LR,0.5,8,0.316325
7,3,LR,0.5,9,0.314449
7,3,LR,0.5,10,0.312823
7,3,LR,0.5,11,0.311396
7,3,LR,0.5,12,0.310134
7,3,LR,0.5,13,0.309007
7,3,LR,0.5,14,0.307994
7,3,LR,0.5,15,0.30708
7,3,LR,0.5,16,0.30625
7,3,LR,0.5,17,0.305493
7,3,LR,0.5,18,0.304801
7,3,LR,0.5,19,0.304165
7,3,LR,0.1,0,0.549886
7,3,LR,0.1,1,0.534031
7,3,LR,0.1,2,0.524095
7,3,LR,0.1,3,0.516966
7,3,LR,0.1,4,0.511678
7,3,LR,0.1,5,0.507617
7,3,LR,0.1,6,0.504396
7,3,LR,0.1,7,0.501765
7,3,LR,0.1,8,0.499563
7,3,LR,0.1,9,0.49768
7,3,LR,0.1,10,0.496043
7,3,LR,0.1,11,0.494601
7,3,LR,0.1,12,0.493317
7,3,LR,0.1,13,0.492164
7,3,LR,0.1,14,0.49112
7,3,LR,0.1,15,0.490171
7,3,LR,0.1,16,0.489303
7,3,LR,0.1,17,0.488507
7,3,LR,0.1,18,0.487775
7,3,LR,0.1,19,0.487099
7,3,LR,natural,0,0.307227
7,3,LR,natural,1,0.303271
7,3,LR,natural,2,0.298467
7,3,LR,natural,3,0.294671
7,3,LR,natural,4,0.291586
7,3,LR,natural,5,0.28893
7,3,LR,natural,6,0.286546
7,3,LR,natural,7,0.284344
7,3,LR,natural,8,0.282275
7,3,LR,natural,9,0.280313
7,3,LR,natural,10,0.27844
7,3,LR,natural,11,0.276647
7,3,LR,natural,12,0.27493
7,3,LR,natural,13,0.273283
7,3,LR,natural,14,0.271705
7,3,LR,natural,15,0.270191
7,3,LR,natural,16,0.268741
7,3,LR,natural,17,0.267351
7,3,LR,natural,18,0.26602
7,3,LR,natural,19,0.264744
7,3,MLP,100,0,0.169524
7,3,MLP,100,1,0.174087
7,3,MLP,100,2,0.175078
7,3,MLP,100,3,0.179929
7,3,MLP,100,4,0.186208
7,3,MLP,100,5,0.191291
7,3,MLP,100,6,0.204156
7,3,MLP,100,7,0.224843
7,3,MLP,100,8,0.250373
7,3,MLP,100,9,0.264401
7,3,MLP,100,10,0.315007
7,3,MLP,100,11,0.241978
7,3,MLP,100,12,0.236322
7,3,MLP,100,13,0.239801
7,3,MLP,100,14,0.249141
7,3,MLP,100,15,0.244591
7,3,MLP,100,16,0.254828
7,3,MLP,100,17,0.248191
7,3,MLP,100,18,0.260829
7,3,MLP,100,19,0.251363
7,3,MLP,1.0,0,0.611698
7,3,MLP,1.0,1,0.586463
7,3,MLP,1.0,2,0.528198
7,3,MLP,1.0,3,0.447496
7,3,MLP,1.0,4,0.396626
7,3,MLP,1.0,5,0.369917
7,3,MLP,1.0,6,0.352926
7,3,MLP,1.0,7,0.341273
7,3,MLP,1.0,8,0.340721
7,3,MLP,1.0,9,0.346312
7,3,MLP,1.0,10,0.358444
7,3,MLP,1.0,11,0.353279
7,3,MLP,1.0,12,0.403832
7,3,MLP,1.0,13,0.378494
7,3,MLP,1.0,14,0.376298
7,3,MLP,1.0,15,0.374984
7,3,MLP,1.0,16,0.374405
7,3,MLP,1.0,17,0.37622
7,3,MLP,1.0,18,0.375648
7,3,MLP,1.0,19,0.380134
7,3,MLP,0.5,0,0.744223
7,3,MLP,0.5,1,0.744214
7,3,MLP,0.5,2,0.701271
7,3,MLP,0.5,3,0.626357
7,3,MLP,0.5,4,0.595879
7,3,MLP,0.5,5,0.599655
7,3,MLP,0.5,6,0.602896
7,3,MLP,0.5,7,0.604912
7,3,MLP,0.5,8,0.607562
7,3,MLP,0.5,9,0.610253
7,3,MLP,0.5,10,0.612926
7,3,MLP,0.5,11,0.615638
7,3,MLP,0.5,12,0.618406
7,3,MLP,0.5,13,0.621216
7,3,MLP,0.5,14,0.624015
7,3,MLP,0.5,15,0.626719
7,3,MLP,0.5,16,0.629231
7,3,MLP,0.5,17,0.631461
7,3,MLP,0.5,18,0.633323
7,3,MLP,0.5,19,0.634728
7,3,MLP,0.1,0,1.208674
7,3,MLP,0.1,1,1.201824
7,3,MLP,0.1,2,1.124125
7,3,MLP,0.1,3,1.019005
7,3,MLP,0.1,4,0.969983
7,3,MLP,0.1,5,0.986139
7,3,MLP,0.1,6,1.014244
7,3,MLP,0.1,7,1.054991
7,3,MLP,0.1,8,1.051807
7,3,MLP,0.1,9,1.061152
7,3,MLP,0.1,10,0.967182
7,3,MLP,0.1,11,1.0077
7,3,MLP,0.1,12,0.952597
7,3,MLP,0.1,13,0.988336
7,3,MLP,0.1,14,0.961613
7,3,MLP,0.1,15,0.995132
7,3,MLP,0.1,16,0.975247
7,3,MLP,0.1,17,1.00613
7,3,MLP,0.1,18,0.987655
7,3,MLP,0.1,19,1.014723
7,3,MLP,natural,0,0.768351
7,3,MLP,natural,1,0.761746
7,3,MLP,natural,2,0.715427
7,3,MLP,natural,3,0.654081
7,3,MLP,natural,4,0.60085
7,3,MLP,natural,5,0.576988
7,3,MLP,natural,6,0.569116
7,3,MLP,natural,7,0.568881
7,3,MLP,natural,8,0.570337
7,3,MLP,natural,9,0.561187
7,3,MLP,natural,10,0.580084
7,3,MLP,natural,11,0.582247
7,3,MLP,natural,12,0.532456
7,3,MLP,natural,13,0.551111
7,3,MLP,natural,14,0.53621
7,3,MLP,natural,15,0.549334
7,3,MLP,natural,16,0.535675
7,3,MLP,natural,17,0.546651
7,3,MLP,natural,18,0.536598
7,3,MLP,natural,19,0.545148
7,4,LR,100,0,0.05745
7,4,LR,100,1,0.056887
7,4,LR,100,2,0.055954
7,4,LR,100,3,0.055448
7,4,LR,100,4,0.055214
7,4,LR,100,5,0.05514
7,4,LR,100,6,0.055164
7,4,LR,100,7,0.055249
7,4,LR,100,8,0.055373
7,4,LR,100,9,0.055523
7,4,LR,100,10,0.05569
7,4,LR,100,11,0.05587
7,4,LR,100,12,0.056056
7,4,LR,100,13,0.056248
7,4,LR,100,14,0.056443
7,4,LR,100,15,0.056639
7,4,LR,100,16,0.056834
7,4,LR,100,17,0.057029
7,4,LR,100,18,0.057222
7,4,LR,100,19,0.057412
7,4,LR,1.0,0,0.248429
7,4,LR,1.0,1,0.240859
7,4,LR,1.0,2,0.236945
7,4,LR,1.0,3,0.234573
7,4,LR,1.0,4,0.233062
7,4,LR,1.0,5,0.232037
7,4,LR,1.0,6,0.23129
7,4,LR,1.0,7,0.230706
7,4,LR,1.0,8,0.230219
7,4,LR,1.0,9,0.229793
7,4,LR,1.0,10,0.229409
7,4,LR,1.0,11,0.229054
7,4,LR,1.0,12,0.228722
7,4,LR,1.0,13,0.22841
7,4,LR,1.0,14,0.228117
7,4,LR,1.0,15,0.22784
7,4,LR,1.0,16,0.227579
7,4,LR,1.0,17,0.227334
7,4,LR,1.0,18,0.227104
7,4,LR,1.0,19,0.226889
7,4,LR,0.5,0,0.377447
7,4,LR,0.5,1,0.358379
7,4,LR,0.5,2,0.34892
7,4,LR,0.5,3,0.342037
7,4,LR,0.5,4,0.336711
7,4,LR,0.5,5,0.332463
7,4,LR,0.5,6,0.328988
7,4,LR,0.5,7,0.326082
7,4,LR,0.5,8,0.323604
7,4,LR,0.5,9,0.321457
7,4,LR,0.5,10,0.319572
7,4,LR,0.5,11,0.317898
7,4,LR,0.5,12,0.316398
7,4,LR,0.5,13,0.315043
7,4,LR,0.5,14,0.313811
7,4,LR,0.5,15,0.312685
7,4,LR,0.5,16,0.31165
7,4,LR,0.5,17,0.310696
7,4,LR,0.5,18,0.309813
7,4,LR,0.5,19,0.308993
7,4,LR,0.1,0,0.557638
7,4,LR,0.1,1,0.536832
7,4,LR,0.1,2,0.523561
7,4,LR,0.1,3,0.513651
7,4,LR,0.1,4,0.506015
7,4,LR,0.1,5,0.499965
7,4,LR,0.1,6,0.495051
7,4,LR,0.1,7,0.490972
7,4,LR,0.1,8,0.487525
7,4,LR,0.1,9,0.484568
7,4,LR,0.1,10,0.481999
7,4,LR,0.1,11,0.479744
7,4,LR,0.1,12,0.477747
7,4,LR,0.1,13,0.475967
7,4,LR,0.1,14,0.474369
7,4,LR,0.1,15,0.472929
7,4,LR,0.1,16,0.471624
7,4,LR,0.1,17,0.470437
7,4,LR,0.1,18,0.469354
7,4,LR,0.1,19,0.468362
7,4,LR,natural,0,0.296348
7,4,LR,natural,1,0.28878
7,4,LR,natural,2,0.282814
7,4,LR,natural,3,0.27811
7,4,LR,natural,4,0.274226
7,4,LR,natural,5,0.270857
7,4,LR,natural,6,0.267824
7,4,LR,natural,7,0.26503
7,4,LR,natural,8,0.262416
7,4,LR,natural,9,0.259948
7,4,LR,natural,10,0.257605
7,4,LR,natural,11,0.255374
7,4,LR,natural,12,0.253246
7,4,LR,natural,13,0.251213
7,4,LR,natural,14,0.249271
7,4,LR,natural,15,0.247415
7,4,LR,natural,16,0.245641
7,4,LR,natural,17,0.243945
7,4,LR,natural,18,0.242324
7,4,LR,natural,19,0.240774
7,4,MLP,100,0,0.14609
7,4,MLP,100,1,0.145241
7,4,MLP,100,2,0.14108
7,4,MLP,100,3,0.142594
7,4,MLP,100,4,0.151238
7,4,MLP,100,5,0.161912
7,4,MLP,100,6,0.178799
7,4,MLP,100,7,0.197835
7,4,MLP,100,8,0.221483
7,4,MLP,100,9,0.237727
7,4,MLP,100,10,0.278008
7,4,MLP,100,11,0.246536
7,4,MLP,100,12,0.229527
7,4,MLP,100,13,0.205515
7,4,MLP,100,14,0.224117
7,4,MLP,100,15,0.208149
7,4,MLP,100,16,0.230975
7,4,MLP,100,17,0.214033
7,4,MLP,100,18,0.237864
7,4,MLP,100,19,0.217605
7,4,MLP,1.0,0,0.586184
7,4,MLP,1.0,1,0.568025
7,4,MLP,1.0,2,0.512899
7,4,MLP,1.0,3,0.439243
7,4,MLP,1.0,4,0.394761
7,4,MLP,1.0,5,0.374621
7,4,MLP,1.0,6,0.366807
7,4,MLP,1.0,7,0.364519
7,4,MLP,1.0,8,0.366433
7,4,MLP,1.0,9,0.371212
7,4,MLP,1.0,10,0.378646
7,4,MLP,1.0,11,0.381162
7,4,MLP,1.0,12,0.398418
7,4,MLP,1.0,13,0.375853
7,4,MLP,1.0,14,0.425962
7,4,MLP,1.0,15,0.373076
7,4,MLP,1.0,16,0.409418
7,4,MLP,1.0,17,0.381115
7,4,MLP,1.0,18,0.404202
7,4,MLP,1.0,19,0.38426
7,4,MLP,0.5,0,0.785117
7,4,MLP,0.5,1,0.781619
7,4,MLP,0.5,2,0.728896
7,4,MLP,0.5,3,0.642332
7,4,MLP,0.5,4,0.607116
7,4,MLP,0.5,5,0.598199
7,4,MLP,0.5,6,0.59862
7,4,MLP,0.5,7,0.609452
7,4,MLP,0.5,8,0.621831
7,4,MLP,0.5,9,0.63204
7,4,MLP,0.5,10,0.6387
7,4,MLP,0.5,11,0.642323
7,4,MLP,0.5,12,0.643959
7,4,MLP,0.5,13,0.64432
7,4,MLP,0.5,14,0.643812
7,4,MLP,0.5,15,0.642686
7,4,MLP,0.5,16,0.641115
7,4,MLP,0.5,17,0.63923
7,4,MLP,0.5,18,0.637141
7,4,MLP,0.5,19,0.634936
7,4,MLP,0.1,0,1.213054
7,4,MLP,0.1,1,1.200161
7,4,MLP,0.1,2,1.111343
7,4,MLP,0.1,3,1.014283
7,4,MLP,0.1,4,0.967532
7,4,MLP,0.1,5,0.965661
7,4,MLP,0.1,6,0.97608
7,4,MLP,0.1,7,0.983117
7,4,MLP,0.1,8,1.040234
7,4,MLP,0.1,9,1.013444
7,4,MLP,0.1,10,0.960267
7,4,MLP,0.1,11,0.962298
7,4,MLP,0.1,12,0.938258
7,4,MLP,0.1,13,0.954361
7,4,MLP,0.1,14,0.944043
7,4,MLP,0.1,15,0.959797
7,4,MLP,0.1,16,0.946883
7,4,MLP,0.1,17,0.9589
7,4,MLP,0.1,18,0.951361
7,4,MLP,0.1,19,0.959998
7,4,MLP,natural,0,0.755221
7,4,MLP,natural,1,0.743134
7,4,MLP,natural,2,0.689137
7,4,MLP,natural,3,0.615652
7,4,MLP,natural,4,0.550808
7,4,MLP,natural,5,0.515155
7,4,MLP,natural,6,0.494346
7,4,MLP,natural,7,0.484008
7,4,MLP,natural,8,0.479628
7,4,MLP,natural,9,0.476958
7,4,MLP,natural,10,0.474726
7,4,MLP,natural,11,0.4724
7,4,MLP,natural,12,0.469814
7,4,MLP,natural,13,0.467726
7,4,MLP,natural,14,0.464955
7,4,MLP,natural,15,0.464757
7,4,MLP,natural,16,0.462675
7,4,MLP,natural,17,0.463412
7,4,MLP,natural,18,0.465988
7,4,MLP,natural,19,0.454402
8,0,LR,100,0,0.055445
8,0,LR,100,1,0.052452
8,0,LR,100,2,0.051651
8,0,LR,100,3,0.051107
8,0,LR,100,4,0.050699
8,0,LR,100,5,0.050378
8,0,LR,100,6,0.050116
8,0,LR,100,7,0.049897
8,0,LR,100,8,0.049711
8,0,LR,100,9,0.049551
8,0,LR,100,10,0.049413
8,0,LR,100,11,0.049294
8,0,LR,100,12,0.04919
8,0,LR,100,13,0.049101
8,0,LR,100,14,0.049025
8,0,LR,100,15,0.04896
8,0,LR,100,16,0.048906
8,0,LR,100,17,0.048862
8,0,LR,100,18,0.048826
8,0,LR,100,19,0.048797
8,0,LR,1.0,0,0.300197
8,0,LR,1.0,1,0.299005
8,0,LR,1.0,2,0.295849
8,0,LR,1.0,3,0.293873
8,0,LR,1.0,4,0.292651
8,0,LR,1.0,5,0.291848
8,0,LR,1.0,6,0.291276
8,0,LR,1.0,7,0.290832
8,0,LR,1.0,8,0.29046
8,0,LR,1.0,9,0.290129
8,0,LR,1.0,10,0.289821
8,0,LR,1.0,11,0.289529
8,0,LR,1.0,12,0.289247
8,0,LR,1.0,13,0.288974
8,0,LR,1.0,14,0.288708
8,0,LR,1.0,15,0.28845
8,0,LR,1.0,16,0.288199
8,0,LR,1.0,17,0.287955
8,0,LR,1.0,18,0.28772
8,0,LR,1.0,19,0.287493
8,0,LR,0.5,0,0.246761
8,0,LR,0.5,1,0.241008
8,0,LR,0.5,2,0.238011
8,0,LR,0.5,3,0.236247
8,0,LR,0.5,4,0.235167
8,0,LR,0.5,5,0.234466
8,0,LR,0.5,6,0.233978
8,0,LR,0.5,7,0.233612
8,0,LR,0.5,8,0.233317
8,0,LR,0.5,9,0.233067
8,0,LR,0.5,10,0.232845
8,0,LR,0.5,11,0.232645
8,0,LR,0.5,12,0.232461
8,0,LR,0.5,13,0.232291
8,0,LR,0.5,14,0.232134
8,0,LR,0.5,15,0.231989
8,0,LR,0.5,16,0.231855
8,0,LR,0.5,17,0.231732
8,0,LR,0.5,18,0.23162
8,0,LR,0.5,19,0.231517
8,0,LR,0.1,0,0.52566
8,0,LR,0.1,1,0.51112
8,0,LR,0.1,2,0.503354
8,0,LR,0.1,3,0.497422
8,0,LR,0.1,4,0.492543
8,0,LR,0.1,5,0.488437
8,0,LR,0.1,6,0.484934
8,0,LR,0.1,7,0.481908
8,0,LR,0.1,8,0.479267
8,0,LR,0.1,9,0.476939
8,0,LR,0.1,10,0.474868
8,0,LR,0.1,11,0.473013
8,0,LR,0.1,12,0.471338
8,0,LR,0.1,13,0.469817
8,0,LR,0.1,14,0.468429
8,0,LR,0.1,15,0.467155
8,0,LR,0.1,16,0.465982
8,0,LR,0.1,17,0.464897
8,0,LR,0.1,18,0.46389
8,0,LR,0.1,19,0.462953
8,0,LR,natural,0,0.296799
8,0,LR,natural,1,0.290684
8,0,LR,natural,2,0.285041
8,0,LR,natural,3,0.280577
8,0,LR,natural,4,0.276938
8,0,LR,natural,5,0.273819
8,0,LR,natural,6,0.271045
8,0,LR,natural,7,0.268512
8,0,LR,natural,8,0.266161
8,0,LR,natural,9,0.263956
8,0,LR,natural,10,0.261874
8,0,LR,natural,11,0.259902
8,0,LR,natural,12,0.258027
8,0,LR,natural,13,0.256244
8,0,LR,natural,14,0.254545
8,0,LR,natural,15,0.252926
8,0,LR,natural,16,0.251382
8,0,LR,natural,17,0.24991
8,0,LR,natural,18,0.248506
8,0,LR,natural,19,0.247166
8,0,MLP,100,0,0.117572
8,0,MLP,100,1,0.109691
8,0,MLP,100,2,0.112151
8,0,MLP,100,3,0.118593
8,0,MLP,100,4,0.128408
8,0,MLP,100,5,0.137148
8,0,MLP,100,6,0.154612
8,0,MLP,100,7,0.174365
8,0,MLP,100,8,0.188984
8,0,MLP,100,9,0.205616
8,0,MLP,100,10,0.245001
8,0,MLP,100,11,0.32551
8,0,MLP,100,12,0.204438
8,0,MLP,100,13,0.199601
8,0,MLP,100,14,0.212114
8,0,MLP,100,15,0.215026
8,0,MLP,100,16,0.224711
8,0,MLP,100,17,0.224348
8,0,MLP,100,18,0.237217
8,0,MLP,100,19,0.233696
8,0,MLP,1.0,0,0.730206
8,0,MLP,1.0,1,0.733612
8,0,MLP,1.0,2,0.711376
8,0,MLP,1.0,3,0.65771
8,0,MLP,1.0,4,0.59412
8,0,MLP,1.0,5,0.553401
8,0,MLP,1.0,6,0.539712
8,0,MLP,1.0,7,0.539506
8,0,MLP,1.0,8,0.543552
8,0,MLP,1.0,9,0.55936
8,0,MLP,1.0,10,0.58923
8,0,MLP,1.0,11,0.612649
8,0,MLP,1.0,12,0.632045
8,0,MLP,1.0,13,0.637625
8,0,MLP,1.0,14,0.65779
8,0,MLP,1.0,15,0.567498
8,0,MLP,1.0,16,0.522592
8,0,MLP,1.0,17,0.603069
8,0,MLP,1.0,18,0.62701
8,0,MLP,1.0,19,0.648527
8,0,MLP,0.5,0,0.671422
8,0,MLP,0.5,1,0.61277
8,0,MLP,0.5,2,0.5783
8,0,MLP,0.5,3,0.511173
8,0,MLP,0.5,4,0.457164
8,0,MLP,0.5,5,0.429446
8,0,MLP,0.5,6,0.422707
8,0,MLP,0.5,7,0.440413
8,0,MLP,0.5,8,0.458102
8,0,MLP,0.5,9,0.460411
8,0,MLP,0.5,10,0.461446
8,0,MLP,0.5,11,0.464281
8,0,MLP,0.5,12,0.467258
8,0,MLP,0.5,13,0.47105
8,0,MLP,0.5,14,0.475305
8,0,MLP,0.5,15,0.480943
8,0,MLP,0.5,16,0.486818
8,0,MLP,0.5,17,0.492482
8,0,MLP,0.5,18,0.497113
8,0,MLP,0.5,19,0.500551
8,0,MLP,0.1,0,1.114519
8,0,MLP,0.1,1,1.133557
8,0,MLP,0.1,2,1.063176
8,0,MLP,0.1,3,1.287631
8,0,MLP,0.1,4,1.360215
8,0,MLP,0.1,5,1.459103
8,0,MLP,0.1,6,1.249112
8,0,MLP,0.1,7,1.366817
8,0,MLP,0.1,8,0.993351
8,0,MLP,0.1,9,1.183411
8,0,MLP,0.1,10,1.225353
8,0,MLP,0.1,11,0.860489
8,0,MLP,0.1,12,1.22357
8,0,MLP,0.1,13,1.276841
8,0,MLP,0.1,14,1.119228
8,0,MLP,0.1,15,1.139082
8,0,MLP,0.1,16,1.031854
8,0,MLP,0.1,17,1.22272
8,0,MLP,0.1,18,0.927858
8,0,MLP,0.1,19,1.162894
8,0,MLP,natural,0,0.756947
8,0,MLP,natural,1,0.752198
8,0,MLP,natural,2,0.724828
8,0,MLP,natural,3,0.676873
8,0,MLP,natural,4,0.627974
8,0,MLP,natural,5,0.5968
8,0,MLP,natural,6,0.572707
8,0,MLP,natural,7,0.551847
8,0,MLP,natural,8,0.54116
8,0,MLP,natural,9,0.53511
8,0,MLP,natural,10,0.526683
8,0,MLP,natural,11,0.518174
8,0,MLP,natural,12,0.518547
8,0,MLP,natural,13,0.50924
8,0,MLP,natural,14,0.485296
8,0,MLP,natural,15,0.537982
8,0,MLP,natural,16,0.484524
8,0,MLP,natural,17,0.537155
8,0,MLP,natural,18,0.488327
8,0,MLP,natural,19,0.536428
8,1,LR,100,0,0.066277
8,1,LR,100,1,0.062072
8,1,LR,100,2,0.060575
8,1,LR,100,3,0.059452
8,1,LR,100,4,0.05856
8,1,LR,100,5,0.057837
8,1,LR,100,6,0.057242
8,1,LR,100,7,0.056746
8,1,LR,100,8,0.056327
8,1,LR,100,9,0.05597
8,1,LR,100,10,0.055664
8,1,LR,100,11,0.0554
8,1,LR,100,12,0.055171
8,1,LR,100,13,0.054972
8,1,LR,100,14,0.054798
8,1,LR,100,15,0.054645
8,1,LR,100,16,0.054512
8,1,LR,100,17,0.054395
8,1,LR,100,18,0.054292
8,1,LR,100,19,0.054202
8,1,LR,1.0,0,0.256856
8,1,LR,1.0,1,0.25655
8,1,LR,1.0,2,0.254749
8,1,LR,1.0,3,0.253779
8,1,LR,1.0,4,0.253308
8,1,LR,1.0,5,0.25309
8,1,LR,1.0,6,0.252995
8,1,LR,1.0,7,0.252954
8,1,LR,1.0,8,0.252935
8,1,LR,1.0,9,0.252921
8,1,LR,1.0,10,0.252905
8,1,LR,1.0,11,0.252883
8,1,LR,1.0,12,0.252856
8,1,LR,1.0,13,0.252825
8,1,LR,1.0,14,0.252791
8,1,LR,1.0,15,0.252754
8,1,LR,1.0,16,0.252717
8,1,LR,1.0,17,0.25268
8,1,LR,1.0,18,0.252644
8,1,LR,1.0,19,0.25261
8,1,LR,0.5,0,0.260194
8,1,LR,0.5,1,0.254728
8,1,LR,0.5,2,0.252532
8,1,LR,0.5,3,0.251394
8,1,LR,0.5,4,0.250803
8,1,LR,0.5,5,0.250489
8,1,LR,0.5,6,0.25031
8,1,LR,0.5,7,0.250189
8,1,LR,0.5,8,0.250089
8,1,LR,0.5,9,0.249991
8,1,LR,0.5,10,0.24989
8,1,LR,0.5,11,0.249781
8,1,LR,0.5,12,0.249667
8,1,LR,0.5,13,0.249549
8,1,LR,0.5,14,0.249429
8,1,LR,0.5,15,0.249309
8,1,LR,0.5,16,0.249192
8,1,LR,0.5,17,0.249078
8,1,LR,0.5,18,0.24897
8,1,LR,0.5,19,0.248867
8,1,LR,0.1,0,0.523973
8,1,LR,0.1,1,0.510364
8,1,LR,0.1,2,0.503332
8,1,LR,0.1,3,0.49804
8,1,LR,0.1,4,0.493724
8,1,LR,0.1,5,0.490118
8,1,LR,0.1,6,0.487063
8,1,LR,0.1,7,0.484444
8,1,LR,0.1,8,0.482174
8,1,LR,0.1,9,0.480188
8,1,LR,0.1,10,0.478434
8,1,LR,0.1,11,0.476872
8,1,LR,0.1,12,0.475471
8,1,LR,0.1,13,0.474207
8,1,LR,0.1,14,0.473059
8,1,LR,0.1,15,0.472012
8,1,LR,0.1,16,0.471052
8,1,LR,0.1,17,0.470168
8,1,LR,0.1,18,0.469352
8,1,LR,0.1,19,0.468595
8,1,LR,natural,0,0.291973
8,1,LR,natural,1,0.286054
8,1,LR,natural,2,0.281052
8,1,LR,natural,3,0.277026
8,1,LR,natural,4,0.273666
8,1,LR,natural,5,0.270724
8,1,LR,natural,6,0.268058
8,1,LR,natural,7,0.265589
8,1,LR,natural,8,0.263272
8,1,LR,natural,9,0.261082
8,1,LR,natural,10,0.259001
8,1,LR,natural,11,0.25702
8,1,LR,natural,12,0.25513
8,1,LR,natural,13,0.253328
8,1,LR,natural,14,0.251607
8,1,LR,natural,15,0.249965
8,1,LR,natural,16,0.248397
8,1,LR,natural,17,0.2469
8,1,LR,natural,18,0.245471
8,1,LR,natural,19,0.244107
8,1,MLP,100,0,0.132798
8,1,MLP,100,1,0.123648
8,1,MLP,100,2,0.1297
8,1,MLP,100,3,0.140131
8,1,MLP,100,4,0.153978
8,1,MLP,100,5,0.15447
8,1,MLP,100,6,0.158523
8,1,MLP,100,7,0.170697
8,1,MLP,100,8,0.187858
8,1,MLP,100,9,0.211265
8,1,MLP,100,10,0.243375
8,1,MLP,100,11,0.27771
8,1,MLP,100,12,0.306105
8,1,MLP,100,13,0.241731
8,1,MLP,100,14,0.201055
8,1,MLP,100,15,0.209393
8,1,MLP,100,16,0.209074
8,1,MLP,100,17,0.213883
8,1,MLP,100,18,0.215257
8,1,MLP,100,19,0.216588
8,1,MLP,1.0,0,0.634547
8,1,MLP,1.0,1,0.63919
8,1,MLP,1.0,2,0.620383
8,1,MLP,1.0,3,0.57859
8,1,MLP,1.0,4,0.518953
8,1,MLP,1.0,5,0.4764
8,1,MLP,1.0,6,0.462384
8,1,MLP,1.0,7,0.465187
8,1,MLP,1.0,8,0.478404
8,1,MLP,1.0,9,0.507517
8,1,MLP,1.0,10,0.550881
8,1,MLP,1.0,11,0.583999
8,1,MLP,1.0,12,0.615084
8,1,MLP,1.0,13,0.554522
8,1,MLP,1.0,14,0.545045
8,1,MLP,1.0,15,0.60183
8,1,MLP,1.0,16,0.612729
8,1,MLP,1.0,17,0.621478
8,1,MLP,1.0,18,0.625413
8,1,MLP,1.0,19,0.626202
8,1,MLP,0.5,0,0.66536
8,1,MLP,0.5,1,0.604756
8,1,MLP,0.5,2,0.560867
8,1,MLP,0.5,3,0.501931
8,1,MLP,0.5,4,0.471501
8,1,MLP,0.5,5,0.45354
8,1,MLP,0.5,6,0.465129
8,1,MLP,0.5,7,0.470208
8,1,MLP,0.5,8,0.474018
8,1,MLP,0.5,9,0.481442
8,1,MLP,0.5,10,0.48947
8,1,MLP,0.5,11,0.494039
8,1,MLP,0.5,12,0.495405
8,1,MLP,0.5,13,0.495609
8,1,MLP,0.5,14,0.495576
8,1,MLP,0.5,15,0.495628
8,1,MLP,0.5,16,0.495674
8,1,MLP,0.5,17,0.495507
8,1,MLP,0.5,18,0.495031
8,1,MLP,0.5,19,0.494331
8,1,MLP,0.1,0,1.109053
8,1,MLP,0.1,1,1.127465
8,1,MLP,0.1,2,1.050654
8,1,MLP,0.1,3,1.276112
8,1,MLP,0.1,4,1.321548
8,1,MLP,0.1,5,1.485192
8,1,MLP,0.1,6,1.081475
8,1,MLP,0.1,7,1.329443
8,1,MLP,0.1,8,0.961357
8,1,MLP,0.1,9,1.246715
8,1,MLP,0.1,10,1.255353
8,1,MLP,0.1,11,1.132315
8,1,MLP,0.1,12,0.993395
8,1,MLP,0.1,13,1.176788
8,1,MLP,0.1,14,0.947281
8,1,MLP,0.1,15,1.254176
8,1,MLP,0.1,16,1.021477
8,1,MLP,0.1,17,1.273243
8,1,MLP,0.1,18,0.902187
8,1,MLP,0.1,19,1.187376
8,1,MLP,natural,0,0.742464
8,1,MLP,natural,1,0.735026
8,1,MLP,natural,2,0.709456
8,1,MLP,natural,3,0.66833
8,1,MLP,natural,4,0.62813
8,1,MLP,natural,5,0.598811
8,1,MLP,natural,6,0.57351
8,1,MLP,natural,7,0.549647
8,1,MLP,natural,8,0.53283
8,1,MLP,natural,9,0.530893
8,1,MLP,natural,10,0.543449
8,1,MLP,natural,11,0.554643
8,1,MLP,natural,12,0.551859
8,1,MLP,natural,13,0.553041
8,1,MLP,natural,14,0.517962
8,1,MLP,natural,15,0.53713
8,1,MLP,natural,16,0.508811
8,1,MLP,natural,17,0.478815
8,1,MLP,natural,18,0.488734
8,1,MLP,natural,19,0.502888
8,2,LR,100,0,0.064306
8,2,LR,100,1,0.059551
8,2,LR,100,2,0.057982
8,2,LR,100,3,0.056935
8,2,LR,100,4,0.056175
8,2,LR,100,5,0.055598
8,2,LR,100,6,0.055143
8,2,LR,100,7,0.054774
8,2,LR,100,8,0.054467
8,2,LR,100,9,0.054208
8,2,LR,100,10,0.053987
8,2,LR,100,11,0.053796
8,2,LR,100,12,0.053631
8,2,LR,100,13,0.053488
8,2,LR,100,14,0.053363
8,2,LR,100,15,0.053255
8,2,LR,100,16,0.05316
8,2,LR,100,17,0.053078
8,2,LR,100,18,0.053008
8,2,LR,100,19,0.052947
8,2,LR,1.0,0,0.266842
8,2,LR,1.0,1,0.2662
8,2,LR,1.0,2,0.264414
8,2,LR,1.0,3,0.263491
8,2,LR,1.0,4,0.263086
8,2,LR,1.0,5,0.262941
8,2,LR,1.0,6,0.262918
8,2,LR,1.0,7,0.262946
8,2,LR,1.0,8,0.262988
8,2,LR,1.0,9,0.263028
8,2,LR,1.0,10,0.263058
8,2,LR,1.0,11,0.263076
8,2,LR,1.0,12,0.263082
8,2,LR,1.0,13,0.263078
8,2,LR,1.0,14,0.263065
8,2,LR,1.0,15,0.263046
8,2,LR,1.0,16,0.263022
8,2,LR,1.0,17,0.262995
8,2,LR,1.0,18,0.262965
8,2,LR,1.0,19,0.262934
8,2,LR,0.5,0,0.296884
8,2,LR,0.5,1,0.289626
8,2,LR,0.5,2,0.285284
8,2,LR,0.5,3,0.282417
8,2,LR,0.5,4,0.28044
8,2,LR,0.5,5,0.279003
8,2,LR,0.5,6,0.277903
8,2,LR,0.5,7,0.277019
8,2,LR,0.5,8,0.276281
8,2,LR,0.5,9,0.275645
8,2,LR,0.5,10,0.275086
8,2,LR,0.5,11,0.274585
8,2,LR,0.5,12,0.274131
8,2,LR,0.5,13,0.273718
8,2,LR,0.5,14,0.273341
8,2,LR,0.5,15,0.272994
8,2,LR,0.5,16,0.272675
8,2,LR,0.5,17,0.272381
8,2,LR,0.5,18,0.272111
8,2,LR,0.5,19,0.271862
8,2,LR,0.1,0,0.5287
8,2,LR,0.1,1,0.514334
8,2,LR,0.1,2,0.507181
8,2,LR,0.1,3,0.50189
8,2,LR,0.1,4,0.497611
8,2,LR,0.1,5,0.494054
8,2,LR,0.1,6,0.491051
8,2,LR,0.1,7,0.488484
8,2,LR,0.1,8,0.486262
8,2,LR,0.1,9,0.484321
8,2,LR,0.1,10,0.482607
8,2,LR,0.1,11,0.481082
8,2,LR,0.1,12,0.479714
8,2,LR,0.1,13,0.47848
8,2,LR,0.1,14,0.477359
8,2,LR,0.1,15,0.476337
8,2,LR,0.1,16,0.475399
8,2,LR,0.1,17,0.474537
8,2,LR,0.1,18,0.47374
8,2,LR,0.1,19,0.473002
8,2,LR,natural,0,0.297676
8,2,LR,natural,1,0.291047
8,2,LR,natural,2,0.285341
8,2,LR,natural,3,0.280768
8,2,LR,natural,4,0.276987
8,2,LR,natural,5,0.273719
8,2,LR,natural,6,0.270803
8,2,LR,natural,7,0.268145
8,2,LR,natural,8,0.265689
8,2,LR,natural,9,0.2634
8,2,LR,natural,10,0.261255
8,2,LR,natural,11,0.259239
8,2,LR,natural,12,0.257339
8,2,LR,natural,13,0.255548
8,2,LR,natural,14,0.253856
8,2,LR,natural,15,0.252259
8,2,LR,natural,16,0.250749
8,2,LR,natural,17,0.249322
8,2,LR,natural,18,0.247973
8,2,LR,natural,19,0.246698
8,2,MLP,100,0,0.142222
8,2,MLP,100,1,0.135752
8,2,MLP,100,2,0.137802
8,2,MLP,100,3,0.148855
8,2,MLP,100,4,0.171794
8,2,MLP,100,5,0.166577
8,2,MLP,100,6,0.166641
8,2,MLP,100,7,0.180524
8,2,MLP,100,8,0.200747
8,2,MLP,100,9,0.220645
8,2,MLP,100,10,0.245028
8,2,MLP,100,11,0.262398
8,2,MLP,100,12,0.229066
8,2,MLP,100,13,0.202735
8,2,MLP,100,14,0.236178
8,2,MLP,100,15,0.233068
8,2,MLP,100,16,0.246105
8,2,MLP,100,17,0.236224
8,2,MLP,100,18,0.249247
8,2,MLP,100,19,0.238598
8,2,MLP,1.0,0,0.657196
8,2,MLP,1.0,1,0.663213
8,2,MLP,1.0,2,0.646314
8,2,MLP,1.0,3,0.602636
8,2,MLP,1.0,4,0.544764
8,2,MLP,1.0,5,0.510299
8,2,MLP,1.0,6,0.500064
8,2,MLP,1.0,7,0.503165
8,2,MLP,1.0,8,0.518747
8,2,MLP,1.0,9,0.547204
8,2,MLP,1.0,10,0.581771
8,2,MLP,1.0,11,0.58658
8,2,MLP,1.0,12,0.626956
8,2,MLP,1.0,13,0.536955
8,2,MLP,1.0,14,0.55357
8,2,MLP,1.0,15,0.603488
8,2,MLP,1.0,16,0.633012
8,2,MLP,1.0,17,0.560018
8,2,MLP,1.0,18,0.617433
8,2,MLP,1.0,19,0.54141
8,2,MLP,0.5,0,0.784298
8,2,MLP,0.5,1,0.736681
8,2,MLP,0.5,2,0.698772
8,2,MLP,0.5,3,0.643274
8,2,MLP,0.5,4,0.584923
8,2,MLP,0.5,5,0.527295
8,2,MLP,0.5,6,0.482599
8,2,MLP,0.5,7,0.451074
8,2,MLP,0.5,8,0.433815
8,2,MLP,0.5,9,0.439408
8,2,MLP,0.5,10,0.456168
8,2,MLP,0.5,11,0.449321
8,2,MLP,0.5,12,0.439519
8,2,MLP,0.5,13,0.431514
8,2,MLP,0.5,14,0.425761
8,2,MLP,0.5,15,0.424619
8,2,MLP,0.5,16,0.426826
8,2,MLP,0.5,17,0.430042
8,2,MLP,0.5,18,0.433747
8,2,MLP,0.5,19,0.438046
8,2,MLP,0.1,0,1.116175
8,2,MLP,0.1,1,1.138298
8,2,MLP,0.1,2,1.066998
8,2,MLP,0.1,3,1.28728
8,2,MLP,0.1,4,1.346851
8,2,MLP,0.1,5,1.468503
8,2,MLP,0.1,6,1.212568
8,2,MLP,0.1,7,1.434316
8,2,MLP,0.1,8,1.053004
8,2,MLP,0.1,9,1.197057
8,2,MLP,0.1,10,1.170786
8,2,MLP,0.1,11,0.890848
8,2,MLP,0.1,12,1.241183
8,2,MLP,0.1,13,1.282784
8,2,MLP,0.1,14,1.175433
8,2,MLP,0.1,15,1.104443
8,2,MLP,0.1,16,1.060499
8,2,MLP,0.1,17,1.252169
8,2,MLP,0.1,18,1.096008
8,2,MLP,0.1,19,1.226025
8,2,MLP,natural,0,0.747845
8,2,MLP,natural,1,0.740601
8,2,MLP,natural,2,0.708563
8,2,MLP,natural,3,0.661102
8,2,MLP,natural,4,0.614241
8,2,MLP,natural,5,0.580817
8,2,MLP,natural,6,0.55482
8,2,MLP,natural,7,0.533306
8,2,MLP,natural,8,0.519239
8,2,MLP,natural,9,0.512062
8,2,MLP,natural,10,0.51044
8,2,MLP,natural,11,0.513437
8,2,MLP,natural,12,0.514733
8,2,MLP,natural,13,0.525596
8,2,MLP,natural,14,0.529894
8,2,MLP,natural,15,0.440872
8,2,MLP,natural,16,0.509101
8,2,MLP,natural,17,0.455045
8,2,MLP,natural,18,0.517511
8,2,MLP,natural,19,0.452607
8,3,LR,100,0,0.083277
8,3,LR,100,1,0.079241
8,3,LR,100,2,0.07722
8,3,LR,100,3,0.075781
8,3,LR,100,4,0.074696
8,3,LR,100,5,0.073839
8,3,LR,100,6,0.073138
8,3,LR,100,7,0.072547
8,3,LR,100,8,0.072038
8,3,LR,100,9,0.071593
8,3,LR,100,10,0.071198
8,3,LR,100,11,0.070846
8,3,LR,100,12,0.070529
8,3,LR,100,13,0.070244
8,3,LR,100,14,0.069986
8,3,LR,100,15,0.069752
8,3,LR,100,16,0.06954
8,3,LR,100,17,0.069347
8,3,LR,100,18,0.069172
8,3,LR,100,19,0.069013
8,3,LR,1.0,0,0.256382
8,3,LR,1.0,1,0.252546
8,3,LR,1.0,2,0.247961
8,3,LR,1.0,3,0.244883
8,3,LR,1.0,4,0.242777
8,3,LR,1.0,5,0.241266
8,3,LR,1.0,6,0.240132
8,3,LR,1.0,7,0.239245
8,3,LR,1.0,8,0.23853
8,3,LR,1.0,9,0.237936
8,3,LR,1.0,10,0.237433
8,3,LR,1.0,11,0.237001
8,3,LR,1.0,12,0.236625
8,3,LR,1.0,13,0.236295
8,3,LR,1.0,14,0.236003
8,3,LR,1.0,15,0.235745
8,3,LR,1.0,16,0.235514
8,3,LR,1.0,17,0.235309
8,3,LR,1.0,18,0.235125
8,3,LR,1.0,19,0.23496
8,3,LR,0.5,0,0.292751
8,3,LR,0.5,1,0.285634
8,3,LR,0.5,2,0.281931
8,3,LR,0.5,3,0.279929
8,3,LR,0.5,4,0.278883
8,3,LR,0.5,5,0.278365
8,3,LR,0.5,6,0.278138
8,3,LR,0.5,7,0.278067
8,3,LR,0.5,8,0.278078
8,3,LR,0.5,9,0.27813
8,3,LR,0.5,10,0.278199
8,3,LR,0.5,11,0.278273
8,3,LR,0.5,12,0.278347
8,3,LR,0.5,13,0.278418
8,3,LR,0.5,14,0.278485
8,3,LR,0.5,15,0.278548
8,3,LR,0.5,16,0.278608
8,3,LR,0.5,17,0.278666
8,3,LR,0.5,18,0.278721
8,3,LR,0.5,19,0.278776
8,3,LR,0.1,0,0.526502
8,3,LR,0.1,1,0.511775
8,3,LR,0.1,2,0.503711
8,3,LR,0.1,3,0.497541
8,3,LR,0.1,4,0.492498
8,3,LR,0.1,5,0.488289
8,3,LR,0.1,6,0.484731
8,3,LR,0.1,7,0.481688
8,3,LR,0.1,8,0.479057
8,3,LR,0.1,9,0.47676
8,3,LR,0.1,10,0.474736
8,3,LR,0.1,11,0.472939
8,3,LR,0.1,12,0.471332
8,3,LR,0.1,13,0.469885
8,3,LR,0.1,14,0.468576
8,3,LR,0.1,15,0.467384
8,3,LR,0.1,16,0.466295
8,3,LR,0.1,17,0.465296
8,3,LR,0.1,18,0.464375
8,3,LR,0.1,19,0.463525
8,3,LR,natural,0,0.292701
8,3,LR,natural,1,0.285904
8,3,LR,natural,2,0.279928
8,3,LR,natural,3,0.275247
8,3,LR,natural,4,0.271438
8,3,LR,natural,5,0.268174
8,3,LR,natural,6,0.265269
8,3,LR,natural,7,0.262617
8,3,LR,natural,8,0.260156
8,3,LR,natural,9,0.257849
8,3,LR,natural,10,0.255674
8,3,LR,natural,11,0.253617
8,3,LR,natural,12,0.251666
8,3,LR,natural,13,0.249814
8,3,LR,natural,14,0.248055
8,3,LR,natural,15,0.246384
8,3,LR,natural,16,0.244796
8,3,LR,natural,17,0.243286
8,3,LR,natural,18,0.24185
8,3,LR,natural,19,0.240485
8,3,MLP,100,0,0.187065
8,3,MLP,100,1,0.177106
8,3,MLP,100,2,0.176287
8,3,MLP,100,3,0.181001
8,3,MLP,100,4,0.197116
8,3,MLP,100,5,0.200155
8,3,MLP,100,6,0.208368
8,3,MLP,100,7,0.225202
8,3,MLP,100,8,0.244799
8,3,MLP,100,9,0.266376
8,3,MLP,100,10,0.287885
8,3,MLP,100,11,0.318704
8,3,MLP,100,12,0.201611
8,3,MLP,100,13,0.220696
8,3,MLP,100,14,0.237499
8,3,MLP,100,15,0.236487
8,3,MLP,100,16,0.238348
8,3,MLP,100,17,0.234562
8,3,MLP,100,18,0.243988
8,3,MLP,100,19,0.237168
8,3,MLP,1.0,0,0.650588
8,3,MLP,1.0,1,0.648185
8,3,MLP,1.0,2,0.620291
8,3,MLP,1.0,3,0.557136
8,3,MLP,1.0,4,0.484645
8,3,MLP,1.0,5,0.443969
8,3,MLP,1.0,6,0.425363
8,3,MLP,1.0,7,0.41604
8,3,MLP,1.0,8,0.417464
8,3,MLP,1.0,9,0.42762
8,3,MLP,1.0,10,0.440345
8,3,MLP,1.0,11,0.45824
8,3,MLP,1.0,12,0.462628
8,3,MLP,1.0,13,0.441061
8,3,MLP,1.0,14,0.425392
8,3,MLP,1.0,15,0.425394
8,3,MLP,1.0,16,0.440816
8,3,MLP,1.0,17,0.433223
8,3,MLP,1.0,18,0.45667
8,3,MLP,1.0,19,0.438201
8,3,MLP,0.5,0,0.791162
8,3,MLP,0.5,1,0.728254
8,3,MLP,0.5,2,0.668799
8,3,MLP,0.5,3,0.590992
8,3,MLP,0.5,4,0.518956
8,3,MLP,0.5,5,0.475635
8,3,MLP,0.5,6,0.465142
8,3,MLP,0.5,7,0.454125
8,3,MLP,0.5,8,0.440275
8,3,MLP,0.5,9,0.426837
8,3,MLP,0.5,10,0.422169
8,3,MLP,0.5,11,0.423647
8,3,MLP,0.5,12,0.425005
8,3,MLP,0.5,13,0.425059
8,3,MLP,0.5,14,0.42477
8,3,MLP,0.5,15,0.424804
8,3,MLP,0.5,16,0.425422
8,3,MLP,0.5,17,0.426609
8,3,MLP,0.5,18,0.428216
8,3,MLP,0.5,19,0.430065
8,3,MLP,0.1,0,1.114673
8,3,MLP,0.1,1,1.120597
8,3,MLP,0.1,2,1.058183
8,3,MLP,0.1,3,1.296324
8,3,MLP,0.1,4,1.370609
8,3,MLP,0.1,5,1.471394
8,3,MLP,0.1,6,1.208227
8,3,MLP,0.1,7,1.356082
8,3,MLP,0.1,8,0.960366
8,3,MLP,0.1,9,1.156039
8,3,MLP,0.1,10,1.161116
8,3,MLP,0.1,11,1.028901
8,3,MLP,0.1,12,1.158477
8,3,MLP,0.1,13,0.913074
8,3,MLP,0.1,14,1.167388
8,3,MLP,0.1,15,1.18852
8,3,MLP,0.1,16,1.215895
8,3,MLP,0.1,17,1.00395
8,3,MLP,0.1,18,1.174011
8,3,MLP,0.1,19,0.952292
8,3,MLP,natural,0,0.745867
8,3,MLP,natural,1,0.731263
8,3,MLP,natural,2,0.693789
8,3,MLP,natural,3,0.643746
8,3,MLP,natural,4,0.604016
8,3,MLP,natural,5,0.57608
8,3,MLP,natural,6,0.550064
8,3,MLP,natural,7,0.529376
8,3,MLP,natural,8,0.522225
8,3,MLP,natural,9,0.525592
8,3,MLP,natural,10,0.503302
8,3,MLP,natural,11,0.523441
8,3,MLP,natural,12,0.513169
8,3,MLP,natural,13,0.453834
8,3,MLP,natural,14,0.47207
8,3,MLP,natural,15,0.462312
8,3,MLP,natural,16,0.474933
8,3,MLP,natural,17,0.463407
8,3,MLP,natural,18,0.471908
8,3,MLP,natural,19,0.466232
8,4,LR,100,0,0.076985
8,4,LR,100,1,0.072179
8,4,LR,100,2,0.07002
8,4,LR,100,3,0.068453
8,4,LR,100,4,0.067263
8,4,LR,100,5,0.066335
8,4,LR,100,6,0.065596
8,4,LR,100,7,0.064997
8,4,LR,100,8,0.064505
8,4,LR,100,9,0.064096
8,4,LR,100,10,0.063753
8,4,LR,100,11,0.063462
8,4,LR,100,12,0.063216
8,4,LR,100,13,0.063005
8,4,LR,100,14,0.062825
8,4,LR,100,15,0.062671
8,4,LR,100,16,0.062538
8,4,LR,100,17,0.062425
8,4,LR,100,18,0.062328
8,4,LR,100,19,0.062245
8,4,LR,1.0,0,0.280906
8,4,LR,1.0,1,0.279244
8,4,LR,1.0,2,0.276088
8,4,LR,1.0,3,0.274034
8,4,LR,1.0,4,0.272714
8,4,LR,1.0,5,0.271829
8,4,LR,1.0,6,0.271202
8,4,LR,1.0,7,0.270733
8,4,LR,1.0,8,0.270361
8,4,LR,1.0,9,0.270051
8,4,LR,1.0,10,0.269782
8,4,LR,1.0,11,0.269543
8,4,LR,1.0,12,0.269324
8,4,LR,1.0,13,0.269121
8,4,LR,1.0,14,0.268932
8,4,LR,1.0,15,0.268755
8,4,LR,1.0,16,0.268588
8,4,LR,1.0,17,0.268431
8,4,LR,1.0,18,0.268282
8,4,LR,1.0,19,0.268142
8,4,LR,0.5,0,0.25062
8,4,LR,0.5,1,0.244927
8,4,LR,0.5,2,0.241348
8,4,LR,0.5,3,0.238979
8,4,LR,0.5,4,0.237347
8,4,LR,0.5,5,0.236161
8,4,LR,0.5,6,0.235251
8,4,LR,0.5,7,0.234516
8,4,LR,0.5,8,0.233898
8,4,LR,0.5,9,0.23336
8,4,LR,0.5,10,0.232881
8,4,LR,0.5,11,0.232448
8,4,LR,0.5,12,0.232053
8,4,LR,0.5,13,0.23169
8,4,LR,0.5,14,0.231355
8,4,LR,0.5,15,0.231045
8,4,LR,0.5,16,0.230759
8,4,LR,0.5,17,0.230495
8,4,LR,0.5,18,0.230251
8,4,LR,0.5,19,0.230026
8,4,LR,0.1,0,0.520657
8,4,LR,0.1,1,0.507192
8,4,LR,0.1,2,0.500038
8,4,LR,0.1,3,0.494609
8,4,LR,0.1,4,0.49018
8,4,LR,0.1,5,0.486483
8,4,LR,0.1,6,0.483354
8,4,LR,0.1,7,0.480669
8,4,LR,0.1,8,0.478338
8,4,LR,0.1,9,0.476292
8,4,LR,0.1,10,0.474478
8,4,LR,0.1,11,0.472855
8,4,LR,0.1,12,0.471392
8,4,LR,0.1,13,0.470063
8,4,LR,0.1,14,0.468849
8,4,LR,0.1,15,0.467735
8,4,LR,0.1,16,0.466707
8,4,LR,0.1,17,0.465755
8,4,LR,0.1,18,0.464871
8,4,LR,0.1,19,0.464046
8,4,LR,natural,0,0.287765
8,4,LR,natural,1,0.282343
8,4,LR,natural,2,0.277504
8,4,LR,natural,3,0.273641
8,4,LR,natural,4,0.270463
8,4,LR,natural,5,0.267713
8,4,LR,natural,6,0.265242
8,4,LR,natural,7,0.262964
8,4,LR,natural,8,0.26083
8,4,LR,natural,9,0.258812
8,4,LR,natural,10,0.256892
8,4,LR,natural,11,0.25506
8,4,LR,natural,12,0.253308
8,4,LR,natural,13,0.251633
8,4,LR,natural,14,0.250029
8,4,LR,natural,15,0.248494
8,4,LR,natural,16,0.247025
8,4,LR,natural,17,0.245618
8,4,LR,natural,18,0.244272
8,4,LR,natural,19,0.242984
8,4,MLP,100,0,0.174341
8,4,MLP,100,1,0.166516
8,4,MLP,100,2,0.164952
8,4,MLP,100,3,0.167826
8,4,MLP,100,4,0.174461
8,4,MLP,100,5,0.172412
8,4,MLP,100,6,0.175963
8,4,MLP,100,7,0.186419
8,4,MLP,100,8,0.201385
8,4,MLP,100,9,0.223396
8,4,MLP,100,10,0.252444
8,4,MLP,100,11,0.295182
8,4,MLP,100,12,0.257398
8,4,MLP,100,13,0.228265
8,4,MLP,100,14,0.244081
8,4,MLP,100,15,0.24371
8,4,MLP,100,16,0.255541
8,4,MLP,100,17,0.247842
8,4,MLP,100,18,0.260526
8,4,MLP,100,19,0.249334
8,4,MLP,1.0,0,0.69507
8,4,MLP,1.0,1,0.699248
8,4,MLP,1.0,2,0.674829
8,4,MLP,1.0,3,0.630543
8,4,MLP,1.0,4,0.589844
8,4,MLP,1.0,5,0.566071
8,4,MLP,1.0,6,0.554186
8,4,MLP,1.0,7,0.551378
8,4,MLP,1.0,8,0.556834
8,4,MLP,1.0,9,0.572874
8,4,MLP,1.0,10,0.596025
8,4,MLP,1.0,11,0.618563
8,4,MLP,1.0,12,0.640518
8,4,MLP,1.0,13,0.635765
8,4,MLP,1.0,14,0.61879
8,4,MLP,1.0,15,0.611027
8,4,MLP,1.0,16,0.60406
8,4,MLP,1.0,17,0.624348
8,4,MLP,1.0,18,0.62341
8,4,MLP,1.0,19,0.624621
8,4,MLP,0.5,0,0.642083
8,4,MLP,0.5,1,0.588208
8,4,MLP,0.5,2,0.548205
8,4,MLP,0.5,3,0.493351
8,4,MLP,0.5,4,0.455255
8,4,MLP,0.5,5,0.427926
8,4,MLP,0.5,6,0.422722
8,4,MLP,0.5,7,0.432292
8,4,MLP,0.5,8,0.46801
8,4,MLP,0.5,9,0.479139
8,4,MLP,0.5,10,0.446708
8,4,MLP,0.5,11,0.432668
8,4,MLP,0.5,12,0.430704
8,4,MLP,0.5,13,0.434257
8,4,MLP,0.5,14,0.442838
8,4,MLP,0.5,15,0.455079
8,4,MLP,0.5,16,0.468492
8,4,MLP,0.5,17,0.480481
8,4,MLP,0.5,18,0.489672
8,4,MLP,0.5,19,0.496089
8,4,MLP,0.1,0,1.105427
8,4,MLP,0.1,1,1.125984
8,4,MLP,0.1,2,1.062031
8,4,MLP,0.1,3,1.273136
8,4,MLP,0.1,4,1.312278
8,4,MLP,0.1,5,1.470457
8,4,MLP,0.1,6,1.131813
8,4,MLP,0.1,7,1.397213
8,4,MLP,0.1,8,1.032858
8,4,MLP,0.1,9,1.206788
8,4,MLP,0.1,10,1.097385
8,4,MLP,0.1,11,0.868417
8,4,MLP,0.1,12,1.233031
8,4,MLP,0.1,13,1.269281
8,4,MLP,0.1,14,1.240176
8,4,MLP,0.1,15,1.166918
8,4,MLP,0.1,16,1.228203
8,4,MLP,0.1,17,0.922317
8,4,MLP,0.1,18,1.194706
8,4,MLP,0.1,19,1.23426
8,4,MLP,natural,0,0.731944
8,4,MLP,natural,1,0.722073
8,4,MLP,natural,2,0.690814
8,4,MLP,natural,3,0.648373
8,4,MLP,natural,4,0.610937
8,4,MLP,natural,5,0.584139
8,4,MLP,natural,6,0.561294
8,4,MLP,natural,7,0.540002
8,4,MLP,natural,8,0.523904
8,4,MLP,natural,9,0.515091
8,4,MLP,natural,10,0.511997
8,4,MLP,natural,11,0.514262
8,4,MLP,natural,12,0.520932
8,4,MLP,natural,13,0.526482
8,4,MLP,natural,14,0.528696
8,4,MLP,natural,15,0.528349
8,4,MLP,natural,16,0.52778
8,4,MLP,natural,17,0.525049
8,4,MLP,natural,18,0.526549
8,4,MLP,natural,19,0.51805
9,0,LR,100,0,0.062594
9,0,LR,100,1,0.064446
9,0,LR,100,2,0.064848
9,0,LR,100,3,0.065321
9,0,LR,100,4,0.065802
9,0,LR,100,5,0.066237
9,0,LR,100,6,0.066606
9,0,LR,100,7,0.066908
9,0,LR,100,8,0.067148
9,0,LR,100,9,0.067335
9,0,LR,100,10,0.067479
9,0,LR,100,11,0.067588
9,0,LR,100,12,0.067671
9,0,LR,100,13,0.067732
9,0,LR,100,14,0.067778
9,0,LR,100,15,0.067813
9,0,LR,100,16,0.06784
9,0,LR,100,17,0.06786
9,0,LR,100,18,0.067877
9,0,LR,100,19,0.067892
9,0,LR,1.0,0,0.534056
9,0,LR,1.0,1,0.517349
9,0,LR,1.0,2,0.507231
9,0,LR,1.0,3,0.499606
9,0,LR,1.0,4,0.493681
9,0,LR,1.0,5,0.488987
9,0,LR,1.0,6,0.485202
9,0,LR,1.0,7,0.482098
9,0,LR,1.0,8,0.479517
9,0,LR,1.0,9,0.47734
9,0,LR,1.0,10,0.475484
9,0,LR,1.0,11,0.473885
9,0,LR,1.0,12,0.472495
9,0,LR,1.0,13,0.471278
9,0,LR,1.0,14,0.470205
9,0,LR,1.0,15,0.469254
9,0,LR,1.0,16,0.468405
9,0,LR,1.0,17,0.467645
9,0,LR,1.0,18,0.466962
9,0,LR,1.0,19,0.466345
9,0,LR,0.5,0,0.517519
9,0,LR,0.5,1,0.501799
9,0,LR,0.5,2,0.491822
9,0,LR,0.5,3,0.484077
9,0,LR,0.5,4,0.477815
9,0,LR,0.5,5,0.472645
9,0,LR,0.5,6,0.468303
9,0,LR,0.5,7,0.4646
9,0,LR,0.5,8,0.461396
9,0,LR,0.5,9,0.458592
9,0,LR,0.5,10,0.45611
9,0,LR,0.5,11,0.453893
9,0,LR,0.5,12,0.451898
9,0,LR,0.5,13,0.450091
9,0,LR,0.5,14,0.448443
9,0,LR,0.5,15,0.446934
9,0,LR,0.5,16,0.445546
9,0,LR,0.5,17,0.444264
9,0,LR,0.5,18,0.443076
9,0,LR,0.5,19,0.441973
9,0,LR,0.1,0,0.554751
9,0,LR,0.1,1,0.534624
9,0,LR,0.1,2,0.522858
9,0,LR,0.1,3,0.514043
9,0,LR,0.1,4,0.507151
9,0,LR,0.1,5,0.501607
9,0,LR,0.1,6,0.497036
9,0,LR,0.1,7,0.493183
9,0,LR,0.1,8,0.489876
9,0,LR,0.1,9,0.486994
9,0,LR,0.1,10,0.484451
9,0,LR,0.1,11,0.482183
9,0,LR,0.1,12,0.480145
9,0,LR,0.1,13,0.4783
9,0,LR,0.1,14,0.476621
9,0,LR,0.1,15,0.475086
9,0,LR,0.1,16,0.473676
9,0,LR,0.1,17,0.472378
9,0,LR,0.1,18,0.471179
9,0,LR,0.1,19,0.470069
9,0,LR,natural,0,0.300621
9,0,LR,natural,1,0.295014
9,0,LR,natural,2,0.289544
9,0,LR,natural,3,0.285222
9,0,LR,natural,4,0.281687
9,0,LR,natural,5,0.278643
9,0,LR,natural,6,0.275919
9,0,LR,natural,7,0.27342
9,0,LR,natural,8,0.271088
9,0,LR,natural,9,0.268892
9,0,LR,natural,10,0.266811
9,0,LR,natural,11,0.264833
9,0,LR,natural,12,0.262951
9,0,LR,natural,13,0.261156
9,0,LR,natural,14,0.259446
9,0,LR,natural,15,0.257815
9,0,LR,natural,16,0.256259
9,0,LR,natural,17,0.254777
9,0,LR,natural,18,0.253364
9,0,LR,natural,19,0.252016
9,0,MLP,100,0,0.152977
9,0,MLP,100,1,0.164235
9,0,MLP,100,2,0.187823
9,0,MLP,100,3,0.213138
9,0,MLP,100,4,0.242654
9,0,MLP,100,5,0.268329
9,0,MLP,100,6,0.279974
9,0,MLP,100,7,0.272943
9,0,MLP,100,8,0.266938
9,0,MLP,100,9,0.258371
9,0,MLP,100,10,0.253399
9,0,MLP,100,11,0.246556
9,0,MLP,100,12,0.244363
9,0,MLP,100,13,0.238794
9,0,MLP,100,14,0.23981
9,0,MLP,100,15,0.234997
9,0,MLP,100,16,0.238579
9,0,MLP,100,17,0.234678
9,0,MLP,100,18,0.239278
9,0,MLP,100,19,0.236907
9,0,MLP,1.0,0,0.998955
9,0,MLP,1.0,1,1.013335
9,0,MLP,1.0,2,1.044625
9,0,MLP,1.0,3,1.049779
9,0,MLP,1.0,4,1.07022
9,0,MLP,1.0,5,1.091551
9,0,MLP,1.0,6,1.043194
9,0,MLP,1.0,7,1.056418
9,0,MLP,1.0,8,1.024804
9,0,MLP,1.0,9,1.032866
9,0,MLP,1.0,10,1.02103
9,0,MLP,1.0,11,1.024161
9,0,MLP,1.0,12,1.02047
9,0,MLP,1.0,13,1.024576
9,0,MLP,1.0,14,1.021489
9,0,MLP,1.0,15,1.024549
9,0,MLP,1.0,16,1.019947
9,0,MLP,1.0,17,1.023338
9,0,MLP,1.0,18,1.016444
9,0,MLP,1.0,19,1.02145
9,0,MLP,0.5,0,0.976831
9,0,MLP,0.5,1,1.009836
9,0,MLP,0.5,2,1.041608
9,0,MLP,0.5,3,1.078224
9,0,MLP,0.5,4,1.104685
9,0,MLP,0.5,5,1.126619
9,0,MLP,0.5,6,1.123039
9,0,MLP,0.5,7,1.071657
9,0,MLP,0.5,8,1.194756
9,0,MLP,0.5,9,0.926504
9,0,MLP,0.5,10,1.179612
9,0,MLP,0.5,11,0.870972
9,0,MLP,0.5,12,1.152475
9,0,MLP,0.5,13,0.833042
9,0,MLP,0.5,14,1.173338
9,0,MLP,0.5,15,0.827274
9,0,MLP,0.5,16,1.159736
9,0,MLP,0.5,17,0.85107
9,0,MLP,0.5,18,1.131693
9,0,MLP,0.5,19,0.860666
9,0,MLP,0.1,0,1.024355
9,0,MLP,0.1,1,0.99883
9,0,MLP,0.1,2,0.958528
9,0,MLP,0.1,3,0.929799
9,0,MLP,0.1,4,0.911827
9,0,MLP,0.1,5,0.903315
9,0,MLP,0.1,6,0.899952
9,0,MLP,0.1,7,0.898948
9,0,MLP,0.1,8,0.89816
9,0,MLP,0.1,9,0.89677
9,0,MLP,0.1,10,0.894892
9,0,MLP,0.1,11,0.892845
9,0,MLP,0.1,12,0.89089
9,0,MLP,0.1,13,0.889205
9,0,MLP,0.1,14,0.887895
9,0,MLP,0.1,15,0.887008
9,0,MLP,0.1,16,0.886554
9,0,MLP,0.1,17,0.886518
9,0,MLP,0.1,18,0.886869
9,0,MLP,0.1,19,0.887571
9,0,MLP,natural,0,0.606198
9,0,MLP,natural,1,0.580366
9,0,MLP,natural,2,0.567292
9,0,MLP,natural,3,0.554323
9,0,MLP,natural,4,0.542596
9,0,MLP,natural,5,0.535124
9,0,MLP,natural,6,0.529195
9,0,MLP,natural,7,0.524485
9,0,MLP,natural,8,0.518438
9,0,MLP,natural,9,0.523724
9,0,MLP,natural,10,0.522407
9,0,MLP,natural,11,0.480881
9,0,MLP,natural,12,0.521982
9,0,MLP,natural,13,0.494628
9,0,MLP,natural,14,0.516506
9,0,MLP,natural,15,0.496571
9,0,MLP,natural,16,0.506339
9,0,MLP,natural,17,0.49733
9,0,MLP,natural,18,0.498249
9,0,MLP,natural,19,0.496635
9,1,LR,100,0,0.069628
9,1,LR,100,1,0.070686
9,1,LR,100,2,0.071698
9,1,LR,100,3,0.072674
9,1,LR,100,4,0.073563
9,1,LR,100,5,0.074346
9,1,LR,100,6,0.075023
9,1,LR,100,7,0.075601
9,1,LR,100,8,0.076094
9,1,LR,100,9,0.076514
9,1,LR,100,10,0.076871
9,1,LR,100,11,0.077178
9,1,LR,100,12,0.077442
9,1,LR,100,13,0.077671
9,1,LR,100,14,0.077871
9,1,LR,100,15,0.078047
9,1,LR,100,16,0.078204
9,1,LR,100,17,0.078344
9,1,LR,100,18,0.078471
9,1,LR,100,19,0.078587
9,1,LR,1.0,0,0.532979
9,1,LR,1.0,1,0.517486
9,1,LR,1.0,2,0.507779
9,1,LR,1.0,3,0.50045
9,1,LR,1.0,4,0.494768
9,1,LR,1.0,5,0.490277
9,1,LR,1.0,6,0.486662
9,1,LR,1.0,7,0.483703
9,1,LR,1.0,8,0.481243
9,1,LR,1.0,9,0.479171
9,1,LR,1.0,10,0.477405
9,1,LR,1.0,11,0.475884
9,1,LR,1.0,12,0.474562
9,1,LR,1.0,13,0.473404
9,1,LR,1.0,14,0.472383
9,1,LR,1.0,15,0.471477
9,1,LR,1.0,16,0.470669
9,1,LR,1.0,17,0.469945
9,1,LR,1.0,18,0.469294
9,1,LR,1.0,19,0.468705
9,1,LR,0.5,0,0.51853
9,1,LR,0.5,1,0.502774
9,1,LR,0.5,2,0.492294
9,1,LR,0.5,3,0.484002
9,1,LR,0.5,4,0.477204
9,1,LR,0.5,5,0.471524
9,1,LR,0.5,6,0.466705
9,1,LR,0.5,7,0.462558
9,1,LR,0.5,8,0.458946
9,1,LR,0.5,9,0.455765
9,1,LR,0.5,10,0.452939
9,1,LR,0.5,11,0.450407
9,1,LR,0.5,12,0.448123
9,1,LR,0.5,13,0.44605
9,1,LR,0.5,14,0.444159
9,1,LR,0.5,15,0.442426
9,1,LR,0.5,16,0.440831
9,1,LR,0.5,17,0.439359
9,1,LR,0.5,18,0.437995
9,1,LR,0.5,19,0.436729
9,1,LR,0.1,0,0.56216
9,1,LR,0.1,1,0.543361
9,1,LR,0.1,2,0.532864
9,1,LR,0.1,3,0.525011
9,1,LR,0.1,4,0.51879
9,1,LR,0.1,5,0.513676
9,1,LR,0.1,6,0.509339
9,1,LR,0.1,7,0.505565
9,1,LR,0.1,8,0.502213
9,1,LR,0.1,9,0.49919
9,1,LR,0.1,10,0.49643
9,1,LR,0.1,11,0.493889
9,1,LR,0.1,12,0.491534
9,1,LR,0.1,13,0.48934
9,1,LR,0.1,14,0.487289
9,1,LR,0.1,15,0.485366
9,1,LR,0.1,16,0.483559
9,1,LR,0.1,17,0.481859
9,1,LR,0.1,18,0.480256
9,1,LR,0.1,19,0.478744
9,1,LR,natural,0,0.288552
9,1,LR,natural,1,0.283512
9,1,LR,natural,2,0.278005
9,1,LR,natural,3,0.273613
9,1,LR,natural,4,0.269994
9,1,LR,natural,5,0.26686
9,1,LR,natural,6,0.264047
9,1,LR,natural,7,0.261461
9,1,LR,natural,8,0.259048
9,1,LR,natural,9,0.256778
9,1,LR,natural,10,0.25463
9,1,LR,natural,11,0.252591
9,1,LR,natural,12,0.250654
9,1,LR,natural,13,0.24881
9,1,LR,natural,14,0.247055
9,1,LR,natural,15,0.245384
9,1,LR,natural,16,0.243793
9,1,LR,natural,17,0.242277
9,1,LR,natural,18,0.240833
9,1,LR,natural,19,0.239458
9,1,MLP,100,0,0.186196
9,1,MLP,100,1,0.200451
9,1,MLP,100,2,0.228764
9,1,MLP,100,3,0.261753
9,1,MLP,100,4,0.301292
9,1,MLP,100,5,0.350903
9,1,MLP,100,6,0.370203
9,1,MLP,100,7,0.381163
9,1,MLP,100,8,0.366247
9,1,MLP,100,9,0.370906
9,1,MLP,100,10,0.361211
9,1,MLP,100,11,0.358711
9,1,MLP,100,12,0.354892
9,1,MLP,100,13,0.35145
9,1,MLP,100,14,0.348619
9,1,MLP,100,15,0.346084
9,1,MLP,100,16,0.34384
9,1,MLP,100,17,0.341886
9,1,MLP,100,18,0.340229
9,1,MLP,100,19,0.338901
9,1,MLP,1.0,0,1.008212
9,1,MLP,1.0,1,1.028956
9,1,MLP,1.0,2,1.071721
9,1,MLP,1.0,3,1.079362
9,1,MLP,1.0,4,1.071072
9,1,MLP,1.0,5,1.088527
9,1,MLP,1.0,6,1.069927
9,1,MLP,1.0,7,1.061256
9,1,MLP,1.0,8,1.081117
9,1,MLP,1.0,9,1.052554
9,1,MLP,1.0,10,1.094114
9,1,MLP,1.0,11,1.063559
9,1,MLP,1.0,12,1.108934
9,1,MLP,1.0,13,1.068068
9,1,MLP,1.0,14,1.106839
9,1,MLP,1.0,15,1.069181
9,1,MLP,1.0,16,1.092979
9,1,MLP,1.0,17,1.075956
9,1,MLP,1.0,18,1.061905
9,1,MLP,1.0,19,1.078384
9,1,MLP,0.5,0,0.986854
9,1,MLP,0.5,1,1.017149
9,1,MLP,0.5,2,1.046158
9,1,MLP,0.5,3,1.079363
9,1,MLP,0.5,4,1.101786
9,1,MLP,0.5,5,1.124323
9,1,MLP,0.5,6,1.108019
9,1,MLP,0.5,7,1.054102
9,1,MLP,0.5,8,1.17993
9,1,MLP,0.5,9,1.010423
9,1,MLP,0.5,10,1.153442
9,1,MLP,0.5,11,0.857473
9,1,MLP,0.5,12,1.115202
9,1,MLP,0.5,13,0.897865
9,1,MLP,0.5,14,1.115248
9,1,MLP,0.5,15,0.924871
9,1,MLP,0.5,16,1.128195
9,1,MLP,0.5,17,0.918507
9,1,MLP,0.5,18,1.092554
9,1,MLP,0.5,19,0.91849
9,1,MLP,0.1,0,1.02773
9,1,MLP,0.1,1,1.002859
9,1,MLP,0.1,2,0.980096
9,1,MLP,0.1,3,0.962983
9,1,MLP,0.1,4,0.949682
9,1,MLP,0.1,5,0.940668
9,1,MLP,0.1,6,0.932263
9,1,MLP,0.1,7,0.922836
9,1,MLP,0.1,8,0.912158
9,1,MLP,0.1,9,0.901725
9,1,MLP,0.1,10,0.893454
9,1,MLP,0.1,11,0.887694
9,1,MLP,0.1,12,0.883735
9,1,MLP,0.1,13,0.881217
9,1,MLP,0.1,14,0.879859
9,1,MLP,0.1,15,0.879432
9,1,MLP,0.1,16,0.879758
9,1,MLP,0.1,17,0.880696
9,1,MLP,0.1,18,0.882134
9,1,MLP,0.1,19,0.883978
9,1,MLP,natural,0,0.58548
9,1,MLP,natural,1,0.555818
9,1,MLP,natural,2,0.542412
9,1,MLP,natural,3,0.530863
9,1,MLP,natural,4,0.520825
9,1,MLP,natural,5,0.513595
9,1,MLP,natural,6,0.512937
9,1,MLP,natural,7,0.520513
9,1,MLP,natural,8,0.530457
9,1,MLP,natural,9,0.537658
9,1,MLP,natural,10,0.54039
9,1,MLP,natural,11,0.545739
9,1,MLP,natural,12,0.534229
9,1,MLP,natural,13,0.514745
9,1,MLP,natural,14,0.53387
9,1,MLP,natural,15,0.475611
9,1,MLP,natural,16,0.520642
9,1,MLP,natural,17,0.483895
9,1,MLP,natural,18,0.511841
9,1,MLP,natural,19,0.480942
9,2,LR,100,0,0.090607
9,2,LR,100,1,0.091055
9,2,LR,100,2,0.091102
9,2,LR,100,3,0.091368
9,2,LR,100,4,0.091723
9,2,LR,100,5,0.092089
9,2,LR,100,6,0.092428
9,2,LR,100,7,0.092725
9,2,LR,100,8,0.092977
9,2,LR,100,9,0.093187
9,2,LR,100,10,0.093358
9,2,LR,100,11,0.093497
9,2,LR,100,12,0.093607
9,2,LR,100,13,0.093695
9,2,LR,100,14,0.093765
9,2,LR,100,15,0.093819
9,2,LR,100,16,0.093861
9,2,LR,100,17,0.093893
9,2,LR,100,18,0.093917
9,2,LR,100,19,0.093935
9,2,LR,1.0,0,0.532141
9,2,LR,1.0,1,0.51527
9,2,LR,1.0,2,0.504744
9,2,LR,1.0,3,0.49684
9,2,LR,1.0,4,0.490752
9,2,LR,1.0,5,0.485974
9,2,LR,1.0,6,0.482156
9,2,LR,1.0,7,0.479055
9,2,LR,1.0,8,0.476495
9,2,LR,1.0,9,0.474354
9,2,LR,1.0,10,0.472541
9,2,LR,1.0,11,0.470988
9,2,LR,1.0,12,0.469646
9,2,LR,1.0,13,0.468476
9,2,LR,1.0,14,0.467449
9,2,LR,1.0,15,0.466541
9,2,LR,1.0,16,0.465735
9,2,LR,1.0,17,0.465014
9,2,LR,1.0,18,0.464368
9,2,LR,1.0,19,0.463785
9,2,LR,0.5,0,0.517281
9,2,LR,0.5,1,0.501341
9,2,LR,0.5,2,0.491192
9,2,LR,0.5,3,0.483298
9,2,LR,0.5,4,0.476893
9,2,LR,0.5,5,0.471585
9,2,LR,0.5,6,0.467111
9,2,LR,0.5,7,0.46328
9,2,LR,0.5,8,0.459953
9,2,LR,0.5,9,0.457029
9,2,LR,0.5,10,0.454431
9,2,LR,0.5,11,0.452103
9,2,LR,0.5,12,0.449999
9,2,LR,0.5,13,0.448085
9,2,LR,0.5,14,0.446335
9,2,LR,0.5,15,0.444726
9,2,LR,0.5,16,0.44324
9,2,LR,0.5,17,0.441863
9,2,LR,0.5,18,0.440583
9,2,LR,0.5,19,0.439389
9,2,LR,0.1,0,0.554072
9,2,LR,0.1,1,0.533996
9,2,LR,0.1,2,0.522318
9,2,LR,0.1,3,0.513632
9,2,LR,0.1,4,0.506866
9,2,LR,0.1,5,0.501424
9,2,LR,0.1,6,0.496923
9,2,LR,0.1,7,0.49311
9,2,LR,0.1,8,0.489813
9,2,LR,0.1,9,0.486917
9,2,LR,0.1,10,0.48434
9,2,LR,0.1,11,0.482024
9,2,LR,0.1,12,0.479924
9,2,LR,0.1,13,0.478009
9,2,LR,0.1,14,0.476254
9,2,LR,0.1,15,0.474638
9,2,LR,0.1,16,0.473146
9,2,LR,0.1,17,0.471765
9,2,LR,0.1,18,0.470482
9,2,LR,0.1,19,0.46929
9,2,LR,natural,0,0.30457
9,2,LR,natural,1,0.29739
9,2,LR,natural,2,0.291586
9,2,LR,natural,3,0.287066
9,2,LR,natural,4,0.283375
9,2,LR,natural,5,0.280198
9,2,LR,natural,6,0.277358
9,2,LR,natural,7,0.274752
9,2,LR,natural,8,0.272324
9,2,LR,natural,9,0.270039
9,2,LR,natural,10,0.267876
9,2,LR,natural,11,0.265823
9,2,LR,natural,12,0.26387
9,2,LR,natural,13,0.26201
9,2,LR,natural,14,0.260238
9,2,LR,natural,15,0.25855
9,2,LR,natural,16,0.256941
9,2,LR,natural,17,0.255408
9,2,LR,natural,18,0.253947
9,2,LR,natural,19,0.252555
9,2,MLP,100,0,0.210447
9,2,MLP,100,1,0.222148
9,2,MLP,100,2,0.24668
9,2,MLP,100,3,0.274693
9,2,MLP,100,4,0.30814
9,2,MLP,100,5,0.3403
9,2,MLP,100,6,0.359354
9,2,MLP,100,7,0.369831
9,2,MLP,100,8,0.362764
9,2,MLP,100,9,0.371381
9,2,MLP,100,10,0.353494
9,2,MLP,100,11,0.368517
9,2,MLP,100,12,0.34136
9,2,MLP,100,13,0.36286
9,2,MLP,100,14,0.333944
9,2,MLP,100,15,0.354591
9,2,MLP,100,16,0.324961
9,2,MLP,100,17,0.352193
9,2,MLP,100,18,0.320562
9,2,MLP,100,19,0.34128
9,2,MLP,1.0,0,0.992885
9,2,MLP,1.0,1,1.012122
9,2,MLP,1.0,2,1.048855
9,2,MLP,1.0,3,1.062479
9,2,MLP,1.0,4,1.019423
9,2,MLP,1.0,5,1.114708
9,2,MLP,1.0,6,0.984355
9,2,MLP,1.0,7,1.095669
9,2,MLP,1.0,8,0.978617
9,2,MLP,1.0,9,1.086495
9,2,MLP,1.0,10,0.991952
9,2,MLP,1.0,11,1.084985
9,2,MLP,1.0,12,1.005272
9,2,MLP,1.0,13,1.087961
9,2,MLP,1.0,14,1.016058
9,2,MLP,1.0,15,1.0921
9,2,MLP,1.0,16,1.025589
9,2,MLP,1.0,17,1.096054
9,2,MLP,1.0,18,1.033484
9,2,MLP,1.0,19,1.099392
9,2,MLP,0.5,0,0.975134
9,2,MLP,0.5,1,1.023275
9,2,MLP,0.5,2,1.056896
9,2,MLP,0.5,3,1.09296
9,2,MLP,0.5,4,1.120913
9,2,MLP,0.5,5,1.140298
9,2,MLP,0.5,6,1.165598
9,2,MLP,0.5,7,1.162778
9,2,MLP,0.5,8,1.237496
9,2,MLP,0.5,9,1.15233
9,2,MLP,0.5,10,1.23921
9,2,MLP,0.5,11,0.885953
9,2,MLP,0.5,12,1.176429
9,2,MLP,0.5,13,0.795015
9,2,MLP,0.5,14,1.204342
9,2,MLP,0.5,15,0.827766
9,2,MLP,0.5,16,1.222548
9,2,MLP,0.5,17,0.856554
9,2,MLP,0.5,18,1.231517
9,2,MLP,0.5,19,0.85163
9,2,MLP,0.1,0,1.009037
9,2,MLP,0.1,1,0.97031
9,2,MLP,0.1,2,0.94911
9,2,MLP,0.1,3,0.931049
9,2,MLP,0.1,4,0.917656
9,2,MLP,0.1,5,0.907675
9,2,MLP,0.1,6,0.898915
9,2,MLP,0.1,7,0.889921
9,2,MLP,0.1,8,0.879781
9,2,MLP,0.1,9,0.869421
9,2,MLP,0.1,10,0.859885
9,2,MLP,0.1,11,0.851542
9,2,MLP,0.1,12,0.844573
9,2,MLP,0.1,13,0.839013
9,2,MLP,0.1,14,0.834715
9,2,MLP,0.1,15,0.831455
9,2,MLP,0.1,16,0.829033
9,2,MLP,0.1,17,0.827302
9,2,MLP,0.1,18,0.826149
9,2,MLP,0.1,19,0.825484
9,2,MLP,natural,0,0.610375
9,2,MLP,natural,1,0.575411
9,2,MLP,natural,2,0.563967
9,2,MLP,natural,3,0.552781
9,2,MLP,natural,4,0.543334
9,2,MLP,natural,5,0.533404
9,2,MLP,natural,6,0.525632
9,2,MLP,natural,7,0.520368
9,2,MLP,natural,8,0.517842
9,2,MLP,natural,9,0.5114
9,2,MLP,natural,10,0.52139
9,2,MLP,natural,11,0.519935
9,2,MLP,natural,12,0.452023
9,2,MLP,natural,13,0.502946
9,2,MLP,natural,14,0.448882
9,2,MLP,natural,15,0.494291
9,2,MLP,natural,16,0.446813
9,2,MLP,natural,17,0.489108
9,2,MLP,natural,18,0.445732
9,2,MLP,natural,19,0.484963
9,3,LR,100,0,0.089766
9,3,LR,100,1,0.090974
9,3,LR,100,2,0.091596
9,3,LR,100,3,0.092392
9,3,LR,100,4,0.093229
9,3,LR,100,5,0.094026
9,3,LR,100,6,0.094747
9,3,LR,100,7,0.095382
9,3,LR,100,8,0.095932
9,3,LR,100,9,0.096406
9,3,LR,100,10,0.096813
9,3,LR,100,11,0.097162
9,3,LR,100,12,0.097462
9,3,LR,100,13,0.097721
9,3,LR,100,14,0.097946
9,3,LR,100,15,0.098142
9,3,LR,100,16,0.098314
9,3,LR,100,17,0.098467
9,3,LR,100,18,0.098604
9,3,LR,100,19,0.098727
9,3,LR,1.0,0,0.541342
9,3,LR,1.0,1,0.525503
9,3,LR,1.0,2,0.515581
9,3,LR,1.0,3,0.508126
9,3,LR,1.0,4,0.502377
9,3,LR,1.0,5,0.497854
9,3,LR,1.0,6,0.494225
9,3,LR,1.0,7,0.491259
9,3,LR,1.0,8,0.488794
9,3,LR,1.0,9,0.486714
9,3,LR,1.0,10,0.484935
9,3,LR,1.0,11,0.483395
9,3,LR,1.0,12,0.482049
9,3,LR,1.0,13,0.480863
9,3,LR,1.0,14,0.479809
9,3,LR,1.0,15,0.478866
9,3,LR,1.0,16,0.478019
9,3,LR,1.0,17,0.477253
9,3,LR,1.0,18,0.476559
9,3,LR,1.0,19,0.475927
9,3,LR,0.5,0,0.51073
9,3,LR,0.5,1,0.492545
9,3,LR,0.5,2,0.479906
9,3,LR,0.5,3,0.46973
9,3,LR,0.5,4,0.461301
9,3,LR,0.5,5,0.454211
9,3,LR,0.5,6,0.448171
9,3,LR,0.5,7,0.442966
9,3,LR,0.5,8,0.438432
9,3,LR,0.5,9,0.434448
9,3,LR,0.5,10,0.430916
9,3,LR,0.5,11,0.427762
9,3,LR,0.5,12,0.424929
9,3,LR,0.5,13,0.422368
9,3,LR,0.5,14,0.420041
9,3,LR,0.5,15,0.417919
9,3,LR,0.5,16,0.415974
9,3,LR,0.5,17,0.414186
9,3,LR,0.5,18,0.412537
9,3,LR,0.5,19,0.41101
9,3,LR,0.1,0,0.573359
9,3,LR,0.1,1,0.553058
9,3,LR,0.1,2,0.541173
9,3,LR,0.1,3,0.532243
9,3,LR,0.1,4,0.525225
9,3,LR,0.1,5,0.519539
9,3,LR,0.1,6,0.514812
9,3,LR,0.1,7,0.510794
9,3,LR,0.1,8,0.507314
9,3,LR,0.1,9,0.504256
9,3,LR,0.1,10,0.501535
9,3,LR,0.1,11,0.49909
9,3,LR,0.1,12,0.496875
9,3,LR,0.1,13,0.494856
9,3,LR,0.1,14,0.493006
9,3,LR,0.1,15,0.491303
9,3,LR,0.1,16,0.489731
9,3,LR,0.1,17,0.488274
9,3,LR,0.1,18,0.486921
9,3,LR,0.1,19,0.485661
9,3,LR,natural,0,0.305308
9,3,LR,natural,1,0.297488
9,3,LR,natural,2,0.291219
9,3,LR,natural,3,0.286273
9,3,LR,natural,4,0.282219
9,3,LR,natural,5,0.278742
9,3,LR,natural,6,0.275657
9,3,LR,natural,7,0.272855
9,3,LR,natural,8,0.270269
9,3,LR,natural,9,0.267859
9,3,LR,natural,10,0.265598
9,3,LR,natural,11,0.263468
9,3,LR,natural,12,0.261456
9,3,LR,natural,13,0.259552
9,3,LR,natural,14,0.257747
9,3,LR,natural,15,0.256036
9,3,LR,natural,16,0.254411
9,3,LR,natural,17,0.252868
9,3,LR,natural,18,0.251402
9,3,LR,natural,19,0.250009
9,3,MLP,100,0,0.205166
9,3,MLP,100,1,0.215107
9,3,MLP,100,2,0.243021
9,3,MLP,100,3,0.268931
9,3,MLP,100,4,0.298013
9,3,MLP,100,5,0.331227
9,3,MLP,100,6,0.354919
9,3,MLP,100,7,0.362114
9,3,MLP,100,8,0.356311
9,3,MLP,100,9,0.355581
9,3,MLP,100,10,0.349399
9,3,MLP,100,11,0.348241
9,3,MLP,100,12,0.342672
9,3,MLP,100,13,0.341946
9,3,MLP,100,14,0.335035
9,3,MLP,100,15,0.337068
9,3,MLP,100,16,0.322629
9,3,MLP,100,17,0.336748
9,3,MLP,100,18,0.295103
9,3,MLP,100,19,0.330184
9,3,MLP,1.0,0,1.024866
9,3,MLP,1.0,1,1.049307
9,3,MLP,1.0,2,1.084244
9,3,MLP,1.0,3,1.123674
9,3,MLP,1.0,4,1.12754
9,3,MLP,1.0,5,1.132172
9,3,MLP,1.0,6,1.132934
9,3,MLP,1.0,7,1.138619
9,3,MLP,1.0,8,1.16827
9,3,MLP,1.0,9,1.158853
9,3,MLP,1.0,10,1.076509
9,3,MLP,1.0,11,1.076908
9,3,MLP,1.0,12,1.083363
9,3,MLP,1.0,13,1.074512
9,3,MLP,1.0,14,1.090365
9,3,MLP,1.0,15,1.076117
9,3,MLP,1.0,16,1.082067
9,3,MLP,1.0,17,1.065116
9,3,MLP,1.0,18,1.042331
9,3,MLP,1.0,19,1.098358
9,3,MLP,0.5,0,0.960631
9,3,MLP,0.5,1,0.972109
9,3,MLP,0.5,2,0.978998
9,3,MLP,0.5,3,0.99015
9,3,MLP,0.5,4,0.985152
9,3,MLP,0.5,5,0.999568
9,3,MLP,0.5,6,1.04211
9,3,MLP,0.5,7,0.91269
9,3,MLP,0.5,8,1.057439
9,3,MLP,0.5,9,0.879713
9,3,MLP,0.5,10,1.056281
9,3,MLP,0.5,11,0.840525
9,3,MLP,0.5,12,1.030762
9,3,MLP,0.5,13,0.809784
9,3,MLP,0.5,14,1.010465
9,3,MLP,0.5,15,0.818792
9,3,MLP,0.5,16,0.994372
9,3,MLP,0.5,17,0.824591
9,3,MLP,0.5,18,1.00223
9,3,MLP,0.5,19,0.82677
9,3,MLP,0.1,0,1.06751
9,3,MLP,0.1,1,1.054093
9,3,MLP,0.1,2,1.02457
9,3,MLP,0.1,3,1.014241
9,3,MLP,0.1,4,1.01474
9,3,MLP,0.1,5,1.015115
9,3,MLP,0.1,6,1.012244
9,3,MLP,0.1,7,1.008057
9,3,MLP,0.1,8,1.003239
9,3,MLP,0.1,9,0.998133
9,3,MLP,0.1,10,0.993014
9,3,MLP,0.1,11,0.987936
9,3,MLP,0.1,12,0.982856
9,3,MLP,0.1,13,0.977756
9,3,MLP,0.1,14,0.97269
9,3,MLP,0.1,15,0.967771
9,3,MLP,0.1,16,0.963134
9,3,MLP,0.1,17,0.958907
9,3,MLP,0.1,18,0.95517
9,3,MLP,0.1,19,0.951954
9,3,MLP,natural,0,0.61803
9,3,MLP,natural,1,0.584082
9,3,MLP,natural,2,0.568241
9,3,MLP,natural,3,0.556802
9,3,MLP,natural,4,0.55181
9,3,MLP,natural,5,0.554019
9,3,MLP,natural,6,0.568129
9,3,MLP,natural,7,0.542405
9,3,MLP,natural,8,0.520093
9,3,MLP,natural,9,0.532261
9,3,MLP,natural,10,0.508862
9,3,MLP,natural,11,0.530815
9,3,MLP,natural,12,0.492317
9,3,MLP,natural,13,0.524073
9,3,MLP,natural,14,0.518009
9,3,MLP,natural,15,0.525987
9,3,MLP,natural,16,0.5237
9,3,MLP,natural,17,0.522512
9,3,MLP,natural,18,0.527561
9,3,MLP,natural,19,0.520847
9,4,LR,100,0,0.065313
9,4,LR,100,1,0.067752
9,4,LR,100,2,0.068891
9,4,LR,100,3,0.069797
9,4,LR,100,4,0.070496
9,4,LR,100,5,0.071012
9,4,LR,100,6,0.071377
9,4,LR,100,7,0.071622
9,4,LR,100,8,0.071772
9,4,LR,100,9,0.07185
9,4,LR,100,10,0.071873
9,4,LR,100,11,0.071854
9,4,LR,100,12,0.071806
9,4,LR,100,13,0.071735
9,4,LR,100,14,0.07165
9,4,LR,100,15,0.071555
9,4,LR,100,16,0.071454
9,4,LR,100,17,0.071351
9,4,LR,100,18,0.071246
9,4,LR,100,19,0.071144
9,4,LR,1.0,0,0.53643
9,4,LR,1.0,1,0.519639
9,4,LR,1.0,2,0.509349
9,4,LR,1.0,3,0.501547
9,4,LR,1.0,4,0.495439
9,4,LR,1.0,5,0.490559
9,4,LR,1.0,6,0.486591
9,4,LR,1.0,7,0.483311
9,4,LR,1.0,8,0.480558
9,4,LR,1.0,9,0.478218
9,4,LR,1.0,10,0.476205
9,4,LR,1.0,11,0.474457
9,4,LR,1.0,12,0.472924
9,4,LR,1.0,13,0.471571
9,4,LR,1.0,14,0.470368
9,4,LR,1.0,15,0.469292
9,4,LR,1.0,16,0.468324
9,4,LR,1.0,17,0.46745
9,4,LR,1.0,18,0.466658
9,4,LR,1.0,19,0.465936
9,4,LR,0.5,0,0.540375
9,4,LR,0.5,1,0.524893
9,4,LR,0.5,2,0.514432
9,4,LR,0.5,3,0.50626
9,4,LR,0.5,4,0.499688
9,4,LR,0.5,5,0.494311
9,4,LR,0.5,6,0.489846
9,4,LR,0.5,7,0.486084
9,4,LR,0.5,8,0.482874
9,4,LR,0.5,9,0.480104
9,4,LR,0.5,10,0.477687
9,4,LR,0.5,11,0.47556
9,4,LR,0.5,12,0.473673
9,4,LR,0.5,13,0.471986
9,4,LR,0.5,14,0.470468
9,4,LR,0.5,15,0.469095
9,4,LR,0.5,16,0.467847
9,4,LR,0.5,17,0.466707
9,4,LR,0.5,18,0.465662
9,4,LR,0.5,19,0.4647
9,4,LR,0.1,0,0.577436
9,4,LR,0.1,1,0.557354
9,4,LR,0.1,2,0.545356
9,4,LR,0.1,3,0.536339
9,4,LR,0.1,4,0.529261
9,4,LR,0.1,5,0.523539
9,4,LR,0.1,6,0.51879
9,4,LR,0.1,7,0.514757
9,4,LR,0.1,8,0.511267
9,4,LR,0.1,9,0.508199
9,4,LR,0.1,10,0.505468
9,4,LR,0.1,11,0.503012
9,4,LR,0.1,12,0.500786
9,4,LR,0.1,13,0.498754
9,4,LR,0.1,14,0.49689
9,4,LR,0.1,15,0.495173
9,4,LR,0.1,16,0.493585
9,4,LR,0.1,17,0.492113
9,4,LR,0.1,18,0.490744
9,4,LR,0.1,19,0.489468
9,4,LR,natural,0,0.277676
9,4,LR,natural,1,0.271714
9,4,LR,natural,2,0.266433
9,4,LR,natural,3,0.262286
9,4,LR,natural,4,0.258877
9,4,LR,natural,5,0.255919
9,4,LR,natural,6,0.253254
9,4,LR,natural,7,0.250794
9,4,LR,natural,8,0.248489
9,4,LR,natural,9,0.246311
9,4,LR,natural,10,0.244242
9,4,LR,natural,11,0.242271
9,4,LR,natural,12,0.240393
9,4,LR,natural,13,0.238599
9,4,LR,natural,14,0.236888
9,4,LR,natural,15,0.235254
9,4,LR,natural,16,0.233694
9,4,LR,natural,17,0.232205
9,4,LR,natural,18,0.230784
9,4,LR,natural,19,0.229427
9,4,MLP,100,0,0.154097
9,4,MLP,100,1,0.163734
9,4,MLP,100,2,0.183488
9,4,MLP,100,3,0.209443
9,4,MLP,100,4,0.261449
9,4,MLP,100,5,0.298639
9,4,MLP,100,6,0.350089
9,4,MLP,100,7,0.245479
9,4,MLP,100,8,0.27727
9,4,MLP,100,9,0.200923
9,4,MLP,100,10,0.272696
9,4,MLP,100,11,0.204272
9,4,MLP,100,12,0.28586
9,4,MLP,100,13,0.203828
9,4,MLP,100,14,0.283491
9,4,MLP,100,15,0.208714
9,4,MLP,100,16,0.280962
9,4,MLP,100,17,0.214117
9,4,MLP,100,18,0.279467
9,4,MLP,100,19,0.217691
9,4,MLP,1.0,0,1.016488
9,4,MLP,1.0,1,1.036907
9,4,MLP,1.0,2,1.078648
9,4,MLP,1.0,3,1.085714
9,4,MLP,1.0,4,1.042066
9,4,MLP,1.0,5,1.111186
9,4,MLP,1.0,6,1.040846
9,4,MLP,1.0,7,1.049819
9,4,MLP,1.0,8,1.074251
9,4,MLP,1.0,9,1.087298
9,4,MLP,1.0,10,1.178176
9,4,MLP,1.0,11,1.159631
9,4,MLP,1.0,12,1.034406
9,4,MLP,1.0,13,1.068757
9,4,MLP,1.0,14,1.071252
9,4,MLP,1.0,15,1.069052
9,4,MLP,1.0,16,1.097718
9,4,MLP,1.0,17,1.067288
9,4,MLP,1.0,18,1.104276
9,4,MLP,1.0,19,1.108039
9,4,MLP,0.5,0,1.013061
9,4,MLP,0.5,1,1.039134
9,4,MLP,0.5,2,1.067265
9,4,MLP,0.5,3,1.096048
9,4,MLP,0.5,4,1.119611
9,4,MLP,0.5,5,1.13431
9,4,MLP,0.5,6,1.143519
9,4,MLP,0.5,7,1.147259
9,4,MLP,0.5,8,1.154821
9,4,MLP,0.5,9,1.149914
9,4,MLP,0.5,10,1.193562
9,4,MLP,0.5,11,1.149758
9,4,MLP,0.5,12,1.155141
9,4,MLP,0.5,13,1.142817
9,4,MLP,0.5,14,1.157026
9,4,MLP,0.5,15,1.134131
9,4,MLP,0.5,16,1.155041
9,4,MLP,0.5,17,1.122354
9,4,MLP,0.5,18,1.164903
9,4,MLP,0.5,19,1.093496
9,4,MLP,0.1,0,1.054573
9,4,MLP,0.1,1,1.021994
9,4,MLP,0.1,2,0.972207
9,4,MLP,0.1,3,0.947222
9,4,MLP,0.1,4,0.933457
9,4,MLP,0.1,5,0.922708
9,4,MLP,0.1,6,0.914558
9,4,MLP,0.1,7,0.908098
9,4,MLP,0.1,8,0.902819
9,4,MLP,0.1,9,0.898251
9,4,MLP,0.1,10,0.894322
9,4,MLP,0.1,11,0.891089
9,4,MLP,0.1,12,0.888525
9,4,MLP,0.1,13,0.886575
9,4,MLP,0.1,14,0.885167
9,4,MLP,0.1,15,0.884222
9,4,MLP,0.1,16,0.883666
9,4,MLP,0.1,17,0.883435
9,4,MLP,0.1,18,0.883476
9,4,MLP,0.1,19,0.883744
9,4,MLP,natural,0,0.568774
9,4,MLP,natural,1,0.537225
9,4,MLP,natural,2,0.52051
9,4,MLP,natural,3,0.508698
9,4,MLP,natural,4,0.50093
9,4,MLP,natural,5,0.509746
9,4,MLP,natural,6,0.526376
9,4,MLP,natural,7,0.537173
9,4,MLP,natural,8,0.511951
9,4,MLP,natural,9,0.437276
9,4,MLP,natural,10,0.475028
9,4,MLP,natural,11,0.47549
9,4,MLP,natural,12,0.476784
9,4,MLP,natural,13,0.435704
9,4,MLP,natural,14,0.454653
9,4,MLP,natural,15,0.466578
9,4,MLP,natural,16,0.453815
9,4,MLP,natural,17,0.4486
9,4,MLP,natural,18,0.444088
9,4,MLP,natural,19,0.467155
